id,name,date,mimeType
188CHOK9-G3kD0vsw_tacpo7GOk_QXMIc,29447.JPEG,2026-06-06,image/png
1RXyM_Kk8b-UkGbH7L1svtTUdU9kL7TME,23343.PNG,2026-06-06,image/png
1EYd0unU2rFTC9UhAj_i3umcj9ofoUjLP,23345.PNG,2026-06-06,image/png
1vjjr9n4rCqZYteD8pIQTbSZLY34VjPSA,23344.PNG,2026-06-06,image/png
1rBJgTi4ZnJI7NobtgI_aScSb9QXDwb7M,22918.PNG,2026-06-06,image/png
16szU9Z1y0rsQ1Bgu8C43FRjCcGLddgRM,11079.PNG,2026-06-06,image/png
1cevZ7NWl_vKAABYgatSuuEC4cR57JByk,IMG_9952.PNG,2026-06-06,image/png
1wx9gjwr9Yw4qAHdKjw5amxAasya3jpbt,IMG_9951.PNG,2026-06-06,image/png
1jwJstmhTBr0yFrMmZJpbAd5uMYmwKpYG,IMG_9953.PNG,2026-06-06,image/png
1vVPEoP_Bld2S2fGCsyX57EfhHKNqbEx2,IMG_9408.PNG,2026-06-06,image/png
1ahHXmxF0gFYWPdnHDgvqDf1gF-2RaHqk,8970.PNG,2026-06-06,image/png
1wcQjhkYUQop3nXsizjzou2gY85ssacIw,29447.JPEG,2026-06-06,image/png
1_l5ANoBBsOKOPsZvBgGA4JILcO3r_ULS,22918.PNG,2026-06-06,image/png
1Jm_AiPlg1a_Y7MaLsJUtKSea7ksEpC2y,11079.PNG,2026-06-06,image/png
1j2q0YeX9rd5j4otKMWMPGgf0qpzWDMAC,Screenshot 2025-09-22 132744.png,2026-06-06,image/png
1JamaNgos_j0MjDdgxQul4W1G527qOC1J,IMG_3974.PNG,2026-06-06,image/png
1aRwomoAVjvopXfgtPDtiDRaNWAtDXNMK,IMG_1049.PNG,2026-06-06,image/png
1Tfrt5nGoFalKByNHQARDnB9ZSgG8tboi,IMG_1045.PNG,2026-06-06,image/png
1nAS8sL7KnsozudXD399W7_FK0nRLn2hL,IMG_1043.PNG,2026-06-06,image/png
1QXXsx19J6Kqc-QriDZolWCbO0YWsaSJh,IMG_1042.PNG,2026-06-06,image/png
1DQX4cl3U6GBfR3DRfFw0PPpz4D1rdW0J,IMG_1041.PNG,2026-06-06,image/png
13EroxgD1aiWFn45dcCvp5_89VSua2aOg,IMG_1040.PNG,2026-06-06,image/png
1lfvgwR5GNjuj3za-aXgXe74ssf6Wm1lF,IMG_1039.PNG,2026-06-06,image/png
1DcD9Hb-5VEMeEJuujMkcM3rwT26tp5l9,IMG_1037.PNG,2026-06-06,image/png
1hLgBlvTMBmt4bCukuRP3UF4iOn8Qx_cA,IMG_1036.PNG,2026-06-06,image/png
1ACgkQG0zx5LfAvSLq5zHHv_No_d9ofpA,IMG_1035.PNG,2026-06-06,image/png
1s9y8P7tyM8ZkzsvIiM0XiRhbCGOylQzn,IMG_1034.PNG,2026-06-06,image/png
1cnuTyw3VwqrC3G4wRwoYZYgFtoRTM7o5,IMG_1033.PNG,2026-06-06,image/png
1r6TZL0k0w2k-pVTp1_QY4Krvraz5deOb,IMG_1027.PNG,2026-06-06,image/png
1MqyJYDpYFpe2aFZijfgbu8jidkj8VVAS,IMG_0062.PNG,2026-06-06,image/png
1Hf26ujoqKLN7pmjvZJKSOh1s1LkwJ7PD,IMG_0061.PNG,2026-06-06,image/png
1pujdO3Z5QrFbXNgzNdMUzT-fc-kQ-dSx,IMG_0060.PNG,2026-06-06,image/png
1TD2mYQmgnWhLLn-Y-ico-w6nv618B7n9,IMG_0059.PNG,2026-06-06,image/png
1iSwEzr2mQF4H-WWYwXi9UiYZXf8AvhhT,IMG_0058.PNG,2026-06-06,image/png
1YLdMdnjvJViQveT2rOQidslfrzYeBSH1,IMG_0041.PNG,2026-06-06,image/png
1U_3dLQzVtkF-SSxPKupWYBl0qlLMMeCJ,IMG_0040.PNG,2026-06-06,image/png
1f9J1Lb8faIL01P3OU1oDwTh4AzN-fDAM,IMG_0038.PNG,2026-06-06,image/png
1FRsd1bTEBsLpPBY-hEWzAQSCAiwFC-Ap,IMG_0037.PNG,2026-06-06,image/png
1z3jYoZ6OBl_aBoVhjmAIInrpMDXObIiu,IMG_0036.PNG,2026-06-06,image/png
1uNuwJa1bj11zPEuPMcRHosSDnreobkdV,IMG_0035.PNG,2026-06-06,image/png
1Iswg1BWjyOZ3OGzHtUucf_6qt4LKML0b,IMG_0034.PNG,2026-06-06,image/png
1DVaUCfOnardsJAYaIIB8920W4QwOjVEd,IMG_0033.PNG,2026-06-06,image/png
17e6Ckd9XOh-yAFf0-gRuWzVFHj0Nu0L_,IMG_0032.PNG,2026-06-06,image/png
1NKNbZXH92NM7pOd3Qkzdq4nf-Ew7CJd5,IMG_0031.PNG,2026-06-06,image/png
1QYSaE3LuTA3oCR48tbFcw6Fct_9vsBg_,IMG_0030.PNG,2026-06-06,image/png
1R0ESrMDtIe-WUmWTmv0hxBiKdg6CAB3d,IMG_0029.PNG,2026-06-06,image/png
1mI4-bYuuAnixuM5M3FsxdyrRADPwhnrR,IMG_0028.PNG,2026-06-06,image/png
1z9RhzaO0o9Fdi8z6Cqdh5Vi8B8aSlYCV,IMG_0027.PNG,2026-06-06,image/png
1O5v88EV3Fk20LS5tNK2dnhPyC4RnP_on,IMG_0026.PNG,2026-06-06,image/png
1ahcJVArLALgXVosIDQsescASxFkcVr95,IMG_0025.PNG,2026-06-06,image/png
1FcGal2fspXIfB1j3I749I78tSWc24e41,IMG_0024.PNG,2026-06-06,image/png
1YdEYX-NIoPttZAKABi4tBL_329TOX9dh,IMG_0023.PNG,2026-06-06,image/png
1IsrpUdOvpbufiSv0olIXqPohpdMN_sjV,IMG_0022.PNG,2026-06-06,image/png
1ca0SSTWUC2a5E54WjCAPAF00MFKtpnRE,IMG_0021.PNG,2026-06-06,image/png
186FxE_YyObK3MAMp1ShPajBXWEgtrlwF,IMG_0018.PNG,2026-06-06,image/png
1kAuQmQWpPFccbsXtN9vFLb46fYmAYx3V,IMG_0017.PNG,2026-06-06,image/png
1YPDOeHZ85dzJfmX8t9maLUtOt_G1X_0a,IMG_0016.PNG,2026-06-06,image/png
1dGUn0Uk_Cb6jK0BrZrlrgMnmMsJOdlGO,IMG_0015.PNG,2026-06-06,image/png
1a-MuAVyokEyH6aLSkMnXjlwT9269jrHf,IMG_0014.PNG,2026-06-06,image/png
1Wakr9LuJdMu90X0CUT5zLTp6MMwgNUua,IMG_0013.PNG,2026-06-06,image/png
1jH-ovLxo3U5lGYacQcHWvwt-zEEkoRfC,IMG_0012.PNG,2026-06-06,image/png
1rkKUTPzVkRSBNtTcfeXm0LyPFwuSMLMg,IMG_0010.PNG,2026-06-06,image/png
1pQWfGapBGL5JBe98lq3pKX8JBm57Wauk,IMG_0009.PNG,2026-06-06,image/png
14F3jbuf9aYLHiovGFffSnmOFTXa5cpb6,IMG_0005.PNG,2026-06-06,image/png
1zKvrkurs8yf0OpAtcS8L4ZAlPM0LzMkf,IMG_0004.PNG,2026-06-06,image/png
1A-KFc0ubwiElZIhFJgi-aGZq6fpaSQsK,IMG_0003.PNG,2026-06-06,image/png
1Nrfoid58zu25GnVNtvsD5ZiWGLs9UD_1,IMG_1053.PNG,2026-06-06,image/png
1gp_fDkMJpdphUsUOH6K9iWZMkzSzR06t,IMG_1046.PNG,2026-06-06,image/png
1mrQFtN8vw0aqMX3VWvng2SSgVN7KDWAs,IMG_1056.PNG,2026-06-06,image/png
1RAlyGX6vsyr17fw4TyTiivJm2e3LMsbY,IMG_1054.PNG,2026-06-06,image/png
1UTP4AkyBwtLi4pXh-UfjZ-O_e8VHVDgY,IMG_1069.PNG,2026-06-06,image/png
1hTIIMYvvuIKr-3Yf4aazn3qoWQRz_WAb,IMG_1057.PNG,2026-06-06,image/png
1F-HZWWlwlytOe-gEqZXQUG2S22fpnb58,IMG_1055.PNG,2026-06-06,image/png
10RmF918cfPcRdSmBTftBEbNqZUezk3b5,IMG_1058.PNG,2026-06-06,image/png
1V0otUre7zUa-HVcEoXT1nuiGY5e8M5lf,IMG_2863.PNG,2026-06-06,image/png
1aE8c3tfP3iZFHh0bfgvluxPDtNd8laZS,IMG_2824.PNG,2026-06-06,image/png
1P8nj9VuGL-f_qvNV_vlhPwt9ee2K1dbN,IMG_2823.PNG,2026-06-06,image/png
1fA7jNtTSoJFVJ6FnKM4sP1KsXK6CVMLF,IMG_2553.PNG,2026-06-06,image/png
1g8mQ71QLMzLl4RU-JSZMjZz5Takp0h2U,IMG_2522.PNG,2026-06-06,image/png
15hpPsBIgAzspt-qhzWuzadVNSUjACOj-,IMG_2521.PNG,2026-06-06,image/png
1o_yIK3GObNYEcw0cmjlyZ0_mUKDVxzgf,IMG_2511.PNG,2026-06-06,image/png
1WKeCn9KmoMSGyhCeurc4zrzyJ_eSqQoO,IMG_2510.PNG,2026-06-06,image/png
1VoRWNBD2Clnl5MphD4gpu2xlAZp9OfKr,IMG_1852.PNG,2026-06-06,image/png
1OFNvwojU-8PVoZ7gWQUizUgSxv9Q54CQ,IMG_1096.PNG,2026-06-05,image/png
1ktMY6UA0H3WSOospZBqqm-eKVaCyVcaw,IMG_1095.PNG,2026-06-05,image/png
1mw5EGC6zrHbacevXLrkJXfQbiphB2l6T,IMG_1094.PNG,2026-06-05,image/png
1pdmczYwsBq3W0L5HtGy5Q0FNJmnFdfy2,IMG_1952.PNG,2026-06-05,image/png
1g1iDf7mN0t5MvrIanBI-Dt9UFb4CJS9N,IMG_3030.PNG,2026-06-05,image/png
1jlIUVonQTMDrOb-udAEzxI_UKPUblAvl,IMG_3894.PNG,2026-06-05,image/png
1MsvlRB9uslO6dkkHjDX-9TJiw6y2u7KN,IMG_3898.PNG,2026-06-05,image/png
1akJ_43cOO3FBi8o5foDFFnxovpxTsptq,IMG_3896.PNG,2026-06-05,image/png
1BXkOlLiBuMgd-OYfkVQbVOxOmHjSy8U9,IMG_3977.PNG,2026-06-05,image/png
1-V1WKmMNmkmgg4Mdwj9H5qoFa11tjoRp,IMG_3979.PNG,2026-06-05,image/png
1I-EZ3l2wpPHh1Cdkjveo5tMUGbVWt2w-,IMG_3978.PNG,2026-06-05,image/png
11pGsosoJBvAte-BrPGCyxhD40ccMCeWU,IMG_3980.PNG,2026-06-05,image/png
16n3nLHAr9zgg-UXZrwzDZeDRJfttEZ7U,IMG_3985.PNG,2026-06-05,image/png
12R7TpkbI1XW5oBomIefYvTy1seq14jCp,IMG_3986.PNG,2026-06-05,image/png
1x3yZVCMkHYFW17KfbsrIHWs_BU7TY0bX,IMG_3989.PNG,2026-06-05,image/png
1xpei7w2jbO65o9uKbHb6yJS-cD15CCEw,IMG_3990.PNG,2026-06-05,image/png
1gWTP_RcngsgD3_T5qi1fMaePQgwoUt0x,IMG_3826.PNG,2026-06-05,image/png
1dxF6zNTwSFmmPgNsyFGfdndbY4xrY-Hh,IMG_3988.PNG,2026-06-05,image/png
1GOomfJMJrppUN5rxv6K7lA3MiAOSn9Lb,IMG_3987.PNG,2026-06-05,image/png
1UmEXscW4eQRZ4_MjdnsI8gzkMtL6-G1A,IMG_3889.PNG,2026-06-05,image/png
10slQNKbL_-hJZdgSoMxVGiW5lOfDehZK,IMG_3891.PNG,2026-06-05,image/png
1WPbcls8Y1l7YN0k6VZqtkFWM4kb9nFHH,IMG_3823.PNG,2026-06-05,image/png
16X7bBCS_NDmhBb_DZ2l8tQvldTgEabNS,IMG_2875.PNG,2026-06-05,image/png
19PuCys7mev7t35TM-1S5Dmzt_karBku2,IMG_2874.PNG,2026-06-05,image/png
1Pv8sI49Mpb0bMSoTy7AYWrPSneBRWbRK,IMG_2873.PNG,2026-06-05,image/png
1NICVNWKP-kT3fg-iFZzZvI3AcRDejqDh,IMG_2872.PNG,2026-06-05,image/png
17a1NUT5X3JquU6d5vwCzW_QjtSYs9TV5,IMG_2871.PNG,2026-06-05,image/png
1_DJP0JkUHKr2oe3JrS1G7iSDzzFWBnn5,IMG_2870.PNG,2026-06-05,image/png
1MVBbLYrod4SAqnOUu8zFs3246Y1V-tUN,IMG_2868.PNG,2026-06-05,image/png
1PcR233zYuAJrEB6PQwPTf2sRh2kVWXTu,IMG_2866.PNG,2026-06-05,image/png
1lRORnHDcw86sZmScIs4C7lQyC0JihtJQ,IMG_2830.PNG,2026-06-05,image/png
10E6GssfKcEQdjimwpAMhNQHkBCuXDLWl,IMG_2829.PNG,2026-06-05,image/png
1fEzIxnIZ_JljrHm6C8dI0lYfzssAbV5p,IMG_3888.PNG,2026-06-05,image/png
1aSbif2aSR5djlrOfpOO6FSLFWG8boR2E,IMG_3819.PNG,2026-06-05,image/png
1W5usBXL8SaiVZeMAn4CW2iL89__otiaH,IMG_3032.PNG,2026-06-05,image/png
1mrz4japKd97atK2F0UFIn3XEylk8OpOc,IMG_3820.PNG,2026-06-05,image/png
1mQXb5T_9WHghfDtWUtDHXLt8vR0-BF28,IMG_4148.PNG,2026-06-05,image/png
1uVK5o1w2_upllC2SYVFHYF1jiWZ1lCHD,IMG_4147.PNG,2026-06-05,image/png
1DvMYUoD6rKyBWXv6mEBBBjXMGu9bJpzW,IMG_3821.PNG,2026-06-05,image/png
1ZCvLFkftmd_iaSdxcecsryphN8o3D0Ib,IMG_3892.PNG,2026-06-05,image/png
1OuoVy1z7meJpYK2bzeNptSs5xN_6YgtM,IMG_3893.PNG,2026-06-05,image/png
1UYWzJk4ebywUq_sj2isdiGpuE6Tti3IP,IMG_3822.PNG,2026-06-05,image/png
1is91HSEgGb0BRloFzBRFs5yqV6CWrUWu,IMG_3993.PNG,2026-06-05,image/png
1j5NTgHiWmC23Fln6jKgBaoi2Rc8u8L5B,IMG_3998.PNG,2026-06-05,image/png
1-8ZoacSMZwYC7Msc0WElGyIZw_EHdn0w,IMG_3992.PNG,2026-06-05,image/png
13GmLvaDGfYNE0y52bykknaGfpvOOcuki,IMG_3991.PNG,2026-06-05,image/png
14PW5PgWu-xcLwLl4yoUNVo5F3IJusN0F,IMG_3996.PNG,2026-06-05,image/png
10Y2vIWL6LTdyLV8otB5m3qsSz08lvwbm,IMG_3999.PNG,2026-06-05,image/png
1L1UjA3G0TI6PriHhHS8rSeHwdRLbN7Sj,IMG_3994.PNG,2026-06-05,image/png
1Q8kOmA8VOEXuB7Zi0rXc3xyabPdUHJbA,IMG_4001.PNG,2026-06-05,image/png
147FA0nqJ3C_Dr2LvnuW5cAngA9lCNdes,IMG_3995.PNG,2026-06-05,image/png
1YUSj5MqKzi2cJL6d6m6Ht0Fh0NWphELs,IMG_4047.PNG,2026-06-05,image/png
19HzhI3Xtr9vhWhH8m97QodfjbuPWl5vr,IMG_1049.PNG,2026-06-05,image/png
1Qah6ZflIETkCE9d5dhVH5PRAZQYg4vDR,IMG_1046.PNG,2026-06-05,image/png
1__tVaCauYMkbIAXzFFo5vSLgpr1IK03r,IMG_1045.PNG,2026-06-05,image/png
1wDD8snBkvtYu9sRdANRdcZnP58wQht27,IMG_1043.PNG,2026-06-05,image/png
116fqOkMfyzxr1Kn68ov_QoEgBuhsascE,IMG_1042.PNG,2026-06-05,image/png
1W6H7bYqCkAkDwzWfZRD-uQbMYvUGGGd8,IMG_1041.PNG,2026-06-05,image/png
1Cpi7cnUoaRuJcPd5w3jG-Yng7KKQsdeF,IMG_1040.PNG,2026-06-05,image/png
1AFUPuQcuB0b_hhS2DkLNM2vflhtbweSY,IMG_1039.PNG,2026-06-05,image/png
153j5C5JAAwHcsEMNMp1FFWFc4KQije2f,IMG_1037.PNG,2026-06-05,image/png
1RMJnSRxkg2pfrm2fg3dd3stQZVb1H_-B,IMG_1036.PNG,2026-06-05,image/png
1ur2937vq7taGQzkFtmmemu_cAmZQtJsO,IMG_1035.PNG,2026-06-05,image/png
1JzYoKJ_lBDQQQlvMiHcvBo_A_xeYMWTt,IMG_1034.PNG,2026-06-05,image/png
1D1c6LP9VeARSUm7dn73Sui-6fX7ryDTx,IMG_1033.PNG,2026-06-05,image/png
1RJmBNG6XlYzfLfasPt9egIC9yVvrax5w,IMG_1032.PNG,2026-06-05,image/png
1NuTL2vqYK3lIAnRKOfk8dHPzUWPJ0FX-,IMG_1031.PNG,2026-06-05,image/png
1bLUYsEr2W-zRYdsCWBNcSr0h3iSCfmFU,IMG_1030.PNG,2026-06-05,image/png
1mDYuZnZ2eb9r1qMWOYax0O2iEiXryxe4,IMG_1029.PNG,2026-06-05,image/png
1H_D3DLm_kJjk2045l4a-_1gDz0LWCIrC,IMG_1027.PNG,2026-06-05,image/png
17s7i3KTUib8GeZkXPDa-cpsbDlcxVacu,IMG_1026.PNG,2026-06-05,image/png
1ryOb51TCxhscHikZQgeq9NzrBGPNIcKt,IMG_1025.PNG,2026-06-05,image/png
1e5X70Penp8WKc8kDN653SdSxnO1CC9sp,IMG_1024.PNG,2026-06-05,image/png
1fOJoKnxhp_FBVX7qWR2K2WrHSsqoxdMl,IMG_1023.PNG,2026-06-05,image/png
1BOkrvNr7WjjbwZ4gtE4MJluep1IX8r_l,IMG_1022.PNG,2026-06-05,image/png
18F1V-rDTymaDFFGmuwPydSGq6t8iIO8g,IMG_1021.PNG,2026-06-05,image/png
1harUezdcNwwIuYfFMe0T330RDzlCr2-s,IMG_0990.PNG,2026-06-05,image/png
1R3g_Y2S5wsjikZ2R1Zr-CCbbbUgg2vVp,IMG_0989.PNG,2026-06-05,image/png
1PbLeRsvebquSfjfBlNPi-dLmnbdmurrq,IMG_0988.PNG,2026-06-05,image/png
1EvgbpTs19GeKgJZDeLHHRz9tt72fhaQj,IMG_0987.PNG,2026-06-05,image/png
1-HGlP6Jfc7ildj8HoLcqOAchJMjHrSc-,IMG_0986.PNG,2026-06-05,image/png
1rMdC-GN8zFXNfkZIU3mfZa5-MVoQdgXY,IMG_0985.PNG,2026-06-05,image/png
1CWhO2BnHIYKs0X8kafxZ5Hxj28kkLB6m,IMG_0984.PNG,2026-06-05,image/png
1gws5_gAYwc7b1rmZ70WKFsuarQr--Hlv,IMG_0983.PNG,2026-06-05,image/png
1ETP0RW49N-GZCi38rngZAn5s7PPg5aGV,IMG_0982.PNG,2026-06-05,image/png
1GoIjemeBtnS_qLPhOHaLETdw8fu1_LEP,IMG_0483.PNG,2026-06-05,image/png
1ZLlCykXwOfw4x9tzOCRqWki6IJ0NPmUE,IMG_0482.PNG,2026-06-05,image/png
1kANim-Fx056KL1JNVKKAZSRt0tO7qW3H,IMG_0479.PNG,2026-06-05,image/png
1T2jHXzNLMEn7M3HAM9nShMzlh5HwQkjA,IMG_0478.PNG,2026-06-05,image/png
1pzQjP7fXyJxxcwavnZfzfuzj9u7grFWh,IMG_0477.PNG,2026-06-05,image/png
1oDDP7CNVhn7Ji0a8H2DRrNrRqPXEcKMt,IMG_0476.PNG,2026-06-05,image/png
1SfbkACxje3267NSx9_ISMXmR5NHKU86f,IMG_0475.PNG,2026-06-05,image/png
1twlt5ADP3IUt23-YSeP0cjUxjX1waXub,IMG_0474.PNG,2026-06-05,image/png
13QjgzMZ2mE2YAbxEcmuxsEFpJAS2UfV3,IMG_0473.PNG,2026-06-05,image/png
1L03y7xRNU9BrZ4vT8dkOqxfLume4tp6l,IMG_0472.PNG,2026-06-05,image/png
1deuwuL2viu9vrVvnIb9tH5Mkd3a8DGgv,IMG_0065.PNG,2026-06-05,image/png
1_mfMp4wCN-wNenHjKljQJJwn2Rd6xgK1,IMG_0064.PNG,2026-06-05,image/png
13Jt3ko6K04jv40uB95jQ2jzOgsKWogN3,IMG_0063.PNG,2026-06-05,image/png
1eqbArBxtS2fA2m4W2Tk3joToTawNpVrz,IMG_0062.PNG,2026-06-05,image/png
1Tg_54rt1uUb10aco8YPxSiMFIYSQqrMp,IMG_0061.PNG,2026-06-05,image/png
1ifXloqVVN2ikS_LcFYufmWjk5QECLvMh,IMG_0060.PNG,2026-06-05,image/png
1sub_rlSGCGLNwzvjYU8Y2AbP_ktfN-PP,IMG_0059.PNG,2026-06-05,image/png
1uZ-4rvXvZ8ht2xa02puvm4BGE8uDc6BM,IMG_0058.PNG,2026-06-05,image/png
1AqWx0sXV6IkPgoS4-020eJaNuP7h7vKc,IMG_0041.PNG,2026-06-05,image/png
1nnhIUvNw5GDRJNABD7Lf-w20avI88iUX,IMG_0005.PNG,2026-06-05,image/png
1icR4qhQTad24oTKgF8tA-FMcrve0LEhS,IMG_0004.PNG,2026-06-05,image/png
14fLK2H6jwKLAULFDIQysyUL2GkJmUTXx,IMG_0003.PNG,2026-06-05,image/png
1HmPHKKqTLJKbB7RauSBwrsr1RVH3pWxb,2013-07-06 22.21.30.png,2026-06-05,image/png
1G6wHZnlyokr6QxjlB7HRL5iiwgt53Fe6,2013-06-23 22.53.13.png,2026-06-05,image/png
1apLcAEobDy9s_cM9mj4vuk5jzqs1hTDq,IMG_3027.PNG,2026-06-05,image/png
1YATLWRbuHO8JVXDVAU6uORxu3nFjtLU0,IMG_1028.PNG,2026-06-05,image/png
1E5Dc5QTeBpWQxE9r-Uv_wjn0HC_iVqr-,IMG_1044.PNG,2026-06-05,image/png
1q_6Iu4IanaGk8blcOj7Lp9AI9sufqx6Q,IMG_0678.PNG,2026-06-05,image/png
1pA2LvVnUW1kmrIi42nQ-3UU9GWkDv__U,IMG_0039.PNG,2026-06-05,image/png
1HOFHIcPgWZ39HvvbUXtMe1XowkjgM1k8,IMG_0006.PNG,2026-06-05,image/png
1smj3QufL5jK6zES15lDxcFh4Sf0v862O,IMG_2901.PNG,2026-06-05,image/png
1kBp4NyTbaxgNo4BKbchYc-tuquxJHnuc,IMG_2885.PNG,2026-06-05,image/png
1mF2jbb2Kr5WYXVaPbVYUaoIuoZ4lSFCO,IMG_2562.PNG,2026-06-05,image/png
1Qd37ftl1Nm7HLvqmox_B3MFEXsK659Vs,IMG_2563.PNG,2026-06-05,image/png
1s0Kuyz5Qs-brBJcXnDyoh-O2peHSKBVX,IMG_2552.PNG,2026-06-05,image/png
1lDnwnMYC6FFhy8Rj85AkmivEG_JzTtfz,IMG_2525.PNG,2026-06-05,image/png
1Li_xQKCipDGkL7x9vR-IcJ9L_xx1H7SF,IMG_2524.PNG,2026-06-05,image/png
1nEZGmsQOM5uyv6uVjfjPB3ZgmFzmOeG4,IMG_2523.PNG,2026-06-05,image/png
1izWXx5b5CSrFUSY4hFjoiSgVDyufbsbu,IMG_2520.PNG,2026-06-05,image/png
1gjPMp8W12L7QZ01ObvhAl5IciJr-c1Km,IMG_2519.PNG,2026-06-05,image/png
13wKo0ikGLiuPQxkKOBVumeSpjZGibURM,IMG_2518.PNG,2026-06-05,image/png
1ITQHdi0x2c9-7rKEPODqV4C3L4dN0n6K,IMG_2517.PNG,2026-06-05,image/png
1IGCHdumFiIth0HUQbtDKYze0IpxZwpNO,IMG_2516.PNG,2026-06-05,image/png
1yZZtqsGuJzlyq4WwuOs5-IUf7e8ZoTDy,IMG_2506.PNG,2026-06-05,image/png
1kQlK5vO-jjZ9qtNK6YnFFDiKarfuCSjq,IMG_2466.PNG,2026-06-05,image/png
1OZX9yk-EaxFUxdmHddEc3hBVZgxs04d1,IMG_2509.PNG,2026-06-05,image/png
1Gq2mAuBAEN7NAPbbV239zmTXUs4aicSu,IMG_2508.PNG,2026-06-05,image/png
1p1JBjJLxIBcBFQd_OqhJ4R45hqmakFGw,IMG_2038.PNG,2026-06-05,image/png
1_gVoe07CyP2zuHUwol_3DCy8wJiQrbd8,IMG_2028.PNG,2026-06-05,image/png
1xLgmweP16f7IqAseYkfM7KUxgkUvYxwY,IMG_1859.PNG,2026-06-05,image/png
1Ch7_UeMTgslGPQXBVB4pbg8DUJLR8pY8,IMG_1857.PNG,2026-06-05,image/png
1yrRCdCY9MMNPFp9znwEH2jDGs2goo3iV,IMG_1858.PNG,2026-06-05,image/png
1kj9-p_wy4PXvgKysNT5KH_sJixryplhx,IMG_1854.PNG,2026-06-05,image/png
1Aiw6aUSy5HWcZ2dfyefJ0UbrdG0LpKKZ,IMG_1846.PNG,2026-06-05,image/png
1G4DaC5lk-vhuvCz8mpfhotF23a5oBDZ3,IMG_1855.PNG,2026-06-05,image/png
18a0m4rv6PZ2kktaOP5sjSS17MO7rTetD,IMG_1856.PNG,2026-06-05,image/png
1nubUfjHkBASPKj1z0UqWRvxMeH87NJ_J,IMG_1851.PNG,2026-06-05,image/png
1WHw8WKe2VyeIuqxi3B1sf9rqh_xoL2QH,IMG_1724.PNG,2026-06-05,image/png
1Zpe6bXEkT_2-8NYb50jY-pO-ppPrRGHC,IMG_1723.PNG,2026-06-05,image/png
1ufBv3tF3b_HluNaes5BwZvJBPJiGKwzj,IMG_1487.PNG,2026-06-05,image/png
1R2D6ke0hYmamcfhbMeZn9_-GNFdRN75Y,IMG_1488.PNG,2026-06-05,image/png
1jCffhlsGgaOdkYYf6sDHn-E7r0agUE8S,IMG_1286.PNG,2026-06-05,image/png
1x8mSaHBv2tzZ4m-xGHHIIbQLust5SrvH,IMG_2058.PNG,2026-06-05,image/png
1m6Pa9sRndHzd40UiA5BY_Cx2OlMf10wI,IMG_1951.PNG,2026-06-05,image/png
1xRSfZ1oCDWJsyie12MzxbQpDGUCCLxv-,IMG_3031.PNG,2026-06-05,image/png
1b-jlezmaqvFmR06V0ZfHFUXWb4Op43XA,IMG_3897.PNG,2026-06-05,image/png
1nVfINz07iusmDsUwjDg1Xrwqq5iKB0Vm,IMG_2867.PNG,2026-06-05,image/png
1ndmTWCmoaH3GdgzC0eAPQhKCiZPMau84,IMG_3981.PNG,2026-06-05,image/png
18h6MJc2p4Lb_226rLIaGV9YqaOPWshNX,IMG_3895.PNG,2026-06-05,image/png
14EgXnpymb2Co3juVsuloe6sBK7c2qMb5,IMG_2880.PNG,2026-06-05,image/png
1xYTRekMCbBzDcyVy4zAcZY-PPUdaBUDY,IMG_4130.PNG,2026-06-05,image/png
1mrAGFWGJIIEdt0ULyAG-sjNWce4lWiuW,IMG_4131.PNG,2026-06-05,image/png
1823uUv6uWilMZxfk2nkKdZbI_vyiFp3f,IMG_4128.PNG,2026-06-05,image/png
1_IJ-5H9NeqGW7GlSD5kxhgI6lN0m9Iq2,IMG_3890.PNG,2026-06-05,image/png
1VD69pm88JLr4ru5UR0IY1q_IYOvtEekO,IMG_3997.PNG,2026-06-05,image/png
1HgQ0ZiVDp2UzEzEZBT6qZeAWpeUkOGJD,IMG_4048.PNG,2026-06-05,image/png
1xw0hoTRubWM6wCfNoUt3pCvaExgXdcNd,IMG_4129.PNG,2026-06-05,image/png
1QYjW2jrv_O_ZPncXCpuGVZjB0Y2zT8gU,IMG_3732.PNG,2026-06-05,image/png
1UzYIoWEzO30L4AoCg0KLPo9Z4WgiATqr,IMG_3733.PNG,2026-06-05,image/png
12ShFe_ap1fir1im_N1dq4axAED_ahbzl,IMG_3548.PNG,2026-06-05,image/png
1Rhs6Q7WL_nVaWhKs7Q-3W7k_WYmWeyzx,IMG_3550.PNG,2026-06-05,image/png
1Xxjv4aiyEnOe4BwottU17OpqfVG0GO3U,IMG_3549.PNG,2026-06-05,image/png
1rDs88PQwE2rv2k14PFKBP71sBhxsM6Gx,IMG_3547.PNG,2026-06-05,image/png
1tDFHC7SogGQyE5N8oRI0BxA33RULbx85,IMG_3430.PNG,2026-06-05,image/png
1l_xyOsSCAg1mQSz8jZIN4ce6oCAJEXRv,IMG_3431.PNG,2026-06-05,image/png
16MwjLQ3pC1u2y8CKoXkBCEEo304kq78T,IMG_3423.PNG,2026-06-05,image/png
14ns5FEBjIcDtz0-cSsUSsdli7Q9THI-L,IMG_0001.PNG,2026-06-05,image/png
1emaNg1rT7liRIJEipKoBJfd17YBatnRZ,Sweden.png,2026-06-05,image/png
19NevhvASIkCmAxVJX38y17JeobZtsTiw,Uruguay.png,2026-06-05,image/png
16zXk_yB9CG0ga3tYWIpclSAuUfI07aeb,Turkey.png,2026-06-05,image/png
1dRr9tLmd_h5tFnN88pgAugz9wWQEGZ5u,Ukraine.png,2026-06-05,image/png
16-hlgxlpL-OWrUxzuIkreKcC4auG8ckJ,Spain.png,2026-06-05,image/png
180WyGxGoJTvsnCPXNpRYqrL3wcPKxHfG,Saudi Arabia.png,2026-06-05,image/png
1HP4GQ-HjVD5bs8fvg8TlXrELrvI5dbDh,USA.png,2026-06-05,image/png
1CXSa4T-J6Ek8GH6tgUb-5ADl3aVxTpgB,Venezuela.png,2026-06-05,image/png
1K8GhJC0VdsJyHbUdMrCJlzKf3K09iIVf,South Korea.png,2026-06-05,image/png
1LESMmCAvhgM1Z7YfkvDcH6XCFePn1PcD,UK.png,2026-06-05,image/png
1Q-FtHfbHxSw8FtprKVpl6FBIHDmd8w8k,Thailand.png,2026-06-05,image/png
1Qk8onAC9Bl40bl39RdkcEE95q729ul3j,Switzerland.png,2026-06-05,image/png
13w1c-2x-UQaSoqr9fv8sTL5jP2wiiUBv,Singapore.png,2026-06-05,image/png
1sRXrkzQqqQO48sMoLUBKbYcahVBclYpg,Russia.png,2026-06-05,image/png
1uh1oYAgC1K6Rghjo6VmkCOfUGzWQAKLL,South Africa.png,2026-06-05,image/png
1fu2zxl2ntULDcn1dHnchn4WGoaruVnRn,Romania.png,2026-06-05,image/png
1W6UY6H2IKq8-P6TzjHeHiV4HxS7FlUGv,New Zealand.png,2026-06-05,image/png
1QJkH2TqPbLaPS9twecV8y-HdtoQWvcLK,Netherlands.png,2026-06-05,image/png
1aVe6TBqpijMoMiHMAhb7DShFp6TrCo71,Puerto Rico.png,2026-06-05,image/png
1XqSzKxLPCrVrG7a4EwwUbbnccHi8ir5J,Malaysia.png,2026-06-05,image/png
1ZJjJ4nwWn40LpybUX0NRJfWyCwQ8UDPk,Mexico.png,2026-06-05,image/png
1YtdUyEONWOpwJpB8Np0JAL1dfm6zxdFB,Peru.png,2026-06-05,image/png
1NWB6nzYykJmejNRBc75CwdxslJmTfW7J,Portugal.png,2026-06-05,image/png
1bvpYID9pAy71HYFQXCfzprQgR-00Pd68,Israel.png,2026-06-05,image/png
1qPnAA7DdujxyAwuBc4AdTdWfSCNsFlbS,Pakistan.png,2026-06-05,image/png
1nNPvPOE_SpakdjZO5LSN8Cg0zaRcYOXR,Poland.png,2026-06-05,image/png
1L5xB0DaAPrQgQxVsbHvu1FmWJthSe3Qx,Japan.png,2026-06-05,image/png
17BzZ_83wukOLu4IeGk9b81zcr7gGM6LQ,Norway.png,2026-06-05,image/png
1Www5MKTumc14Y-rAqmbxGdfXFdI4hZd-,Palestine.png,2026-06-05,image/png
17IZRgMjFgZVdhxb7oHDPWXhDdY87_Bp4,Italy.png,2026-06-05,image/png
1RlBawcCQvYzbsFajB8kZk43XLHBChg9x,Ireland.png,2026-06-05,image/png
1JztLS4WhaDLGHc9bq9GBDFwEilGtOKQN,Indonesia.png,2026-06-05,image/png
17BJjLMocMqvcxIv7mdwShqsP97X5E16_,China.png,2026-06-05,image/png
1pDMUeiu2UaKRw_S5ilKh9oPnDja6wxsm,Hungary.png,2026-06-05,image/png
1Bacx3P37_PfK5PXbiFxo879CJPcApUXT,Iceland.png,2026-06-05,image/png
1ovUaVS1LOZUVjuwV7ELOvpjhG-9GPJn5,India.png,2026-06-05,image/png
1GirFDzQW6D1L0X0i7bYf2fy6MOyG4Fqq,France.png,2026-06-05,image/png
1oEO_pvj1OnfAK5AIv5XWoBmX9GPw7Vqb,Germany.png,2026-06-05,image/png
1EgHSc8Rra5EABk1oNHVmuU9OsGwsOEGQ,Cameroon.png,2026-06-05,image/png
1e350oUVlUDTFMJwn6mGwvcvgLP4WQSoa,Hong Kong.png,2026-06-05,image/png
1ac51IlplPdkLvGu8UKY5YEWlp2Z0woUP,Belgium.png,2026-06-05,image/png
1xGn7U8-lHAvdwrMcYb68dzYxxj5x4uw2,Greece.png,2026-06-05,image/png
170dAbAsveweYJiaE03E81oMo28Vv3uI4,Austria.png,2026-06-05,image/png
1iBPJMPPaL0pO6CyJtX5SfJ1UdrcmmhIF,Finland.png,2026-06-05,image/png
1ewvBSe5cKAaJkRolDuJuT5oMYh5JUBpc,Canada.png,2026-06-05,image/png
1P2GhoWnDN6Md_pNV22tKNo4b_wNlB5Cy,Denmark.png,2026-06-05,image/png
1iA0yAutXHF0Z7EeibUb2AnzZAQ-0Y0gF,Chile.png,2026-06-05,image/png
1ZOMbmK-cJGqQWmMO1d8rv0hJagM_0Hzj,Brazil.png,2026-06-05,image/png
1Gy9ho5i8O_WzzPxEpR7mLm6RnnFzbORS,Australia.png,2026-06-05,image/png
17ilgqPuu8Kmy_5hDy7ZLMx73Hmj_vEJM,Argentina.png,2026-06-05,image/png
1x0RfEh_2MzQ7TJdJ8UYM1x1YEoaGrqwQ,2013-12-01 13.07.09.png,2026-06-05,image/png
1vLvRr2Sf4-InyeRl1MDJg4IhRSuWYslv,2013-10-29 09.03.51.png,2026-06-05,image/png
1qjgoPNES0ZfqIKXdG9Kb0wLhcDoXqQzb,2013-10-29 09.05.59.png,2026-06-05,image/png
16DEA8w3ZwqjEgA4zg7i0eQ0cbKM3sWeL,2013-11-11 15.31.44.png,2026-06-05,image/png
1g_TNrBcxY-6zVAfMsSk20Rs8_cFPcxWw,2013-12-01 12.56.19.png,2026-06-05,image/png
1RMGogoqiK1pAcu8Pa3BgoneKPPBi4AiT,2013-09-14 15.37.16.png,2026-06-05,image/png
1q3VkU-lY9OxtB1Xi9i28DcJB6N2MlHN2,2013-08-01 00.33.38.png,2026-06-05,image/png
1-H7yVsIvZREEASFhKYqE3rxSZsejIX0K,2013-08-25 13.06.25.png,2026-06-05,image/png
16g6xunqSyRtYsf7OOn1Yb3NHYcqcJ3DD,2013-07-01 13.25.42.png,2026-06-05,image/png
1q1VKKjjBmxhD2_W5414E7XEGNbaEEbEJ,2013-06-29 15.37.42.png,2026-06-05,image/png
1cdzhyn1bebCzdQhNrDdbKFIAmArjrNiT,2013-06-24 09.20.52.png,2026-06-05,image/png
1Gp7svWXIEVBQnvQeB7I7uzXPNbuRMitu,2013-06-16 13.46.58.png,2026-06-05,image/png
1RPH7V6wUsgxOd5Sl1kBLnhBHFPkPhWff,IMG_0656.PNG,2026-06-05,image/png
1KzN4cm8ZmPxg7V0bnVmU97qfG4Cs2M5_,IMG_0615.PNG,2026-06-05,image/png
1MT5XpNWwxc6Tby0xUwoJgIv9z9WzN1QW,IMG_0279.PNG,2026-06-05,image/png
10EKlW5SjQ4_mW-gx-mBdSUqHm2JnhsdQ,IMG_0313.JPG,2026-06-05,image/png
1HLUp5mYfVYyDCNJWsx0jGw8feIUWuTWs,IMG_0242.PNG,2026-06-05,image/png
1G_DzUWFikjaTE5hVscNf0NqwUuoSeY4J,IMG_0241.PNG,2026-06-05,image/png
1QwseJm9_foFxAi-lgRe9ILSb8OLt-_p4,IMG_0240.PNG,2026-06-05,image/png
1yH41-UTteWODvZrw4uWuUXWssGyOcT4k,IMG_0085.PNG,2026-06-05,image/png
1XxuRcc2H8H4kFavcjDpBwqYedINnw5rY,IMG_9952.PNG,2026-06-04,image/png
1HoEw4wnSeX_9yCal1ABqpbIq-Mr63SCz,IMG_9953.PNG,2026-06-04,image/png
1uLwKLx3Sbyip7JJp43tMe6r135n3m_Qb,IMG_9951.PNG,2026-06-04,image/png
18mwsLA4PudHqqBbvMJ5SfY0oZKEORmXk,IMG_9408.PNG,2026-06-04,image/png
11_Geen2bWG6qMN1TEfBQ8nOaylq96kpG,IMG_8040.PNG,2026-06-03,image/png
1gZ9wovA72wXgKfnlwasgqoTWL-bGFzZ4,F221A31B-1DC2-4605-B3B4-1D1438CE06CB.png,2026-06-03,image/png
1Sb_l8nKpecwxWwwiF7-DfgCdScmDctfZ,CC073537-0DF1-4BA4-860A-D3CD15E868C0.png,2026-06-03,image/png
1SeuAUNZx7842_-aKyarVYz1k7jiGRMsW,33FC6369-CE1B-4D5C-9F08-0D6405CBF4CD.png,2026-06-03,image/png
1jPTVtxbIkYRg7Vk3SEaUqOFgaLhRR5uN,33079.PNG,2025-09-05,image/png
1BwlF2YxSNA_35Vmx_Xo62khlwkIhBnKw,33079.PNG,2025-09-05,image/png
1GHavPItuZULvpAbBx-9IwUndE1xmeqcg,32957.PNG,2025-08-26,image/png
1bJYSj5A_cq8mj4jG_u94li4cPB7xuUj1,32957.PNG,2025-08-26,image/png
1HreKVP1foK9y8Ol4EMb0XjfenJaMfALj,30941.PNG,2025-07-08,image/png
1Is_lWf4mEXl60txp4LXDl1UpsqTnrH1g,GGLogoEdit.PNG,2025-05-13,image/png
1XBGskyaxjFJBupmDh91BQq5ia8q7bJaF,Untitled design.jpeg(2).PNG,2025-05-13,image/png
17giw3WgmewlEgd1YNG39F2NGCEaOGT-U,IMG_7747.PNG,2025-05-13,image/png
1w8E0RGRCn1Ur7rq_C0E0_T95JCPr4hNl,Outlook-0h1ig4sx.PNG,2025-05-13,image/png
1qzkHKRuJyviqZScZ4Zl5_7CYO2i2U2-2,Outlook-d0j005s4.PNG,2025-05-13,image/png
17oFkv-C21OikKav28dHHOqsP_yANrtfD,Outlook-cb3tn5dz.PNG,2025-05-13,image/png
1hI__VHNLdyODyIxJu7UGqHCndrmcvr3M,Outlook-x1d2sfon.PNG,2025-05-13,image/png
1qqL7kFKHAcoJXyh-V1agDMf1eFJDmryL,1CCC3BC2-B872-4312-8416-7DD4DA099EBC.PNG,2025-05-13,image/png
1uQa6wGxmJEDF4079m1p7x9OPPbyJ0qHO,File_2 037.png,2025-05-13,image/png
1TeBc2Ab2WwS0PTAzZda_GJfi8eKdkUzA,D813C353-2FC2-465F-BE09-7052A4778FB1.PNG,2025-05-13,image/png
1T2HdG8IcFvOKDS-sGxD2I0RirWVT2_Yo,IMG_7877.PNG,2025-05-04,image/png
1DF7Whj0VsawUGojsOIWZHofgTbum6XTZ,IMG_7877 1.PNG,2025-05-04,image/png
1AjKtHjWZn0ZMv6-gYmmq-n39jMKkGpXY,IMG_7877 1.PNG,2025-05-04,image/png
1gDxvbciSnCyPhEUHwU1_Q1MnIkPN-S58,IMG_7877.PNG,2025-05-04,image/png
1RNmIdmhGb9zhtbWUUzZRVolVQWgvLU81,IMG_4823.PNG,2025-05-02,image/png
1r5lXdo-j_jajC7JjwU4ZqV3IOv7CSoQi,IMG_7686.PNG,2025-04-25,image/png
1vGqTTnlXeOd2MkIUBEzHT352XQnSdMrY,IMG_7686 1.PNG,2025-04-25,image/png
1UEOzSHgTgNPtakrsETjMZn4VA9mOgbtY,IMG_7686.PNG,2025-04-25,image/png
16pMXqEA_yO1BYV98LkEw13DvEIidD5pJ,IMG_7686 1.PNG,2025-04-25,image/png
1aMsjVSHwyh4XARQrIpi1RYxQqn3FrveD,IMG_7247 1.PNG,2025-04-16,image/png
1EdV4joISdLJu--9N0KLI7OEEzt2xhXm7,IMG_7247.PNG,2025-04-16,image/png
1A5VvLPkdEHo9lIovcBpjBdW37hTd4tfp,IMG_7247.PNG,2025-04-16,image/png
1sbfvSuxRT_dYOizQSqCV-8tu736U-1ei,IMG_7247 1.PNG,2025-04-16,image/png
1tqI_qX3GbdVECLQAP5natyoY4wKtueJ4,IMG_7245 1.PNG,2025-04-16,image/png
1eqonbIKH6C5Dm_YdlW3m-YXBWB8ERZyx,IMG_7245.PNG,2025-04-16,image/png
1e8xOqj5rOW5HiO7m2i-O9fKn9grxtoZz,IMG_7245.PNG,2025-04-16,image/png
1P6VaBLEW8IdBmntS5qbjhqG6x-WoeSYJ,IMG_7245 1.PNG,2025-04-16,image/png
1R7NyKqnjBRiKteFr6qO9mqFAGAPOq0Bm,IMG_7244.PNG,2025-04-16,image/png
10qKGBz-qYcUga89iU1O87Aq7XOiok-KE,IMG_7244 1.PNG,2025-04-16,image/png
1pcpSf5UiSuabhN0rVLtE-7ICpalfmvdw,IMG_7244.PNG,2025-04-16,image/png
1fnCgwq-PgDI23EhPvzeKEjgCEyKY-LqS,IMG_7244 1.PNG,2025-04-16,image/png
15ZArjTozI0JL2fx8utwCB8ZPdX5MTotj,IMG_7243 1.PNG,2025-04-16,image/png
1P0iI_0fGoJSsSoEFX-28UQr_h1r1LHVU,IMG_7243.PNG,2025-04-16,image/png
1p63tyqbXNKPO0nd7TBMKbRwoGazCn8qc,IMG_7243.PNG,2025-04-16,image/png
18ZUH8MdITxHdhCgyumvjN6i01iFdupn7,IMG_7243 1.PNG,2025-04-16,image/png
155i37kL0UNg-WTXqJI9_-tJ4StfBb7xU,IMG_7242 1.PNG,2025-04-16,image/png
1n-j4pUgHr3OP6w1Oj6_uHPTSL2dnYxnD,IMG_7242.PNG,2025-04-16,image/png
1o8Tx1WDgrStrjOwSpRxGQ6LdegPaKhRZ,IMG_7242.PNG,2025-04-16,image/png
1FqtNhVUd3iC0HVsuK576roDntreVxRQH,IMG_7242 1.PNG,2025-04-16,image/png
1DzYE_UyckVZuY7uB6hblkcEeOlHj4QY_,IMG_7241 1.PNG,2025-04-16,image/png
174iaB6NTlEGItkeZXOcU6ypLhu-AdnyO,IMG_7241.PNG,2025-04-16,image/png
1_IsWs8f0y9waES9arL2P5AhiPnQaSn90,IMG_7241 1.PNG,2025-04-16,image/png
1POmOoCCIJP723cb95zFO_3VVjqKNcuRd,IMG_7241.PNG,2025-04-16,image/png
1M8vUi64UNWXUwF5CCBHJW6n-nC7axcbr,IMG_7213 1.PNG,2025-04-16,image/png
1iFzDDnk3X_bhBHK5OSBHBa6f9WxS-9-p,IMG_7213.PNG,2025-04-16,image/png
1vHnH2r2hP44TWCf7u_RuR0Kga-m4kXUd,IMG_7213.PNG,2025-04-16,image/png
1EFGiYxn5oSlKCHYjVcArfL71Rr-Nknt4,IMG_7213 1.PNG,2025-04-16,image/png
1UeBPAy7SSqVZxWc2u8jcTck90ctLCPhR,IMG_4745.PNG,2025-03-19,image/png
1yW_XXyS2U4Qfh0byBhCl2YKft08pU7pS,IMG_7051.PNG,2025-03-18,image/png
1B7nGYvQofE2C61IauiyVktv_tRZuSGuw,IMG_7051 1.PNG,2025-03-18,image/png
1-23e0aOEgQPZ0yiSEXxnDN2kt4vJxGWb,IMG_7051 1.PNG,2025-03-18,image/png
10MAckdybv73FOHIT3R60J3nvK7HVpytU,IMG_7051.PNG,2025-03-18,image/png
1OGapVd4UII-zchfyZebdI-OaWWr6ky2U,29444.PNG,2025-03-09,image/png
1aFNzLvrKvwgshOCXjI5Al0EijE-FmBrr,IMG_6522 1.PNG,2025-03-09,image/png
1659fmVZU9YWvXl741oOiByxyr3SDcOe6,IMG_6522.PNG,2025-03-09,image/png
1nMskfqw08EzXFhxuAP07Bskf5dTfNLVp,IMG_6522.PNG,2025-03-09,image/png
1O3MIjyq00EC4semq5W4NK5UneL4YYXNt,IMG_6522 1.PNG,2025-03-09,image/png
1yxTNtDLG29GHMcJ9CePumRpkegPcVkUd,29444.PNG,2025-03-09,image/png
1iK7aS7ZhewIA53U9TJUmOCJJXrdWTpta,29442.PNG,2025-03-09,image/png
1YI1Nqzj1mjDX5j365DFnrnCFrzSvloux,IMG_6521.PNG,2025-03-09,image/png
1wNNJNiz4xJLEUe20oEiL_uroYi_oGPAr,IMG_6521 1.PNG,2025-03-09,image/png
1qdWkx_chq0cOor346qhz2AqF_ltkHMm-,IMG_6521.PNG,2025-03-09,image/png
10ocav0Z4zIXXvCNBmbqhwL4YnRHw04ab,IMG_6521 1.PNG,2025-03-09,image/png
1CyY9Yso7G9yl6p4L88SECpxdh7ASbVoC,29442.PNG,2025-03-09,image/png
14lVPrCuOxa-Ri5PIzZW8GkaAsVXbOekA,29440.PNG,2025-03-04,image/png
11k-8fWR8XBS3Hwu9-bKvhjl--fwboJWi,IMG_6446 1.PNG,2025-03-04,image/png
18FuhZ4LFHthOez1bNpbsKB2ZuGaWwxkd,IMG_6446.PNG,2025-03-04,image/png
1QpNE6SKPiJ2oVzoyyaQWa5RObn9tEk_C,IMG_6446.PNG,2025-03-04,image/png
1t4fjdf735tbEMJPkHNn8HDdLqPlOdhhf,IMG_6446 1.PNG,2025-03-04,image/png
1pu-Wixo9aAbNkWwmgGeb2kyRO7ATJnMO,29440.PNG,2025-03-04,image/png
1UmgBZRsWECjhxdFgAEsAhgRTXM2NOcVk,29129.PNG,2025-02-18,image/png
1xHR-T6c_Kq3kqXYrfO4DZsnpbrEqvWkH,IMG_6085.PNG,2025-02-18,image/png
1M1Kfsxk5SGtuei0rkJVR_k7-O5U4sU--,IMG_6085 1.PNG,2025-02-18,image/png
1fMEnflQfX3dZO60MdO2WEEgFelWnI_Re,IMG_6085.PNG,2025-02-18,image/png
1ZNdJcv2f8yHAobqidiiPrEQFJ1pf4NHD,IMG_6085 1.PNG,2025-02-18,image/png
1ioyalL3hDq6QsVlAKeRHuvlVqKV7_-3D,29129.PNG,2025-02-18,image/png
1YlcmEVCxUDQQBhViwbfAkM0feJ2Xt2cx,28804.PNG,2025-02-04,image/png
1omUGl7Vwbg-smuVokTXkQJvfnM_flYJZ,IMG_5752.PNG,2025-02-04,image/png
12kkn9-8s2PHENb0IMV_DKR_MmNQnt_u6,IMG_5752 1.PNG,2025-02-04,image/png
1WOqblu85bTfgRwn6MZ6sRdftCS4fTDE5,IMG_5752.PNG,2025-02-04,image/png
1o8GnsQRXFFKYE4n2ClhmsNoF5G8lH0YO,IMG_5752 1.PNG,2025-02-04,image/png
1mHrML39QyvYpcS__L_1TuJNn7fiAT_bs,28804.PNG,2025-02-04,image/png
1YSF1P4FB0r6rnwE9L1EwAWOfTfKwtodP,28614.PNG,2025-01-23,image/png
1T6NkG9RwB3gz7m_suQzJMfDmc89LzOn8,IMG_5562.PNG,2025-01-23,image/png
1g9FvE7DqsFrqdmEkDCTO5dYyZgc8ghqA,IMG_5562 1.PNG,2025-01-23,image/png
1wx9YfrxqiO33BKc2fjQUtqYtxe-THeac,IMG_5562.PNG,2025-01-23,image/png
1B0bhCfsbOe5RdKchXzBMxzb1_okP_j3v,IMG_5562 1.PNG,2025-01-23,image/png
19OkFqMph7bSZnABf509inggwW1enm4hz,28614.PNG,2025-01-23,image/png
1JB-d3ANIThl5CqToUk40XXAYPph_DVaD,28535.PNG,2025-01-16,image/png
1jMXRzCkG0zU4i7exHKVfyBDQrtximbjC,IMG_5462.PNG,2025-01-16,image/png
1eaq9Pt99lRS5NxHbGIeAQQRI5k8zWSOL,IMG_5462 1.PNG,2025-01-16,image/png
1yUC4TANUtANGSYECzmUB5aUrgpa_dVLa,IMG_5462.PNG,2025-01-16,image/png
1mTHV9DSRDg5LCPYMJGrDFWW0WNElWpJp,IMG_5462 1.PNG,2025-01-16,image/png
1zR45WfY2HCmlqaKgKXx1OiA1sO5IVK8T,28535.PNG,2025-01-16,image/png
12o7xdizWUOG6pYqRXYGH0L5HhP7n4CNP,28519.PNG,2025-01-15,image/png
1P1aNqJzJgr46Yqgw3lP8mgWHsXe82dMP,IMG_5446 1.PNG,2025-01-15,image/png
1oGqQ5M2AHqxNb6W8zecK8h-LuCO-nbMU,IMG_5446.PNG,2025-01-15,image/png
1Ap8tL3hD6uHQG80Q6uBjesXegfpoj4AS,IMG_5446.PNG,2025-01-15,image/png
1RHLe66YjutteokejubK5VnqedYVnr2N6,IMG_5446 1.PNG,2025-01-15,image/png
138AxQkbL3Pea6SeXDMBQq9m677eCw-tt,28519.PNG,2025-01-15,image/png
1g2gDqu6h_Dk2F5CLdIWsYXtWEAJLjvP1,28470.PNG,2025-01-08,image/png
1dG4_9wr4nSjo_-AdzXgxvMceR43dgGsx,IMG_5398.PNG,2025-01-08,image/png
1oQBQzS-q5AYX8tVSrHnPtMNeiAF1O-cE,IMG_5398 1.PNG,2025-01-08,image/png
1f9ATK-Cl0gasS3iZb7ljEZmv5vX9nOkh,IMG_5398.PNG,2025-01-08,image/png
1XCOARmRn25NKYh8W14W8asyRSm96PpYL,IMG_5398 1.PNG,2025-01-08,image/png
1KxH8XOKbDdH814jIcbE10BOQanEGhsbl,28470.PNG,2025-01-08,image/png
1fLquRfCfkJO-gb_vIGRI5jHgvf6UmJAk,28469.PNG,2025-01-08,image/png
1NhuFF4C17JBoksPBlpS9Rp8sW21CDiX5,IMG_5397 1.PNG,2025-01-08,image/png
1GmeZl0JwV54TlcJGYh6AoAK1LW1p6Bap,IMG_5397.PNG,2025-01-08,image/png
1MMUR2y0VYexl4AyjOwjpUTW1UplPf24w,IMG_5397.PNG,2025-01-08,image/png
1PjujfqwUemLCgXFGdg0VU4bTnRw0-42B,IMG_5397 1.PNG,2025-01-08,image/png
1iAHv2HnjxKeUck46NFBC32mMbOSWllZ4,28469.PNG,2025-01-08,image/png
1cn9aCN5wTjmiDpbFvBrl3sasH0Y_k8EE,28468.PNG,2025-01-08,image/png
1l0vnzhhLOJJWcS_yv20F2rb5E6Wb5oYf,IMG_5396 1.PNG,2025-01-08,image/png
1yY40zENXmpZdXj3s__X4n26zJjqqd699,IMG_5396.PNG,2025-01-08,image/png
1n1EEHSx6K9w9Gi-KtCYA_VvoUoRFz6xk,IMG_5396.PNG,2025-01-08,image/png
16gelGiRxPAbvCNtVFeuRwTdzJrKmHpzr,IMG_5396 1.PNG,2025-01-08,image/png
1dGWhL19VO9gSSth4PmUOvWGTkpX0a6ht,28468.PNG,2025-01-08,image/png
14kmkBTnhkCUnU5v3GB2QY5v7Z4pugEXs,IMG_4532.PNG,2025-01-07,image/png
1ZdrAHKrR9Jx7AbqzVpcRHQ-MNdxEctp0,26942.PNG,2024-12-18,image/png
1UvTLwLqenMDHuBLkJxUlZsJShoGcqtTd,IMG_3793.PNG,2024-12-18,image/png
1g1B1UsEEdmnGGztpx7q4WJgNV1HHrkJL,IMG_3793 1.PNG,2024-12-18,image/png
1bvcIYAf0n9whX4E_WO45H2W3Iyab2Cc6,IMG_3793.PNG,2024-12-18,image/png
1deUvgEW1iB0WIcNeLtPh25fBXjhP9zEb,IMG_3793 1.PNG,2024-12-18,image/png
1uDzDhMas_Evuo7YNtF67daAap9-yk66S,26942.PNG,2024-12-18,image/png
1caKGxSyLavRAFO5q-7R4hXpzhl_Zz6xW,26941.PNG,2024-12-17,image/png
1jkWvjpEL-e1IZp7pHSuNRLQNeisq0vuw,IMG_3791 1.PNG,2024-12-17,image/png
1z7UacsJOPAJIf9VCMj8rhnC4RcgSZ_aK,IMG_3791.PNG,2024-12-17,image/png
1Tj1BUCByj2d5Jk0sWMmMiKTd-6S6FXI3,IMG_3791.PNG,2024-12-17,image/png
1zAblP7zRU5vMKTjSdM8L2skLGgtCZODF,IMG_3791 1.PNG,2024-12-17,image/png
1RRGd3Nu_u_9bMEFcUtuydg57oSYxZxn2,26941.PNG,2024-12-17,image/png
1N_HiKO6rhGP2SZ0gxoR0r69xdL5EUX74,26940.PNG,2024-12-17,image/png
1MFG2q-vpy739u4ChauR83YEq-GpbLlJP,IMG_3790.PNG,2024-12-17,image/png
1jKW9zgTF8EIBSNKfTKZrdyoMyYh3Hzf5,IMG_3790 1.PNG,2024-12-17,image/png
1q485Z0aseavCW59MhdzkhwIWg565mJRh,IMG_3790 1.PNG,2024-12-17,image/png
1qC6x4AhpTBeZ0feQ1FyoqfSEBeHP209a,IMG_3790.PNG,2024-12-17,image/png
1whYCaNDka2HFGBLLMDriHDRSKaQDQxgP,26940.PNG,2024-12-17,image/png
1m1PtIGpwiY9NtDccE0OyHBWwzQZNIyW5,26939.PNG,2024-12-17,image/png
1Pi1cwoGIVpgwEekDkaHnQYuH3mb7N0cm,IMG_3789 1.PNG,2024-12-17,image/png
1KZ0KtWo4MOxA-BLliSyUBt8KMm25BCiW,IMG_3789.PNG,2024-12-17,image/png
1v4LThTtU6qTq9EeY_sz8s-eK0bRzHcJk,IMG_3789 1.PNG,2024-12-17,image/png
1NBQC5m8-hrOJwDlf-SpThwaHVk5w7nZQ,IMG_3789.PNG,2024-12-17,image/png
1UuN1S5-egL6T7M5uD5I7TOmcOU0nrn8e,26939.PNG,2024-12-17,image/png
1BKT-Vir881SWKX6CRXiVspT2Mzc58VQk,26935.PNG,2024-12-07,image/png
1ynxTViMaw0jKg4oJnbOfK3_sqsingx3-,IMG_3707 1.PNG,2024-12-07,image/png
1HTRTXVhGPMli14i0QSuUji15dFQma6kE,IMG_3707.PNG,2024-12-07,image/png
1Zb5dPUjIXtq3GzDRTf31atC_IJs8VghD,IMG_3707.PNG,2024-12-07,image/png
1YoaMTAnziqDA469bNjBIBC98jvimW_-R,IMG_3707 1.PNG,2024-12-07,image/png
1Ml_kNxU6lRCNjMxEvTZfRtV9vgVCBdRc,26934.PNG,2024-12-03,image/png
1_z4-HoH7BistnIMSla3xOX6jojerlveG,IMG_3634.PNG,2024-12-03,image/png
1iFq_kgLgXg9OpBPrCKRF7mEv2ZH-dnbc,IMG_3634 1.PNG,2024-12-03,image/png
1kJm3KsRGFvFtjFX3DnzsC28ADIpCJuou,IMG_3634.PNG,2024-12-03,image/png
11_9Vay-16qUiA4OvNKLkse1g5gMEMsD3,IMG_3634 1.PNG,2024-12-03,image/png
1xSBUr2ZL69F5AzEHLWMjFRInmNH6bu7p,IMG_4456.PNG,2024-11-20,image/png
188E-LaHyc6n_wHjbGtcSEgkbvPn39HsM,IMG_4247.PNG,2024-07-19,image/png
1suiFAXEDk1voNCN4ZsxS_4W9YnELdQvu,IMG_4054.PNG,2024-05-28,image/png
11NBqIFCUC7SRX1hHU86f8dUMd0a64wDf,IMG_4033.PNG,2024-05-24,image/png
1d_Q9kq86gMa8Zs3267oo51u9C4unGT_k,IMG_3980.PNG,2024-05-13,image/png
1gB-pfMQuyTsfNvaW5-O3LyAkOk7RFXu-,IMG_3978.PNG,2024-05-10,image/png
1cyUiTii97XHRCODCaUYqllnry2Q0XBLF,IMG_3955.PNG,2024-03-23,image/png
1DpbQfKg2Gx9u-53-LuShA7kKanRcaQ1O,IMG_3928.PNG,2024-03-07,image/png
1VkvqC0wFuQYTOYYVAeQTYwDgzS4X51Au,22667.PNG,2024-03-07,image/png
1Afh8BTuEiwiTRbMEZzzjD8v0LU1AtENG,IMG_8598.PNG,2024-03-07,image/png
1wO-SeSvOSKesGeb65mkhyFzI89boZXDT,IMG_8598.PNG,2024-03-07,image/png
1KMhjwB2E2fthmOPgaU9M7CXCcLQ4f4ML,22667.PNG,2024-03-07,image/png
1w_dCfkzfbixCz36NFJP85xRlrJpiMaCL,22632.PNG,2024-02-29,image/png
1qoICo3GLYyPS57oywsCLBwzbccqhC4_d,IMG_8561.PNG,2024-02-29,image/png
1S_YIoZ9zRjxEy6m-ZgYcTQLyaeiIhED6,IMG_8561.PNG,2024-02-29,image/png
1Ob06Fy6fPZVDm4gbmIssv6Dh3usJTasx,22632.PNG,2024-02-29,image/png
1XcmnZVYi0ls5TmCetZoMMsCgl0rml2ny,IMG_3892.PNG,2024-02-24,image/png
17mbU9BkUYpevV3yRBzu79SlOQqiPslpP,IMG_3845.PNG,2024-01-29,image/png
1sy7Q69Pf5riBiHO71t4Bx-I_CoE7wScY,IMG_3838.PNG,2024-01-24,image/png
16WfmHnwDmUCO5V2O6tnO3tpNAjxbXJIS,IMG_3731.PNG,2023-12-14,image/png
1Lno_je06BRHgzLGfxAo6cJ_LRRRPQzhU,IMG_3713.PNG,2023-12-09,image/png
1gErkHBFDdG6jrNih2zJhdZiOnR41Mlfz,IMG_3699.PNG,2023-11-19,image/png
11EPXmq0RyOWkgNcRYN5yKS6A8jSEFeTR,IMG_3675.PNG,2023-11-18,image/png
1syLAtVfh3k2TlIFHNLnq7M0lEp-09Lvd,IMG_3646.PNG,2023-10-27,image/png
1t68-8lCVL25GTVsU9rXgbfvDsRxKg3JZ,IMG_3641.PNG,2023-10-25,image/png
12Xmjk_SQnZsyK3b0dj9W-ec4VmFWJPEB,IMG_3628.PNG,2023-10-23,image/png
1O0NnS8ChVV7kPL2a-R7sot82e1hdYhVL,IMG_3556.PNG,2023-08-05,image/png
1DU5T4TVtmEBtCRLPkdZbJo-bPBysIMGh,IMG_3541.PNG,2023-08-04,image/png
1XoPQCbT5sjzCIoZMk-TJOuV72mYhCv-M,IMG_3532.PNG,2023-08-02,image/png
1IgoamzjPRBDSZLPLUkM2uHhNw2LCWp57,IMG_3518.PNG,2023-07-22,image/png
1vb-DgexTxTJQOLkoRagn_hF95zLpVvNg,IMG_3501.PNG,2023-07-20,image/png
1vRH4_t1On_ENR_1blCi42DFKhszjtJwg,IMG_3492.PNG,2023-07-12,image/png
17dhAgD8dAK26VLF6YCj3vmCN2GHjI1WD,IMG_3491.PNG,2023-07-10,image/png
1UbQudRepvHmuoDNqA3gdfYoMxzRcMoTq,IMG_3490.PNG,2023-07-09,image/png
1HGn2K3T7i1Fypehndk6Qj7kU2hiHAYSj,IMG_3486.PNG,2023-07-07,image/png
12x4viTBINSg7eEePf9o6WbWd0B4vvJaa,IMG_3468.PNG,2023-07-04,image/png
1IHy4tsFKix3VChmQeHB033Rg2iFzUe8x,IMG_3461.PNG,2023-06-30,image/png
1Stcb_pV0vDYQ-LR5T6UB1KolFNRHK-ii,IMG_3460.PNG,2023-06-28,image/png
1hEoSzr0f4qL5uK6c7VJ8_17f4TzLHvO1,IMG_3450.PNG,2023-06-15,image/png
1-dZuGbZumUPuRWeibIt6uHMgznxsGIkT,IMG_3449.PNG,2023-06-15,image/png
1TZwySpqkK4NpRJ5NDDldgFI4dsaiNfF1,IMG_3448.PNG,2023-06-15,image/png
1oz0fbt06_FOpWBAV4enIOaLMgvSz_KQ7,IMG_3447.PNG,2023-06-15,image/png
1P-qlz6KQm8zz8U1KqMXablNpOgsP4ePW,IMG_3446.PNG,2023-06-15,image/png
1Q1bX2d1yk4Zp997te2oLwNzm3_fZaSwk,IMG_3443.PNG,2023-05-29,image/png
19YmxjivlbaFvulUaftuINmB34VfnNk-d,IMG_3437.PNG,2023-05-22,image/png
1PYUY4ZPfDVxYXLHx7ZaeNa0b7Mz4wPiH,IMG_3436.PNG,2023-05-22,image/png
1Apr-HxNXZq1_YX5WuxihnLWSRqpovjFp,IMG_3367.PNG,2023-05-10,image/png
1YT4-0aBYBx2NgzF4ltRU-nZLwH6ayTym,IMG_3366.PNG,2023-05-10,image/png
1a5ZtNiptfCBbMLwb909iEp6baEsPPdjD,IMG_3359.PNG,2023-05-07,image/png
14j-_5NtshenCZXUKeMosMPF7l_eAQ3oy,IMG_3358.PNG,2023-05-07,image/png
1rcqQQmffSi6w3JkBr4iFVt9ehHMLyxEg,IMG_3357.PNG,2023-05-07,image/png
1SNbrjAVDtowL6l5WVcKWRRoYB0QyO9Xp,IMG_3347.PNG,2023-04-30,image/png
1lgk-JYMU963in6z2TGRpya6G0TOEQl3B,IMG_3329.PNG,2023-04-12,image/png
1_AIQGaFiXeYRF0dnx42ONWs2eNAwdx7J,IMG_3328.PNG,2023-04-12,image/png
1MN89TzaoElUx9U_q3G1l66s9KxDFpa39,IMG_3325.PNG,2023-04-06,image/png
1Q1aa3x8V_ZiaO8Z1fa9BmjpC13IcJgJM,IMG_3320.PNG,2023-04-01,image/png
1Qc27U8DKCvh_w4MqZ5iXmHo2ht1G2071,IMG_3316.PNG,2023-03-27,image/png
1IRfdlt2Mrr7Gp5YGZxmiI1cQoQLPIS6x,IMG_3315.PNG,2023-03-27,image/png
1vYWf84cqg05iffWFRcN-XiX-T7TS6CcC,IMG_3314.PNG,2023-03-27,image/png
1hZnK3QXJvXO8qhrjDqHGaF7dEjJmJ_jU,IMG_3314.PNG,2023-03-27,image/png
1AWH8ZKmDOX0c5sjZ8lCqer7hkvowOWwA,IMG_3275.PNG,2023-02-01,image/png
18Fs2aumeMTJgR0HV7Ku4Q2TdoFxOw91o,IMG_3264.PNG,2023-01-28,image/png
1UmnK6xOM8SOCImyAECkGJPu_Xq5gYQYS,IMG_3251.PNG,2023-01-20,image/png
1AAttWni2UqAt94sNh7ApkVa7e90Ez458,IMG_3251.PNG,2023-01-20,image/png
1J5nnK9Lsoi-_7u4VE1U4wO_6cp-wZxWF,IMG_3249.PNG,2023-01-19,image/png
18XTKlSxeMSOPDB67L9LULWmdX_lR_oTU,IMG_3242.PNG,2023-01-14,image/png
1OxN8-5Iy6Capc26Uf2n-AP9VDWcRxKJY,IMG_3238.PNG,2023-01-10,image/png
1_AGml_6-rQyBofKsg92rUVQyFFSETxO3,IMG_3236.PNG,2023-01-06,image/png
1Rq_DyRVoUvLho94mZ-F7MkEXDtBCMR_P,IMG_3232.PNG,2022-12-30,image/png
1a2L2xrGjxAyzZ9C0FgasA-ye0GaeuUQF,IMG_3232.PNG,2022-12-30,image/png
1YyaJ2eSAwbasiN8lz-evhk7ULQRqmbPW,IMG_3203.PNG,2022-12-23,image/png
1WK5vrpZsevW8AGGxWDGKk8KqGR5fj4UF,IMG_3197.PNG,2022-12-19,image/png
1PV2g_f-1qloO5Ia3DLNHGz29WeiM_w0_,IMG_3196.PNG,2022-12-19,image/png
1HFz75PfEknhHQ5N8j5FxYXslyayqj9kI,IMG_3186.PNG,2022-12-02,image/png
1seOeEDCPYhrEpShIpb_p86Z29bxuppB2,IMG_3180.PNG,2022-11-21,image/png
16_PjtNJxLqNYHt8ADNCapUbxddPMUlju,IMG_3110.PNG,2022-11-17,image/png
1G7RUoJ2nR6o6mP5xXdR2LcLEbKUaYcoL,IMG_3101.PNG,2022-11-05,image/png
142Tt19amit6RvPm8C2JAXNJNa3Vig9XY,12395.PNG,2022-10-29,image/png
1a__QtU9Ia6wupOXVKhe9ByvtHkgH4jiT,IMG_7404.PNG,2022-10-29,image/png
1ZhB1sb6NND951-E3mzlSwY9yMOqEK4tV,IMG_7404.PNG,2022-10-29,image/png
1EkHvbduRfr0v38ci0oLbzJoDBf55xNRd,12395.PNG,2022-10-29,image/png
1x7TM0420H22s3qEEOkIYpkMXpqvwCuoJ,12394.PNG,2022-10-29,image/png
1PwF1_uYOcEYf-4skVPdTSLNR831iex0s,IMG_7403.PNG,2022-10-29,image/png
1RMZ_L9YAaBnFp98tyqFYdgUvXrbDlfMK,IMG_7403.PNG,2022-10-29,image/png
1P0B6rLqY2W2R9745o2IHzosqFHGosqkY,12394.PNG,2022-10-29,image/png
1le3zH91Z4qR9a8oRUx1hq_bdhBDhI6w6,12393.PNG,2022-10-29,image/png
1bRRPRiyTEh7FiAHvqX3aZhOQGWpz7EfD,IMG_7402.PNG,2022-10-29,image/png
1twXv58yW3z_17d7uh5rHf-QcNK8uyOXA,IMG_7402.PNG,2022-10-29,image/png
1p-nVpFZW2-rFVHF_VBOqlVCumSposLqO,12393.PNG,2022-10-29,image/png
1kRMAAl0nlkXydXhMl6WzKORlUpRt2H8V,IMG_3053.PNG,2022-10-27,image/png
1seSbj5gA8R0xvuG7rY2jxRsTzk1eUiRo,IMG_2994.PNG,2022-10-21,image/png
1KG7IVQ7oo4oJeC7XQ-7Usu5pgF4Y1_0H,IMG_2974.PNG,2022-10-11,image/png
10t4sy6yhC9WFJyOUYAjyNsAS6ZOZGh0m,IMG_2973.PNG,2022-10-07,image/png
1IPnaC-zDb3T7hl6XDR-CRc0WwFAtRSYJ,IMG_2973.PNG,2022-10-07,image/png
1_oWnNTHbJ5bn3WgEQBmlHr1cg406F76J,IMG_2972.PNG,2022-10-07,image/png
1o7X7_SCBXMeYwy9f58EafiVSViUPLGxb,IMG_2972.PNG,2022-10-07,image/png
18Ud9awVzGcG5cQpzashRgyvH6kOr_4pP,IMG_2970.PNG,2022-10-05,image/png
1V0aBUiauNJQYCqizlfIxHtP1UBWalepA,IMG_2970.PNG,2022-10-05,image/png
13Z9sTsDmzYpAEch0NfCicsDuaNMlK22M,IMG_2957.PNG,2022-09-19,image/png
1m3d7t61vhRa5i8q-BaS0CdZn6vpeEdZL,IMG_2957.PNG,2022-09-19,image/png
17fr9_MZlI5G2tjzmSf2OWp3ozw4FZrEt,IMG_2949.PNG,2022-09-16,image/png
1hlisSqAzvgAyi-lEECfg7WFNhNI5EpSn,IMG_2948.PNG,2022-09-16,image/png
1iZucs1kKmJir3JPf1QzB0upBayMOnKwN,IMG_2938.PNG,2022-09-12,image/png
1r-BjnpFhPtPbntko9aTnNp4zQoq1DvyS,IMG_2938.PNG,2022-09-12,image/png
1wLjOq-3MB7Ej8hmqixjz-Tk6FtKFxrxL,IMG_2937.PNG,2022-09-12,image/png
1BzeIueTwWa-4Qon5cQuVgltqMtwXxA3U,IMG_2937.PNG,2022-09-12,image/png
1XQpp2MJfrPR5yvDi34JMuFwSbBqlK6Mz,IMG_2936.PNG,2022-09-12,image/png
1tPxq87bMX9WmW_8jAfnxGnH2dimNi-8k,IMG_2935.PNG,2022-09-12,image/png
1nFCp9qOZotqMs_4ZFjPHBc7jxyZt4IYb,IMG_2934.PNG,2022-09-12,image/png
13E1prDx1Ib8Tji210n53A5yYqbkeBGf9,IMG_2933.PNG,2022-09-12,image/png
15g303jjDsHBc_aE9JPY5j1KeqiowIl65,IMG_2933.PNG,2022-09-12,image/png
1PL3btN8EHlcEbgvSRMr5WH78t4nvWQKJ,IMG_2932.PNG,2022-09-12,image/png
1T32fyfOBIg84lKRJLDvxva9zeqpnFkBX,IMG_2932.PNG,2022-09-12,image/png
1Q8MzHvKG3PEjskxG6u2zCaPo_4r_LTv8,IMG_2931.PNG,2022-09-12,image/png
1_tyj0woKUiQ5fdEMPQXUgB5AZEEHzBlj,IMG_2931.PNG,2022-09-12,image/png
1aA9ViLUCtCY_v7nvrpF7taq9vLPIgIcb,IMG_2930.PNG,2022-09-12,image/png
1mAiafRnnDQpZ_kxSHxbGmih9uGBh-mZr,IMG_2930.PNG,2022-09-12,image/png
1fUIKsHBuzCcXJmhmqaSqh33FGXknLana,IMG_2929.PNG,2022-09-12,image/png
1QJneywdj5YmyhHguwsjLBtz1Pk08wOPC,IMG_2929.PNG,2022-09-12,image/png
1-n6s62h2ABDly4ueHk9LUCx4fcCCPWnJ,IMG_2928.PNG,2022-09-12,image/png
1qL_HN9pHpGDhaAVl4S-aEjV2jO0QJDLu,IMG_2927.PNG,2022-09-12,image/png
1VrxjPJtYay4PynOsJ1_szVbWLFg9xcvM,IMG_2926.PNG,2022-09-12,image/png
1CiyMYAN6QwDur2TE-00gukyNzDKnQEaX,IMG_2925.PNG,2022-09-12,image/png
17jjqhnk31MPpAQ3DaiPtgUHRxd523RBp,IMG_2925.PNG,2022-09-12,image/png
1MJ2OraGUsaNrAaM-6kAaXvzgu-wvAlvz,IMG_2924.PNG,2022-09-12,image/png
1MQtMsC5JToLlRqpKjCu_1jCzd08RZuq7,IMG_2923.PNG,2022-09-12,image/png
1R3n0qhIqc9CzSe4EJZwejAhes6-eVK6T,IMG_2922.PNG,2022-09-12,image/png
18U-_H-gy2QEFs4abDGWMsF-qW2d45xG_,IMG_2921.PNG,2022-09-12,image/png
1mSVM60ha0DElf6TYNyROjHVd8P8Lxiz6,IMG_2921.PNG,2022-09-12,image/png
1xpcljYEHDK9Y3NIm7YLCGPWUBZK8ZQpQ,IMG_2840.PNG,2022-08-25,image/png
105vs9XrtZ3VDm4jNTGnMrXJIXt6O8LsA,IMG_2840.PNG,2022-08-25,image/png
1lt4ai28cS_AiTW4Aw3Gj335OEvST5Qbe,IMG_2812.PNG,2022-08-12,image/png
13mATI1cqvT65OU5NTnthRmvk9rreO3U2,11417.PNG,2022-07-15,image/png
1-v5oJARo6o_g3bJRvHS2K8tmgEQcC8ao,IMG_5821.PNG,2022-07-15,image/png
1bmlVYdPgcTdqtoEfb0LfgrdFtt-7rAPZ,IMG_5821.PNG,2022-07-15,image/png
1edSw-1iNKCAIR8HFzgVQFhFQ0ygutTfU,11417.PNG,2022-07-15,image/png
1uykOz5QKK-wrRHFzyrTsUHs-SJoV1o1L,IMG_2670.PNG,2022-01-24,image/png
1XCi_Cicz-hoxnGUMy8Cd-4yAF83zKYCA,IMG_2670.PNG,2022-01-24,image/png
1IxmGr0TLyR16_VQsVWGnym_nmVzefT4X,IMG_2670.PNG,2022-01-24,image/png
19Yks-wGu68dWBTcbafYjnXDEpZRhUVLF,9424.PNG,2022-01-24,image/png
1p_j0whu_70C0qxE-DjrYjXEGIjzjJekm,IMG_9676.PNG,2019-12-15,image/png
1UBTU0dA2ViTSyPpOn0SYaE1ry9zZYTjv,IMG_9668.PNG,2019-12-13,image/png
16J-BDE4POL8mMzv45sJRoesHHf2xKm9B,IMG_9666.PNG,2019-12-12,image/png
14TAzdEQAUivAmjHDkG2Aur9Il2-FKRJP,IMG_9663.PNG,2019-12-11,image/png
1yq8p22n128Q0eGLir3UOo7zj1KdMyhFN,IMG_9656.PNG,2019-12-11,image/png
1nA6krWCocRZ44WcaHgRN9AZajZySmXPm,IMG_9653.PNG,2019-12-10,image/png
1e0t84FHYtSZWdjgIW3JIP0cFbZBQ4n1E,IMG_9652.PNG,2019-12-10,image/png
10NBd3_AmnNTqlMBzz_eepzypo-fFydjL,IMG_9649.PNG,2019-12-10,image/png
1H7B6HzJBxuAxh3zUexHt6PKxadpWgGP3,IMG_9648.PNG,2019-12-10,image/png
1WeEpOlYwPybPOBcllVumzUY6b72FuUCM,IMG_9646.PNG,2019-12-09,image/png
14_YqHmi9ux3npAHEVJC1sdlYoBHF38Rs,IMG_9645.PNG,2019-12-06,image/png
1kQoAS_r0HT7skLRmVptucHi1tZtzyoMP,IMG_9643.PNG,2019-12-05,image/png
1tDIAX6fO0LxdVZUoHnZTvKjGnvYlSzUr,IMG_9640.PNG,2019-12-04,image/png
133Q80RW_VflOvMkUcWAv176sohXvRgZH,IMG_9637.PNG,2019-12-04,image/png
14olCplDEXSY673CuXkUmcZr_xCPmW4xo,IMG_9634.PNG,2019-11-28,image/png
1RMCVlX1MuguTqpsCg6Xpc7CtBivk0AEz,IMG_9633.PNG,2019-11-27,image/png
1uG6QP21d4Z7WcFEpuoUxTG0tsB77HuST,IMG_9629.PNG,2019-11-22,image/png
1BhfUTt5gcqMVBBPAjLsLbgrBgRlf4Td-,IMG_9628.PNG,2019-11-22,image/png
1YO8fJzxFeSwwM0M3ZWxv5MxQyTq9RC1W,IMG_8586.PNG,2019-11-06,image/png
1uX0qWdMthgZAN6bnXiVUjsSErUhzvnO4,IMG_8582.PNG,2019-11-06,image/png
13kGEyuztHm0b4IBzRt55je7pyAsuBw9c,IMG_8581.PNG,2019-11-04,image/png
1_Lzto-BMeHEY8UbBHKbJiDOjvPT0U43d,IMG_8580.PNG,2019-11-04,image/png
1DDXfqmg3_2sdAv53L4sGQZUo8TBAWeyP,IMG_8539.PNG,2019-10-29,image/png
1dCZT0qpyrkGtQNOTT7IEfJ6QRi8ZnQwm,IMG_8537.PNG,2019-10-26,image/png
1FGyQpyp_BgOgfgHijstQqbOUeeGHhPGp,IMG_8533.PNG,2019-10-21,image/png
1CPmLr7a6RWwa7dATCzyp88qrFBFRAndc,IMG_8530.PNG,2019-10-16,image/png
1prmgRpRONSPwJ9nivMfFTPtrq14-bkOZ,IMG_8523.PNG,2019-10-13,image/png
14WbOOotXGD6aAsOpDBYWGutKig3_r6fy,IMG_8514.PNG,2019-10-08,image/png
1T2vCAqi7ZGzNYsUJVZwmBmFECbLJJsBz,IMG_8512.PNG,2019-10-07,image/png
1NUCuL9SK8oOzKI8UdHXhvAWh81oawExP,IMG_8508.PNG,2019-10-05,image/png
1fcnmYxl88vzl_gqyOhrG8pl-Jf639q-3,IMG_8507.PNG,2019-10-05,image/png
1O6h7oBJUQD_rS1hu8u3Rb7l84ABtBp3G,IMG_8503.PNG,2019-10-02,image/png
1rvvmHs7LcdEno-u7iWlY3AdMiMH9vwQr,IMG_8448.PNG,2019-09-28,image/png
1BgxUznZQD44n5JGh5hrlfka-ALPzMIHo,IMG_8447.PNG,2019-09-28,image/png
1U7lAX1YD029Mb0YshrBYIRejyUOZ8op4,IMG_8437.PNG,2019-09-25,image/png
1a-KwM_iwhS1LaSgf9zFg8NkySK01UaYF,IMG_8436.PNG,2019-09-25,image/png
1FSRtm45ZjLfDsFpwUhxd_SA6Pu6ARAzP,IMG_8430.PNG,2019-09-19,image/png
1mm0Tq4WaakycuniY0OANZsiOBWRmLtv3,IMG_8403.PNG,2019-09-12,image/png
1hNdDwaFFbvtsoRTiNP7oSmi0GTqjrNFR,IMG_8333.PNG,2019-09-01,image/png
1Zyk0AoLheJ5T63j3H--hFzgcJidopUVy,IMG_8332.PNG,2019-09-01,image/png
1IKpiyYfn9n-T3-PnGPfuWpH-0ZNrx5Yw,IMG_8322.PNG,2019-08-21,image/png
1tvsaHIHxMpHdFM4vMGD9K9eWOpxAE6t8,IMG_8321.PNG,2019-08-21,image/png
1zYugMn3Dbryb9Pp5G4fwiv7oAv2MjlqY,IMG_8320.PNG,2019-08-21,image/png
1M_EByzHSFnU_9_8-EIPDA9GkTJcLxKsv,IMG_8312.PNG,2019-08-14,image/png
1XFde6oE19cFUiVfWujTU2qB7T41EBFAv,IMG_8311.PNG,2019-08-14,image/png
1U0rbaRaE3nSTy171TY83tXyJR6dDMyrx,IMG_8309.PNG,2019-08-13,image/png
1jH7U8pwQKyMXuBf3CtmEJ_rMdWsMbmWt,IMG_8305.PNG,2019-08-02,image/png
1VcLg3raqm5NoXbsVhVvgdNuQV0wknIT3,IMG_8304.PNG,2019-08-02,image/png
1jPEokQMX-wb5hSRE2uABBGlizcZjpdNn,IMG_8303.PNG,2019-07-31,image/png
1YwXNro9T5NCI57uqPB0atXdH-fD2iyay,IMG_8302.PNG,2019-07-27,image/png
1oZp_aj-JtFprmAutUUz_TZO8Ihy7VsFs,IMG_8301.PNG,2019-07-24,image/png
135kRWlsPZRPMKAe-9fKflcZGX9HYTK4M,IMG_8293.PNG,2019-07-19,image/png
14_bMg1quKeR3iv_T0GjoObDrYEOd6dQw,IMG_8279.PNG,2019-07-09,image/png
1V0QgwjC4FvRIgSfUoAXErZALy5kkbUSm,IMG_8278.PNG,2019-07-09,image/png
1cUyXs6foA4ZQm9TfUxSDUoHm7cIucjsH,IMG_8275.PNG,2019-07-03,image/png
1dYnn5syEx4Knf9DK_YAlkR0d4hvql74y,IMG_8250.PNG,2019-06-28,image/png
1lIoDflkvFDoaW-p0dnvDebEcsmSb7Qu-,IMG_8249.PNG,2019-06-27,image/png
17Unz93Pk_Ox9Y1Dqe7-ScHBvxDeCzfpp,IMG_8245.PNG,2019-06-25,image/png
1cFDThVH1MWgAurNNhBDcK1YplSqXRCUL,IMG_8235.PNG,2019-06-17,image/png
1pqt6dN2TJq_ym6wBdQiGGylNpJGzlxYU,IMG_8234.PNG,2019-06-16,image/png
14fnFRUIJAMq1_pRz06uDxC5fevVKiDxD,IMG_8200.PNG,2019-06-06,image/png
1e3C9Z_hmE-3pkd-PaCklbCQezl2TnTLY,IMG_8199.PNG,2019-06-05,image/png
15ooHoa7z0y9_oljPwtgfwy0i5xcoF8Dh,IMG_8191.PNG,2019-05-28,image/png
1jxGbMAVNOgis5yXdRvXo3z5qyQZlYi1j,IMG_8044.PNG,2019-05-20,image/png
1MzQc1ekHe5jFMIfcjveqicBsh8hL1He5,IMG_8043.PNG,2019-05-20,image/png
1gMwa8CYQknES4-4u6Bd2vVlCED2YMW_E,IMG_7881.PNG,2019-05-19,image/png
1k6wej-R-arfwxR_BQCLe2xzcwSC6gRWX,IMG_7880.PNG,2019-05-19,image/png
16jHb-SQuTbqrMxr0Aa9gJVJWxhPk8yZZ,IMG_7879.PNG,2019-05-18,image/png
1b8rXGMNJOyfDW8c12Mm_1cnqN0U3fyMT,IMG_7878.PNG,2019-05-14,image/png
1YMY8DNKNnedtfq3At4qeWco7aGwX2G1v,IMG_7868.PNG,2019-05-08,image/png
1D7SyfS9tpCfh3si5-EW7oqBVqETJnnp_,IMG_7864.PNG,2019-05-04,image/png
1fLwpXYpI8znGKHFoIb1Tc1ReljXz09dK,IMG_7838.PNG,2019-05-01,image/png
15BAAzfIQ3joVTj9_qbRzsa8BGhDoR395,IMG_7836.PNG,2019-04-25,image/png
1hQUO_2ctcO28h-K7IFzI4eZo7XcTi3XN,IMG_7835.PNG,2019-04-24,image/png
1RKjMvCXh_tjbkGXRVOkE5JAkSo3v40dB,IMG_7834.PNG,2019-04-24,image/png
1q6BCTIkyGnwmDpKoPRGJHcbuJ0gRB0PH,IMG_7819.PNG,2019-04-23,image/png
1FNQwCMLzur63D9rL5A03Nfl8Gdrv0l1l,IMG_7815.PNG,2019-04-18,image/png
1ZaFnE_SJ2e6fQJsAc-98MrLomtC71u-F,IMG_7814.PNG,2019-04-18,image/png
1XFeiKvsuZQqEk5w8PMna5TVYmf10fFKZ,IMG_7813.PNG,2019-04-18,image/png
1Cg0nSbzJ7oYZxEpdvpNeDSBQ7s5BYAgg,IMG_7812.PNG,2019-04-18,image/png
1CEN6450UdE_9LyyrT38WmcW1OgEdMVbS,IMG_7810.PNG,2019-04-17,image/png
1o3jCi2UW9xCeNmJEEZpJ9oEhvOSOz3le,IMG_7499.PNG,2019-04-16,image/png
1Rrn3K7x2F7sNBoEdlkxS61cBpFdLp3L2,IMG_7498.PNG,2019-04-14,image/png
1HMSAR2IhNmy2z246ZmWrNgka6P_DZol9,IMG_7497.PNG,2019-04-14,image/png
1qIRzpyd_jtESVzrXXtgerLoa30oO6RN9,IMG_7496.PNG,2019-04-14,image/png
1u6_B0bOEt7_amung0PdGLEOKS40sVkaJ,IMG_7495.PNG,2019-04-14,image/png
1ulgtj-3zTq0oOXTFbCsfkmAERXFexB5G,IMG_7494.PNG,2019-04-11,image/png
1KgFH1Ys_3M0AnVD83d0QfB-jsZgyI74s,IMG_7468.PNG,2019-04-10,image/png
1AOA3EsY3QffpqHVUkUGYip0NNGoC2gJe,IMG_7424.PNG,2019-04-09,image/png
17W4hEo1oEpmAzOEbsAR79hAiATUVBTIs,IMG_7423.PNG,2019-04-09,image/png
1NLO1W6c5jzpH1HqCQ2GkNar49KjUgcY3,IMG_7422.PNG,2019-04-08,image/png
1rES5k5TXZ4K4XCwpGBk2gW5NFGJK67o7,IMG_0012.PNG,2019-04-02,image/png
140HM5KIGryall6qJAd168k9olEo_6apR,IMG_6924.PNG,2019-03-19,image/png
1baJ8uEDBAP_DxPAXvaG-GNkhp7H2KFHn,IMG_6915.PNG,2019-03-03,image/png
1UVCYp8QVD46Ed1uUVxDPLMQ_AgTmOPiY,IMG_6914.PNG,2019-03-02,image/png
1XDT1JXCyMTCSw7CnPwLzc4uNiP7NMJgl,IMG_6912.PNG,2019-02-25,image/png
1JIJlWYn5xe-m7KNI6JT8NZetR_atoD9X,IMG_6911.PNG,2019-02-25,image/png
1WHRsy_b1UP7qGzSXNdGJpAIi0TvQi65w,IMG_6910.PNG,2019-02-20,image/png
1FOJyou6kumy_a17o-VGU_ST1PqBWlltc,IMG_6909.PNG,2019-02-18,image/png
1JBh3g1Xi19jV80vFdhYrFX6rSdk0-NBI,IMG_6906.PNG,2019-02-13,image/png
1OcMgU_Mzw53bUjfraEuv4V3XnUA2B7NM,IMG_6905.PNG,2019-02-12,image/png
1-4FFNvPW-PjpoBVNRlrAif0TsK6IOHRP,IMG_6898.PNG,2019-02-07,image/png
1N2BN2eRpPXUbS1AXVoDZV1lApemlTtkD,IMG_6895.PNG,2019-02-05,image/png
15jsYkKtpu9Y_zeXaYZ4nu-xmj56XnYKx,IMG_6894.PNG,2019-02-01,image/png
1-IGJnHb8c6owWQzpYTtcwNdbcbewzXG1,IMG_6893.PNG,2019-01-31,image/png
13ZvqJHEWGbFbAQvUPj-BA-UJwjsbE0i7,IMG_6892.PNG,2019-01-30,image/png
1L5lb1UqD-h_4kPvu3XY1J51slkrJjkTe,IMG_6891.PNG,2019-01-30,image/png
11_IKP36pp2Mc6a0AlR0bkKlD8NAdKVUi,IMG_6773.PNG,2019-01-23,image/png
1_ZHSKqylkY18NeU9XQRJVNsfZpVtb5rX,IMG_6770.PNG,2019-01-15,image/png
1qtyyGEe-vnbwjqdULLX7ccFK1NsC5Miu,IMG_6747.PNG,2019-01-06,image/png
1TTKDmO1bZ-muu-H_R0D8oPbfZ0UxR8Iz,IMG_6718.PNG,2019-01-05,image/png
1OJEno9e1_PhG2mnRL_EEB48ocnOaXsea,IMG_6717.PNG,2019-01-01,image/png
1uxnWEUL7nOQrAfa-3goK900dbiHUbneG,IMG_6716.PNG,2018-12-31,image/png
1uA32Qg8rkxFlEAKRozAuITZsZR-3efBl,IMG_6715.PNG,2018-12-31,image/png
1Qrvu4ZxxKW9yHt-oPxkQEgzbD1_s7LPT,IMG_6686.PNG,2018-12-24,image/png
1hudvSRvNmtCTbwRxiF_uqp3ClXIOL4Kd,IMG_0656.PNG,2018-12-23,image/png
1m98q6RII25Bikv0mWLu1AVhZPOmvIRMr,IMG_0241.PNG,2018-12-23,image/png
1McpH6ywmbiUISOltvzxRPQ8_otGbyHam,IMG_0279.PNG,2018-12-23,image/png
1dM0W-h41CGzATIoYJ-ZDb43uGtPnCvJV,IMG_3995.PNG,2018-12-23,image/png
1CF9Fxdb_P2c3TjGHeHLp3Dnkh0nk42m0,IMG_3994.PNG,2018-12-23,image/png
1i3sjHG-qXR0j84pWF3ixHSO3G_2LslFh,IMG_3993.PNG,2018-12-23,image/png
1LXcJRtH9eZK91hi3imnPzMeVY5gMKCYN,IMG_3999.PNG,2018-12-23,image/png
1FU61eW_bhiWg9_E8j0eBmmgnxTkQtGDT,IMG_3998.PNG,2018-12-23,image/png
1nIrlLlAeeooJY3nm2JexhuUqdgxz7Sum,IMG_3996.PNG,2018-12-23,image/png
12lQiCHNd4kmime3sudNpErCMVcs0i2v-,IMG_3997.PNG,2018-12-23,image/png
1RUfp35xVWQJmfQUMSSiCuowzsHjnkr3k,IMG_3992.PNG,2018-12-23,image/png
1nP6RX2iE0CdhuD07neQJ9kIH5wN8AmX2,IMG_3991.PNG,2018-12-23,image/png
1-wVhvYPxVdP3EIbnSd2xbU_mTAiET-RG,IMG_4047.PNG,2018-12-23,image/png
1un6tzwKE05zXTbjpokMIFtA3hbWvB6eW,IMG_4048.PNG,2018-12-23,image/png
16bHUI90pYhZiKYNVoRoHX3z3nq-KNRCt,IMG_2873.PNG,2018-12-23,image/png
1Mt_T-2OrkCZiGlx_4z8fBKeMsPI8fPqC,IMG_2872.PNG,2018-12-23,image/png
1ioyRGVJRaD4iwmbOF7pUk-pPNz4Y9aK6,IMG_2875.PNG,2018-12-23,image/png
1AkS502yIGVvub2texNzVysw-EELdaU4g,IMG_2880.PNG,2018-12-23,image/png
11wvqCSi4ezkDYJjNRUaZQH0_fIBa_Ud6,IMG_2870.PNG,2018-12-23,image/png
1wzB0UaGgusJ_zLE7J4pkPQ-I7IhDBkz4,IMG_2868.PNG,2018-12-23,image/png
1zGRWT9l2O0rn9jy7YJAYwikC4E3064Xc,IMG_2830.PNG,2018-12-23,image/png
1t3u_o81xDBrKLeylqUMSfrmI0VujM6P7,IMG_2829.PNG,2018-12-23,image/png
1U4MdRMOVpnTDTrRePtlDPuTOdde0ldpX,IMG_2871.PNG,2018-12-23,image/png
1bM0hwDuq_uUYtrNLG8b8Lvb4lCuiMs2a,IMG_3894.PNG,2018-12-23,image/png
1aHJVD4MUD-TAficnNtXR1SnSdeodeQX5,IMG_2874.PNG,2018-12-23,image/png
160snrHMA7KUsZbtJSof2S390eSES6HiL,IMG_2867.PNG,2018-12-23,image/png
1dSTMesnIwaZ5VDhoQI7ZzQg-LTKeEedH,IMG_2866.PNG,2018-12-23,image/png
1aJQe6mTLHbc2G5YVMSm1sqkct-26--W7,IMG_3989.PNG,2018-12-23,image/png
1IAHtj0SO4jAwKfSGZyBuT2y66DAlJCD2,IMG_3988.PNG,2018-12-23,image/png
1VfGH97VpGT6TV1LG2F93X2rWFi1BECD5,IMG_3990.PNG,2018-12-23,image/png
15tgLV4PfXlrxE86q7IhloAGRr0NSM53p,IMG_3987.PNG,2018-12-23,image/png
1UuI6MTaX_PGFpHad1fCPdVNdK1jRszcq,IMG_3974.PNG,2018-12-23,image/png
1rAWV1fUPsYWXw_0k2uR2qMyLMwyruU5a,IMG_4001.PNG,2018-12-23,image/png
1JtXmxhRyxUQjOE7DrFs_A0MfRpp3bSib,IMG_3975.PNG,2018-12-23,image/png
1cKfY98lymgvuzjbXyLK2ahUAEnzt-G9A,IMG_3986.PNG,2018-12-23,image/png
1yQpDYWk2KUYhlmvne2dl7n7oI5cXw1iG,IMG_3985.PNG,2018-12-23,image/png
18PNsAEi5F6KzXMgZFYXqRfOG0hFTcrlx,IMG_3897.PNG,2018-12-23,image/png
1YziW2DtbAQBwSghkzlhB7B_SlQQOjIYV,IMG_3981.PNG,2018-12-23,image/png
1E84P6zjEsXOqR1_nKZ2KucZ-v0omN7pk,IMG_3980.PNG,2018-12-23,image/png
1cImZmIwkKVdDjgJR-zbd4rM7XrrWX7kL,IMG_3979.PNG,2018-12-23,image/png
10UzhDxtgTssb1yXPm-BY6wEzLS7ydPhG,IMG_3978.PNG,2018-12-23,image/png
1pQk9Xw1iGhwYYjcfFq16be8E9YgyszKs,IMG_3977.PNG,2018-12-23,image/png
1JPVFnJZv1F2AoNQd2DYl6dRSydA5Lr-e,IMG_3898.PNG,2018-12-23,image/png
1k1bJZusouBDrH1CZlDuA--0TfH7Vu42C,IMG_3896.PNG,2018-12-23,image/png
1TuWYeJ3la4-q1-k7gSN8NRq7Mho_bXth,IMG_3895.PNG,2018-12-23,image/png
1C7wRZInaEIZ6mD2FnUdzesqIXSwAxx9I,IMG_2511.PNG,2018-12-23,image/png
1TyWTYKAnuvxAnLF1U85TR8-asmrFLJQN,IMG_2552.PNG,2018-12-23,image/png
1yeRDQmTD1PcXwmFjlXIuJQPo7GR5rvhj,IMG_2516.PNG,2018-12-23,image/png
1AOptkguQYTazlw3AFWWUX5scPmTIdWAd,IMG_2563.PNG,2018-12-23,image/png
1H9PkcYZeN6JIgjcysTLL6LNzPfV9N7RC,IMG_2824.PNG,2018-12-23,image/png
1jwflYzutTgOzdPYuO7WzIVnF7LWwxQcs,IMG_2522.PNG,2018-12-23,image/png
1GIrp1-aZ3z3x2EO1p4sElEH8zCbSixtI,IMG_1854.PNG,2018-12-23,image/png
1tsvdJpsYOBFK93qwQTA8UiwWi_fSZagt,IMG_2028.PNG,2018-12-23,image/png
17kUuO7oVKEqC3awLPytQqMlKmHvJDLZ4,IMG_2519.PNG,2018-12-23,image/png
1Lo-FMAzS8flReSrl4sHDT9-rSU9BGXud,IMG_2523.PNG,2018-12-23,image/png
1SNOEVKkcxwxG1YJs38FYi-ekcd3hj9zO,IMG_1488.PNG,2018-12-23,image/png
1aJnQZqNmkm--CgCZOkmPmCzVo1Kphpnx,IMG_2863.PNG,2018-12-23,image/png
1zZWVX2vnir6A_WrGxWAT5n_MC5Jc7nfs,IMG_2509.PNG,2018-12-23,image/png
1zhcxPpJPr-CY8k0bmmolzSgtmtpvbTo4,IMG_2466.PNG,2018-12-23,image/png
1cUFWISYdd44dT0Ywk__fP4RfM1tgbqA7,IMG_1724.PNG,2018-12-23,image/png
1ClMq6vklG8jolDDN0Lwdf55yhtZ_PUYd,IMG_1856.PNG,2018-12-23,image/png
1gGSfGndrhDSfdJxsyp31-P3anW21eqnx,IMG_1859.PNG,2018-12-23,image/png
14JA7R9yHRXY7LrYXw3pX_sVEpU9L5vsb,IMG_2562.PNG,2018-12-23,image/png
1lSs3i3kaQ7hSKPsIdRKGfIIck0QdOhR6,IMG_2524.PNG,2018-12-23,image/png
1dcfFiHJ7NhsQ_Y__jceSqXXYvO8Vv6B9,IMG_1855.PNG,2018-12-23,image/png
1bPx5ij0JDku4c0okQC8FgAWzI6kAqLVr,IMG_1858.PNG,2018-12-23,image/png
1G8b09C7oM70pPN9ENhq1mjbGwU1QcYDm,IMG_2823.PNG,2018-12-23,image/png
13RUGg8QAsa6Iwid5euSfUiO2G8pVW2e-,IMG_2525.PNG,2018-12-23,image/png
1IgfnyUdEf5x_MwuMQQpmz-UU0Fwo4syO,IMG_2885.PNG,2018-12-23,image/png
1CTpXxRDqQjveMtafTtl2JxtK4UivZwbF,IMG_2506.PNG,2018-12-23,image/png
1mb8q8bfWTd0QKTRXSIHSqCspY5o0AXG2,IMG_2520.PNG,2018-12-23,image/png
1966l5irLpIKp9FEgvBc3QIa7d8nuzqUQ,IMG_2901.PNG,2018-12-23,image/png
1-F3bsrSDEnIzzfyJ6r2NIi24ftpid3zO,IMG_2510.PNG,2018-12-23,image/png
1CL17H7zhlO0acVAAszpGYrez-fHUPrev,IMG_2508.PNG,2018-12-23,image/png
1QU4HbVeyJ5CyWddli5_kvA3a0VPJhaVt,IMG_2553.PNG,2018-12-23,image/png
1ygjv8P-t8IWXwDA32yi6ZFbHKjsYe5js,IMG_1846.PNG,2018-12-23,image/png
1jCrYv0eRA8ZsJW-TYRYLhCaO28tf03dA,IMG_1723.PNG,2018-12-23,image/png
119p325GLb1KW9l13pv0aEDXJSis3iTUE,IMG_1857.PNG,2018-12-23,image/png
1wx1tsCkk8LoJb_v7Xpj_NRW55KQruH7F,IMG_1286.PNG,2018-12-23,image/png
1mgzfm_DbUH8UZZNM3pkc80qI_OmSy7iv,IMG_2038.PNG,2018-12-23,image/png
1RXVGqQnCNsPwS7zdKLS5TTOONGFtDKEC,IMG_1852.PNG,2018-12-23,image/png
1HtZLiaL9_YTJiiXZt4ozDQa-kBxVhVk0,IMG_1095.PNG,2018-12-23,image/png
1B3AEOIbMBQLV4rFbT2Z8xaC40epaaxhO,IMG_2517.PNG,2018-12-23,image/png
1maJ4TiSQKXFTYC0za-FLwXUlTW7VekCg,IMG_2518.PNG,2018-12-23,image/png
1nSNwdAGL6ZnQ7i7mxBW75vmeS7Ku_uPn,IMG_1094.PNG,2018-12-23,image/png
1FmPgbPWm7Uw6bewRCICcJ4Hu7aqJ5cIi,IMG_1851.PNG,2018-12-23,image/png
1cROBwRUVk8PWBogg05Y3cjKI7rqKDRSi,IMG_1487.PNG,2018-12-23,image/png
1vM6R7El4QUGM9YNvpW6Ajry53uc_guI_,IMG_1096.PNG,2018-12-23,image/png
1t4X_g68ja-vI4UGXClXK2o6gqXgZ1cD4,IMG_2521.PNG,2018-12-23,image/png
1dXUrPAIUJM01F-xEexLM1E4TWZRCGwDE,IMG_1049.PNG,2018-12-23,image/png
1nck6q2j-LWJLJTBiQrBZWcXnGnHcO5-Z,IMG_1053.PNG,2018-12-23,image/png
1kKhRf5XVjXq2UawnDRi2jKzgFUWiLnhQ,IMG_1056.PNG,2018-12-23,image/png
1tlc--7K3169REpXTyruzQfvbuIwLU3BB,IMG_0473.PNG,2018-12-23,image/png
1O1FU3RE7lH6-EKPsoQyDoq2GA231NPnr,IMG_0034.PNG,2018-12-23,image/png
1d3AWXkuUKp1WCvaVpipDN9GwfJttpBRE,IMG_1042.PNG,2018-12-23,image/png
1HdQCYh6-LYwaGJ2EdDrVCTzdv80frvUE,IMG_1033.PNG,2018-12-23,image/png
1iR0YL6bsj7s4zPr9K0BFdxDjpV-lppqV,IMG_0986.PNG,2018-12-23,image/png
1RI9iAFZgAW0qI7mIm4vUbOWSucwdQ0Aj,IMG_1021.PNG,2018-12-23,image/png
1IU54zO7eXUrSTFhpmuayrAgiJllTVtI_,IMG_0474.PNG,2018-12-23,image/png
1hU6K4y9ts7x8qf8uR_ufCkTbV8lUiHeh,IMG_0060.PNG,2018-12-23,image/png
1XZNv4n2JVWSyL4Y6zg8EqEM0jeBTEb6n,IMG_0983.PNG,2018-12-23,image/png
1PgIlNy0zoPzftUqAa50INBzOiWKMUVzC,IMG_2479.PNG,2018-12-23,image/png
12s8X0QUEwkg7AOd62r9qK7yYaaU4xEe3,IMG_0990.PNG,2018-12-23,image/png
1Vqy-cpQI_p1QtRxE--IYD0ORsje2r9UL,IMG_1022.PNG,2018-12-23,image/png
1ZXwB6oC5cXj9utcwAkVbJvXCQ7Zk6IN4,IMG_0026.PNG,2018-12-23,image/png
16OVA1rcR5wP4b8DUyioEFDj_E4OsKTVP,IMG_1040.PNG,2018-12-23,image/png
1tDcSrpQFEs9K2NasjXcQwKSK0RaDy7v4,IMG_0001.PNG,2018-12-23,image/png
1xcLzLO5OUX0y4MYAz8i6V5LwaksLqPsO,IMG_2352.PNG,2018-12-23,image/png
1VeYSrLRC6km9eykoQR8if-wiRH81NLNG,IMG_0015.PNG,2018-12-23,image/png
1oauUlVDt1jP3eci81RPnaLI5R_z9TxaP,IMG_0018.PNG,2018-12-23,image/png
1DxPEUnbxqk8QNH1rnRXibL8Lhukx_3Ch,IMG_0476.PNG,2018-12-23,image/png
1yJBaumUJGouLrnEdUNeSY8HJOdlj6Obs,IMG_0016.PNG,2018-12-23,image/png
1b9uI-G-MrdedJVsHV1S4SvRrqZ4EFQly,IMG_0021.PNG,2018-12-23,image/png
19oRa3g1ktWZ2G9maeLZCikVvi1W-29EG,IMG_1043.PNG,2018-12-23,image/png
1XisV03khW38PJVsSftoE8HfX-llDAxJ-,IMG_0031.PNG,2018-12-23,image/png
1hDmbKc8FyopUn8e17q_WQsXJYPRp0nPj,IMG_0063.PNG,2018-12-23,image/png
1zkgq7jQrK3biV--Z3mok1fljH_6orJwS,IMG_0025.PNG,2018-12-23,image/png
1LRPiPCs8zT3Mi9uM2NR9kWkVV1CvnvEO,IMG_1029.PNG,2018-12-23,image/png
1WT0wdAYGJY8LPUUHPMa652z9SgkOjMM9,IMG_0989.PNG,2018-12-23,image/png
159UNsaDHYDeVBswshy2eDenbfMLRuVCD,IMG_0478.PNG,2018-12-23,image/png
1yHx5NXTOeXwPY5Vtm0SpqrmYqRH9ok6J,IMG_0012.PNG,2018-12-23,image/png
1Ft7QeAaYQkkp6lIThz7dLkOxvKwImE4m,IMG_0982.PNG,2018-12-23,image/png
1jyYnCGHYXces37X--VBz11vA3vGI6XnT,IMG_0039.PNG,2018-12-23,image/png
1r2i6kcWoCPTMV7R9P6BipxPI9ZuFIf5h,IMG_1023.PNG,2018-12-23,image/png
1BRQ3hucl7Vm6nby6HppyqmMmWW7AwHM5,IMG_1036.PNG,2018-12-23,image/png
14rMf07IcwG9XM9XB5I6aPtNuNeoyOuRe,IMG_0017.PNG,2018-12-23,image/png
1DziCR5Eh8p3T1FzYloAtEExEPoVYVfv3,IMG_0059.PNG,2018-12-23,image/png
1cjqZhRpZIr5Wpc6J2RXccidyuG4jR3vQ,IMG_0024.PNG,2018-12-23,image/png
1dTI4K4LsJ_c6Hbm1uJcbeQWg2HkmMWxB,IMG_0023.PNG,2018-12-23,image/png
1PVP7-UCVPDNDZUSySr4AhnNszbB5WHjF,IMG_0033.PNG,2018-12-23,image/png
165cehNPzknzLQ_N1PYX2gudLWksSzuBy,IMG_1024.PNG,2018-12-23,image/png
15yDqF74s06B0hoI6C4DtF7QsdS2KptkM,IMG_0678.PNG,2018-12-23,image/png
1UDsR-fJyqktLzEtaReUAdLUoLofDjE8f,IMG_0009.PNG,2018-12-23,image/png
1Z6sEt_8OebNTIIbPifLa4panJe_LTr50,IMG_0035.PNG,2018-12-23,image/png
1KYZYk_QL2GCWgBr_lCkuzBOPRHN7kcwM,IMG_0029.PNG,2018-12-23,image/png
12AsxR8Xdj1fFad-rQBYi_sRv4pTagwi2,IMG_0065.PNG,2018-12-23,image/png
16OucO6WE4yf8pP2C1CSMYE0fnrzi_-di,IMG_0022.PNG,2018-12-23,image/png
1N0UpgQsQ5mutiJCxGD_FEKYVICWgbNVr,IMG_1032.PNG,2018-12-23,image/png
1etnQ0I-Rq83iiWAvEqoUN7hJtrbQ_Tf-,IMG_1026.PNG,2018-12-23,image/png
1mrjLX45n5HszYa7TxHGLykfYjl1Ie_s9,IMG_0041.PNG,2018-12-23,image/png
1niTjjsTtmwZMCYeFr5CEmzHW0u4f2WuF,IMG_0030.PNG,2018-12-23,image/png
12nvBRf3llzePpR-Q9qfTKVswD7LPI0QM,IMG_1041.PNG,2018-12-23,image/png
1rFfQI2W6t3Hwr27g0bBiSgYyEzDoeUMK,IMG_0028.PNG,2018-12-23,image/png
1kOwGt5LLypakDptjOovPgOmTLDZDLzdZ,IMG_0036.PNG,2018-12-23,image/png
1rOpdFkFP_GlN468C-BQqZpfF4chz22i6,IMG_1028.PNG,2018-12-23,image/png
1IPxAIEJS-UlrWFYK9EfzNdnku2-2nAXa,IMG_1031.PNG,2018-12-23,image/png
1FwlFOkR3l-UGcgBxxj1vSynbq5ATv6kU,IMG_0984.PNG,2018-12-23,image/png
1EU2dJgK0UAXa2dYuADLDq0ewDBgYjZVy,IMG_0062.PNG,2018-12-23,image/png
1nDq_BtEdCaxRyekX1G07VGqeEbOccjDb,IMG_1034.PNG,2018-12-23,image/png
1KLFYgILikg1ewSmEbt6Ne-jRTLbVEzfu,IMG_1025.PNG,2018-12-23,image/png
1MuHS9xlfNaRzwSKpDyPb93pmv8UHZ2Ga,IMG_0477.PNG,2018-12-23,image/png
1C4uFkHh4qj-PwCzssAuB1wiToZEmGiI7,IMG_0003.PNG,2018-12-23,image/png
1yPgu7KdqgwTYn5fsgnLxxFxDXz4brgjM,IMG_0987.PNG,2018-12-23,image/png
1Z9SeRtPjwK1p6FEi9xCrm4k_Ndq1TDuZ,IMG_1037.PNG,2018-12-23,image/png
1-bCdCPx7lpjpvrVcCwG78Uu4LoHJUHLN,IMG_1030.PNG,2018-12-23,image/png
1Y51_DX9yNxh4r2sjb0sDysJAtlqBUua0,IMG_1039.PNG,2018-12-23,image/png
1FkSKdVszNLP_Q0ZtA9DbGQA9UkR9_4wr,IMG_0014.PNG,2018-12-23,image/png
196ZhPg6Kpr6n4kHb2rvGYqwJyoUr5Qz9,IMG_0013.PNG,2018-12-23,image/png
1dEPBuZFZkZwGnJrjcdX3DHOEfQRl3N5U,IMG_2363.PNG,2018-12-23,image/png
1nUOd-v1hsVB5iWg0jLcTbj67x0yjxcEi,IMG_1044.PNG,2018-12-23,image/png
1tuSQOoAOd63YlJc1QTl1c25C4gG_MLKI,IMG_1035.PNG,2018-12-23,image/png
1UJlwQtcbg2CRMPwPU7Py-swh6z6KCDMO,IMG_0027.PNG,2018-12-23,image/png
1hcGkDLXun0dSBdBp5TR54p1jbNTb9aLu,IMG_0010.PNG,2018-12-23,image/png
1LGS25fu-oJqQcR32XxuLH7m5TghoYgIW,IMG_0483.PNG,2018-12-23,image/png
1dtpIjFBDkv6W7a7gF95LadWeW9QcqUvP,IMG_0005.PNG,2018-12-23,image/png
1cayQig_Lobi0A-M_9uk6URWd7NB9pmdy,IMG_0472.PNG,2018-12-23,image/png
1kCtMdwEW5ficPCNAXvsvBVMwPA2ILTl1,IMG_0032.PNG,2018-12-23,image/png
1SwctjmNrPUfdCPxBuhKbW0XjY9vNWjnd,IMG_0037.PNG,2018-12-23,image/png
1X_6bAL-tVf3LFUpJJDuiJ9tVgoC0dp6V,IMG_0482.PNG,2018-12-23,image/png
18eINW7Uiglv9NT-GFfNl2RY-B-HxJ3ok,IMG_0064.PNG,2018-12-23,image/png
153O6l3CZxRS5m4sowY9KJyECCpWHPDqc,IMG_2364.PNG,2018-12-23,image/png
1QBE5wqoSQj2oV7304VDwIzYtFZrCVUpZ,IMG_0038.PNG,2018-12-23,image/png
1HkYcoO90_LQlMZ0JA3JCOceXsdIDIzZw,IMG_0040.PNG,2018-12-23,image/png
1aK0VIYXqfgMfZEy501ZUVlSYgzAQE4rW,IMG_0988.PNG,2018-12-23,image/png
1vSjDlwyB2RWxTQWs22y-vKy5OuKoYmx-,IMG_0004.PNG,2018-12-23,image/png
1juDpeh9DffWchdw1srSeg8rlLDYVbKaJ,IMG_0061.PNG,2018-12-23,image/png
1AE7OMx5KEEDbsvuqNzH253dXPKYHWdXS,IMG_0475.PNG,2018-12-23,image/png
1y47LSil2JDhbrs0hfvxXMBd3eeWgjLqW,IMG_0058.PNG,2018-12-23,image/png
13jchxfk5jDbADlKO4BL6DnS9E6WFBVJn,IMG_0479.PNG,2018-12-23,image/png
1KHD7B6xqO7VGsWEaZy8NAhET5aLIDCPl,IMG_1045.PNG,2018-12-23,image/png
1b38cPk1Rle0do7PaqwYW3lrFET1XtjO9,IMG_1027.PNG,2018-12-23,image/png
1s7STB89sHPv8GkJ6XGbkeBqN2CYNqz1x,IMG_0985.PNG,2018-12-23,image/png
18Tzb110hKwFsia-35ooPHdrSHmEiVgeH,IMG_1069.PNG,2018-12-23,image/png
1Fa-6T2AJEPFAxWTXk76AIBhv4JQd7S2H,IMG_1055.PNG,2018-12-23,image/png
1zfISVIpGUK38LfLoL52DIchJVX08AqsS,IMG_0006.PNG,2018-12-23,image/png
1Mqe3xNuTut2T8h6o195wHJYi8QGKQHpE,IMG_1059.PNG,2018-12-23,image/png
1rIGw3Vsy2Apm0Nims4IRuKYLqGZEBD3j,IMG_1054.PNG,2018-12-23,image/png
1bWGnfD23zsVFgYDf_lr_i7IcQD2vb0Yg,IMG_1057.PNG,2018-12-23,image/png
1RrG0eHQZvulMgtO0MizdO3n_cnAmW_jb,IMG_1046.PNG,2018-12-23,image/png
1cCARdNpuIwEKFaSQtLYoRR-LW0pF3RlL,IMG_3891.PNG,2018-12-23,image/png
1ArNqjMJdVWoceTWKegHT7M8MZ_fU53Ds,IMG_3890.PNG,2018-12-23,image/png
1COWbVZD6NIyn-6XIf_B1w_OMdYuwSCAo,IMG_3889.PNG,2018-12-23,image/png
11Q9jDKsm8BZd-CcVlJTXFoMf3vDp7vfQ,IMG_3888.PNG,2018-12-23,image/png
1ocisgYAPz7EQCAS_hiOHPfsWFK0fSivn,IMG_3826.PNG,2018-12-23,image/png
16wGlKFSRPC10n7W99qPeASIYjc_2f7kJ,IMG_1058.PNG,2018-12-23,image/png
1v3x4ulRFBp3wrWqhklOCGZ5FpJt_iyWf,IMG_3892.PNG,2018-12-23,image/png
1EevZDYw-RMx6KtXUYnu9V1ubHhhTemQv,IMG_3893.PNG,2018-12-23,image/png
1UGkli17GCTuxWCJInQPs-ArI38av6ubd,IMG_3032.PNG,2018-12-23,image/png
1eXl_ITMFwKxvzFi9mLqOenlQ3j_TJvab,IMG_3819.PNG,2018-12-23,image/png
1qsEdOZ3tBQXtrA0T4fNCKIAQw6HSuh15,IMG_3820.PNG,2018-12-23,image/png
1daF92-NLibNpNJuvLvEMRH8uzizKp5nE,IMG_3821.PNG,2018-12-23,image/png
1lsw8S93vS86-Hyn1ANXcMSOP803ugRHU,IMG_3822.PNG,2018-12-23,image/png
1rkGnVTJQ6xaEC0XwlTwElfmEO_bWHsxx,IMG_3823.PNG,2018-12-23,image/png
1naTEHGHvioDrnd33pOO8Zu2ksVVSiISK,IMG_3027.PNG,2018-12-23,image/png
18i_-_OlGW-DPOnG6LHvf-mx84TC34XBS,IMG_3026.PNG,2018-12-23,image/png
1SmY8FBWryz-QdDdZxRLZrvjtfiGn4hNH,IMG_1951.PNG,2018-12-23,image/png
147tZ4EexdFwpHoiEIFhkn1zID-dpeS-r,IMG_2058.PNG,2018-12-23,image/png
1SbMxH9yIle9TmhpFGHUiYEm4qbCA7FJq,IMG_1952.PNG,2018-12-23,image/png
1GkSbXxtyNDBrvptcPPf1Q52buMWlwAuL,IMG_4131.PNG,2018-12-23,image/png
1I3QXHSIZIBGwxh52iL4KSGLcvCtXaOIE,IMG_4128.PNG,2018-12-23,image/png
1V7M2Q4bQqaYgazWL40ww6XI0aT7an9FR,IMG_3031.PNG,2018-12-23,image/png
1QRlfr41iLLqmGBQj4oqGYdZZ0WX9vSul,IMG_3030.PNG,2018-12-23,image/png
1-_5kjiXLWZPAdl0qKI31pDPhHvmGYYJA,IMG_4147.PNG,2018-12-23,image/png
1dFhnVKmJmNSLOn2_o35BP94lnx_zfWh0,IMG_4148.PNG,2018-12-23,image/png
1uooRBQoX4bo_SCz60iZEF2LNoKuXXez1,IMG_4130.PNG,2018-12-23,image/png
1YsuxJsyYTQ9yvj3je4WiM4r9NwSVkDfA,IMG_0085.PNG,2018-12-23,image/png
1aaTXkn7QH76XpyFcHLUvlABA10jxgsHO,2013-12-01 13.07.09.png,2018-12-23,image/png
1STANfs4KV2jBvi2hHncgbEJJPjCqmB8S,2013-10-29 09.05.59.png,2018-12-23,image/png
1FgShyCfqfiweSY2jaLgTTv--pbllaBVL,2013-06-24 09.20.52.png,2018-12-23,image/png
1PeaZF7jDpRhSwQnglbJx1sjkAujUo4sl,2013-06-23 22.53.13.png,2018-12-23,image/png
1DUSZEMdeE6huyD2VmprAqbJ6aEInQ90s,2013-10-29 09.03.51.png,2018-12-23,image/png
1ctSeipyKGkZaO8RcPUTwEAvzARpnFtdE,2013-08-01 00.33.38.png,2018-12-23,image/png
1nrxl_KXc-fDrP-MO1N0BdIwPEIvCRfzM,2013-06-29 15.37.42.png,2018-12-23,image/png
104Dp7oKpi0fOcGMr3n8TUycN5_Ucrz_3,2013-07-06 22.21.30.png,2018-12-23,image/png
1G3Yx45WJ_Wx9JV6UAWemDlP025EJKLFU,2013-07-01 13.25.42.png,2018-12-23,image/png
1c975CrbMNqyGYiQBFiIV2YWQ0knl1-Mx,2013-09-14 15.37.16.png,2018-12-23,image/png
1vxC-UYOM_02AY7e08Lb0WLC-8bTSMa22,2013-11-11 15.31.44.png,2018-12-23,image/png
1VX3sVMWu8XNLWeDNXiN5LiPc4w399IJW,2013-06-16 13.46.58.png,2018-12-23,image/png
1uvJq6t5s6NEKqgnE7zWLV9ZbeHT8Ftgd,2013-12-01 12.56.19.png,2018-12-23,image/png
1KJ4pkT9R4k7xdoDxZvBCr6_DC0Hn4qr_,2013-08-25 13.06.25.png,2018-12-23,image/png
1nMnSebd8_eDmwp1YvTdGNV-YrQTsmf8o,IMG_0313.JPG,2018-12-23,image/png
1hd0JSjTu5KJOxAzJSqmFUh_45wI6p4AZ,IMG_0240.PNG,2018-12-23,image/png
1-mN80d-Oo3aOLTCMemrQgZ4Fz7oJsCMv,IMG_0242.PNG,2018-12-23,image/png
1sJpf-wzEZHTZ7a2SRUivqwIb_iISnUXF,IMG_0615.PNG,2018-12-20,image/png
1xlrByx6JsIbtpa4yH50VK_Uqy6CzcVyP,IMG_0656.PNG,2018-12-20,image/png
1vRYqgn57ygm5r_sicmaVl0zARElNafGq,IMG_0241.PNG,2018-12-20,image/png
1GpPDgEilMycwfslNd-1pp3cEO2e55Ikb,IMG_0242.PNG,2018-12-20,image/png
1AH3u4_CcdIpKTN06v4ybMQFhUedXUxih,IMG_0085.PNG,2018-12-20,image/png
1oiOu5YL6-Wb9jsHhzVnOcfkb-U-omcnB,IMG_0279.PNG,2018-12-20,image/png
1v72pdmIBiYsBDpKMMFv7ukK5YRiex9Q0,IMG_0313.JPG,2018-12-20,image/png
1ORWy1Kl1qVzZhY0TiKYYIrJkgAKVDLnX,IMG_0240.PNG,2018-12-20,image/png
1qD83ErrznNNC-oCASDh1c9w_VjGgWduY,Singapore.png,2018-12-20,image/png
1BFyY6PjaToy5Ipmk5xvt8TwUVH4JMgDm,Australia.png,2018-12-20,image/png
14uuwJymEOhRTrtKFaY1_Rg_XCSe4McNq,Portugal.png,2018-12-20,image/png
1r-vhYCQ-NoOA_3wh4ruxDmWqGWP3x-Lv,Hungary.png,2018-12-20,image/png
15zCbPOQBEz7opyOoRJleeoGh4ZsY3H57,Palestine.png,2018-12-20,image/png
1XN0qjk4taoHfn3RVcPvWWGhpGwESA3I3,Russia.png,2018-12-20,image/png
1dVhi5NW_bVQJI-BGRmsuF0Y4plBGvNL0,Hong Kong.png,2018-12-20,image/png
1WAHlu8REcBRNYuKR3oYxHmie3S6GN0WN,Mexico.png,2018-12-20,image/png
18aUM4cl4gefOQ5rJG7_H2GzjwtEGE9k-,Saudi Arabia.png,2018-12-20,image/png
1lBIemGzRqRdXN5hvrF-lFRPsx2LdUKVr,Peru.png,2018-12-20,image/png
1bclqV8n7wB8J7Re0Mq8jIRnZma_Clqq7,UK.png,2018-12-20,image/png
1g01JDSZP9Aoxw8kQMBUZUxFuMQYgDv-g,South Korea.png,2018-12-20,image/png
1BkMjbvA6XOiFuEWk-YTGBxosZgyLNyVX,Argentina.png,2018-12-20,image/png
1yY6lyozYiV6sZAsDp4Zn4hJBJao9dK2o,Israel.png,2018-12-20,image/png
1hepL7dbppayd2PdNdFKAfxEnWm8xw19r,Switzerland.png,2018-12-20,image/png
1CBkcwvL3Y86OkbzK66N4y7OCa5JonIIc,Malaysia.png,2018-12-20,image/png
1E_AVv7nQB0Nt7iT81RDpnBu7M2IuktU3,Greece.png,2018-12-20,image/png
1Xz32ft1TQdUL1rqVd7y7jTnPy7j3kNWW,Chile.png,2018-12-20,image/png
1aFQGRfkg7ANvuN8FThAhWVp37nb7wKcO,Canada.png,2018-12-20,image/png
1BJG945AAMLBYcX_gFEJC4lFeibmsFRn1,Italy.png,2018-12-20,image/png
1Em4VraE1MjKY0FmWPlnxrDVUYhDjASt3,Iceland.png,2018-12-20,image/png
1LPtFNqhzYwBz1jEFq7qFm1TbNbg64DSr,Ireland.png,2018-12-20,image/png
1SWl2glWVjRC3Rpjq71nJGWUkn_wFkiLl,Germany.png,2018-12-20,image/png
1B7Dp4PfCwSAb6lrb8qTzVGgv7YkT1UqN,Puerto Rico.png,2018-12-20,image/png
13LP4rreEVFGJJwZy0aK39rH0WF3iN7ga,France.png,2018-12-20,image/png
1wmo42CxIYEUmt7bUG1_JeWDuh2yjypW_,USA.png,2018-12-20,image/png
1guAHgNZ6YFFL1F1vY2seLTzpQdSAaB5Z,Uruguay.png,2018-12-20,image/png
1ZIArgtLgxRJAWG3TpSc78oXR7OGpZLdG,New Zealand.png,2018-12-20,image/png
1P1vUnqZpaReGHe8ea6qjY7xuOEUPzxcZ,Cameroon.png,2018-12-20,image/png
18hoGpAUUP0l97Ub4atfR5Q4uTSfDkFNX,Turkey.png,2018-12-20,image/png
1RTsDGED5dYYaqHEzD7qKu8Rokb96V9CB,South Africa.png,2018-12-20,image/png
1cqDV2j3U0KyBa_1ZWaMZhKJ2S9G_-gxR,Thailand.png,2018-12-20,image/png
1P5LQRP-JDG81rQNXYRjqguCQkyMGIOJP,Japan.png,2018-12-20,image/png
1l9Qrbe1C7m2UjWa8IJHp8jkxEKlWtz6A,Spain.png,2018-12-20,image/png
1PJDoDqdJffyf-IECOujcyKVis2ETFF7p,Netherlands.png,2018-12-20,image/png
1lQArcWp7ic5r-xEDAhieXJzYk99xl0_Y,Denmark.png,2018-12-20,image/png
1PuUo9GydNr0GNONd73tR7LQuPCZX-K69,Indonesia.png,2018-12-20,image/png
1_3_MptoqwXbqWDXC1MQyrnNcT8aGx69p,Venezuela.png,2018-12-20,image/png
1_HTZgvdb28yK9-GZ72ZP45aHVVx8QA6w,Austria.png,2018-12-20,image/png
1B1LaDVarJnB3PvBc5iQVY79HOjuQ-JFg,Pakistan.png,2018-12-20,image/png
1g1Zv6EHeRz9xt_Ex5KDHXFV-p67BJ3Ot,Romania.png,2018-12-20,image/png
18VCLDbHnm_fu7aK3qn343ogz2x5pLbRT,India.png,2018-12-20,image/png
1FRzmQp8a9aUwBfewHdi1PcBCJKtxA8Tp,Belgium.png,2018-12-20,image/png
1FmrTT6W78UM9L0D48Sf6tvmM4AdMwqlV,Sweden.png,2018-12-20,image/png
1YpOCLaoS_FUacOCupx88PnCK5JvhZZE0,China.png,2018-12-20,image/png
1epzHojOBdyLvWktlbkutxiOZYaFZ_nrB,Poland.png,2018-12-20,image/png
1U0FCJaxjM637kyx3KTnEb_LJK4lEmqXy,Ukraine.png,2018-12-20,image/png
10GSQCGGhbuStMEzjmkufuWfLgDkjq3nr,Brazil.png,2018-12-20,image/png
1LKGpphLO-6pYhGGC8sbCbPQH_8-Y3ngX,Norway.png,2018-12-20,image/png
1wk2pcNSpZLehF3F6h5BM5rtnCN5AYWLD,Finland.png,2018-12-20,image/png
1Eww-vQW5InMoujPIups3QJe_f0bNNy0M,IMG_0421.PNG,2018-12-20,image/png
1vLyYkTl3H13TGpRNjAVInSpI33WI7-5x,IMG_0420.PNG,2018-12-20,image/png
1r4nhQGS7EUaEgV5544g7Wp8KLB3em1iK,IMG_0419.PNG,2018-12-20,image/png
1L4EO59wJDyKZt6fssO9wDfL6it5J2x18,IMG_0403.PNG,2018-12-20,image/png
1BZ_SksfH-dogEbD4m4RMRP4c7baqIoOw,2012-07-06 13.37.01.png,2018-12-20,image/png
1EDJ6HMPSvT9Z7YGkgzmj1AMOvVu6t_RS,2012-06-28 07.57.04.png,2018-12-20,image/png
1uRhQLiKZOVLGfc0zQb1LXWlax2oYh5pk,IMG_0118.PNG,2018-12-20,image/png
13WfC9VLXLuLvwpSn8U4BzlhPoXffYoCC,IMG_1286.PNG,2018-12-20,image/png
1tdQZ-JyCEYoTYDmcOz-FPqRcJpUDRTtm,IMG_0180.PNG,2018-12-20,image/png
1r0JU99zCqpfIy5EjDiUTSOa92eWBeUYL,IMG_0222.PNG,2018-12-20,image/png
1WNdrAOpqqVKLj_Bc30apBOHXPhmfeF4E,IMG_0006.PNG,2018-12-20,image/png
1R71VxwgqKnj2gKtcVo6xG_Zy-jhePfN_,IMG_1189.PNG,2018-12-20,image/png
1I-XPM3QQwUad4yLV2iy_UnAzHp14JKw8,IMG_1185.PNG,2018-12-20,image/png
1NdK0JyWnSWZMi8pRsSHaLmHPk6enIHcr,IMG_1216.PNG,2018-12-20,image/png
1JqkJzBpjJGRzM7Sfeyd8p06cYSQoQjfD,IMG_1011.PNG,2018-12-20,image/png
1gettMLqqXj5d__j0PiyzHYJ1xIferjPO,IMG_0658.PNG,2018-12-20,image/png
1gT3UWd3rZ4tzcyb9xscr8P1-gsgrzTDh,IMG_1173.PNG,2018-12-20,image/png
11sFGMIGQVSoOz8EB_eCCeMSvC-aK-1b3,IMG_1172.PNG,2018-12-20,image/png
1tjvt0kA3huTupK6_fbNZUoQhGR7efG7i,IMG_1399.PNG,2018-12-20,image/png
1L-KJThzONL8iU2CKdfSYDZdZQfc7FEKt,IMG_1326.PNG,2018-12-20,image/png
1vOsfoq1dq5ArVZtjjm7MLKE7KuMvTtEQ,IMG_0109.PNG,2018-12-20,image/png
1aTAqKJZFOrjRM9XjTBnwnp3nu5dagJBy,IMG_0102.PNG,2018-12-20,image/png
1KnV6dfwjh83HjrJhz7BDBAUygyaCK4Pa,IMG_0099.PNG,2018-12-20,image/png
1PO-YyawMiX2KdBjbHS3x4ZwJysexYvoc,IMG_0090.PNG,2018-12-20,image/png
1JEF79Bve-sp4WeoQ2Wj8lTaYtq6EvoO6,IMG_0080.PNG,2018-12-20,image/png
1e0BTNTl0lAB9RVgxO3hjWOBq6WsW8aZi,IMG_0116.PNG,2018-12-20,image/png
19rhJmtPdJuaByojtpwlMkPv7_3MDd7F2,IMG_0091.PNG,2018-12-20,image/png
1GfCgWMl_EOg5PJ0rQyauZBiLpc6czNAd,IMG_0079.PNG,2018-12-20,image/png
1fxv11_nq8UPAp7eVfKZEsnFsGzxG714U,IMG_1018.PNG,2018-12-20,image/png
1ndkB02LoVdep92UyWOz8TOFnNEgyPL3x,IMG_0997.PNG,2018-12-20,image/png
1KGOABfMjYZIXdVDKXyJ6UZfIrvzxObU8,IMG_0996.PNG,2018-12-20,image/png
1y2JSf6Bi8jJe-G6b5uebWeWAP7V23XTy,IMG_1795.PNG,2018-12-20,image/png
124l4yVfX88yhS1F4QuGQb5aCuODnEeJu,IMG_1751.PNG,2018-12-20,image/png
1d8FbuwSVbeA3icGzv7bBGrgnG0QS0jvi,IMG_1852.PNG,2018-12-20,image/png
17MBJz8eb1KgxNSjxhnp-rHcTKYvoZGj5,IMG_2038.PNG,2018-12-20,image/png
1XK-qwcr7vAv3Dkcux8NWMGQose-hOD05,IMG_1717.PNG,2018-12-20,image/png
1aWWXPnYh698S0FiQROV-Rtg2DAVj1JtA,IMG_1644.PNG,2018-12-20,image/png
1K6W1nDLYvMc1uvr7Qu2kmhgDFM1yguA3,IMG_1743.PNG,2018-12-20,image/png
1HjYHx85Ee5p2g6fDHOu8lkBZjmhezAnJ,IMG_1738.PNG,2018-12-20,image/png
1QC_HmSP7DAh0zsMXaxhXFMe0RWg3jEfy,IMG_1731.PNG,2018-12-20,image/png
1qbL2ARvckatUpjl9DF-XTs0bUmgZVirx,IMG_2028.PNG,2018-12-20,image/png
1_HhxWUJ7yaLtgVAT7BuqiSRr48mnsjQi,IMG_1854.PNG,2018-12-20,image/png
1Ht8zbU0r6TJGucqlxHMf-HceNzuZIEVO,IMG_1708.PNG,2018-12-20,image/png
1pVQQWa4u1sLgZdJ_ubLN4N58tJm3vEVh,IMG_1524.PNG,2018-12-20,image/png
1j3YypR-fkl4MdNMy3-ity1bW3MDHlqrP,IMG_1752.PNG,2018-12-20,image/png
1cXXQaK9CXm5ZG1_KcmzOywOt8zkMY_xA,IMG_1742.PNG,2018-12-20,image/png
14qHpr_zt2Vq65KEQoEj8DYeCW2eySkvb,IMG_1487.PNG,2018-12-20,image/png
1qRq1q5WYf8eHIhjiK_KLVNFSJoY3vRa9,IMG_1716.PNG,2018-12-20,image/png
1eLH7JFmVEfPVptXAgUPrX2aNeD969nrS,IMG_1724.PNG,2018-12-20,image/png
1UVrf2EI5zIZWvfWvWNNFURrXmS7JF7gq,IMG_1755.PNG,2018-12-20,image/png
1tNlRggqkA2XkjuGK76ThBAbiuLvh_r-y,IMG_1856.PNG,2018-12-20,image/png
1xuwpeUHVjBNrySNBPrz60P8Hs40TE5kK,IMG_1745.PNG,2018-12-20,image/png
1uZNhJDnEKZ2AXBOOmBiTX5VlvFKxRI_v,IMG_1490.PNG,2018-12-20,image/png
1my3pDn_RbTpcceSQ_MzC8FeUZa_otDGR,IMG_1859.PNG,2018-12-20,image/png
1JUVSLspJFwXGIPhFUBpLfflw3lZKKO5-,IMG_1728.PNG,2018-12-20,image/png
1VFNH4fVwH4VOqK4xLlwjSqW0d4g2dzjE,IMG_1525.PNG,2018-12-20,image/png
1u5JwK-UZH89m-Bw3u9ny_N3BMTD9Lb0q,IMG_1740.PNG,2018-12-20,image/png
19FSk-ltoohqqf5XS7_wmyTHkop579LN8,IMG_1749.PNG,2018-12-20,image/png
1c0hADx6re8-O_AYSAOMYi7C0SnWwzeD0,IMG_1761.PNG,2018-12-20,image/png
1b1Gd5NbEDBG3RdmxVY31kC-T54iZWczz,IMG_1846.PNG,2018-12-20,image/png
1LOHitjqgd_AT09vhMOgsPDXdFD_EoHjU,IMG_1786.PNG,2018-12-20,image/png
1CdFV8WnYT0Rug4KFEvh7vhA0Dg83futZ,IMG_1750.PNG,2018-12-20,image/png
1-XoASaY4mzhT2iVrSVeoJH04HKYXRgu_,IMG_1636.PNG,2018-12-20,image/png
1UsL3wRR3h_5VK16s2fnV0jRHPQG4vxmQ,IMG_1765.PNG,2018-12-20,image/png
1oY98BJ03Abg7MZgJ23t3JpujnCzop1A6,IMG_1855.PNG,2018-12-20,image/png
1hJ0qxY-MUZrPlFvXhpAP-xBJIL8qkUZA,IMG_1730.PNG,2018-12-20,image/png
1lZ9wLKOveDe-Qw75uiqc3X9GH1b1-km9,IMG_1764.PNG,2018-12-20,image/png
14ahin9irYAaEDIBgzdWbl1Eq5FxQET8r,IMG_1638.PNG,2018-12-20,image/png
111P4VXY6wYnpxF8kvCDSVBhz_Fr3FQsV,IMG_1635.PNG,2018-12-20,image/png
1hpAXtvePOynrSbBSoOgfTBaTNTZzEPYI,IMG_1858.PNG,2018-12-20,image/png
1QlKFphpZZCi4vgN8EggmApLxOlgzumgX,IMG_1744.PNG,2018-12-20,image/png
10hWKYuWua5cWFyY9jxOJa46p3Ceg_rmF,IMG_1741.PNG,2018-12-20,image/png
1i6mtQuu415Aeqy7DQsWDAVG7QxCdp-Zc,IMG_1706.PNG,2018-12-20,image/png
140mCZtvMGlB288kIjNrmqJPVNMTOgwlT,IMG_1739.PNG,2018-12-20,image/png
1aWmDj0ViUpcSqzIibEGVc4tmFdWmHMwK,IMG_1643.PNG,2018-12-20,image/png
1aLu79gnVX6GVrUUI5_vrMmXqOiSIYW7J,IMG_1725.PNG,2018-12-20,image/png
1J5RakVwCSvPsOoJgapPQSoIG9fsF293L,IMG_1726.PNG,2018-12-20,image/png
1s32_FahZm7EmR3u5hoE4kxsv-sn3DUJx,IMG_1723.PNG,2018-12-20,image/png
1r_IzEkDsr2uTKtxFguez2LSPclvEUj0n,IMG_1857.PNG,2018-12-20,image/png
1oMTsxTlbHY9kEICMt9ePB2DEG8pCk9rU,IMG_1746.PNG,2018-12-20,image/png
1x6prpIEY7jU05FXjrUy88u34MnvUPJqP,IMG_1727.PNG,2018-12-20,image/png
1UimXxmzYeluoYGEnMLQtjec_Sjoz7gGH,IMG_1808.PNG,2018-12-20,image/png
1eCNKhkhi5JoECnSkuyYyyFqgbH1xEdLw,IMG_1753.PNG,2018-12-20,image/png
1BXcgYqngVxHEc2p2BNSmCVDtCTDqfZAK,IMG_2462.PNG,2018-12-20,image/png
1HVfc9EDoBzDHjgBno7rkwF-gwibiXLtU,IMG_2461.PNG,2018-12-20,image/png
1S3nC31IrnZCHhutK6tM7yXRMZK-Iv3jY,IMG_1851.PNG,2018-12-20,image/png
1QmU0fy1tVrb7E7GDDTdQMyeDH56ZDw9K,IMG_1754.PNG,2018-12-20,image/png
1jMfxujn3xlPenq2f9momK77nbenYjqum,IMG_1488.PNG,2018-12-20,image/png
1vC_cTuxpyOQ0ApueZlrPzutfM9wMN8yr,IMG_2465.PNG,2018-12-20,image/png
1Y2jrcIXyF9G6OVOGzl1-NcByCvFlcOgV,IMG_2464.PNG,2018-12-20,image/png
1-4gEicI9f5e1FIaYi5h_C2-Y68-vPJJs,IMG_2460.PNG,2018-12-20,image/png
1Lu-grJXeaCYid_i8Ld0bxZuoxxQS3jRv,IMG_2459.PNG,2018-12-20,image/png
1ueGWiArE6p436Fo9ibQlrRKytpplmC1C,IMG_2458.PNG,2018-12-20,image/png
1AhcuopsPIXWCaczpjGPIUy6ckH-Sa1E6,IMG_2457.PNG,2018-12-20,image/png
1lyZiiWhoXZbCLxBBLS9BNaU2OEMDkSgd,IMG_2456.PNG,2018-12-20,image/png
1oqmkD--GldqkOEeviso9t8NDbOrxOyMU,IMG_2446.PNG,2018-12-20,image/png
19QQjC_QY1jTYgUnH8BwkREGtfOpMFxgq,IMG_2445.PNG,2018-12-20,image/png
1HA_lW0u0PT917IaxQH1ObwNQcvqeIQEH,IMG_2444.PNG,2018-12-20,image/png
1xGD41ZUAYcswSlEZe1npe9WeqkRGVejY,IMG_2443.PNG,2018-12-20,image/png
1s45M3mkgo8HfCF3FYAd3RatlOVHqDHUx,IMG_2225.PNG,2018-12-20,image/png
1Dh-BNBnXQ75-ZdOupcRekzCrFZlICHxj,IMG_2347.PNG,2018-12-20,image/png
1r1hvis7Fhn_Z_FPtL4K-aD9e8WOJEfJ_,IMG_2343.PNG,2018-12-20,image/png
1iiEFu7YRU_Kn7T_bBktvyem9expkKyDu,IMG_2341.PNG,2018-12-20,image/png
1gqkuMNvo4HrBy56nSfp6RsHdj1rIqnNc,IMG_2322.PNG,2018-12-20,image/png
1wc79cInqz49ErzsEawJ5y-qjcGmnPgIA,IMG_2267.PNG,2018-12-20,image/png
19hLdgJBBR3PDB4PlHV8QThOyYrM-TZV_,IMG_2255.PNG,2018-12-20,image/png
19DS4vl_zdNsBRf3su8cX1TpyiQ0_x4M6,IMG_2188.PNG,2018-12-20,image/png
1wSYnHtnBVNH9oYTG4AkufOCsppwYBBz0,IMG_2223.PNG,2018-12-20,image/png
1PRTnuFYKkdVrqUbOec9iClK-v6Z7wa0E,IMG_2070.PNG,2018-12-20,image/png
1I_x6cCVbfuuwrkDtv3VTllZUAxwZDXfi,IMG_2419.PNG,2018-12-20,image/png
1IPPz_rSzzfTA_H8Hmm9JAHZX4SuS9_BO,IMG_2282.PNG,2018-12-20,image/png
19Jx-Ai7LiCuiGQDiy21dxP1B_wgvC9IE,IMG_2201.PNG,2018-12-20,image/png
1Bfcq1wmqU4Uz9Z9a0S6kQU55G2aqX55V,IMG_2281.PNG,2018-12-20,image/png
1HDNmxSc7EFWv52U6m1lt5fAYYJqOz3My,IMG_2281 (1).PNG,2018-12-20,image/png
1dc5vuhEKjvJTD2wVNMiJf02tXYH-Og91,IMG_2186.PNG,2018-12-20,image/png
1Joiw7CgQjhHrAWzumCZ_Y6fF5kwVwcDk,IMG_2125.PNG,2018-12-20,image/png
1EiAMLzM0RCDu-A_fnKnW1G-6eDJToTt6,IMG_2393.PNG,2018-12-20,image/png
1f15ASIbCSG1X0X_ztR2DNjQ4HubMhL9S,IMG_2385.PNG,2018-12-20,image/png
1xP3wMDJ74qAstuYlN6pHNpPBI1NATbB5,IMG_2190.PNG,2018-12-20,image/png
1a1WYHf9Ky9v8hc41X04tzOj9_mLS8Qkd,IMG_2182.PNG,2018-12-20,image/png
1W4LG8chyYSZvR4P2OmF7-NIXCG02F8Y4,IMG_2075.PNG,2018-12-20,image/png
1ZrtvDE278dqJUrK94QmF0Wbj-tL9w_1v,IMG_2418.PNG,2018-12-20,image/png
1TgrbBQx-h2U-8X7p7C6mdWMZL5tzo6sF,IMG_2402.PNG,2018-12-20,image/png
1wkve68Gb0UQMfzLnh4L1rZlvlEijIw8d,IMG_2389.PNG,2018-12-20,image/png
1O73izPJCtDz7e92uSLIRLriIPpL28_55,IMG_2388.PNG,2018-12-20,image/png
1PrtHlFpzYUHGtEAmo4MNyFBIbMmJYulK,IMG_2328.PNG,2018-12-20,image/png
1TBs0SimUJZgoCs5dpBt_paA_ir1AtzQN,IMG_2185.PNG,2018-12-20,image/png
1y3BGqJJLyk7yQ7FWZqGVO3VKh3BHQk9j,IMG_2184.PNG,2018-12-20,image/png
1sUT2tO3hcMwMRd8a0bBf4mSGIv79abb5,IMG_2421.PNG,2018-12-20,image/png
1MTTiMmtk1tKyandWD85-TZOhXxt7EHnM,IMG_2417.PNG,2018-12-20,image/png
1SoJodlaSyqF1_gYO1N5UwZiifeu0mjOT,IMG_2275.PNG,2018-12-20,image/png
13XvHZ_HGQivkChOzvpRzeF0SByeGEfVW,IMG_2213.PNG,2018-12-20,image/png
1sVE5TCdp87_WLNmgmab1STe2ym5wUBHD,IMG_2400.PNG,2018-12-20,image/png
1qUXJ_n-BdbrMe936iSu379w_6OVmj9nH,IMG_2195.PNG,2018-12-20,image/png
1Ywbn64CSz2MwTI9GvAZKXFfjHhvTr6c4,IMG_2060.PNG,2018-12-20,image/png
1WYsyeGwDebp9Eu1TqEF3Yp43lVPmI5z3,IMG_2394.PNG,2018-12-20,image/png
1TYBpeRf2Or_VCzDTUirFxS0ZypRqsj2i,IMG_2273.PNG,2018-12-20,image/png
1zuftVXgY7aRQe2wWaYEX2NBCzpPvV97Z,IMG_2212.PNG,2018-12-20,image/png
1wujOo-4-itjoL95xeQ8bZ1FLT9PFCxPS,IMG_2208.PNG,2018-12-20,image/png
1O8J0V_ANs4wFCm9WEObRqf2UeffVW_5p,IMG_2167.PNG,2018-12-20,image/png
1xZboTzTFsG2Mlehc3juw80WvAv_Zts4c,IMG_2071.PNG,2018-12-20,image/png
1zND3ckGOXu7xWXmhCo1VCIyKsl7-DsTc,IMG_2411.PNG,2018-12-20,image/png
1uzcf5OCdmM98ixStxv9kOysO1uGL7YHz,IMG_2344.PNG,2018-12-20,image/png
1QmT5YqOlUit2e6Bsj2l5ccCX3vJo0-hp,IMG_2360.PNG,2018-12-20,image/png
1xwVICSFZ65tKx0ylZOKKAiNx-83F7gNQ,IMG_2257.PNG,2018-12-20,image/png
14AMMUEgJgIB_GVfxmZGk9uXgkB5NIUkf,IMG_2426.PNG,2018-12-20,image/png
1rom_BwTYsUjhVThgczj8GJHWAZmAodCi,IMG_2351.PNG,2018-12-20,image/png
1g4HjbS0t7QqNkVDPZwvv00kQI5W7O0ER,IMG_2340.PNG,2018-12-20,image/png
1uB8KyJio__uBHsvWBB6_rtWJVWEmzGvA,IMG_2336.PNG,2018-12-20,image/png
1qHqaBSEomB4GPjkoxyEIwx1JL6xK3pka,IMG_2183.PNG,2018-12-20,image/png
1nJqakb4ALidkWHRZ4xjvxK6YCCSUvoDm,IMG_2199.PNG,2018-12-20,image/png
1NLT6QxpJ_uK6o7t5DA8ZcGoOW-SYc-sa,IMG_2196.PNG,2018-12-20,image/png
11duHhAFAvP2NsteT-aqLat9vFq0BTi97,IMG_2166.PNG,2018-12-20,image/png
1oGY9j9IRBSI1Aw67FLQ97LhbTt-CSVLW,IMG_2155.PNG,2018-12-20,image/png
1TY-q5TyyO_3lAFFa1Z0rWgqK7Fng8cGh,IMG_2073.PNG,2018-12-20,image/png
1wr9eom4BXcmEX9oofnGCxhiZqkmgul1Q,IMG_2072.PNG,2018-12-20,image/png
1DaHIgb6ktp9_lbb3oY4NL8j-jRVI-DAX,IMG_2387.PNG,2018-12-20,image/png
1nSNZgNem4XDRnOz1vjBeMUC_3NYgVK3K,IMG_2259.PNG,2018-12-20,image/png
1w_yCXeEbu1gpYTK2PKAvfYNuP9cuCUkU,IMG_2228.PNG,2018-12-20,image/png
1WbBf0yG54FTKKBWZgJ5QyDcwjXN7AKaK,IMG_2202.PNG,2018-12-20,image/png
1eMC1ef4qQsUcwy-GC43ITWtsZvyKT_bD,IMG_2178.PNG,2018-12-20,image/png
1-QfYdlr1SN7FkktGmwcbi_0CFtsa0yQI,IMG_2337.PNG,2018-12-20,image/png
1fwzpdCrBiqYWUGS4GgT14DhMDiGHT3aO,IMG_2269.PNG,2018-12-20,image/png
1I6OqA3AnAZkAyetg68rjCSeWYOPLVV-m,IMG_2230.PNG,2018-12-20,image/png
19ifYV5khK5FqRDT_KCY6JyNGygHt0-Pn,IMG_2391.PNG,2018-12-20,image/png
1WFuzaye5aWzA2-v0DQVCS-h7b3Bxb-oR,IMG_2329.PNG,2018-12-20,image/png
1cfjLTkJw591gbhjm1o4VFBpqq7-k4wHc,IMG_2194.PNG,2018-12-20,image/png
1WZMBvhnRVQrdmS9soc0WTv15Zr8TdeiW,IMG_2427.PNG,2018-12-20,image/png
1wHt2-SfISHlQEEFhQo0qhyhmeyGhyYT8,IMG_2324.PNG,2018-12-20,image/png
1N57V7gEya4IN_PJc_xAkBduSiAY_krP-,IMG_2280.PNG,2018-12-20,image/png
1MTX5pPXZOVq_pKwHkbB3jz71QOReM07m,IMG_2261.PNG,2018-12-20,image/png
1uXNVbgWJl1RqEOohdIKqkkEBNVLDn9D1,IMG_2265.PNG,2018-12-20,image/png
1eSVi1w_iIAFsd2cB6WOibGkryIxFqsOT,IMG_2211.PNG,2018-12-20,image/png
1zNr-a-8BAAML4s1AtkbN9kmKQ-J2qvqc,IMG_2422.PNG,2018-12-20,image/png
15eiCUGrZ8uQuV_XiHG2NoulUcRo_HsTa,IMG_2413.PNG,2018-12-20,image/png
1QyHmA9Np5u2wsgm4YAs05dSKSyuPsSQy,IMG_2399.PNG,2018-12-20,image/png
17__19zKTj4OxLbn_qNnEKNTR_sGtDqWx,IMG_2266.PNG,2018-12-20,image/png
12AcNoArtOA6VzUY0FFbDdyjsrwStJknR,IMG_2224.PNG,2018-12-20,image/png
1cVlLNdQxoWkHDcnxmTdWmSBPOH-kndDN,IMG_2232.PNG,2018-12-20,image/png
1x6e9jKgPsSfEtTp6nZJHhYzLUxAqI82f,IMG_2397.PNG,2018-12-20,image/png
1e7JC7PRaHH7LNeYzxKnd0L5eZA2V-zd5,IMG_2058.PNG,2018-12-20,image/png
1CR-TJZXgFMFDoJBgfjp_ItdbBytzv8K-,IMG_2383.PNG,2018-12-20,image/png
1BRbn_6DHI0H_5bdXrEkZAwGqzlFUIRTR,IMG_2416.PNG,2018-12-20,image/png
13b0cggV85NA1fdo1utrlAc13mWNiePE3,IMG_2345.PNG,2018-12-20,image/png
12jI-2zrC2BSWScP2qVx0zToMTyX_jRcT,IMG_2229.PNG,2018-12-20,image/png
1Nti4FaLKTTdEzOkntuuYkF6OO9OQVn93,IMG_2423.PNG,2018-12-20,image/png
19u4eY01Z0Ibrys62Mk-oJvkwiLjWBqTA,IMG_0010.PNG,2018-12-20,image/png
1l-A76jG03DCxBMS4kfyfVoO0lEYujurL,IMG_2323.PNG,2018-12-20,image/png
1XkpeDa19bAnG45gTDYc_m-W-xE1XDqF4,IMG_2270.PNG,2018-12-20,image/png
1LcwQhheFBE4b-X2rkVFmGgKKWnvUNkeE,IMG_0009.PNG,2018-12-20,image/png
1zUf4NG5FGaFUoHN1Ph_GSmizFGfJU5cy,IMG_2272.PNG,2018-12-20,image/png
1FLx8NF4Dfv31tm5jkeUpMYLjA65Qg9aK,IMG_2412.PNG,2018-12-20,image/png
1guFBL_RHjIxMRPyyTnC9qFiBvo4qseLB,IMG_2408.PNG,2018-12-20,image/png
1qQubkdyHzz0I-KMwcBc3HjNbaWr9ALlK,IMG_2386.PNG,2018-12-20,image/png
1HL84d42-ybt1MCjAObk0_2siD1wRe3kM,IMG_2067.PNG,2018-12-20,image/png
1666IVaDJJxb9gLJSA8GbnOXcEh1fvFr8,IMG_2410.PNG,2018-12-20,image/png
1OGvpMpf4BJGL1ESaN7k0iNZdkL0CJ26k,IMG_2197.PNG,2018-12-20,image/png
19kJ196Y5ZiApozUe84dnkH6MSm-M0NVL,IMG_2059.PNG,2018-12-20,image/png
1qOB-gWS91toUNmoItA8D7pbF-L951SUf,IMG_2187.PNG,2018-12-20,image/png
1ihRgUnvyILQrLRSwz2XZtvQa5lmk3-aX,IMG_2783.PNG,2018-12-20,image/png
1A-Pch0Xiciqi_nwjSFG5B7yCgRuFsgZT,IMG_2994.PNG,2018-12-20,image/png
1x4KaPbOAx-Ga7ih1lxqb39IbjweFTxme,IMG_3174.PNG,2018-12-20,image/png
1OgFA4WqusTX9nC9uKkRvY5h0eTsWXxCM,IMG_1951.PNG,2018-12-20,image/png
1yzzajgLFw9aRRuwxCqm7lnIbPACr62Tv,IMG_2995.PNG,2018-12-20,image/png
1efTOXI-JUmKOrdc3-XXaWlBHgSeruobV,IMG_2058.PNG,2018-12-20,image/png
1nDoGW1F2YYllgTNMh-LQXtZEhalCTZBd,IMG_3066.PNG,2018-12-20,image/png
1ydzP5PZikp5OPqHrdXB659XKCm7IS3GZ,IMG_1952.PNG,2018-12-20,image/png
1eWrRNUP6LIlksCn9afwJL8CarmKeAVrT,IMG_2390.PNG,2018-12-20,image/png
1tUtKG7t_qmlB66ZY4Ygy_OylzBjJxFg_,IMG_2398.PNG,2018-12-20,image/png
1OeT5naPqv0zAGhXGFeOJwAvfb5KyBVC8,IMG_2348.PNG,2018-12-20,image/png
1tQQHDnjnzAN3LQY3RezInfDVugtAK_ML,IMG_2268.PNG,2018-12-20,image/png
1pLpw_Z_2FxdK_8bXykNbuTQym1xsJM5a,IMG_2222.PNG,2018-12-20,image/png
1YimNTzrl-LmCLaehRT0e1cmbrvFAAS3r,IMG_2327.PNG,2018-12-20,image/png
1ad-Fs80eUZHdgyghgCNsXm--eyBQrL4K,IMG_2260.PNG,2018-12-20,image/png
1tmWXtufgsoER6kw8aJyH04FX0jbnSklM,IMG_2215.PNG,2018-12-20,image/png
1i6Pt8r4y0-LI6kaLTfv6BmIPF_U7kwy8,IMG_2074.PNG,2018-12-20,image/png
1bkAPZEektAarYK-eeAnMDCIZ49GnZBk-,IMG_2349.PNG,2018-12-20,image/png
1gr4lz5SO5b7QMMZbLT1BQmCOVSzmrXNS,IMG_2335.PNG,2018-12-20,image/png
1T9LQOj7DEQfqY6xYMIZvssUs13AEHX-F,IMG_2331.PNG,2018-12-20,image/png
1ApxnyJm2YUMCixfjEmPOfZLfWLwbi0_W,IMG_2325.PNG,2018-12-20,image/png
15v0WnN-b_QNwd-risOWscG0yd2kdFQ5e,IMG_2191.PNG,2018-12-20,image/png
1d7IkfM8Xutc3BuvHy9GF2G6fWDSGMO-Z,IMG_2395.PNG,2018-12-20,image/png
1LTo-l1hiNiJNhplyYfskpGI7DZS4SsgW,IMG_2424.PNG,2018-12-20,image/png
1i06bn7K5BmsYWD-wqDaAfG1_2uIpOY1L,IMG_2396.PNG,2018-12-20,image/png
1pa1KKhVhU-NVKtzu0TEL_NMsRyBWPuNT,IMG_2392.PNG,2018-12-20,image/png
1mO4xMeYIPFKHAposmfHNgrYVdBMGFYhg,IMG_2384.PNG,2018-12-20,image/png
1Ic4cNNmHyDTI4c4D8wnZxix7RVE6anPB,IMG_2256.PNG,2018-12-20,image/png
1CR110vyuJlg4q-MlcIUK_OOiFK-kvOSB,IMG_2069.PNG,2018-12-20,image/png
1mmMzBQGs_0Mpw_HHxRYyFmXZoNpnxF1J,IMG_2068.PNG,2018-12-20,image/png
12RuGEyBbi77ta1kCMOBkN43Payjh269z,IMG_2420.PNG,2018-12-20,image/png
1V7gNfjeKFO-Jdp3QKJts76cajBsw3qxd,IMG_2198.PNG,2018-12-20,image/png
1nw35CJvwrNhSykGJWMPHD_fXjblGhTGD,IMG_2535.PNG,2018-12-20,image/png
11zPBuIZNsF4RdtB34Z4oqMu2wHO3Ag1H,IMG_2534.PNG,2018-12-20,image/png
1VgPnbM-q2BB-Wl6tDOj336WeUJUjWk_t,IMG_2533.PNG,2018-12-20,image/png
1iC6SZTMd05Ebg5zBcTzE_Gxnj7EMmz66,IMG_2540.PNG,2018-12-20,image/png
19n8KlZJY8JMh3BwZNK78ireeXB5hQ_BO,IMG_2539.PNG,2018-12-20,image/png
185a3yQn-QBjxfvVTmQYjKzuQF9cUzTms,IMG_2538.PNG,2018-12-20,image/png
1_arg6n7hUaZCLZTZeyJMPZf_Pt91b1Md,IMG_2537.PNG,2018-12-20,image/png
1pmdV1ntgA0kuQHEAKRAIEs_lmhiaUft6,IMG_2536.PNG,2018-12-20,image/png
1XGbqgaXWoAoEy8FPIcUZKNycminNlcyN,IMG_2507.PNG,2018-12-20,image/png
1RWySASLPT1argK_kx9aTIERV1WOn7alt,IMG_2523.PNG,2018-12-20,image/png
1U1j7AFe-k9EKGpgNMcbDmXgDoHpTejIw,IMG_2520.PNG,2018-12-20,image/png
122bu5NEDjMQBiAWbNSlr3VLFYyvwCpbE,IMG_2508.PNG,2018-12-20,image/png
1qSGyM1ZgyymLNUvpM4jEduS_IgDtCYwn,IMG_2519.PNG,2018-12-20,image/png
1NP8_0xFdRDkAazcU9oR61a6Pxbs5Bo3Z,IMG_2511.PNG,2018-12-20,image/png
1COTtrcHLE6yCQfY64PLwVVEF-cxhc-cY,IMG_2510.PNG,2018-12-20,image/png
1tvPbIPC9X7UlCJu8q6LBU-0cq-Nguo_W,IMG_2518.PNG,2018-12-20,image/png
1NkXsq-tEc-g09wmZ64F7DmXuVUY92caW,IMG_2517.PNG,2018-12-20,image/png
1wj8v8m0dAQ503IHtfhyUJ_U5lCYMDf9-,IMG_2525.PNG,2018-12-20,image/png
18dpzH1snKXEzH6XLGVZjATFtlxPm66Tv,IMG_2524.PNG,2018-12-20,image/png
16GLmniB9HT9YqOTKy91xqqm_gCO2I0DZ,IMG_2522.PNG,2018-12-20,image/png
1UdU5Mi9UDko1zdoIIOuM-LD9nMCh4QKv,IMG_2521.PNG,2018-12-20,image/png
1KOwoG-Lk1ebYWSqB4dsAy9HDDqd9BHjn,IMG_2509.PNG,2018-12-20,image/png
1wNRPRvGItymn376qjYpfgYGslNmcOG33,IMG_2506.PNG,2018-12-20,image/png
1L0DVp7xv9iK25uXIH3SAjzK35ztbn2xn,IMG_2466.PNG,2018-12-20,image/png
18piMi_Uw4wV-TWCn8DkwSlVAuRgC2n6y,IMG_2516.PNG,2018-12-20,image/png
15vsBBx0Ri61fBAYPmxJWy1VWetUotLcs,IMG_1049.PNG,2018-12-20,image/png
1-EhUb_EGcTqf4-5kFUma_DXjB6vjpqSF,IMG_1046.PNG,2018-12-20,image/png
1Oa2ZwYfYhIgTtQ6-SMJsxdMygF2UIsiS,IMG_2551.PNG,2018-12-20,image/png
1O_Swiw62lT_modsui6zCPQ3eg_zBOZzp,IMG_2550.PNG,2018-12-20,image/png
1ZAA1KXyp4RvK6uuxaxg_Celn0dZIt2ls,IMG_2549.PNG,2018-12-20,image/png
1MqUf8rmwhaBALW5Ov_30P_lQc6Zeq8Ez,IMG_2548.PNG,2018-12-20,image/png
1mmzGvZ3rZmrrFCb-yC6v-LKZm2BoxUwt,IMG_2547.PNG,2018-12-20,image/png
1Ge2xnE3ELE4neZm50cDjhwx6kMR1r1Db,IMG_2546.PNG,2018-12-20,image/png
1KjPl8TLS9KU4VuCNO11D8ow40Yy1BdO2,IMG_2545.PNG,2018-12-20,image/png
1rgZpqEYSnioorJNRKy6OexgSHCQki1Yd,IMG_2544.PNG,2018-12-20,image/png
1b5XqvXSnDoEn-dNSP7-nT7rE1NNPdrRM,IMG_2543.PNG,2018-12-20,image/png
1Sls3Ty_qeMqEvN1tBubmARKWF0t7RyhQ,IMG_2542.PNG,2018-12-20,image/png
14Ul--dife-CbTmzd1hHTlSLPzGdWJwx8,IMG_2541.PNG,2018-12-20,image/png
1cqq8Ao1nLWRc4osfWLDZx1nbsVQkUTGP,IMG_1045.PNG,2018-12-20,image/png
1lQY4DSjbQLlIcFcFEBlwHy2_ZmJLY10U,IMG_1044.PNG,2018-12-20,image/png
1KZbo8bj1jb21xXsLUPIw3hnk-1xn6ZA9,IMG_2559.PNG,2018-12-20,image/png
15bRoQhWwNWuLcKR3XCtanxx0QxRv4fjt,IMG_2558.PNG,2018-12-20,image/png
1g-39LZcSyw2yOYKwR7JI9GBJRw57ZINK,IMG_2557.PNG,2018-12-20,image/png
1hPYi_cetmeuSI5IRDBSvZ2Ww8w3tejIf,IMG_2556.PNG,2018-12-20,image/png
1R7xIZljNdbFCialmSLqLCQn5YpHkV3Ui,IMG_2555.PNG,2018-12-20,image/png
1qdWV9GhHWWgy14X_UffM_83tkvJWzoxq,IMG_2554.PNG,2018-12-20,image/png
1bk3WiqPFcSENAIE7paKZaxlSoxf4vAPd,IMG_1033.PNG,2018-12-20,image/png
1INmnxSMPt0y9JSU3tceLWTRuj82H72zI,IMG_1043.PNG,2018-12-20,image/png
1gPM-czZqm_iMFJGwlN2BIrj8WBTKIBfd,IMG_1022.PNG,2018-12-20,image/png
13HgzvEoWLuzcdPm6uwwh8nSOiA2jHLwv,IMG_1039.PNG,2018-12-20,image/png
12qVU8zcvARIKi9D5pVxy70wd5OCPd1ih,IMG_1037.PNG,2018-12-20,image/png
1MOJTxjS9PykqYBp7y0RJxp1teZfkNPMX,IMG_2907.PNG,2018-12-20,image/png
1rmw4fhPX0BITpW1OyzW-rdDs4QVIg0vk,IMG_1027.PNG,2018-12-20,image/png
1z1BnRhM0hAnYabObtUYGDgo9VpeDny04,IMG_0474.PNG,2018-12-20,image/png
1Ho3KqWh3aCKbAM16J_iSMTspNpb1E8b6,IMG_0060.PNG,2018-12-20,image/png
1U64Jedh-U3hoUahS1NXykY0r6MGvjEmG,IMG_0987.PNG,2018-12-20,image/png
1VzkYbSYJ5cJ4OQYnUbu5JbFQuFYzN6jW,IMG_0476.PNG,2018-12-20,image/png
18ZITGCC4izo7zMmXaP8v_9uPZ5sgd3h7,IMG_0678.PNG,2018-12-20,image/png
1mIPp-sH6Q7Y04UrPdObf_5wS2cjZpJOG,IMG_1023.PNG,2018-12-20,image/png
14IFh5bVQpH0ZLEsa1XiLwoknp4iFS5YJ,IMG_0990.PNG,2018-12-20,image/png
1rap86lEAVRTPNffKP62Nvo8oXwolYw2q,IMG_0064.PNG,2018-12-20,image/png
1vP-VPG703BBBfWCFu_Rc35VwVwpIgGfT,IMG_0983.PNG,2018-12-19,image/png
1pUAaLd8JVySu2Vtcx4AICoVYDV7x7n9i,IMG_0059.PNG,2018-12-19,image/png
1_UAwep5mWHbRlpyp2TlmwZDeBY98K5io,IMG_0984.PNG,2018-12-19,image/png
1gLiOG5oEjq5QtgD3U81Unuq-8s-Bjb4f,IMG_1030.PNG,2018-12-19,image/png
1gB0ifbI6lKD4C-Phz-QfqXDZkfX2JeEh,IMG_0062.PNG,2018-12-19,image/png
1TN-af852CjvLY2P70oAgFS4VSM_LzuM0,IMG_0479.PNG,2018-12-19,image/png
195WD4CMzWvNpu53Ownh1g9pqh_6Xu1-O,IMG_1028.PNG,2018-12-19,image/png
1D2llrESwnjEelD4QNsnd9NMMqkicTaM7,IMG_0989.PNG,2018-12-19,image/png
1UM8qlWAAz8MCuQBWfniBwOSf5m8YvOT5,IMG_1025.PNG,2018-12-19,image/png
1RjJAFgT3YyaacUBm_dqIHM-Zx4BCL_Q9,IMG_1026.PNG,2018-12-19,image/png
1QH8y6tmKfLqs81w2N7lU678Ti7v4z2sI,IMG_0065.PNG,2018-12-19,image/png
1cZTGaX5Nsc7zNX6pUgcYV5wWc_mJdJK_,IMG_0061.PNG,2018-12-19,image/png
1CpNHLTBdO5bgHfKLLrLsEXC41rq53O6E,IMG_1034.PNG,2018-12-19,image/png
1nfYb-YDmdW8rR8v7IgZjtZVlSEKQsOZG,IMG_0982.PNG,2018-12-19,image/png
1PBvsArweo2qznvLrUsEJy8f2__jpqFVL,IMG_0058.PNG,2018-12-19,image/png
1RqCEnzE65MtjdzWzeup34d7Z-ZSCBUAW,IMG_1036.PNG,2018-12-19,image/png
1ty7zSwShrFvTsqtiKxxP0jIseaSHLlq7,IMG_0041.PNG,2018-12-19,image/png
1JIkTqIGIjK0EpTZ0G-l_D8nAbH6bMm9C,IMG_1035.PNG,2018-12-19,image/png
1kebj9TRiwAmbu1ueo0DY_bj8is8YWYuF,IMG_1029.PNG,2018-12-19,image/png
13UjCBy-g9Ks7gkGK5ZgxtDtfTACPkEo4,IMG_0478.PNG,2018-12-19,image/png
1JiNoKS-0OP-YovqohykgkNyo4a3qWGF3,IMG_0472.PNG,2018-12-19,image/png
1AdQHzDOD6ZfByeOZi4jpBD-w4sCDOlHl,IMG_0477.PNG,2018-12-19,image/png
1Orozy3j6o8tcuJAV7sJO3m_LpHFHm3-E,IMG_1031.PNG,2018-12-19,image/png
1K9PRnrY5natX1RoEFGegH0DnWDr3Vx5F,IMG_1041.PNG,2018-12-19,image/png
1VoYKuG17CcwJvMZ-TR9WI-SoQPHTNVWy,IMG_2906.PNG,2018-12-19,image/png
146TbH5hZJw21UfFnlf2oa6dfkV05xd1w,IMG_1032.PNG,2018-12-19,image/png
1b6EBvBixefqenpXAk8dhBsikg6HwNqc1,IMG_0483.PNG,2018-12-19,image/png
1ddM8ptvvBYXCx-UUM0fXMB7DsWvbfqH0,IMG_0988.PNG,2018-12-19,image/png
1T9FG6g15VAdtiQjYm05bWqWeSvD3ublK,IMG_0475.PNG,2018-12-19,image/png
1Bi1HlK61NZmj9HFQZ3l_Uq-nWuh1B7LV,IMG_1042.PNG,2018-12-19,image/png
1MZ8Gorv_CPITLolaE2dUm0iPNfsxQjnz,IMG_1021.PNG,2018-12-19,image/png
1YuV85haLUqYrF0myTYx9pSU7R7xK5R_r,IMG_0986.PNG,2018-12-19,image/png
1XOvnxiVw-eTJAQ3xzR4ZARQhLi5EHWoz,IMG_0473.PNG,2018-12-19,image/png
1GdNyDupIYuVrX5pRkDV70N4QUttsRf3O,IMG_2908.PNG,2018-12-19,image/png
1LDPWbNk4MB1XSW1gxMjNAYiFZIzsFebu,IMG_0063.PNG,2018-12-19,image/png
1wRGZ97YpT7USiZlWcFjPeIucyi_7jb7D,IMG_1040.PNG,2018-12-19,image/png
1jghIX7LuKLEEcGPEXtAP9D6muZfHBaAo,IMG_0985.PNG,2018-12-19,image/png
1VmCN4RzWTJ5vO7zxii_uHgy6GX2OCfeS,IMG_1024.PNG,2018-12-19,image/png
19-S_QWgC809jrOVOWxZePVCBV8XQNJRc,IMG_0482.PNG,2018-12-19,image/png
1kcIBUt4FkebnibMo5iIGe2fiRXK6riMp,IMG_0006.PNG,2018-12-19,image/png
1X1LH9utMOkdzxe4c5TeH9sSp-OS8-L4T,IMG_2552.PNG,2018-12-19,image/png
1jxu2xFLFbX5BYiQpoewVZizmhbDf2GER,IMG_2553.PNG,2018-12-19,image/png
1U6YlSEijqUFuYEvV5WA0hl7qaf8SkNvT,IMG_2905.PNG,2018-12-19,image/png
14mrCxIJM0v0v_7rCIiS-Fdr7Ciwn_0vA,IMG_0001.PNG,2018-12-19,image/png
1tuPYWPJsuuQcjUwf5qloC3grp4OZr4kw,IMG_2863.PNG,2018-12-19,image/png
1NXqjMHDpg2PgTZDH_2fi__wUSR1qXkYz,IMG_2901.PNG,2018-12-19,image/png
13c4hBgTzF4ygSnCNuPOT8fV8y6FdLiUh,IMG_2563.PNG,2018-12-19,image/png
1DjWzAa20_o_tWCaKCf61hrB4g6KJkJnd,IMG_2783.PNG,2018-12-19,image/png
1Dce0qBXipHeRxCLrth2nVl0PSyiQhdks,IMG_2562.PNG,2018-12-19,image/png
1mPUI19l-L52ppL9SuNLHpLE-wA9EB_Q3,IMG_2885.PNG,2018-12-19,image/png
1noG8lN7QU_lvFXD-P7XjAROuWYHn-zr8,IMG_0005.PNG,2018-12-19,image/png
1Twdpg3Trpo9IUMTP70BFzdjBzAxoyMJx,IMG_0004.PNG,2018-12-19,image/png
1f695sdCjiAdrniLQkXlrd4SswVUDLcyQ,IMG_0003.PNG,2018-12-19,image/png
1T6BLqWm5RYQGn3uodIDNhFq5HzFt5iUp,IMG_3340.PNG,2018-12-19,image/png
1Rjq3be9b6SqIDM8-OJu7oapKTmeD81Jp,IMG_3896.PNG,2018-12-19,image/png
16c-OH4it2T30AijHlqN1jUsf8dnQzlbz,IMG_1053.PNG,2018-12-19,image/png
1Oe5XQdjtqpkzI5PeGQRHJcfjwG5xFbO2,IMG_0034.PNG,2018-12-19,image/png
11J0UoOqHSTk6WJbs86CUQBmi1wk8gIMu,IMG_2873.PNG,2018-12-19,image/png
1QMaldTMA_YtcqhIBETJfrTbshmNVWoQR,IMG_3980.PNG,2018-12-19,image/png
1Kzy9yMYTDv355cY0VJzlvxZ0HRBqwcw2,IMG_2824.PNG,2018-12-19,image/png
12GvYHfQPhtmbAAeUmCtpfFumpkVNfnR2,IMG_1055.PNG,2018-12-19,image/png
1vekmRnkThFniovRZBrDb9vqRsTgxtufB,IMG_3030.PNG,2018-12-19,image/png
1M2RGr53P3lzNYfxLOMy4pwS2xJ2BsVP5,IMG_0001_2.PNG,2018-12-19,image/png
1pBmsN5Hb98A0eHxGDOC9bFBQSZdws_tO,IMG_2871.PNG,2018-12-19,image/png
1PADFCalMzbIeUMUdErpIcBW2Sz_8rhHy,IMG_2479.PNG,2018-12-19,image/png
1QcpDdnzmixrae_bFrq9aBC77QzUBJDQm,IMG_3819.PNG,2018-12-19,image/png
1Z9CYD0FE3_stmDArbH44jZOL37aiHQcK,IMG_0026.PNG,2018-12-19,image/png
1Esxew4_1tlIcbjwDxHSQBvVYkjIGZ2i9,IMG_0015.PNG,2018-12-19,image/png
1RvygIysHee_d6IxqW5184U_06GjC7yDe,IMG_2880.PNG,2018-12-19,image/png
134P8bmDV4hjc0XF-VcbPACXz6Gj8KVJT,IMG_3975.PNG,2018-12-19,image/png
1bAD3qRmIejGZDWQwKkS8G2UWZ1oLSeI3,IMG_3989.PNG,2018-12-19,image/png
1pGi99s41DGF_wm9-g4YzYM205E_FcHDI,IMG_2352.PNG,2018-12-19,image/png
12uvECvL81W11rE8lLcY2h072EZ2WOllN,IMG_3892.PNG,2018-12-19,image/png
1mebyYUm2C5m-7doOJ_5Wt12FugxN6Unw,IMG_0018.PNG,2018-12-19,image/png
1i2OIAJ8yd55u6QDNm_Ux-IgzfHEvs7be,IMG_0016.PNG,2018-12-19,image/png
1TAZIR4UPpScri83wp6zUSmPm4eAxalHR,IMG_0031.PNG,2018-12-19,image/png
1YHic5Ib0tSc_EVEYG0ZWS8-X1oyKP2Av,IMG_3888.PNG,2018-12-19,image/png
1DMIVQ1ebJ6W2aXEP5tuBRsAp4u6rwW0E,IMG_0025.PNG,2018-12-19,image/png
1hUTFhUNyuBXlx_o7AQg66tAUreZsN3Hw,IMG_3891.PNG,2018-12-19,image/png
1sQrQfJ_4SnQiCQB6vWIUSCMHa3AqFm9Q,IMG_2867.PNG,2018-12-19,image/png
1QYkR8fMoV6f2bukMs6AC1OkGNkEtM5aT,IMG_0012.PNG,2018-12-19,image/png
1xqibXhBeoQcNsK0QQQHu81pEfYk5n1Mw,IMG_3894.PNG,2018-12-19,image/png
198AUQ9d5FdaO7BNrCJUSiBMXutvAY4fw,IMG_3032.PNG,2018-12-19,image/png
1euZLCdBNK2k9tUo-9krrh0C4wRiW0qAB,IMG_3987.PNG,2018-12-19,image/png
1yS7LP_4eEBYZhHFStW6aAeqkctVnEy5A,IMG_0039.PNG,2018-12-19,image/png
1S9VFpJq0Dfuo9CBTFdTDuQ2Q46dH-PCY,IMG_3897.PNG,2018-12-19,image/png
1oDKUe8E4rO75ysDBgKaKU4Yp-ImZTiUr,IMG_3893.PNG,2018-12-19,image/png
1CebVIEuA6GUftO_PgBsElnKjLfUx4Wg2,IMG_3890.PNG,2018-12-19,image/png
1j7hmVlf_gZXxAJOiSLRdhJ82xRXu2YjT,IMG_3823.PNG,2018-12-19,image/png
18lvC4RsKXSey6VlO7_CIdFMBqFAJ9Dl4,IMG_2829.PNG,2018-12-19,image/png
1El-1VnCw7aNu8GMaKujGdN_qp9yA7zQq,IMG_3026.PNG,2018-12-19,image/png
122HBTggp3aHttJ2Ir1S-6tw2BEHhZ9Kf,IMG_3978.PNG,2018-12-19,image/png
1BGIflK-po_CrWLSUifZ3H3ssobWDe22Z,IMG_0017.PNG,2018-12-19,image/png
1THpkFhPok0VGgPQZ_9ernvApXVXdp7xI,IMG_2868.PNG,2018-12-19,image/png
13XkKyZUGtN-krAOpP0vqZE3wpvGh7IYn,IMG_0024.PNG,2018-12-19,image/png
1XxX3qonkAjdewEky_Q28SbgezUGQvqhU,IMG_0023.PNG,2018-12-19,image/png
1KjVVbYL8O9a77oDkQt-4fw0Lqd3WamvE,IMG_3895.PNG,2018-12-19,image/png
1L12Y-Kqi_fRTa8b91Ac74ruEo0mYz6or,IMG_0033.PNG,2018-12-19,image/png
141iET4jFev1SD52-wNOLKU7HRwwBbXdW,IMG_3031.PNG,2018-12-19,image/png
1kA3ToiLb7mxM7RLW_qNKPzYqz0jMH5bu,IMG_2866.PNG,2018-12-19,image/png
1crDas2I8Dnh5AL1GQseV2cmZ0HKEWqbw,IMG_0021.PNG,2018-12-19,image/png
1teljsh747_jhiY43fnQE-p2EwAkjvq2b,IMG_0009.PNG,2018-12-19,image/png
1p_IL_JDQaQulFPcUKO59nbwcGThN_zUn,IMG_2823.PNG,2018-12-19,image/png
15VsVaQOAazjcjZOcZh6KdJlexJfL7t0u,IMG_3981.PNG,2018-12-19,image/png
1QjDA74I6LpxVuRaf_n190ztVL6zRob_w,IMG_0035.PNG,2018-12-19,image/png
1OkgAkzD3vQItquzJ_M8OWyfN9ncCsxjd,IMG_0029.PNG,2018-12-19,image/png
1IMQclSq1LlQ2jDXa0Zg5WHF-S0frBbmk,IMG_0040.PNG,2018-12-19,image/png
1-MA_w7fkKfXvY84yEuyXaTTUJyltqSWO,IMG_0022.PNG,2018-12-19,image/png
1khtaQ7pI92DsJ5Bh9weI_pfZukK9z60L,IMG_3986.PNG,2018-12-19,image/png
1I9Mt45Z5HRUF5zfhozn3HQAfwaWPn_1H,IMG_1054.PNG,2018-12-19,image/png
199eE_dT6ob0v94h4S-2cVoTrlviFaxY_,IMG_3821.PNG,2018-12-19,image/png
1woi5ObiVCDso7YodHL-4PdPVocO96oqc,IMG_0030.PNG,2018-12-19,image/png
1jTeaNLmbbGP8TfNfsvX5QXvZ5gESogqZ,IMG_1059.PNG,2018-12-19,image/png
1hgtFtqKce3zsiVzJWAAHpqIYI1ld0tvu,IMG_0028.PNG,2018-12-19,image/png
1VSdi5jrPE7rfYmZo_ODws2Es_YOUKX0i,IMG_0036.PNG,2018-12-19,image/png
1THoieDuZmzUhOWtFyc8T-WGB9sHBEW_v,IMG_2363.PNG,2018-12-19,image/png
1cKwdtx3PWQyRckjn4PDPVH-tk5bRenQk,IMG_0010.PNG,2018-12-19,image/png
1LDamRJ4u-is-ISLza4_PR7i8dCBUPhKf,IMG_3988.PNG,2018-12-19,image/png
1MdSHCjcJLOEhY-0yVNpmb8DEqavQHmBy,IMG_1057.PNG,2018-12-19,image/png
1sN6mEv7O2BcHTqkTPDAJbGU3eRD1dSr9,IMG_3898.PNG,2018-12-19,image/png
1rLS3tmmT5OuKaW0yGaADby0j3KZzJFyb,IMG_2830.PNG,2018-12-19,image/png
1bfk36UU545CTvBrnlRTkRrCUiMxuZ7KV,IMG_3990.PNG,2018-12-19,image/png
1aAQobh5eY5jx7LUp454sUdaGL6GR7o9z,IMG_1056.PNG,2018-12-19,image/png
1FysIUYcBj17vmvNbUFhY9s38ue2ELoIZ,IMG_0014.PNG,2018-12-19,image/png
1LkDi_trq9_29IGHIGYYmvol8yRTe4dIw,IMG_0013.PNG,2018-12-19,image/png
1nSs1JY7UQwQUnkWeEjAQo77Tv-WysyZH,IMG_2870.PNG,2018-12-19,image/png
1PtCgF2UdJtgylM3Dfj3N4Wk1k1vdHHcm,IMG_0027.PNG,2018-12-19,image/png
1HH-qDFGZFy1dx0YvmMjJVCiXjY59cr9_,IMG_3027.PNG,2018-12-19,image/png
1t1E5Usqy5Q8tE8LrRGQtTFSITrOHRCq7,IMG_1095.PNG,2018-12-19,image/png
1xjykLVY4y5rEHxDzanTcYzvXK5Y37um5,IMG_2874.PNG,2018-12-19,image/png
1CYvlA62lZcgEYaMj7pQsUz3-UQ-IWjzB,IMG_3974.PNG,2018-12-19,image/png
1vvKqV1VRGmRl5cBH0mQ_Akq-u6Tbs9S5,IMG_0032.PNG,2018-12-19,image/png
1sQxwefna_Spti4FxdIyEGGAqiCCojmgV,IMG_3820.PNG,2018-12-19,image/png
1YhCcTKCtL6Oe8x4JSQjhYrTfhxVNFm1U,IMG_3977.PNG,2018-12-19,image/png
1DB2cyU8Sf5Bout2lsqdeOmaW8-4zO41D,IMG_3826.PNG,2018-12-19,image/png
16VHTwJMl7jR-aM2UoCjsdO9NDBPJykNC,IMG_3979.PNG,2018-12-19,image/png
1hZQbGnGaFoJ1IqgoyZOVuLefM3_y_N_1,IMG_1069.PNG,2018-12-19,image/png
1DlN_ZCpuNZk8QhBT3-QNzorz35fz-x5O,IMG_2364.PNG,2018-12-19,image/png
1wLPR2go3IgQtSh7RDREXfM4h82ERGlJ0,IMG_0038.PNG,2018-12-19,image/png
1euPnGIeoJ-fS5esg6LOU7SozemkjONC9,IMG_3985.PNG,2018-12-19,image/png
1RKRiRW4CwcLaGFzql38t3sEYrsLJQbuK,IMG_1094.PNG,2018-12-19,image/png
1O31fFjl7HOa-l0qjuvSiPRp-UQtukoy_,IMG_2875.PNG,2018-12-19,image/png
1-0dZCz4vr28pkFDAedu4ss52R--VzbgE,IMG_0037.PNG,2018-12-19,image/png
1Y-dSGHZsYMJ8Bft8bLUDjmGoF1rw3k1Y,IMG_3822.PNG,2018-12-19,image/png
1LH9CbW96ygAhs5Bv8tqP0PTgG9xwSF9R,IMG_2872.PNG,2018-12-19,image/png
11COjLfF6mNYTBsr9ZV3xbGmdtMUPt_4D,IMG_3889.PNG,2018-12-19,image/png
1uNEbwwnyRVoCoh8Bgx0Q7-Z2M0yVQKRc,IMG_1058.PNG,2018-12-19,image/png
1U6qo5zmEkbZVGLPKLo9zuTR86i2AYAPG,IMG_1096.PNG,2018-12-19,image/png
1SIsPhPLqSFhFL66UxByztRHEgx1-PFLa,IMG_0615.PNG,2018-12-19,image/png
1yvdgD971-gZZ75n2fIgDzvPFhAdKxiHb,IMG_0241.PNG,2018-12-19,image/png
17MIX_i_vfep2VuqcjoSEF79MaxxxoJBX,IMG_0085.PNG,2018-12-19,image/png
1cNCaJkVI_W1W-BpkbVOLnir0EHHBhpP8,IMG_0279.PNG,2018-12-19,image/png
1Xyy6Sjfo1y3Cc_yihOgCBH3uhj-iQQvs,IMG_0242.PNG,2018-12-19,image/png
1PfPfPTEt5YG-chH8RaKHVoffNfVsPsG0,IMG_0656.PNG,2018-12-19,image/png
1exOviIlCCn4RErYFZ451UIfExF9SWKWi,IMG_0313.JPG,2018-12-19,image/png
1XLZTAIT1sb4_ndyviJzk7eShYhn3cQIW,IMG_0240.PNG,2018-12-19,image/png
14Ahr2UcBRd5BY5D9xQUWOHGpUGyrc7Mo,Portugal.png,2018-12-19,image/png
193Nwr-7yfXHo_Y_9zxGAl3VvLzaObhef,Hungary.png,2018-12-19,image/png
1p7_beowI45afNjSZpaYo0fc3QrNecLjl,Australia.png,2018-12-19,image/png
1Xre-s8BPid5Ss7ziJWLd5XrwX74jFSQu,Russia.png,2018-12-19,image/png
1BTdDYLLRX3t0ALFKcxWb6KrrjJeWQ3JM,Singapore.png,2018-12-19,image/png
1oM1SNdcJ3nq0BYXYrGPxjV6gCdE6uOWu,Saudi Arabia.png,2018-12-19,image/png
1l9tGoA0rsFWZmrfv8RY7fbt7a0GIHgzr,South Korea.png,2018-12-19,image/png
1ZtXsSlfWJ-SGLuf_s05SmSwevSJo8vk0,Peru.png,2018-12-19,image/png
1Qy-rhhN6kXCv_WLvjn1_4lk7IF52lIH8,Argentina.png,2018-12-19,image/png
1SsjwDtHBxZGhHsHEOb9T8hOpLnI3koss,UK.png,2018-12-19,image/png
1pCOcUn4z4FaQgoHdUncg2aoDf6f-rkQM,Mexico.png,2018-12-19,image/png
12YdYNwaQTsUYY18S-lyks8YkEtWbhTfJ,South Africa.png,2018-12-19,image/png
1NvVpUpnkQYluy60EviSKmNEpjsOwhuIX,Puerto Rico.png,2018-12-19,image/png
1nYGlqkiOwkt_JKiFonrPVT1bCGntiCFE,France.png,2018-12-19,image/png
1czmptZFxgXNTbPVJzzX7McR7GxXmKQ9D,Turkey.png,2018-12-19,image/png
1HRR1H9g6brCG_7fbBAiFz92kRxUcM4S7,New Zealand.png,2018-12-19,image/png
1m58kdzbzzb8WfVJbVW5u0ipo9rt-p5iZ,USA.png,2018-12-19,image/png
1hJ2wJaUEiMP03gD1uzrvmhJHo_HSFC4B,Greece.png,2018-12-19,image/png
1w4M3V-OrKbMDfQrEp1_tyoJV8tSx-jiS,Cameroon.png,2018-12-19,image/png
19mNguURJ2A60jfxjFMm7-fBkmK7GO4Va,Switzerland.png,2018-12-19,image/png
1Vtc3WBS1wEUHoiCP8OB_FllQnrZfbdEA,Italy.png,2018-12-19,image/png
1yigB6hfxwgVvK9JHXkJGpJ8iupQ5D2Fy,Hong Kong.png,2018-12-19,image/png
1tA_kSwFS7SE2JO7YKUcOJqTQupe5jxiO,Norway.png,2018-12-19,image/png
1ne2hKUUq_IKP4FLxebosUUz2V56jauFj,Uruguay.png,2018-12-19,image/png
1Z3zpUR7fqSkHRGNqvQIRc5I1WBXoxCvh,Belgium.png,2018-12-19,image/png
11spCRuoWLB0t-qv3ZGBo2QNVLB7BrOQW,Iceland.png,2018-12-19,image/png
1BDSg-NQo7NJ-nStu51o04QkSmvB7SyVh,Germany.png,2018-12-19,image/png
183hq0eSQl_nVOEZnGVIiWYwRIcdPSfKx,Japan.png,2018-12-19,image/png
1-a7eLl7a2j1mPchoFxlDBzlWJnV3sYhc,Malaysia.png,2018-12-19,image/png
1LvH6TzZBO2cjY9gEG9RFTK214gUtgyOb,Denmark.png,2018-12-19,image/png
1bZXVoHzmg1U4YJGM3BX6dq0SfezXbkwg,Spain.png,2018-12-19,image/png
1izWvvrGBvCWjl4LYRz2jk70LmXnWynYS,Pakistan.png,2018-12-19,image/png
1CR5oV2bl_LftIZjqYDME5MXj_hI-wYLY,Canada.png,2018-12-19,image/png
1ftDQgAYZ9m9_SvdJ2u-7dzA4guUfBL_Y,Romania.png,2018-12-19,image/png
1UlDuAIQvE8Z2vNLKQiAsINpSUTe87Ikm,Chile.png,2018-12-19,image/png
1yZFwB_Q__LLOD7zyQvUqki1W-w20vWs-,Israel.png,2018-12-19,image/png
1jo_PMXWdUtoTuRKCaOrn0gz8sq7DDXnZ,Thailand.png,2018-12-19,image/png
1xfRmF0Y8THfjkcdajg5ui8aFKov1oXSr,Netherlands.png,2018-12-19,image/png
1RLbdTXxA0J48a4MgpaZ6j1L6Sf2fTwCT,Ireland.png,2018-12-19,image/png
1W37TYmActtproqnEuXS5Zd5HbeDzYrgu,Finland.png,2018-12-19,image/png
1MrYQD59q9HLfGDrwdweMHgwkXVt7_l-3,Indonesia.png,2018-12-19,image/png
11fAf2Zj7X03b-WBGx3Rxxx8Ut2T72eMV,Austria.png,2018-12-19,image/png
1_QYc93f4jAmOmPU9lbcowkMVX6BF0yt6,Sweden.png,2018-12-19,image/png
1V-EIteK8FpNMpLHJrNWbnwmNld3HFmul,India.png,2018-12-19,image/png
1s1I3vA2rA8viXCgUxMKZQBAYZ-G8qUJm,Palestine.png,2018-12-19,image/png
1jvsHVtSJM-F038oJ9C8kI7Be_F6uxRM0,China.png,2018-12-19,image/png
1o5tiGqPASdPTjOHbjCwg3ukVGh0WbgkX,Ukraine.png,2018-12-19,image/png
1gEvxjoF2AFsEGC-9CHUqqYBoulXEktok,Poland.png,2018-12-19,image/png
1KpM_9RfFudDmsWKPb1X-B8SFWJYFxxne,Venezuela.png,2018-12-19,image/png
1v-C1GAFwwZV5uv0ZLHIFD-_1n5dNL3dW,Brazil.png,2018-12-19,image/png
1RclEEj_lp6FMgtavcCsXbe6DSy4-GZk9,IMG_0421.PNG,2018-12-19,image/png
1bGdDrfuV5KvH-dFnzrAmXFZlZ4zQYoHj,IMG_0420.PNG,2018-12-19,image/png
1-H_jIrsPqX9iUbV30Vb8uEcVWsTxLOfb,IMG_0419.PNG,2018-12-19,image/png
1jC1ZyaGkaOBv7F08gmi-5zzLgY5DMlA0,IMG_0403.PNG,2018-12-19,image/png
1PzaCBpBEXW0SSiygOlQDYXZKOcXicaPI,2012-07-06 13.37.01.png,2018-12-19,image/png
13fbfyq3MARK4yM8tk9i55A3iuQl9F3T2,2012-06-28 07.57.04.png,2018-12-19,image/png
1Liqv_frglGh5xheq_ggGTMjJ_U1BLD_R,IMG_0118.PNG,2018-12-19,image/png
1baKvGOb-8vqFAt23mLxqLcTcaONj_mgV,IMG_1286.PNG,2018-12-19,image/png
1RZ8JgJYmytZ3aW6BrL9oqUfbloFENuDe,IMG_0180.PNG,2018-12-19,image/png
15yNax2GPNkm8iz5bWdkM936Ot5uGBa38,IMG_0006.PNG,2018-12-19,image/png
1yyLom7Cf66XixAgggQKnfAS0EBUqylIy,IMG_0222.PNG,2018-12-19,image/png
1_7SamFR_Cku_9fYfcvFFLxcaTyV3M_VB,IMG_1189.PNG,2018-12-19,image/png
1I4wEn7PEyLxVL4_DlzUZTURwQXiPVH5Y,IMG_1185.PNG,2018-12-19,image/png
10T3grXa-k9-ffiFpddGCsad-9QToddly,IMG_1216.PNG,2018-12-19,image/png
1-Mxk96j89A4d3RA5b4OLMXGDz6gM0gOm,IMG_1011.PNG,2018-12-19,image/png
1Y7vhKNhy01-Qrz-yMqEZcJnE04DCSgv2,IMG_0658.PNG,2018-12-19,image/png
1gSIdlxwSXadCsSnjXIbdtRRUbZAkLhJd,IMG_1173.PNG,2018-12-19,image/png
1Agrmqpupm-u9XEK1CoGx5ocbmvhqvA6Q,IMG_1172.PNG,2018-12-19,image/png
1B405npuDnnwApLrBsxK60XO5Gd1PWdWy,IMG_1399.PNG,2018-12-19,image/png
1pVYGQu27dTUn9nBydTAfjR_XmkeRMEpF,IMG_1326.PNG,2018-12-19,image/png
1XlaPwLEE4nuz9SwN7yoPiDo7RPUT_pBq,IMG_0116.PNG,2018-12-19,image/png
10ASO-eJB5wPhnKa4rrPe5NNn63RryrW6,IMG_0109.PNG,2018-12-19,image/png
1uLuUwnHuZKSOmBnwhyYP55R2u-AoHEc9,IMG_0102.PNG,2018-12-19,image/png
1TftbeAs2rB0Cs3AbQdRvIn_L8rMSJC-4,IMG_0099.PNG,2018-12-19,image/png
1AOiUw0Fj7S92dibLUaj6h2LGydglPd76,IMG_0090.PNG,2018-12-19,image/png
1HbnnajAzLhkgWlvMSSHPaW1u3Cpt4mhX,IMG_0080.PNG,2018-12-19,image/png
1FLrSP_WyAM-7aoQQUJ_5RaswYhSSpOUI,IMG_0091.PNG,2018-12-19,image/png
1Or5GxlddxCCgseo8nuuTkxeVKoFs50Zh,IMG_0079.PNG,2018-12-19,image/png
1QDx4mHezCCk6_L3xMTyyxJijIQdBeqKe,IMG_1018.PNG,2018-12-19,image/png
1i8b8-hJT-LRgAPBFIc2XbfUYK-OAs6_r,IMG_0997.PNG,2018-12-19,image/png
1onVo08nZsJt99GXurhwSfzp7lP7m7tWb,IMG_0996.PNG,2018-12-19,image/png
1VkuswV9rgaC-STceaMUWvOqtqRtik-oy,IMG_1795.PNG,2018-12-19,image/png
1MUZTlGZaF9QEFCkyb8qVTAMpSyVg-klB,IMG_1751.PNG,2018-12-19,image/png
18Ham76JM23QPLOf4Ji6wBgeCTU0EZuZA,IMG_2038.PNG,2018-12-19,image/png
1GAddoX6tf76ZhAy_1teEXgzi2IibMtB4,IMG_1717.PNG,2018-12-19,image/png
1JUOr9JGpKlZ0j5-kaUMrZmsiGgQKQtbd,IMG_1644.PNG,2018-12-19,image/png
1JciutSAVhbTNrMmDOxfx6lwdJK442ggA,IMG_1743.PNG,2018-12-19,image/png
1yhJ_XgLhd6tmZ4eFHNsVC0Y7OfTM23KG,IMG_1738.PNG,2018-12-19,image/png
1mukbvOmkufsUYiT1XBWYRVslyuE8w52C,IMG_1638.PNG,2018-12-19,image/png
1jBm5ymE8m2kqljeFnLK914ZmgzTzKdb8,IMG_1852.PNG,2018-12-19,image/png
1FWIjRXQD5A6_LHrtrUVJZ_1Qsago5nlP,IMG_1708.PNG,2018-12-19,image/png
1Ds4XGfFpaRw-OG49jUJUVpmnY56slZ7G,IMG_1752.PNG,2018-12-19,image/png
1w5pnOHYKZikbxzPI3yWqZHZxSWnP_g9Z,IMG_1742.PNG,2018-12-19,image/png
1mp6aXEHKXpC-W8e4DdTmYpObH9eiKNPh,IMG_1487.PNG,2018-12-19,image/png
1WkOpiNjbASarucDyZ8zMolyiHzfD4zP6,IMG_1716.PNG,2018-12-19,image/png
104FzJLpozlEBELIOn01oAZGt2K6aMQW8,IMG_1724.PNG,2018-12-19,image/png
11TpzRCbB354vSiaTWMEtb-rovcmoH0mq,IMG_1755.PNG,2018-12-19,image/png
1mwMyyRyR7ppOlgXp4qRKRcWcdVSi6ujq,IMG_1706.PNG,2018-12-19,image/png
1dq5biEU6XswUhZq4wM8gm1hj6U3T6i-b,IMG_1856.PNG,2018-12-19,image/png
1FEza7gvY_JEpgI8bhlu9ss5eav5AiVXS,IMG_1745.PNG,2018-12-19,image/png
1IlAOLa3ZWN8HpCr_CThd3aiBY45HtUII,IMG_1490.PNG,2018-12-19,image/png
1oHkpOYtBxn_-kQGKVgVIXjzaqkOC2NWZ,IMG_1859.PNG,2018-12-19,image/png
1zfMCmVeqTHasPs3f73pMAdDBtqYP9fkb,IMG_1854.PNG,2018-12-19,image/png
1sQmFM_EpIQbocGsOu2wzh_DvYX4tcaaJ,IMG_1525.PNG,2018-12-19,image/png
1z-3CFMS7o8qybjBnR2EKAZEwWeuCXLcy,IMG_1643.PNG,2018-12-19,image/png
1UyDoy9hagfmDF6LhASEv3lGUjU-bWA2Z,IMG_1749.PNG,2018-12-19,image/png
1DNcAVRsSLGoOlaRT1NE-Um0IcRLQvIyh,IMG_1739.PNG,2018-12-19,image/png
1J-R1ki0NWWunwYK0zMw1-cS-GJC6xtsm,IMG_1846.PNG,2018-12-19,image/png
1QBgF1JCeE-zcxAlXGzGfOr12x36Jac-0,IMG_1750.PNG,2018-12-19,image/png
17JMTzU37LREnkCKi0oUUmBa9P-FPItwf,IMG_1636.PNG,2018-12-19,image/png
1sFqkA4_QQGfZW646YwOso2pdSW3xYa69,IMG_2028.PNG,2018-12-19,image/png
1v5_qBwOMsDz2fWXdWoMQsyPU9hjYstPm,IMG_1765.PNG,2018-12-19,image/png
1-Stg6kc8U1jLI2VuMlDjYQwp5HJ_BA8A,IMG_1855.PNG,2018-12-19,image/png
1QQ-WtrstlBHDY1fWa7L1MicrFVUd7OlX,IMG_1786.PNG,2018-12-19,image/png
1O2dBGqWRVEOyNzPcT8oyUfPr-sCkuJW0,IMG_1524.PNG,2018-12-19,image/png
17YP07sXDD1ZYv5MGqGPAvSI6d-0a3dXC,IMG_1731.PNG,2018-12-19,image/png
1aBd2CgkbzX8vUXk2uvQl7iF1gA4z6WrX,IMG_1726.PNG,2018-12-19,image/png
1UqzYCwZtjXDGXpfKB7MdrvRtJ3Am_Ezh,IMG_1730.PNG,2018-12-19,image/png
1mz0KB6bIn5FYL6HsKbsVCSsoTTxeQpHR,IMG_1764.PNG,2018-12-19,image/png
1Atfuv1IkHqQCsJBcgpZOPjFZSUuuOPcF,IMG_1635.PNG,2018-12-19,image/png
1yBu5FmNh_fwQSf7mWn50qb3_H20FwlcL,IMG_1858.PNG,2018-12-19,image/png
1Y_Dijn3GAXlqF9IrsAO4tX4NMbtCuk5L,IMG_1744.PNG,2018-12-19,image/png
1PaAfkeq2c9ebFIWRsYSETX1B8Mf86wnw,IMG_1741.PNG,2018-12-19,image/png
1VnjNrrs8woKQLzDffuz5D4kxSrSM5L7L,IMG_1728.PNG,2018-12-19,image/png
1KQtXj02p4A55RJEfkSRqawne0Q6UV7Zt,IMG_1725.PNG,2018-12-19,image/png
1XJSFNkS7xuuHuRY8z5mGPjp8rUSl3Pff,IMG_1723.PNG,2018-12-19,image/png
1DJUn7dMnO35dFOB0WuxdRMHOH4-Oy2r_,IMG_1761.PNG,2018-12-19,image/png
1fF19IqTOe6HD9YrBUa-BnYO4Vi_4tru7,IMG_1857.PNG,2018-12-19,image/png
1QI2PA-R4P8teKCm4qgr5BtfJyhCTqS4u,IMG_1746.PNG,2018-12-19,image/png
1hHAFj0MK3WlM732v0kkHokk-0H3p0duw,IMG_1727.PNG,2018-12-19,image/png
1auFcSNWOone6gXG3Rqr-Eb3ZyyQeLSly,IMG_1753.PNG,2018-12-19,image/png
1lB3SKq404zE1ZPg0h43cFRydgT84Y_ia,IMG_1851.PNG,2018-12-19,image/png
1YK2zvchgVC2eOAz1NUkT9uFhPT0VykWb,IMG_1808.PNG,2018-12-19,image/png
1Qa0Nh4wlx16Rhx9QF1kEb3toiZX7jDF_,IMG_2462.PNG,2018-12-19,image/png
19I-vr9dv_b_Ssu0vjYjp9hKlYmhyiXIk,IMG_2461.PNG,2018-12-19,image/png
1aByAxO83KPvDiRFbPIIw-LXaP39M85b5,IMG_1754.PNG,2018-12-19,image/png
1b2WaUoBKDCcChJTqjXqgvCsLPYHJOkea,IMG_1740.PNG,2018-12-19,image/png
1ZMnJlH19L8jmwGBMDg6qDWsy-oHimAdH,IMG_1488.PNG,2018-12-19,image/png
19W7QtjAZpPYzq4D38gmHYwVIc7dHfQip,IMG_2465.PNG,2018-12-19,image/png
1nBYZjGk9nGZtjJfKIZcMMxWXIi8ljQM7,IMG_2464.PNG,2018-12-19,image/png
168P-TqARtGXeMTMxNG_OgIsZVSh4_rZg,IMG_2460.PNG,2018-12-19,image/png
1jZONVNi9I9APDiuZYAhcmYXZngvFc82J,IMG_2459.PNG,2018-12-19,image/png
1vztLUzJ-wA4fhd4jpJRorgFVkbeN3Y5b,IMG_2458.PNG,2018-12-19,image/png
1F-CioUhWWVT4NeVbFEONszXkn082fBL-,IMG_2457.PNG,2018-12-19,image/png
1fpy_SNuuu6UbLkOp4XyzLFIJyGjsJS1H,IMG_2456.PNG,2018-12-19,image/png
1m8dcBjlb-UbR9klTCa1TEcEo9CY3TRlN,IMG_2446.PNG,2018-12-19,image/png
189dKjCNXQY4-_lQLTXPKziQG-uJTSgI5,IMG_2445.PNG,2018-12-19,image/png
1GIjvFDhIdzQpYNO3TlAkQXYgMSVBQKU8,IMG_2443.PNG,2018-12-19,image/png
1JgjpjX2vkhHgnRp5F0WwPboqtou0JeCL,IMG_2444.PNG,2018-12-19,image/png
1Qldr5Rm6FCeEGycOLEqb3PtYZTG9pDy3,IMG_2225.PNG,2018-12-19,image/png
1i59NyGziCngtOf6IF6BuRaqHlnfjoYUU,IMG_2347.PNG,2018-12-19,image/png
1aGkOoslDLg9S4E6DOUmF3I9Ay9ynqQIU,IMG_2343.PNG,2018-12-19,image/png
1PY2BqkyVLkWmeb5hNT5-5fhCL7OmmElW,IMG_2341.PNG,2018-12-19,image/png
1Hjp5KbThEOGcSasYElq6t5_kw8eysujP,IMG_2322.PNG,2018-12-19,image/png
1Hui9ZQ4RI2CGjGv-k_luF7ehmw3Aeuv-,IMG_2267.PNG,2018-12-19,image/png
1OubMihPgUumuWWTXhLBte4yEOImTHy_4,IMG_2255.PNG,2018-12-19,image/png
1hbDvQsayaE36AR4dyEi-9Q6z1U0zm7we,IMG_2188.PNG,2018-12-19,image/png
1eFlcKarvA6AeZi9Ifz_tnPIDqCDGL25j,IMG_2223.PNG,2018-12-19,image/png
1-kfai8d6kZJjKK71askfFXu--tFaq9tC,IMG_2070.PNG,2018-12-19,image/png
1rrqJHPWLQSPjGDO9HSiI1pWC3vgrtoYx,IMG_2199.PNG,2018-12-19,image/png
11rDOV4EIKG0yKoeq9pYC-PH23fJfn03y,IMG_2072.PNG,2018-12-19,image/png
1j0T0cdFDDgSM8kaZ0BfXk6-3DcxHc3Qe,IMG_2419.PNG,2018-12-19,image/png
1mPOZLFQEh4RxKLEmYCVMBSaSnpxy86d4,IMG_2282.PNG,2018-12-19,image/png
1LzczmVjRjinr29Y68HVVsZ7kUG-7dNQA,IMG_2201.PNG,2018-12-19,image/png
1JjG7H94zypJWGzzr1tCi3C5K4Gwfbk6_,IMG_2385.PNG,2018-12-19,image/png
1le_eXXRtlFy8T5GrEqcCkDKwbMX00rmo,IMG_2281 (1).PNG,2018-12-19,image/png
1V51NXrPqqid9OvpkPpsKrTVkxD4bEpdm,IMG_2281.PNG,2018-12-19,image/png
1zDqlaWRf3PV0J7FKsA2cRCK-p1sjs7Xt,IMG_2190.PNG,2018-12-19,image/png
1o3tdj5Ii7B6GGBzI2sh6IY3vGPeTCagf,IMG_2186.PNG,2018-12-19,image/png
1rcjy6ROeMgqkbvdOFxYF2tVhyG4Gmsy6,IMG_2182.PNG,2018-12-19,image/png
1YT0Z_A7dCRBJaMwvC43Ito-KiG4vovhV,IMG_2125.PNG,2018-12-19,image/png
1G_tbr9ve13BYw9xZIplcMPsLEzvXvYhP,IMG_2418.PNG,2018-12-19,image/png
1KX2AeF4trmp3K9ZGwfDM_UIjESsYdAht,IMG_2417.PNG,2018-12-19,image/png
1lBkWsoPgkJM4dxE_xeyjfjCW9LFtt-1M,IMG_2389.PNG,2018-12-19,image/png
1zRPilxk-5MwtNiA4dm53hNr8PSZRJmiI,IMG_2388.PNG,2018-12-19,image/png
1GLUuTP_sO4f019ZUTlSCb4_bKw_OLu4S,IMG_2275.PNG,2018-12-19,image/png
1rAOjjwK63YHbwMnH9zcaRFK4UISoAzX8,IMG_2185.PNG,2018-12-19,image/png
1mVJ83CGANdlVRrUJelVQsfTLpJylNJxY,IMG_2184.PNG,2018-12-19,image/png
1UmTtf9lVqRSWmM4TGjCK8r7PB61PLYet,IMG_2075.PNG,2018-12-19,image/png
1-ZyIQGwo91bnWhO3O2u3qaho6fKZJB0g,IMG_2393.PNG,2018-12-19,image/png
1z0hHxrtt2yusyrkmECFSP36gX4KI82hB,IMG_2421.PNG,2018-12-19,image/png
137OKCe8gwpvLN8xudf-V6AB1PkgM4_B0,IMG_2213.PNG,2018-12-19,image/png
11BWgFzmnvIJsZ-nCzk4DQvzbCIEjM_E9,IMG_2411.PNG,2018-12-19,image/png
1Y-9fuZhqxhHW7S69RT0odtew9LEO_fp7,IMG_2195.PNG,2018-12-19,image/png
1bT_vlBWjjZLKrMWWrptaj4zw7L7LykFH,IMG_2060.PNG,2018-12-19,image/png
1uAD3Ss4zF0KiquCXrQw6Hu2-G0IWvONN,IMG_2394.PNG,2018-12-19,image/png
1GpvwVTWiVdithf7PkMiCeNOpF648f-Ei,IMG_2212.PNG,2018-12-19,image/png
12xDba3cf4QL75cdImpKQw3H7y52EbwqP,IMG_2208.PNG,2018-12-19,image/png
1vRUArqwkcQbSkqGxPpt-V32sV5cToG7K,IMG_2167.PNG,2018-12-19,image/png
1cQQX4AXnbB1SwtjaMTdkhN6frdRGtKLl,IMG_2071.PNG,2018-12-19,image/png
12f76Ex6S4D2fCYaBL91bNt8DHrI01vNH,IMG_2273.PNG,2018-12-19,image/png
1cjRMm4natUHJDNcsCRTlWhsgPmD425h-,IMG_2344.PNG,2018-12-19,image/png
12mhLK-m5_ZhH0T0q4IbcG_8rVZmZIlQ7,IMG_2360.PNG,2018-12-19,image/png
1lYmz-zp0B2YmisKWLtqyMJ4m3FYFRRc_,IMG_2426.PNG,2018-12-19,image/png
1uDR-fEQrJ1cCKcKZuqHdnqITuR9JxwiF,IMG_2351.PNG,2018-12-19,image/png
1Zg-01TUmA-UxECTLoOswJrdBvcRbsQCI,IMG_2340.PNG,2018-12-19,image/png
1IYTZlxTUcodwGUBTBywz6tJ8oWZfcSmK,IMG_2257.PNG,2018-12-19,image/png
1z2v61reU43PTGe14PbaqYWFjW06zvGrV,IMG_2183.PNG,2018-12-19,image/png
1c_BOpjo-yDjUdsWcwk9JTGvVHlwXsKDm,IMG_2402.PNG,2018-12-19,image/png
1rVrxhrYHpxlPEthzSYJPTjxYsilnFKP6,IMG_2336.PNG,2018-12-19,image/png
1IEM7aPqqPit7TqPJs1WKGjK3KKe11m0T,IMG_2328.PNG,2018-12-19,image/png
111ubo1Vrze2UG7KkEmEvu5_RB22gCeeW,IMG_2196.PNG,2018-12-19,image/png
1OlYGzNfBVxAiyUkgzun_ejHHanVmYWQs,IMG_2166.PNG,2018-12-19,image/png
17BWUZiBSJwO4_xOM4blCwpgV6-fvM0K_,IMG_2155.PNG,2018-12-19,image/png
1VR5tfklTQpRKxUMps5C-aZTNmFS8__tO,IMG_2073.PNG,2018-12-19,image/png
18Mvs-CRSi29kIC4yzkWzsL5onvDvRiz5,IMG_2400.PNG,2018-12-19,image/png
1pbtNZ7BPHmT3ICjtfP24-e0x5QxsEGJO,IMG_2387.PNG,2018-12-19,image/png
1b50uQX9toGT7_cSQ5tz4R88x5V8sqcwW,IMG_2202.PNG,2018-12-19,image/png
1RqhAWcr0tqX76jjhZ-EMQWmOlwC0-PgI,IMG_2337.PNG,2018-12-19,image/png
1kftOoGbkgf-zz1oQRvvstN5uXgj_E9bL,IMG_2269.PNG,2018-12-19,image/png
18NAM8QhOhwbuevRzZp_o8PjhpQohAGHh,IMG_2230.PNG,2018-12-19,image/png
1ViHihwdx0B8_R18uxp8K3-zhwBG3xh3Q,IMG_2391.PNG,2018-12-19,image/png
1ti0bZa6VRap96C97Nyp-SDPZlPVrngna,IMG_2194.PNG,2018-12-19,image/png
1gnWP-B-5dP2QPhLwSw3w0jzsEZZPN2wi,IMG_2427.PNG,2018-12-19,image/png
1hcNoiB80SsQCDHwpAYArV3WzCmo_BYUe,IMG_2329.PNG,2018-12-19,image/png
1N0gmz2ZdApdyhNUPxKPR9sVDhxQY_i3C,IMG_2324.PNG,2018-12-19,image/png
1cmlZTClfsV7ay99Gqh53P0W_LIR7HCRu,IMG_2280.PNG,2018-12-19,image/png
1__ZXIOUFiR_lOlS9hls7l1ohB-0NgRav,IMG_2265.PNG,2018-12-19,image/png
1cnisJLUDhvhXQx8BtSCuk27eU66Y1OYI,IMG_2261.PNG,2018-12-19,image/png
1hUC6BELUgew5Ux1sELuMNkYrJp7nqcik,IMG_2211.PNG,2018-12-19,image/png
1sWM3IxW0y7VlsfYM2NInoX4JOYZsv6hR,IMG_2422.PNG,2018-12-19,image/png
1hUW6bmf3lvxcFI8lLEG0QQkAylFZFG4f,IMG_2413.PNG,2018-12-19,image/png
1Gc2igChrGqlQgFWndLrY95KoiVIgnIdU,IMG_2399.PNG,2018-12-19,image/png
1BtnSXgctq5bIb5nyS31U4ilxfSKYLmOG,IMG_2266.PNG,2018-12-19,image/png
15ZciqHDyNy-HhFcVHtprtFR3ep13cFX5,IMG_2232.PNG,2018-12-19,image/png
1aUkVxrObvj1LNe5sO_94UX_h4udjWkyD,IMG_2224.PNG,2018-12-19,image/png
1m7EkY1FSGRF_ZDX4r8KQ-8xM4TpHzNES,IMG_2397.PNG,2018-12-19,image/png
1O8JTGU-pNGQVaB97JEvTC7XDlwkRtHJr,IMG_2058.PNG,2018-12-19,image/png
1L59vIKkJM48hR-uYzc48XtXlyHuiPAdf,IMG_2416.PNG,2018-12-19,image/png
1PIggSn59lg3Q-nJ3uBihSdV0sqA2jrMa,IMG_2345.PNG,2018-12-19,image/png
1wJOGnELBKhdDaiov0nwx6PRo8c2pD_2B,IMG_2229.PNG,2018-12-19,image/png
1adnBlImy0v1NewXsqEQ1rvnk3axGTCuM,IMG_2383.PNG,2018-12-19,image/png
1k6KjcRv14dPbOsHg8ixQBofE_VsDUJyt,IMG_2423.PNG,2018-12-19,image/png
1_rh-W9Q1ZkfajSlFEycOE0ft1FrRP9js,IMG_0010.PNG,2018-12-19,image/png
1maL2q_XAYwa7CfCjKvUdsklb8zfBQJdL,IMG_2323.PNG,2018-12-19,image/png
1fJDrLH3WM2zDB_iQDTFQdmmDVcdLr0OU,IMG_2270.PNG,2018-12-19,image/png
1mpR6ngfjvje4wQDjZSpxC0DYxEcgTizL,IMG_2272.PNG,2018-12-19,image/png
1ySTx6p7edR_mPjb3OkNzPX1NuftHlPWi,IMG_0009.PNG,2018-12-19,image/png
1F7_8QITdunfmxNQnM8Goe_V8koWRMpcS,IMG_2412.PNG,2018-12-19,image/png
1B5aGDM0yOBU74LGGVpxY_aFW3j6S-etW,IMG_2408.PNG,2018-12-19,image/png
1oWl14RtvepY_GrusCwvJ274OoXDx3HRW,IMG_2386.PNG,2018-12-19,image/png
1zoAEN2y_tanIpG8uVzS6ukCeQhj-w1NK,IMG_2410.PNG,2018-12-19,image/png
1o00Ui8Sy-PXLwyR_50dI5nG50Dt2I1vC,IMG_2259.PNG,2018-12-19,image/png
1WlFYCuvJ5npk_BJRVh1nhhtp4C2g4CXJ,IMG_2228.PNG,2018-12-19,image/png
1lg4e4z_xv2C3lHsr1FqlR4ayGjgE--Xw,IMG_2197.PNG,2018-12-19,image/png
1oWVL2p21NsRJlKxsGnCBkYMqJQbFvTjw,IMG_2178.PNG,2018-12-19,image/png
1T4GMZmzNBTg2DdsaGrO0mSfaS9fc-7pL,IMG_2059.PNG,2018-12-19,image/png
1TMQhe13pDzsOAdbt0yv_mtq4mK4fBQDP,IMG_2067.PNG,2018-12-19,image/png
1CcxIrq0bDad1qDmCAPSR-IshZs8B43sj,IMG_2187.PNG,2018-12-19,image/png
11rph2KpulNO9hBXGCdHyhzBwy3BieFaz,IMG_2783.PNG,2018-12-19,image/png
1Ho0dDF-aBOGV8AW_GovhCGKg9OD02x8K,IMG_2994.PNG,2018-12-19,image/png
1OBVyXRo3i31qiuDtaXw9j-siHgeTRBvx,IMG_3174.PNG,2018-12-19,image/png
1hGhe4NjLN2CcwW9WOt4JGFuCk60SJ3Iv,IMG_1951.PNG,2018-12-19,image/png
1lIB5MMW0jsPZFPixyzHblTDU0goBk2Sc,IMG_2995.PNG,2018-12-19,image/png
1lXyEbMkmjaBrwA6gSU478k8zE7qncIcp,IMG_2058.PNG,2018-12-19,image/png
1HHEiZ70JCBwIIYnP9rt-ZqQh1GnxW9az,IMG_3066.PNG,2018-12-19,image/png
1TFz24ytMqxgPL7uFk7ITe-oUb3ngYclF,IMG_1952.PNG,2018-12-19,image/png
1TDVbTUtn_5pcuEDv5bjuDX0MLt6sevhF,IMG_2390.PNG,2018-12-19,image/png
1GKhGpWQqJwYNeJc4pIm1sE4epvOP-UZD,IMG_2398.PNG,2018-12-19,image/png
1Ec2LO6TZt2Te6U4UFlN6YsYEgbgUxbFQ,IMG_2348.PNG,2018-12-19,image/png
1g72RwVoWLEceERWjOHyKnrVslD5OYbs-,IMG_2268.PNG,2018-12-19,image/png
1_xxkYA-Jk62yPPblujDMWo_NUYgr5c2P,IMG_2222.PNG,2018-12-19,image/png
185-34LT1fGUrkUjRzrF7PTwsGnIt-ovZ,IMG_2327.PNG,2018-12-19,image/png
1wK7fJtP0UtMIjZyyIIFhHYMgFdPwwFzw,IMG_2260.PNG,2018-12-19,image/png
1oEKNBGj6niICJUEQQKEcAevIifrxYXzR,IMG_2215.PNG,2018-12-19,image/png
1npMF2R3GgCUY2DG0SQasRcMPC2bHyU-J,IMG_2074.PNG,2018-12-19,image/png
1Mp2Z5mgw0Mrh8n4uIqOBTEwG2GJI2JNo,IMG_2395.PNG,2018-12-19,image/png
1wlZ_mU4ooqEA1tt_E8LpahsILSidUdPP,IMG_2396.PNG,2018-12-19,image/png
1k1_4ZeY72-cLGt7zrALU_PaM51JggWGX,IMG_2384.PNG,2018-12-19,image/png
1rCAntqqeciRPofzZKknFTgxjdqCBmlke,IMG_2349.PNG,2018-12-19,image/png
19DD6DYdpiRD22fnNicMMcQ-eSG0PybRV,IMG_2335.PNG,2018-12-19,image/png
1oieiTgMiSrJNPlb5nqQh3pswNiKzFT3c,IMG_2331.PNG,2018-12-19,image/png
16w7SuyDKV7FmX8NMYUn_tA0mHENxmdWX,IMG_2325.PNG,2018-12-19,image/png
1dO6Z2LJTwdEHJZFK7lEbdFhaX6Pj4GY1,IMG_2191.PNG,2018-12-19,image/png
1TTviTBbemIvIo2w1229eOI2S4RNs6ToK,IMG_2424.PNG,2018-12-19,image/png
1CYlAZmW0wnFzSo-dqaIfFlxY5bvqMdp4,IMG_2392.PNG,2018-12-19,image/png
1sXd_a2TG1zIwVLTkNYZ7XBk_qxAteMKF,IMG_2256.PNG,2018-12-19,image/png
12tWjAMycuzY6s4pTG12PFMpsJZ79Aaxm,IMG_2069.PNG,2018-12-19,image/png
12AQbW0EuYtLiDrhTbOwrZf-C2eRSI_bn,IMG_2068.PNG,2018-12-19,image/png
1PeWhUadxxj1ktNfn5vHWaJy4XnYpfMR7,IMG_2198.PNG,2018-12-19,image/png
1zr1bNnX3czw8oh6Xv_IFXacoKinKRbZ4,IMG_2420.PNG,2018-12-19,image/png
1map4B3ILfkIziYjA3ftDaHV3CUA4X6qX,IMG_2540.PNG,2018-12-19,image/png
1BK5-cgfIFGl85qzJTJ7XVoQrOvZvuk_G,IMG_2539.PNG,2018-12-19,image/png
1kSqjS2X9-6-7fzJYkl9ox3nbpGbsZFg_,IMG_2538.PNG,2018-12-19,image/png
1IhR_SEmfsNmUDS-9k47Y33r2wN7qeYg4,IMG_2537.PNG,2018-12-19,image/png
1aGLXXB92O-Ki2dat-oGbeCOebnztMXGt,IMG_2536.PNG,2018-12-19,image/png
19JBsM4hVtQz-M2Jc-uZghda7bldQ6Kb9,IMG_2535.PNG,2018-12-19,image/png
118WkVL-xcGtMWM09sqp4-v25tGjq-d9a,IMG_2534.PNG,2018-12-19,image/png
1M0JCPvOGj2HpivcLjF7IUH6Wvb1WyoXs,IMG_2533.PNG,2018-12-19,image/png
1CfSo-TJzs_KFAHLkilTr1ssn16dlkRCg,IMG_2507.PNG,2018-12-19,image/png
1zBxnmsBpgOo2yUzNRp0WtLNvCngiNNhX,IMG_2523.PNG,2018-12-19,image/png
1CI7aleL6ANslMR5Sa7qlgMLGJxMnRUNM,IMG_2520.PNG,2018-12-19,image/png
1joOl4NB8Y61xvIyCUMD6YznddBpqyXZt,IMG_2508.PNG,2018-12-19,image/png
1yDuTbMacE2AvV-TcrG3ueHFxXI6pO3qk,IMG_2519.PNG,2018-12-19,image/png
11FLEde3cHakW7pzpsydNzKbIQVLfjIkO,IMG_2525.PNG,2018-12-19,image/png
1PloYY-ApA2G-H_3Y1PzwY8JguqSW7AtT,IMG_2521.PNG,2018-12-19,image/png
1jQZtxSGOi7RVBcbpcLFOjNDwgNWpK1DX,IMG_2511.PNG,2018-12-19,image/png
1PLgkDRI56Rb3e6NAS89PxPHRPGhy02BJ,IMG_2510.PNG,2018-12-19,image/png
1w0rUBdFgqg-OgvJba7a0E4LRbNjwwplN,IMG_2518.PNG,2018-12-19,image/png
1hS0f3bCIFC1Y3tgB4j_qkf07q5s4Ksc-,IMG_2517.PNG,2018-12-19,image/png
1eojB3w5TGFnXKsgz_6XRVyfn86u422Zh,IMG_2506.PNG,2018-12-19,image/png
1mDo-3kHnG8yIu2WKWFTYiKTNN2k8oDPT,IMG_2522.PNG,2018-12-19,image/png
1gKGyV-4aDFiMDXVoqYV982Kqh908-oc8,IMG_2524.PNG,2018-12-19,image/png
1LZkBjOalPQ4PuZOe_OuJMOFXIPW6GIaG,IMG_2466.PNG,2018-12-19,image/png
1gVKU1Y2tAh1M6XNvLMYRpquG3cVwGpiI,IMG_2516.PNG,2018-12-19,image/png
1cTTvi3GW46jSuXpNtfxh8JCHh-bDfy4s,IMG_2509.PNG,2018-12-19,image/png
1_7e-9Wa8VgVbu8Ulki8_FORcq3QFZnKC,IMG_2551.PNG,2018-12-19,image/png
1jOHs2n7Qaj-QTFbTmQDKvTUgwoP3dK7V,IMG_2550.PNG,2018-12-19,image/png
1_w-qXb8SpYqVGDygDdqAHu-IXiwRgs0g,IMG_2549.PNG,2018-12-19,image/png
1shK1pcS8P7mIls8B9Ypj555uQmPOOfKl,IMG_2548.PNG,2018-12-19,image/png
1q8NmJ-JO92WRmjypObQgSH4byQQcynY3,IMG_2546.PNG,2018-12-19,image/png
1sfDewsdbNxvRzLuOifGQQFa8g8STJLzI,IMG_2545.PNG,2018-12-19,image/png
1UvceT_A1krZpwb-APj9cg5Gs_LG0lYvF,IMG_2544.PNG,2018-12-19,image/png
1nhbyCmmwt5AeEDsypPiWqbACuT0J-tqu,IMG_2547.PNG,2018-12-19,image/png
1BBCHA2Zd4BfcWk5-sI1_ImD9U8HoKR5l,IMG_2559.PNG,2018-12-19,image/png
10S86ZTbEcl2g95e5oAbKTFiNDo5G-K4w,IMG_2558.PNG,2018-12-19,image/png
1RbnU9wi0_gV8Ft8GcOUyqy7DyPT9D-vF,IMG_2557.PNG,2018-12-19,image/png
1_mP8DZoqZjWc3U3PxuzoC-304TUes4O2,IMG_2556.PNG,2018-12-19,image/png
1XZVxuc4IB9pDWbgAGrRAjSeKv9uB1SpN,IMG_2555.PNG,2018-12-19,image/png
15Z0RUzP7nUuwui31kC91RM6uObIU1H5I,IMG_2554.PNG,2018-12-19,image/png
1IPEbUAmb_dcpMOjmqDaAe63Jfs1QPrF3,IMG_2543.PNG,2018-12-19,image/png
19pcwqal6O_8kHrtr4LvFg4d9gcneCPo1,IMG_2542.PNG,2018-12-19,image/png
17Z5EoMEBvYnY2ApTtr4ppRQqx7wPgCQx,IMG_2541.PNG,2018-12-19,image/png
1xscPqNj6w51bfuFFvEAnOp6XUZOg_UjE,IMG_1044.PNG,2018-12-19,image/png
1nQWQQ7s57TevLZT6UHf2qAy4CqScRLaB,IMG_1049.PNG,2018-12-19,image/png
1s9z-qw8umDeZANoXgKZO6WR2msZLwN4F,IMG_1046.PNG,2018-12-19,image/png
18HrEEPaE2Y78BPzyTZ4ImJ28bu6rSpCb,IMG_1045.PNG,2018-12-19,image/png
1aQXCGfJT-CaG7IE5jA2F8JC1bJQyVCDH,IMG_1027.PNG,2018-12-19,image/png
1yZwFLaWBVFl-CJub2ECfNFpYajPRaI_z,IMG_1033.PNG,2018-12-19,image/png
1RzzNG6iU5Vma05MiBiJBId7GcF006N9X,IMG_1043.PNG,2018-12-19,image/png
1gjOdMaGLRdq_nCq1GMu-AU8E9wjiw45q,IMG_1022.PNG,2018-12-19,image/png
1sSwY83yijXcZFCX-BkPW7mE1JOTVfl8N,IMG_1037.PNG,2018-12-19,image/png
1XgFpkSI7-A_07KcS1UcFPd4JG87xQEoL,IMG_2907.PNG,2018-12-19,image/png
1eZSzygLPxw4xgbCZqfqU0IVJMqUjhacj,IMG_0474.PNG,2018-12-19,image/png
1aOlOgbADHgUr2ghfXT_QIdYTuWTysX-x,IMG_0987.PNG,2018-12-19,image/png
1OFIZcoAUW1dTKpPB6rMuI7dn2lU8q0AM,IMG_0060.PNG,2018-12-19,image/png
12RzVCxFY5sZ06tFBxHEMItOMjBt373hT,IMG_0678.PNG,2018-12-19,image/png
1hCunvto_P-vvJEIH1ZJ0m3fRx3DCfm-g,IMG_1023.PNG,2018-12-19,image/png
1OEkhzSyj6KLVjnehJYMoQaJ-xMofNAOd,IMG_0990.PNG,2018-12-19,image/png
1nmgnqPf0csjfbhk3_kQVZRS3sd_7Yq_e,IMG_0064.PNG,2018-12-19,image/png
1V4hKD0uJCnQdbDeTx0BvB1LRuvolu5Eu,IMG_0476.PNG,2018-12-19,image/png
1XkOmYqT2LdTIzYkC1iGCYn9KOvv5tr5n,IMG_1039.PNG,2018-12-19,image/png
1lAHKUHrADfkO-6hd3DqUYPgLRT--fL-e,IMG_6673.PNG,2018-12-08,image/png
1H9H52twNBosmT_737IRZGMRpcCRzIw_1,IMG_6631.PNG,2018-11-29,image/png
1QZRWX1GUwmbfa2tHxLq0-RiXxWcsbAAw,slide0012_image078.png,2018-11-27,image/png
1JO6vokorUNmSFoJtkeXAskpLpoTIRvon,slide0023_image099.png,2018-11-27,image/png
1RxI_YpDoonAoTLttk24I-EaXKRTHFwMT,slide0014_image089.png,2018-11-27,image/png
11Qf14519t9xv8jXvzBrfNxYLmqx3590z,master04_image001.png,2018-11-27,image/png
1WGlJ3nzWKtPgHe8VfeU4FVgYKJskoAx6,slide0018_image059.png,2018-11-27,image/png
1xPFAbJjONLI6wFJiqvWCU0MrraJKViUi,slide0021_image076.png,2018-11-27,image/png
1Rd-uMszlzsROg7lWB2AMZ6xPQWq445Ig,slide0016_image045.png,2018-11-27,image/png
1oMwlE6KD52BJ0fi8LaY_EE0LNvadX1qP,slide0034_image093.png,2018-11-27,image/png
1s9SUdKFTIbwbbzPk_yzChzEDYUq20tzn,master04_image004.png,2018-11-27,image/png
1q0EruSORpV3I2KGfbW-9u8SaFqRc4CRZ,slide0015_image039.png,2018-11-27,image/png
1FTOiL9PsDEi-k-IJCUktREXkm0-HT4HA,slide0018_image053.png,2018-11-27,image/png
1Ewa7-eIThD52uDqBdeANrnAsglAQ3a8_,slide0039_image109.png,2018-11-27,image/png
1iwVhQ2-PWTQszV1kIpAR9Up60aDwwvNk,slide0039_image115.png,2018-11-27,image/png
1wtseFGYxkUuhgU-Kc2jT4U-Kc2F345ka,slide0011_image029.png,2018-11-27,image/png
17530gfNbYH4RvHjwejkpyefMlgCwI53V,slide0039_image117.png,2018-11-27,image/png
1hXxNrG_iZpdYXU-5_DWo3WCNyedY30h5,slide0015_image041.png,2018-11-27,image/png
1kne5NQWDR4Cw8nv6BrWlW3vk_EakakY1,slide0041_image123.png,2018-11-27,image/png
1fDt9IzSsmpoAQ3LsHdbM8W3hUB0YlbFn,slide0039_image105.png,2018-11-27,image/png
1XT0-sElLArouG3EjWGlCAOvZ52wFXsqU,slide0024_image086.png,2018-11-27,image/png
1IfGh832zjPo6ntdgxFHouZTkEPJLEd3H,slide0038_image097.png,2018-11-27,image/png
1BpbqKZ6t3Nx4Tgy5xqArWyGpeWZ80dA4,slide0039_image113.png,2018-11-27,image/png
11w-fOzl593HHCPwDkMvLyt_0UVfLz8CQ,slide0046_image132.png,2018-11-27,image/png
1cUdpsnKoIpb1NSRZtAPT4wBXY5rX6pF0,slide0010_image024.png,2018-11-27,image/png
1tzqWC4r-3Ix88oVxqEMtY9MtvUS23P9-,slide0014_image035.png,2018-11-27,image/png
1lYHJifBPVilz3WxKsIVb5Ccw5Tu83G2J,slide0039_image111.png,2018-11-27,image/png
11Qm5Diak1rwxJikBeN0MgZc_-cL1Q1P_,slide0014_image037.png,2018-11-27,image/png
1pxbRJjseIOK6QTa8EmjUlRwtsqfrGlmc,slide0021_image074.png,2018-11-27,image/png
1OvwqjAHKRmfAuWdBsJnLlFrhutPYhlgG,slide0009_image016.png,2018-11-27,image/png
12FwlsE1yK3ZZUeo3bSIjPk71uQluVc1k,master04_image003.png,2018-11-27,image/png
1jOeKmM1IsP2_D_2Zkk851pj8HvU5axC0,slide0009_image020.png,2018-11-27,image/png
13YqVzG6Xh-jZQXz2SCKkVjRNvmpqSPP7,slide0024_image084.png,2018-11-27,image/png
1Xj-jPIK9i-MID2dyoYEBKGWspx4qVLIe,slide0038_image101.png,2018-11-27,image/png
1w0uGtwXUFS80GgO2l6aybSqYWvaMU-0p,master04_image002.png,2018-11-27,image/png
1pJdJNkCMTDqZkCDbB60u2CXooTXW07rt,slide0009_image022.png,2018-11-27,image/png
10TtL3UXEJekZU2MImoFlsvYkIJ4R3hGv,slide0013_image033.png,2018-11-27,image/png
1Ph4GO5tZNufKeTnu2VOlsyfJ02MskMRm,slide0017_image049.png,2018-11-27,image/png
1aLKhLDmZFBAHq9aRYAzUitRpgs011DJc,slide0012_image031.png,2018-11-27,image/png
1OYu0pv0CDg7oQbJbQOo2xUsO6CBJpcAk,slide0016_image043.png,2018-11-27,image/png
1x-Kp4ATti7jJBBkKtye9cQZQrTroch5k,slide0024_image082.png,2018-11-27,image/png
1yqhDFCc6YVCIJU1u_CshIkAhH-YygPHg,master05_image005.png,2018-11-27,image/png
1IAgmwBRLnzDAaVuJ89YVPoRipL69tojO,slide0039_image103.png,2018-11-27,image/png
1GTJcihVb4J56NCb0yor9QOf5kzmrlkP3,slide0009_image018.png,2018-11-27,image/png
1FUENnCKV-O2UzC-d2zAvE2xUOVQ8eubh,slide0016_image047.png,2018-11-27,image/png
1kaK5weDZv5NU9r9mNWidQqpudv-EUll3,slide0018_image055.png,2018-11-27,image/png
1_1ffz-fLY8iHbm_fFaEsCKXGzE5jV-Bn,slide0034_image091.png,2018-11-27,image/png
1PJslg2OfD4h2bidyRKLqotjIp27Zm4_M,slide0018_image057.png,2018-11-27,image/png
1jeJ9bQ1zHXXKf47c6LIdcc_YBJ8ostXS,slide0010_image026.png,2018-11-27,image/png
1hvuVoeh_bjriR4cGGzD8WCO0-6PGJ6kZ,slide0034_image095.png,2018-11-27,image/png
1QGH1igIYRgGUEjuGvuAKJR0vboGSsLPq,slide0038_image099.png,2018-11-27,image/png
1CTkg0AVnKF3mB5GYkjP0ezB3Mu-5RoWx,slide0006_image022.png,2018-11-27,image/png
1cYe0A97bal9qNUqOltWV9MuZyQpFcuQB,slide0016_image016.png,2018-11-27,image/png
1h6VBdrPt8GhbuBcFvySKmbbUoY4jqqVc,slide0039_image107.png,2018-11-27,image/png
10xJv47Mk64bay5q096qYCX0ZfPESIKP4,slide0016_image012.png,2018-11-27,image/png
1GL47n9vxmaz3BUJ6dyirBPhVWbJm5-MS,slide0011_image032.png,2018-11-27,image/png
1lJvu2_tC4FsGWA2ls2CJblKRzYBC1o6Z,slide0007_image028.png,2018-11-27,image/png
12uyfHCcK-waS1esTC0WPtr6rMOmuzITT,slide0016_image014.png,2018-11-27,image/png
1GJzgrWk17z0pKOWFvc8ZGQHY0MuzuwY4,slide0009_image034.png,2018-11-27,image/png
1S9XXgiV-vGKwqEEwoaLLTFAre8wuh60i,slide0010_image038.png,2018-11-27,image/png
1Q1sHYkOyWKKrWNNCY34R1-B-KomJn--P,slide0014_image020.png,2018-11-27,image/png
1C6f7zDv4AxqjD2OtD0MKLNcdOUywhivb,slide0016_image018.png,2018-11-27,image/png
1wUw68G65pONScxOy7zskQ8YqeFcM58BP,slide0013_image083.png,2018-11-27,image/png
1mrLVA1QsYRyl1Oy4_NSu8x6iHDmp0Hhi,slide0015_image093.png,2018-11-27,image/png
1qp0PH78syU-o3CpoEk66DngZ5g-bGVDQ,slide0011_image072.png,2018-11-27,image/png
1D4sRJxl6YAFkaql9d3ehFi9RcSiTct0u,slide0011_image076.png,2018-11-27,image/png
1kr4ZK86PlI_sp-yq0-Z-Qrgt7bsRKPyn,slide0011_image074.png,2018-11-27,image/png
16EkRw-si_btLtIFIuPy_qIwcoWAz_RRe,slide0018_image107.png,2018-11-27,image/png
1wvk_Nnx4Jd_lFwNNOeQ8zWRZMmEfJfGo,slide0019_image112.png,2018-11-27,image/png
1u8kpLrO6e7pFcTjNP36rpZO8YR0lQbfZ,slide0008_image057.png,2018-11-27,image/png
1BtHP9SyAYVTsxOtx_kEKeWTQ9_Y5bYG1,slide0010_image064.png,2018-11-27,image/png
1wn1Z17C0pybP5D6l80tVW8lBfdCoLzrx,slide0009_image062.png,2018-11-27,image/png
1U6x_Z8EyJSkaUw2vSxqcWWRzv-GdgZmN,slide0023_image097.png,2018-11-27,image/png
1ftC4OUdwFf7GXk4c97nsptcxtA6_zYaZ,slide0008_image055.png,2018-11-27,image/png
1uko4bPUznLPV3DNjJotENA7NMx9pHl08,slide0015_image095.png,2018-11-27,image/png
1kuHBIAkz-ndQuDCmYjJYsPRgb92eggNV,slide0012_image080.png,2018-11-27,image/png
1TKH8t1of8BqM6rcXFhOpCGUJj0QOvEyX,slide0014_image091.png,2018-11-27,image/png
1IlZtLLXvikhxEn9RTi5x7395LcPcf3Wj,slide0017_image103.png,2018-11-27,image/png
19Q_qNq_sMKLu0p8aB2yBVkQ2FZAIWB8K,slide0013_image085.png,2018-11-27,image/png
1iGHZLYC7immG7A6__dwZ89FxJ4lAH4AK,slide0019_image110.png,2018-11-27,image/png
1PIKWjoe-e2vHbMguVxsMhLv1tVP4d7F5,slide0009_image059.png,2018-11-27,image/png
1aoi6yO3vpY5XlbfaGpP9WvF0xuTN1G7s,slide0017_image105.png,2018-11-27,image/png
1K7UHA06Xu_giOTwawWWIa_kt8IYKLWsg,IMG_6630.PNG,2018-11-27,image/png
1uORwogMp8HDDbjnUnh6AUrVr45AVg8Ld,IMG_0241.PNG,2018-11-22,image/png
1yZs2pYR9KuP_VP8tXxsP6ddk6gqgnUTp,IMG_0085.PNG,2018-11-22,image/png
1N2cwxqXa2bXir8jezpaZhSvTCgZ20fqn,IMG_0279.PNG,2018-11-22,image/png
1LsUOTp3bGDIif875359KS5ym5kRAzdhs,IMG_0242.PNG,2018-11-22,image/png
1-eM_2uFUQcusbwDIbDUxg4CnkQcmEBKo,IMG_0656.PNG,2018-11-22,image/png
1x40iWwtvU11Gx96OYF6d6c_Z47zsEP0S,IMG_0313.JPG,2018-11-22,image/png
1yrfHgS0mAdLLSRROgZ_cE0zdphLC2pIk,IMG_0615.PNG,2018-11-22,image/png
10gf1DBW35zuv4NEyQONsPbVPk-3of6Ch,IMG_0240.PNG,2018-11-22,image/png
1CebTJnqBbPryqSJ4dsRkPRXcpD8bxZHf,Singapore.png,2018-11-22,image/png
10_Gs39n3Lhf9INfzl1kdED-m8RhoMvuS,Palestine.png,2018-11-22,image/png
12y-MGqmtFVg1nQD44tw_2XYEouXG67HT,Hungary.png,2018-11-22,image/png
12rgZIVF67lsJMOBNuhEnXgINpjAhgRmZ,Portugal.png,2018-11-22,image/png
1yRPMzapHuZqKYR3VpR12q7vcel19tBGp,South Korea.png,2018-11-22,image/png
1v3k-sm_uQF9x7_3S3_lAL50m2u69ioV5,Australia.png,2018-11-22,image/png
1Mdi9ERQ6t-rcc5ajNgolLzwg1U2cHJuJ,Russia.png,2018-11-22,image/png
186kldcm5r8XtIk3nSKGiHwpqEL6--JkR,France.png,2018-11-22,image/png
1R46g3s18kcInFN5nwelNZ_PtKrZ1lLEH,South Africa.png,2018-11-22,image/png
1fg0OzLBJ7BC1wvdS0itaq_FyqgWgFbXH,New Zealand.png,2018-11-22,image/png
1NuDCT13umwaUDmNSH_6npymDjzQZBB8k,Puerto Rico.png,2018-11-22,image/png
1HeAvATjHUbNcC5cKfyS99wGEBwuYoCcV,Ireland.png,2018-11-22,image/png
18n_oTo0cpqM4d7VaMYx90VDEqSawX5L6,Malaysia.png,2018-11-22,image/png
1FdNaa56C0xUtZ28My_NgZPAws-s4yh6f,Israel.png,2018-11-22,image/png
16IGRxJjcRnnuCstCwFbHGbFQt2yi_D69,Chile.png,2018-11-22,image/png
1stCGZLdhR7kQci4kJpSM3da7lGrmjMSs,Hong Kong.png,2018-11-22,image/png
1RBwHJbPzALbKXmb1xz4SSuZeiWpaSEd8,Mexico.png,2018-11-22,image/png
1hFHVfgB3xM7Od4r0bIN83Tu7eD--4f3i,Argentina.png,2018-11-22,image/png
11H02TStHiBYRObOv9s7ys5IT_LSzRCkR,Uruguay.png,2018-11-22,image/png
1I7AlOlsf8s8HjQdSDwOoOeBkSw_wZjT3,Indonesia.png,2018-11-22,image/png
1nUy3QDoMoUl-ePMbpkHqS12hrY5gjwmp,Peru.png,2018-11-22,image/png
1B0LTIYEYEw_5atDK7QLECv5qdgbZ02v6,USA.png,2018-11-22,image/png
1UjkqTBgZt9VWlj5Ph0YEHZTEXgkDHkPr,Cameroon.png,2018-11-22,image/png
1Q8OXJsyJPdz91Q3OVit5uVnGvgpyND1g,Turkey.png,2018-11-22,image/png
1e1tkY8aGcG9orr5ZVvfjO4dUd9tpC2SQ,UK.png,2018-11-22,image/png
1fNLx0n2ubAryNLrwhPgYvsOWjRGY2quX,Germany.png,2018-11-22,image/png
1wkj6B36VJ8UNr7Rgr-27W5qHs0tc7uba,Switzerland.png,2018-11-22,image/png
1goTVqMzoMadg2JqNCFmB2VEzChs8XZBq,Italy.png,2018-11-22,image/png
1EPaWF4EGka20yde2H3DxfkJIXnrfjehR,Greece.png,2018-11-22,image/png
10dVGBT-xnPK43rkXID2nvOv6QA-uN47b,Iceland.png,2018-11-22,image/png
1lscYDil04dpmn-9FHaATkyMTKlA2Dcky,Saudi Arabia.png,2018-11-22,image/png
10fu9KHgRsSkvA0FLwCFicNjggwyBLmyA,Norway.png,2018-11-22,image/png
1vmyWjkVpO8VKtU6gHZHvr1Mnk16rsShz,Finland.png,2018-11-22,image/png
1nNcYrhOrJdgfcgKdO-8jF5K0OkN5UR91,Poland.png,2018-11-22,image/png
1XU958ArzQkran6iF18rw3sFTQaIJvHNZ,Ukraine.png,2018-11-22,image/png
1bU72iTDR0Ccpb22cuVYdpWj7MOTj7-7A,Romania.png,2018-11-22,image/png
1sQc2g0HR69ZeyzjhTw7HTggOsbBRvXRx,Belgium.png,2018-11-22,image/png
1a8_BUx4Itg2N2QEJPraztQJ_8NpRHLHr,Thailand.png,2018-11-22,image/png
13H4WjJd7WF5X3-mC9m3VzRrhAHMEpGBJ,Japan.png,2018-11-22,image/png
1J8uhnlgzy4nJ7bnSV5Db_q7-8I9azkwJ,Denmark.png,2018-11-22,image/png
1g7fLd17papMR8QpjZjO25zuRa_VrHwnI,Canada.png,2018-11-22,image/png
1cVHq7zHSUOGy_tGmpuCRb9eEHDbZLpOU,Spain.png,2018-11-22,image/png
1iTjVQ-VLZvP0uv8whsbkbICAUn_4PZBo,Netherlands.png,2018-11-22,image/png
1warLxwlgzjOodgC_3XR4kbnkZoKr7g1T,Austria.png,2018-11-22,image/png
13EmMZBDZ7AR-Hx6FfmjIr_j0u4K92nw4,India.png,2018-11-22,image/png
1Hgmtzf-AP1skl6fT6zbrOd1be3dXs-4a,Sweden.png,2018-11-22,image/png
1bj9Cxl9kp-rdtH2_qXDemPbIRHKmISJa,Venezuela.png,2018-11-22,image/png
1cDwYo1T2cGJiaH8Dz4Bt5pfu46veM1sA,Pakistan.png,2018-11-22,image/png
120uCi_lf9LeWaDoexSQYSTKolubbQKXw,Brazil.png,2018-11-22,image/png
1dHlkG0NQJ7KGnOi8gdZNpgOzhM-_2fGY,China.png,2018-11-22,image/png
1znm1Mtp6pXR0AmH7Mb7qUFO0euu5Y6Zk,IMG_0421.PNG,2018-11-22,image/png
1UnbtelUHmMxFE_wdKaba3Rnqi72e_ujp,IMG_0420.PNG,2018-11-22,image/png
1GxpU3NQ1M_p7rIkb_uaUQKIa4YxWcMK1,IMG_0419.PNG,2018-11-22,image/png
1lOtBVfU46pvoNQ0Appz2QRuuk1dBNcD7,IMG_0403.PNG,2018-11-22,image/png
1fj-s_IDLOjUygR5dKuh-ajfaxkVSAxfw,2012-06-28 07.57.04.png,2018-11-22,image/png
1Yey-ZcvvOoQ0NTNpu63D-vYs3xOSeuCc,2012-07-06 13.37.01.png,2018-11-22,image/png
1QGO82UK8xz_a-4yjjemuzw1j0NKwVtHJ,IMG_0118.PNG,2018-11-22,image/png
16fgYZUwTQ-1Tp5dSz97na6n2aScYF0SN,IMG_1286.PNG,2018-11-22,image/png
1KaVmoa8a5cxys2mdLeS3zi5Kvtm0Yr7R,IMG_0222.PNG,2018-11-22,image/png
1mVBZCWGaedMAhjc72ANgEqkiahU5blVx,IMG_0180.PNG,2018-11-22,image/png
1Z3qyVGMsGZmNpjJ5StAWmEuGonnxMNIK,IMG_0006.PNG,2018-11-22,image/png
1VXyx6PzAzi_0F-O_X7C-MNkgc_cgY-WW,IMG_1189.PNG,2018-11-22,image/png
1m3gB0s0HDc4w7PoiBYjNkqbeuDPbtUEt,IMG_1185.PNG,2018-11-22,image/png
1t7x2fSKszJk_oCAQeuVC3jFHX41Rb6K3,IMG_1216.PNG,2018-11-22,image/png
1czLBsdg233h6nT0iGZErg909E1fdiCp7,IMG_1011.PNG,2018-11-22,image/png
1bExCtYrMfN0Cl_lD-qUrjvA8UqM9QqOl,IMG_0658.PNG,2018-11-22,image/png
1jPilEJ9NAu6gUzHzO3s0FYuU1sjPoxAH,IMG_1173.PNG,2018-11-22,image/png
19H3nO7gCYcOHbn84ziQjoBJ6453T5mls,IMG_1172.PNG,2018-11-22,image/png
1iBdAXpDhMeCa7HcBIfmcDHnl3t5lPdQt,IMG_1399.PNG,2018-11-22,image/png
1cTRUPZw5GIGU1x-gsNQKJZ5iASu_tpgn,IMG_1326.PNG,2018-11-22,image/png
1zlfA5zyp7QT3uKLYJvhkfzJ9mwoHJwH-,IMG_0109.PNG,2018-11-22,image/png
139p5AW5URkhpUkX0CuaMAFDrnfhVFSZV,IMG_0102.PNG,2018-11-22,image/png
1UgLuTY4CmEYEsL2lM9z3q4dph3f1ih4j,IMG_0116.PNG,2018-11-22,image/png
1VClbVLF6DTm1MBhP-mae8b4y1EqwdfO2,IMG_0099.PNG,2018-11-22,image/png
1EdbnLdgttiu5kyX3J6UHh0fFSHhXsciV,IMG_0080.PNG,2018-11-22,image/png
1o-E2NrAVMLIJ30X1c1h5aJY73PGEtBYm,IMG_0079.PNG,2018-11-22,image/png
14FltbNCiqIIxvAv_OmecsB13WUyEUF_F,IMG_0090.PNG,2018-11-22,image/png
1a760tW6t88Xq1_HHhJC956UoZUbZg6ok,IMG_0091.PNG,2018-11-22,image/png
1012fN-8l9LjA4THpPNDqBt5Bu4ead6pw,IMG_0997.PNG,2018-11-22,image/png
1YFqZU0k5vpDuZHfBNw6H99_yohB9CCuI,IMG_0996.PNG,2018-11-22,image/png
1_tdy1LqTVqRHvKolzhn0raUSneu04ISh,IMG_1018.PNG,2018-11-22,image/png
1kn_c1yfePNEkRl0BUJvwh1oKSjWSysAP,IMG_1795.PNG,2018-11-22,image/png
17W92Bp7ke_L70UEYaWzS2CWLnzRTGQng,IMG_1751.PNG,2018-11-22,image/png
1auZfPUox6jmviDPmPyWQj5CIZAvZlXQz,IMG_2038.PNG,2018-11-22,image/png
1MqFSXVmaFdfXg3Erqdw9AqP6iJXpE6ie,IMG_1717.PNG,2018-11-22,image/png
1blhBM7Z72ffzXhxqXzc_zfyTklNxyw27,IMG_1644.PNG,2018-11-22,image/png
1UNnqveRVPeV_UyKjZT--xCgPwHBmezwT,IMG_1743.PNG,2018-11-22,image/png
1YHBC_f8p90fcmcUTjotH2NZS-6PeJrBe,IMG_1738.PNG,2018-11-22,image/png
1BcT5vjeocMbWNkxIvx8IHc5-G8uDjNYo,IMG_1786.PNG,2018-11-22,image/png
1pPzjdVHXgNmlAVRiKCD6eUylUVYe_05r,IMG_1638.PNG,2018-11-22,image/png
1GC5_BF7h8vrimT4SbrkP8M4wgnDE675E,IMG_1852.PNG,2018-11-22,image/png
1yeWseg6pPtfaRIaPSCd6yNMwAXxWXtm7,IMG_1708.PNG,2018-11-22,image/png
1tjp6oCMrY3c63yrPK4mc1Kyr8Y7gTABu,IMG_1752.PNG,2018-11-22,image/png
1isB2HlatHDzgSpKs5XPrGAYunis1LUsu,IMG_1742.PNG,2018-11-22,image/png
1L5KA3f9o-eROFL1hMlFeTnlQeMJ8eLq-,IMG_1716.PNG,2018-11-22,image/png
105DSr_pd5ES1W6gQRZ_4F1OVy9pt6Qmw,IMG_1636.PNG,2018-11-22,image/png
1iWJj9koOEb69MyUpWzAtEO-Q9jEBG9g2,IMG_1724.PNG,2018-11-22,image/png
143C6Zgmu-cYG2414bodMln7Qycj5876o,IMG_1856.PNG,2018-11-22,image/png
1FX6yIqNfec_2mIENA497F5XjWFfo7g32,IMG_1755.PNG,2018-11-22,image/png
15DV9WKvhxYHSLOQDbw4BBrWv1jSy6ctk,IMG_1745.PNG,2018-11-22,image/png
1L_dMwvNOkYBSUtoTqY2H7hI8Noy4iUqX,IMG_1490.PNG,2018-11-22,image/png
19q4DsnNbQ6JpEW8rw8c9RwcsFQ5Ua04K,IMG_1859.PNG,2018-11-22,image/png
133d7SC_Ayp4qMLFSmj6edVcGO0L200m2,IMG_1854.PNG,2018-11-22,image/png
1QVWZbejORETMJRY4SA1WSqeQ968z70GB,IMG_1525.PNG,2018-11-22,image/png
15Kg8LIl5HpKU9o6oD6u35VG1rfDiy3EY,IMG_1740.PNG,2018-11-22,image/png
1dOGfsJkX2lVf5HI95NRslZVvQpUfJbcy,IMG_1643.PNG,2018-11-22,image/png
1Ru1aTpjcSntoIj0l3w7XCkc2uNPGBG9w,IMG_1749.PNG,2018-11-22,image/png
1RX2KGS__fuD7HMv0nckyiRbKMNMU96Mr,IMG_1739.PNG,2018-11-22,image/png
1VNSPAJXTBba7l-VwjHtYxwTS0c_wCM6N,IMG_1761.PNG,2018-11-22,image/png
1bdTn07Agum4xisnJrl-ARcjw_Am6v27P,IMG_1846.PNG,2018-11-22,image/png
1gUnJ6o7SA1F0QGq1PwXCpTI1JpnFpQJC,IMG_1750.PNG,2018-11-22,image/png
1DFGG2cobW5QioabWqmZPVSLtuf_pcuwI,IMG_2028.PNG,2018-11-22,image/png
19JPqsP91puIpuQ62MpxQQafc33Uloz2p,IMG_1765.PNG,2018-11-22,image/png
1RATHimNR-VBwXPGf9G6g3XhyyRLEnyMd,IMG_1855.PNG,2018-11-22,image/png
1-ok5c6NUXtaVhU6x9zsYvjIfIxH--_Dl,IMG_1524.PNG,2018-11-22,image/png
1RWou7qmFD89QXBC7hkbWKMIexkzT1Lj8,IMG_1726.PNG,2018-11-22,image/png
1LCHB0ZCtFQX-opHfRMpwWOdw4Seddx-u,IMG_1730.PNG,2018-11-22,image/png
17noRJmjmlYsAM0On4dKBHEXcGmJjz4pJ,IMG_1764.PNG,2018-11-22,image/png
1BwL8K_LmWveg98ah2Y9QSrLdIWZrCP5X,IMG_1635.PNG,2018-11-22,image/png
1nn2ATjEOOgRSkTNCMbylpjla6c6qLmqB,IMG_1744.PNG,2018-11-22,image/png
1OyITghze06_j-jIUqvW18oEb1qm5V2Ki,IMG_1858.PNG,2018-11-22,image/png
1ygH3qf9bNonw5Fx3BjUrMfKNnU6QzWPF,IMG_1741.PNG,2018-11-22,image/png
1zxHQ8KHSNW5H8EgTX1ObzJkGXWYHbl8d,IMG_1728.PNG,2018-11-22,image/png
1TYOEnxwU2AXWCi03g4OnMJynFd9eKto3,IMG_1725.PNG,2018-11-22,image/png
1v4l41X5X0THHAZJJFvj-6XwkprAlMv1w,IMG_1723.PNG,2018-11-22,image/png
1cZWixhhnONBNvNM7gM8BcLD53WA2lNze,IMG_1706.PNG,2018-11-22,image/png
1QVvHbFHgwxKMc2_UBZyMuyQU2sAnlYiJ,IMG_1857.PNG,2018-11-22,image/png
1JJZJ7dwY9gMUDJjJSPzJ_K55zcFu-bW2,IMG_1727.PNG,2018-11-22,image/png
1Ya8YwbRhAir0zynbjMiALrqXGjwTuF7J,IMG_1753.PNG,2018-11-22,image/png
1Ns7UXR_jTs1FCCB8i1BbcizQJLkcrpVB,IMG_1746.PNG,2018-11-22,image/png
1DL9BJfE309DDWkMb3_0DzByvbK2jW83i,IMG_1808.PNG,2018-11-22,image/png
1sJkQ4H4ClCvamoNQsNkQVcOsDP7KNP5Y,IMG_1487.PNG,2018-11-22,image/png
1Jm6GO--NlEYuF35l-Gz7wgoyEOu61rDC,IMG_1851.PNG,2018-11-22,image/png
1K67Cic5C6nZgeNLNzeXkGiTTxm2WH0Xi,IMG_1754.PNG,2018-11-22,image/png
1aAwoaBVBmKh7o-ZzILzaNcZ1ZTaGD9xq,IMG_1731.PNG,2018-11-22,image/png
13S2S58wKZKcwMpnEOVLQ2R0qCOvuK2Sg,IMG_1488.PNG,2018-11-22,image/png
1pw4aH7jg_lAqcYlEKwqQPc6UV1yf2Mil,IMG_2462.PNG,2018-11-21,image/png
1wKO2hr1_IIOIH-vPsUgd83OGbDs_Ss6R,IMG_2461.PNG,2018-11-21,image/png
1Ze8CaqcQmdRrs0L-_dXtdKwc2M5_q4wA,IMG_2464.PNG,2018-11-21,image/png
1yLbPg8QCc4hGi4Gwz5t9jEnB869BltKI,IMG_2460.PNG,2018-11-21,image/png
1Up8fnvCWtm6cDbp6ZOroMImC0hpB9wth,IMG_2457.PNG,2018-11-21,image/png
1ebnDFbcrE_R9dNlClaJ4yraH8N68o3Is,IMG_2459.PNG,2018-11-21,image/png
1H5jiXeJIxTOBitQZ_0mu6VjnJGmoPNDv,IMG_2456.PNG,2018-11-21,image/png
1ie-Ae_bTt3BpBO3S3nMgxWo7HfnwnU3_,IMG_2458.PNG,2018-11-21,image/png
1lSrty08UXd3uQvfOfn718JW5mAjQxMtT,IMG_2465.PNG,2018-11-21,image/png
13zUVPm1eIWY1XvSuhvoexPK2D2clA-BK,IMG_2443.PNG,2018-11-21,image/png
1Fr1nk-vPBJCz5C8KR4aJgos4lEtolkVs,IMG_2446.PNG,2018-11-21,image/png
1RfANoXEGZzrwNTZJWZ9vvnRFITW0pOZQ,IMG_2445.PNG,2018-11-21,image/png
10jeLhyy-iWTdBWtZFW2eXEUpjkecy1Rw,IMG_2444.PNG,2018-11-21,image/png
1kwlLUWY3AQCFNOYftfruBNuPivUbHc-z,IMG_2225.PNG,2018-11-21,image/png
1H6BCCyG931Ju6xsxO7tYMvfPrQUYRUPT,IMG_2343.PNG,2018-11-21,image/png
15Z3SjBTLHwx84jrKjgU3g6Fsjd5eWTnp,IMG_2255.PNG,2018-11-21,image/png
1lkCxGxbrIopXA4fKTAXBdq2mHIvhxuQE,IMG_1731.PNG,2018-11-21,image/png
13iwz9WMxdnoyaObGJuNWSTImhqk2KSbo,IMG_1740.PNG,2018-11-21,image/png
1KlF-5h0Dggklstp6gveW6t6Mc0X8ollH,IMG_2322.PNG,2018-11-21,image/png
1qMGarf4GoTXugUVE2jniqNREN7vRDhj-,IMG_2223.PNG,2018-11-21,image/png
1LoO2GxN3sVaue6kTCzch-wBXQEOQsjwa,IMG_2347.PNG,2018-11-21,image/png
13htg20BQgee5DqG4ZqHBhxnGPlONlEhS,IMG_1490.PNG,2018-11-21,image/png
1RfqajPkPEFtltkVhfYJ_0-ljMItgNIgl,IMG_2188.PNG,2018-11-21,image/png
1G7JwzB6qjtYBDZ8L0eNmwNZnKdHiRoPg,IMG_2070.PNG,2018-11-21,image/png
1O3ETezWWkaVu9g7JPr-x3JuR97eF4DtC,IMG_1738.PNG,2018-11-21,image/png
151MRProko8imrV3Rd7KokbZa8mwAq4aC,IMG_1742.PNG,2018-11-21,image/png
1MRTVmhumg7JqOGHoH-agCmTpSWaTSQa2,IMG_2341.PNG,2018-11-21,image/png
1LDxopF6ZJGfDRKUDq8EAoYbPYC_J1dM5,IMG_2267.PNG,2018-11-21,image/png
1w-wD-eyCkuBUBLteSMKXxP0zT_p6zrhr,IMG_1808.PNG,2018-11-21,image/png
1pXKm4-yrrUILxzoirw6ZX23IzRVtw4hc,IMG_2419.PNG,2018-11-21,image/png
1yY2v53ZGJP6SUVttlJGhHWZo2ZsmeK-y,IMG_2201.PNG,2018-11-21,image/png
1YVoQ18xjYJh-xjYvPXwf7LWFWUxorvCj,IMG_2282.PNG,2018-11-21,image/png
1DPi8zopYmOsjF-kFBF3wXju8pgxBcANQ,IMG_1746.PNG,2018-11-21,image/png
1BLc84_dq600HaoyRDDWGSpy1ySYjQbM6,IMG_1524.PNG,2018-11-21,image/png
1Wu9JTiRVoU6OjEOOe5Up92zQ-Xyr04vG,IMG_2190.PNG,2018-11-21,image/png
1G9Pq0kVgHOdwcn4tKJ3pkvMMAdu7ZAi8,IMG_2182.PNG,2018-11-21,image/png
1dhNrI-jtMaPUTRtsA5pNiPyCWlGPN5dr,IMG_0009.PNG,2018-11-21,image/png
18bWDR4Bb8vTHYVsu5WsSAeGmN04a0dIr,IMG_2385.PNG,2018-11-21,image/png
14k3lEwX2XB5xqVeiFG1Vh9gYYyWYqZX1,IMG_2393.PNG,2018-11-21,image/png
1ixU73dMTNT4fAGpFOUQI0A6o78qsOl0y,IMG_2075.PNG,2018-11-21,image/png
1R-XAPeMATJtwnawgDfqFi9hyF5CTidVA,IMG_2125.PNG,2018-11-21,image/png
10xq_UFKeMxfJJymEBFHyQ1tsJKCJohJS,IMG_2418.PNG,2018-11-21,image/png
1GV-8wDTrinbsLChnkxDKwbcro3wub0yA,IMG_2185.PNG,2018-11-21,image/png
1NFSu5bKsGO7sOufGeYOry6ceHEgSmM2l,IMG_2184.PNG,2018-11-21,image/png
1bgchsEEqfkNxIM5kJOMSARkj6uoqdbbK,IMG_2389.PNG,2018-11-21,image/png
16QHoFIHk8dZZKLW9C17Iwem1e4WLXDXo,IMG_2388.PNG,2018-11-21,image/png
1JVh7jQIhVDy23m0pG6WjOiOucwl_vvKI,IMG_2402.PNG,2018-11-21,image/png
1b1YF39u7GqqKue2OicnqvD4CKaBK_hLm,IMG_2328.PNG,2018-11-21,image/png
1ikhrK5DVM5IlvLabpyh6QI2CO7ioWyKC,IMG_2195.PNG,2018-11-21,image/png
1cBzSLJmXZvp-8JZ5mmOdRgqnCzx7vKkq,IMG_2060.PNG,2018-11-21,image/png
1MJfQVLfwPI8DJ07N5XdxukYQAU94nEky,IMG_2275.PNG,2018-11-21,image/png
1aNUYTuqipu9kv1ByvGtg1lUx1UetrZyR,IMG_2417.PNG,2018-11-21,image/png
1tscqZFdKUj1afVsxIasB1UykkscmY3Es,IMG_2213.PNG,2018-11-21,image/png
1ODyLX22Uiuw4Oy8-ZSm6w16GAjvB8rXY,IMG_1741.PNG,2018-11-21,image/png
1cSAad6PYpJlcbZl0RvmXc0wWlK-Hc7rh,IMG_2421.PNG,2018-11-21,image/png
1JOWmStRh3GzOQQzaIYnd2NgMpyxHw23R,IMG_2400.PNG,2018-11-21,image/png
1anNcfw5HrqwEBI95Q4GER1r8q8lpXoxE,IMG_2411.PNG,2018-11-21,image/png
1hsxJFywrojA3QQFWcRoQ-SqI4-H--l20,IMG_1635.PNG,2018-11-21,image/png
1-cgl4RP2Wfgcq8v5B5_CVsYH1V-7m11-,IMG_2386.PNG,2018-11-21,image/png
1Iw8MZESvpVv3cDLbS4DLTXzDlNCRmwSW,IMG_2408.PNG,2018-11-21,image/png
1d91SsYM3eJO4qrdUMzd_N4Jm1O6e6D_m,IMG_2071.PNG,2018-11-21,image/png
1BofmbtsW6aFbivff7lmrk5jYUU3H99jV,IMG_2212.PNG,2018-11-21,image/png
1kd4fHpuPS6vxIbwqS8SUITpiyIEzxrCK,IMG_2208.PNG,2018-11-21,image/png
16O_3zJP8wrO2BPNj1Fi32oRXIgFIbXna,IMG_2394.PNG,2018-11-21,image/png
1LNr5q05bIfMd9zL5ov3nTCbp4PZAm9oc,IMG_2167.PNG,2018-11-21,image/png
1czjurFOxInXqGUAqUr9iCDBKYD0CYbiM,IMG_2344.PNG,2018-11-21,image/png
1ISOdDbM6cDRBKnqZ1WwALCAJ_PR-RRNY,IMG_2360.PNG,2018-11-21,image/png
1VflGQtKngUnm3968T1HA3sDb5Y9NlOjv,IMG_2426.PNG,2018-11-21,image/png
1HIunAhKlcSPilYQt__2gEj8jG7wCE0ca,IMG_2073.PNG,2018-11-21,image/png
1aEW4qj9gAFu4Zuw9W7iqsLMU7lKmf1CK,IMG_1754.PNG,2018-11-21,image/png
1_vOMI0fonBcm0JT9tKcZSDiaHeZL1sB1,IMG_1753.PNG,2018-11-21,image/png
158fc03Z_DXCF3aa0E7E4swqfLrmU8jPQ,IMG_2166.PNG,2018-11-21,image/png
1WDPqFI0WF58mbjz3U8Byo4-yVUpGL6K5,IMG_2351.PNG,2018-11-21,image/png
1nS5PLrA7jMgAbm2cl5su_6nzKQjL0ufL,IMG_2183.PNG,2018-11-21,image/png
1gjiG56wVihHf0o3zbdUUZAjt_Cq3enyf,IMG_2340.PNG,2018-11-21,image/png
1WrmGb4PC6I9WZ7ZKPWYyfBh7IV0NIhUH,IMG_2199.PNG,2018-11-21,image/png
1iQZjKZ0rBOAo1LcGLXLU01_iRRD6tERo,IMG_2072.PNG,2018-11-21,image/png
1IV4rL9hjK4upmzNpRLYbUswYRTIpAo5H,IMG_1755.PNG,2018-11-21,image/png
1mQckLCdlOfGna3fqTuHhCURzJkbsck7f,IMG_2336.PNG,2018-11-21,image/png
1D_5u-Ksfs_oFxDZA4eXSyx4GRfabIjn6,IMG_2155.PNG,2018-11-21,image/png
1qqTPZ_4RC1RF7XGFdGBPMY-gZZ6Xy9qG,IMG_2196.PNG,2018-11-21,image/png
10GTSv5zXJG5wvaQtE3ZJhen8tWDchbA1,IMG_2273.PNG,2018-11-21,image/png
1NbvYlHZDiHrrqGkdGQeYg3OZQO1rgSPg,IMG_1751.PNG,2018-11-21,image/png
1g9fpRO0LXEc1lMrPmZickJyRfXrhVHC7,IMG_2230.PNG,2018-11-21,image/png
1xQ1NRWEb8NxjZqrZ2vuVeE2haL3aKZ2I,IMG_2202.PNG,2018-11-21,image/png
1NoCSozatbmMuDriqaJZa8HE08vp5lVui,IMG_2269.PNG,2018-11-21,image/png
1ytKmOAmR3SDbge88ZCLd6MZi5YERnjBZ,IMG_2387.PNG,2018-11-21,image/png
1ED4FIxIBWdPclhNFw4yyXcW2W4XCGfWG,IMG_2257.PNG,2018-11-21,image/png
1_GnxCLw5qRyeJ9kd-aQp7yriScnA6UH8,IMG_2391.PNG,2018-11-21,image/png
1FZrwWoNQizZ_w8DmRSt4smwwpgTpAKbV,IMG_2194.PNG,2018-11-21,image/png
1fugsv9w-RUBjW3DvD988B3ZbPLy4_7ei,IMG_2329.PNG,2018-11-21,image/png
1ytPlrP8VaXpkaeQzqxJjg5BUr16s7zJo,IMG_2427.PNG,2018-11-21,image/png
1XbG1o1cXdnbG7etzspAsmcXr4SJjzEft,IMG_2280.PNG,2018-11-21,image/png
1uhMQApd9lm6iT8WHqKUelud2MUGPL56C,IMG_2261.PNG,2018-11-21,image/png
1iFpWc51qdCuqbhHFqGe2fSAxN6izUN1u,IMG_2324.PNG,2018-11-21,image/png
1bTx4kynTgUM-kMuCf3Htl38wFlANUS4M,IMG_2265.PNG,2018-11-21,image/png
1ydJuAjqQJ8gHVpQwclcl4YBwj_hE0Z06,IMG_2211.PNG,2018-11-21,image/png
17Pu3s2bEuCCtpc0G3xMJMrwacDeQ-yr-,IMG_1749.PNG,2018-11-21,image/png
1xAjOuSB2PbidLfl9lbyhSBdYszjD1bRX,IMG_1717.PNG,2018-11-21,image/png
1pRNDx042eRizNSTuBiICtsSzjR_F_ahh,IMG_2422.PNG,2018-11-21,image/png
1NPq5yDS150pNwhJrFkoxrgO25eqPxTfW,IMG_2266.PNG,2018-11-21,image/png
14z08xxrxHNd4zkHBjoJGIR8fynTOzaIq,IMG_2399.PNG,2018-11-21,image/png
1oc-TNDplF6lBWYAcGq02rCTJOfO6I--G,IMG_2413.PNG,2018-11-21,image/png
1s5unrxwE3Uq8rUnVzpfqMPjyblNTYxEO,IMG_1728.PNG,2018-11-21,image/png
1JVvZE6VbHCu4xzWTW_EM5X3bXJqQQb2M,IMG_1765.PNG,2018-11-21,image/png
1AjITKI_fVSlGA9Lg_PNtnAYXbUGDb3k5,IMG_1761.PNG,2018-11-21,image/png
1ly7JlVhpUM8oWhd5wl5ToL-BHgy-UZi-,IMG_2232.PNG,2018-11-21,image/png
1bJJjrVS8l3iUI9bwHvJMYF3nLlkCpN7G,IMG_2058.PNG,2018-11-21,image/png
1iTWMeIP6FP0TC5vy1-XQzCWuQWelYfr9,IMG_1745.PNG,2018-11-21,image/png
16_-VETFSqtzMrD8qPnr4bnzfdffIgK56,IMG_2397.PNG,2018-11-21,image/png
1_9noqlKCDLO15yyeOujrcB_lFRo82hGh,IMG_1744.PNG,2018-11-21,image/png
1yyBm9qZTu3xz-ScegENVkcN1Rs19shbo,IMG_2416.PNG,2018-11-21,image/png
1YupX0Z6tGQuvwlg0ZdbDhDMIKKbJJvvH,IMG_2383.PNG,2018-11-21,image/png
1ptsyLgeHrFS4Ew2-p6kmlnIn2tb1WT14,IMG_2229.PNG,2018-11-21,image/png
1nxOJWPRTuaEj69MQJVRP_RcGk_q3IsRc,IMG_2345.PNG,2018-11-21,image/png
1Pzh3AYSDQ8d3vyS4737kwvM7hPy0jo0J,IMG_2423.PNG,2018-11-21,image/png
1kYuy3KXGDfJnoVGWTGsFyI9y-bCg0nrI,IMG_1716.PNG,2018-11-21,image/png
1nhgXXAX-1sJIsrOnWwxrOIAnWV-kb3vw,IMG_0010.PNG,2018-11-21,image/png
1mv8qmnDZkZ_u-9NhbS4LrTeUxHpcJmGQ,IMG_2272.PNG,2018-11-21,image/png
1WEGi4gvo2AnpztwBp3fh-YH88o8TEtvw,IMG_1743.PNG,2018-11-21,image/png
1vRGnvlEcqEs_fB7yuBaOUGGIVpAlH8FF,IMG_2270.PNG,2018-11-21,image/png
1_lVtyvvrLjN5QOCggChm8sl0xefxwZKk,IMG_2337.PNG,2018-11-21,image/png
1icsYMDdleOXoX0gPGTYzWqsFOguP9h6_,IMG_1725.PNG,2018-11-21,image/png
1a_v5xLs_LueyPozmIsQsMxd7caozqWf4,IMG_2323.PNG,2018-11-21,image/png
1ML_7QIak0P-b9AcpW9cI8YMid2V2_EaZ,IMG_2412.PNG,2018-11-21,image/png
1rjBhHrV7RmDIGcGh0tU2NA7I_ZmWFkOs,IMG_2186.PNG,2018-11-21,image/png
15_bt9bMvVCzIPKn0QfhTemBJAuo39zRu,IMG_2281 (1).PNG,2018-11-21,image/png
1m8hJ4hc6XjidBUtxLEPSw-XSVrC4hUiZ,IMG_1644.PNG,2018-11-21,image/png
1EVq6tTvgTDv6aLy9L_wMJT_jm8INHilr,IMG_1739.PNG,2018-11-21,image/png
1bLYlT3EIVnNxU1m5XuFxZ9MLlQxrVAfz,IMG_2224.PNG,2018-11-21,image/png
1G61zlm4yaq0LEEZ6MojJfGx_Cn0s01sU,IMG_1525.PNG,2018-11-21,image/png
1XebkyiqLOwj6_uAFoQ79swwNg7N90a-P,IMG_2281.PNG,2018-11-21,image/png
11Ozcbv5UboZDF9WecGNT24cabpthOsV9,IMG_2067.PNG,2018-11-21,image/png
1J35ajldIhblQ9Nw3WMzwpjg9WOuszb9C,IMG_2228.PNG,2018-11-21,image/png
1oEKfBAyuo5hWJXwPZr_SdQhYTdx5_fjl,IMG_2259.PNG,2018-11-21,image/png
1AeaND8UgZjyQpFF6Z8hZ4WYbOdwFR_uE,IMG_2178.PNG,2018-11-21,image/png
1iZX30Hbl3xqigQmkBetIzHhRodL74Kro,IMG_1706.PNG,2018-11-21,image/png
1OjhRZTWvxp9NBBjxnVujeF9aTCwtBsEL,IMG_2059.PNG,2018-11-21,image/png
139RZ_e55bKxdiGiYAStNDSJnAIGorr4U,IMG_1764.PNG,2018-11-21,image/png
1k75FYDKF9JyjYvFD1OR4U66ShOiXEXmp,IMG_1708.PNG,2018-11-21,image/png
1dQ5rwj1eJqfP6CjwG1NLGyLc4ye8AuIp,IMG_2197.PNG,2018-11-21,image/png
1v5fcqfZh5Gpn_sETab677nsX1_iqTwTo,IMG_2410.PNG,2018-11-21,image/png
14kF3loBOOaHnbk4RfbPvRJhFybK3Y7w8,IMG_1730.PNG,2018-11-21,image/png
1_KN0SVg4KaC1D8UoEPYxZIHFxllHQ1Ea,IMG_2187.PNG,2018-11-21,image/png
1xkkOITkOM2OlayvhtTDNLa-hneakt6Vs,IMG_2783.PNG,2018-11-21,image/png
1ASu7jZdlimQzhwX0Et0HLd5LbDrUCpZY,IMG_2994.PNG,2018-11-21,image/png
1CBxSSF7BA5gdRpoIrXYD_NBmv3QzU8yN,IMG_3174.PNG,2018-11-21,image/png
1sgJlaRlxa6R2m5VK83bKMap_LMlxKfeW,IMG_1951.PNG,2018-11-21,image/png
16OiC3dunOzCtf6GQJU37Whbr6WogBY1Y,IMG_2995.PNG,2018-11-21,image/png
1BjlhEs03hs-SjeEkJ40xaPGzHx5fteQx,IMG_2058.PNG,2018-11-21,image/png
1TTXTx6c5r9u3ISs5UDTjw2hWV9iKz7wE,IMG_3066.PNG,2018-11-21,image/png
1i0PBkE9MiFum6w_vhmmjrFtuzs8xCXBK,IMG_1952.PNG,2018-11-21,image/png
1ooTKks1hxWaZCoKEeXvVduUwmcTF5Wm1,IMG_2390.PNG,2018-11-21,image/png
1B8Iwq4caimrafO1osMuepBKSAvM4SqOE,IMG_2268.PNG,2018-11-21,image/png
1MYbstfg_8S7x_lDsbCzqxkpKga4BG__M,IMG_2222.PNG,2018-11-21,image/png
1-fjnOFP3a0hT1eK9ocIHrz5dR8fsfHh6,IMG_2398.PNG,2018-11-21,image/png
1KYr5qN4d7KRXStVVhbGNAO2VbxlgIPjs,IMG_1750.PNG,2018-11-21,image/png
1jlaE71rkArWkRyzjMqIBGvZD5AWbixaY,IMG_2327.PNG,2018-11-21,image/png
1Kg70MUjyKTn9SQh2FkLDGSznA9IFm156,IMG_2215.PNG,2018-11-21,image/png
1WEF6vkWmdTG8B5VX0JQfIhFrMxFf4IAF,IMG_2348.PNG,2018-11-21,image/png
1R2mD7QRPZy_34RonXDY3fGtLo-f6pZtB,IMG_2074.PNG,2018-11-21,image/png
1HnJN1OSHkh2bTF2GJUQllocS__GUMv9r,IMG_2349.PNG,2018-11-21,image/png
1vf03lLB_-IsGwMWTWARtKdy3qDQqHaTK,IMG_2191.PNG,2018-11-21,image/png
1cq7XRRRJ9OygqR-AU3zz6r5CUMcf4oZd,IMG_2335.PNG,2018-11-21,image/png
1GL4RaiDpduvioNysRNtj1Z5xiamLXRkh,IMG_2260.PNG,2018-11-21,image/png
13_bABB_Z4iTYmDjFxyh5W-s0W-fNb9zj,IMG_2395.PNG,2018-11-21,image/png
12SPgD1WJ7Ar5nUsUUrLyYVGv30ypk4Z0,IMG_2331.PNG,2018-11-21,image/png
1N9CBB8VJ-ZTeQcDyiG4tbJoF65RqHOnb,IMG_2325.PNG,2018-11-21,image/png
1WhNT7ztn002byx7jvyoYnLxCb9VMPFoG,IMG_1643.PNG,2018-11-21,image/png
19R8S8Kfkem_ouz362Z-0GWiqQpjgllSU,IMG_2396.PNG,2018-11-21,image/png
1dxd-tYQxDDAT2wexYq4QkSFjbw1dcEgH,IMG_2384.PNG,2018-11-21,image/png
1lFvys_73e5ThfADF3Nm0CpJkxK0UN3Mz,IMG_2424.PNG,2018-11-21,image/png
1T-KSCe_nCmVAuFDcJ_JVFT2-ulsnQQq0,IMG_1752.PNG,2018-11-21,image/png
1uv2YrZ8ytlWOGWBjYcjoQBN4HNUq1qOE,IMG_2256.PNG,2018-11-21,image/png
1DA6ToxYHC69rQTSJD2BCvm9qyvX45v_T,IMG_2068.PNG,2018-11-21,image/png
1EcB3us7EFU_yL597hcmII1dd3fEZJ7Ch,IMG_2069.PNG,2018-11-21,image/png
1xW7b0VzejYicfPWhtD2kgaLV0mh4SFqe,IMG_2392.PNG,2018-11-21,image/png
1ugOeGB5d_C6gdXVbAA_Yg0PWC5BAYDYo,IMG_2420.PNG,2018-11-21,image/png
1jjmneCcEOfi3s2MUNotiJUW6_AvkWFY-,IMG_2507.PNG,2018-11-21,image/png
1jQ-G0T3UijsLfQemrFcMw4pPhm3atEjv,IMG_2198.PNG,2018-11-21,image/png
17CLpTlSAMV6dgZC4tIZ-tEBYGQqIp_uZ,IMG_2535.PNG,2018-11-20,image/png
19JTlf2rY85vPRZ6oxXf6z7KOAs1fYsFD,IMG_2534.PNG,2018-11-20,image/png
1dpeT_guYdn70co5XOgXw67tepnRx-iX3,IMG_2533.PNG,2018-11-20,image/png
1r2CSlwYO2DB7ttjh1P1avH3yI7h4Z38M,IMG_2537.PNG,2018-11-20,image/png
1jOzBf9Wjyh7MtI4oBcVO5fB7nNiHg25C,IMG_2540.PNG,2018-11-20,image/png
1lA_k6JfEOFcSst4lisMASyeStrbaEVw6,IMG_2539.PNG,2018-11-20,image/png
1q3FSv1bMMJigoK2JFYvl0_qWN5EOBYNA,IMG_2538.PNG,2018-11-20,image/png
19JsGtOEolyQs53Hn2mnT2RUhaRvQ4Wya,IMG_2536.PNG,2018-11-20,image/png
1Q_bDb_U8vlB5VkVJmo5P42LM8rvnzKGE,IMG_2523.PNG,2018-11-20,image/png
1QPIWCwBWsw1pLa5Wmo7OJSA7GyrQQHi6,IMG_2522.PNG,2018-11-20,image/png
1bvkS53x06VUfKBHUvBC2yRznXjWr2GbP,IMG_2520.PNG,2018-11-20,image/png
1Sx9IO_1uogZ7i9WUIxGgtFqqzBcGVUzo,IMG_2508.PNG,2018-11-20,image/png
1DwP5p3rq0vdIKAjKTw69u-ihBw0LvK4W,IMG_2519.PNG,2018-11-20,image/png
1s6g9ggQqAk8XrnAbz8ZGExGxMhIv_cHl,IMG_2511.PNG,2018-11-20,image/png
1AFoqwU6Qq4ARX7S24bwzRxd73DPNgLIz,IMG_2518.PNG,2018-11-20,image/png
1d6byRky2aacIRoKdad-e5anq3hvE--pH,IMG_2506.PNG,2018-11-20,image/png
1ha4CNfHhKeeUd8ND4bME0A6CRGLHPofd,IMG_2525.PNG,2018-11-20,image/png
1miGLLYvApL7M2vUa_chLwXmpHXKH4Oia,IMG_2524.PNG,2018-11-20,image/png
1zvyYnAMmbFFVJM0U9QSxMJ_R0SxxEgl7,IMG_2509.PNG,2018-11-20,image/png
1YC8Khrj9t6lI7HKXAuQZcXJRG_7Brvwv,IMG_2517.PNG,2018-11-20,image/png
1027lKTdNHaGsVlsnCEuan_slBPa46rtw,IMG_2466.PNG,2018-11-20,image/png
1VLYupaoRCU8uSXERL81OxGmPNtiyd7i3,IMG_2521.PNG,2018-11-20,image/png
1IfIOHCmiLdI91H4ZW9Caf02Bq7daDz4A,IMG_2510.PNG,2018-11-20,image/png
1vOkVEo3A9LGHDjw5KnuxD2iXawSOqfxO,IMG_2516.PNG,2018-11-20,image/png
1C7tsSHUvUwaZmzcGNq87TaAjuN4ScVrj,IMG_2550.PNG,2018-11-20,image/png
1CZGBHtejV8nfLRqMXzM_TblQhYLVGAG8,IMG_2553.PNG,2018-11-20,image/png
1KtyMuqmd8o9e3N4m3ZCTTTwuTirGBYtL,IMG_2552.PNG,2018-11-20,image/png
1tkGz0CJTNaep91Dhj5f4Oj1ru5D3GL1A,IMG_2551.PNG,2018-11-20,image/png
1UuoqFIcB0_OJOXd0wFDcKXgLScL9rjmF,IMG_2549.PNG,2018-11-20,image/png
1Gi6FcQjhqLoIIPSRjQtHsf6SQAiMBiWP,IMG_2548.PNG,2018-11-20,image/png
1LhfMZ2eGHBhqD39D_-qgsvYTL02Ngt_J,IMG_2544.PNG,2018-11-20,image/png
1PDV4_5-dnXYT3EXcT563IpPRsgh3Fq6O,IMG_2546.PNG,2018-11-20,image/png
12c03_tpYz-hjc_Sed3kGdz9L62ZNUmbP,IMG_2545.PNG,2018-11-20,image/png
1I4PxLiL2I0QyDEKLrDu3esu_ZSrA5gpq,IMG_2543.PNG,2018-11-20,image/png
11HgXZmzYCUJ8sOp0MtSok_YxZxicMi9i,IMG_2547.PNG,2018-11-20,image/png
1L7T4w76FvThpdeXz6VmQSbZE42Y9wCLV,IMG_2541.PNG,2018-11-20,image/png
1mHK-xnoJyvXXRn0zDf13tyrlM_8Wa8jc,IMG_2542.PNG,2018-11-20,image/png
17sFXxvlZXaQ7e-QydIug6XCrD9gbPf7o,IMG_2558.PNG,2018-11-20,image/png
1v0vVXI_3sEwE6In6pAbfOLuLr1K-OalH,IMG_2555.PNG,2018-11-20,image/png
18FbSVz1Dl22Gc_UPwe6ZKSQnvB1Nyzf4,IMG_2559.PNG,2018-11-20,image/png
1GNVmJdMQObltghbMDziDm6tLq_as2VyP,IMG_2557.PNG,2018-11-20,image/png
1Z8uhQDmHiAbEpLMGYJNr7-p4tqR3TmhA,IMG_2556.PNG,2018-11-20,image/png
1I0RFoMSgZUEP492GUGN9nThKmXLSYEOQ,IMG_2554.PNG,2018-11-20,image/png
1-gFtEolWzFOJOmy16NeyWyFS3zbjtDQN,IMG_1049.PNG,2018-11-20,image/png
15TG_SbzebuxD0xwPcXfcPGx-_ZtkIKB9,IMG_1046.PNG,2018-11-20,image/png
1jfZla-3SEkpejp6CcQ2Nelw3-KDSerO_,IMG_1044.PNG,2018-11-20,image/png
1VhWsxgyGJba5EGL4Fp3_5bLR4ECDRldx,IMG_1045.PNG,2018-11-20,image/png
1QjncYQqHcGkYGj0fM5oEbviBG9ZzI46o,IMG_1027.PNG,2018-11-20,image/png
1T8KhRERxRTBGKYyyzWNK_l6hz25mEFBm,IMG_1033.PNG,2018-11-20,image/png
1suQ-jYrwfi1EF066eiGkAob7Dl9nY8L8,IMG_1043.PNG,2018-11-20,image/png
12nYcit-7puIJDWubAVXBQQvI_TwVw4-0,IMG_1039.PNG,2018-11-20,image/png
1AAJ0_HCT5rs8XmSrXL_i78g11b6dB93W,IMG_0483.PNG,2018-11-20,image/png
1D12g4b89dDW7myiXWT2Fx28IRZBnN0GJ,IMG_1041.PNG,2018-11-20,image/png
1xxZsC1CrnuozRkCir6laB1wqT2TUZ6v3,IMG_1037.PNG,2018-11-20,image/png
1UNKp1b02dXXSA_3Kjz-oubiqglv_SkyV,IMG_2907.PNG,2018-11-20,image/png
10xfWRp32wrM0jKb7ZebJMX2eM-CCp1RZ,IMG_0473.PNG,2018-11-20,image/png
17GJC0Ka8Hc2q7ognxDpBf3Vwkt7Esm-S,IMG_0474.PNG,2018-11-20,image/png
1zy2Qu2FcYToV3k2B5-EaY9TQSbslk8sY,IMG_0987.PNG,2018-11-20,image/png
1sZAKGz25v4Iy4ikMwGOoCYWYO-zuoelF,IMG_0060.PNG,2018-11-20,image/png
1kOGT399iJfAHjRntAE1oppeO2Smvz2K9,IMG_0476.PNG,2018-11-20,image/png
1DydbZ2QQAOxeF5bvzaGD9k5JA8am6_iT,IMG_0984.PNG,2018-11-20,image/png
18Ur4aByL-BLH__KvQfH1F2lBt-IFXU6G,IMG_0678.PNG,2018-11-20,image/png
1wXZ9VcH-Lumm_ACb2PTN3K4SLAwaKHR2,IMG_2906.PNG,2018-11-20,image/png
15rrbcZ-61kQ1G4skhyfLqy06HQJ4kZrF,IMG_1022.PNG,2018-11-20,image/png
1EouyJ9JsaGsN3uXFAcl8iaU5ItoNlDgO,IMG_1023.PNG,2018-11-20,image/png
1IG8MS-slpbTcVuiakToRl1r6wWqL6gfd,IMG_0064.PNG,2018-11-20,image/png
1HU32ztpa18nEIL0sPdTZUA1XEE1216R2,IMG_0990.PNG,2018-11-20,image/png
1RJLn_l2bz52nXcXC3KzAA89Bojbs1tmP,IMG_0983.PNG,2018-11-20,image/png
1v855ofJhoImxBoUR0a848PJLSJpIbwaQ,IMG_0059.PNG,2018-11-20,image/png
1ZpiDko22G8cjFx1T7Dlf-8aKe4voVYme,IMG_0041.PNG,2018-11-20,image/png
1RW-JyKNU5_c3hQNC7F85q6BSwD1GjjIl,IMG_1030.PNG,2018-11-20,image/png
11W8BITUdga4s2Tnn6lml3vHoiH1u2e_B,IMG_0062.PNG,2018-11-20,image/png
1Fwk8i2LtAVkcq_Rh7NKYkKJiFWco8-rV,IMG_0479.PNG,2018-11-20,image/png
1TjCDLtDUHLgazwWikKc8p1h5769pP8T5,IMG_1028.PNG,2018-11-20,image/png
10yijTVtYaC_C1CYKA6HzNAtS2bFIG3bg,IMG_0989.PNG,2018-11-20,image/png
1jKUgylZE-1pLCoIxmvp--A0ZJGb41ceD,IMG_1026.PNG,2018-11-20,image/png
160-9g3d4mMgc0R_QQeKsRuM8dPPfBXx6,IMG_0065.PNG,2018-11-20,image/png
1Q2SDKBX__tIO47BuwbZeejGY4TKX1kYE,IMG_0061.PNG,2018-11-20,image/png
1W6fXVj8dKvCAsImr62ldk_Ag-chsKYm2,IMG_1034.PNG,2018-11-20,image/png
1Xe1I9fcN1AqkxvVnALWb6E5W0NgTsrzs,IMG_0982.PNG,2018-11-20,image/png
1-24FT-p_F4gitKUDshitdrXJODTRd21W,IMG_0058.PNG,2018-11-20,image/png
19a6wGrrfWnyP5Lf4FV89gVL-9WyLPQor,IMG_1035.PNG,2018-11-20,image/png
1I9JTcf2pdEUhAmS-05JBMzlSDv7xfI56,IMG_1036.PNG,2018-11-20,image/png
1nj-exYRg2DdnZRbPjx5QBIDmUS7zbWwW,IMG_1029.PNG,2018-11-20,image/png
1mTDOilLWLqI0JckOMeGpNQwVhsOlInLq,IMG_0478.PNG,2018-11-20,image/png
1SZELayIpQCxXZ7YVbA9pcCTbiBNqiEnt,IMG_0472.PNG,2018-11-20,image/png
1riRrDNDw54CIkTWhyh0wX8u_wrMFnVbU,IMG_1031.PNG,2018-11-20,image/png
1YsiH71DikaD4Ahp1102I__pf6Vs2SnHf,IMG_1032.PNG,2018-11-20,image/png
1gz9q1uGfEr4DHAEmpULITMN_tSthNXwN,IMG_1025.PNG,2018-11-20,image/png
1E4fjTQIbeqRgEVLLWs5jaMdu2L7ao1at,IMG_0475.PNG,2018-11-20,image/png
12UwrNAkvoExUJDD5O8eqlZCumgS4Clhv,IMG_1042.PNG,2018-11-20,image/png
156Q4nka-RonD6OSQh4WbF3N-SOtcIJpM,IMG_1021.PNG,2018-11-20,image/png
1b6PwmpMj_lydFyfC49oLLID4Zu11TxvT,IMG_0477.PNG,2018-11-20,image/png
19V2Ba5NcMtpgq-x7U6Lgbb6CXpSpDghZ,IMG_0988.PNG,2018-11-20,image/png
1niXQFI0hAGI-LXQJcVgr3esS_DGy_tlD,IMG_0986.PNG,2018-11-20,image/png
1bAxxvAi-9cOkk-LNcxJcya1qTrA4N5CQ,IMG_2908.PNG,2018-11-20,image/png
1dqCaVr9UQo-w7pmmFhbWrtCF_sGS8GXg,IMG_0063.PNG,2018-11-20,image/png
17LK_zqCIQAjEb0Eeo0UFcTUmyclT5XeO,IMG_1040.PNG,2018-11-20,image/png
1ejiQ1TVdy4WYnv6Jh8_PgLHCYjzBskLN,IMG_0985.PNG,2018-11-20,image/png
1tYTYN4tnyngiJR_mEN3M78lPCltOzdkk,IMG_1024.PNG,2018-11-20,image/png
1XzKGIXOnbxXGr5vibp2sSqy7gk0zaLD5,IMG_0006.PNG,2018-11-20,image/png
1m0PvPtJB4x0KuX8CUQTLjwA5kxG8vlqY,IMG_0482.PNG,2018-11-20,image/png
1ZQTxgVyjh10ViVbBUBHQ8JlevuOxgEed,IMG_0001.PNG,2018-11-20,image/png
1OZWAbbOxHgl8DCVULuxcrA5GsHb_BFZl,IMG_2905.PNG,2018-11-20,image/png
1lqu_uMw19J7bUEzMGdDvjKy3GGzRyfjV,IMG_2863.PNG,2018-11-20,image/png
1ZLBkffK6lKj9WWP7gWHzJD4deO0vupdb,IMG_3340.PNG,2018-11-20,image/png
1C0Jgt4wUwTF2gEPAsf-lb0ibB_cNt1Ec,IMG_2563.PNG,2018-11-20,image/png
1S5aTCLuBX7C7FPFkqdhXqE2P4Gg2EUOv,IMG_2783.PNG,2018-11-20,image/png
19qc8bQqZwN9zvD6-iBNqM7i6fbcg4saG,IMG_2562.PNG,2018-11-20,image/png
1DIcP_cmspAF4SrctAmA7-UHmk7dAstb2,IMG_2885.PNG,2018-11-20,image/png
1u5x3ss9an0H9khVV1KNNtKrFMooi7U1t,IMG_2901.PNG,2018-11-20,image/png
1tdUtuxUEMwocO4T0H9RY-F1nJ6KTp6tH,IMG_0005.PNG,2018-11-20,image/png
1JUNSsVS5azvkvpE8_4ujpzCKMHMET34g,IMG_0004.PNG,2018-11-20,image/png
1txAVkgvFXGHzew766B3LkSizRvhyE8tr,IMG_0003.PNG,2018-11-20,image/png
1oOzO6RsgQPXDaWTJyHA6GRxgZ6E5wW4J,IMG_3896.PNG,2018-11-20,image/png
1Cs5GMkrepJbdbcnpGaD1rl4P2PgkkAjw,IMG_1053.PNG,2018-11-20,image/png
1Pn5Pg1NCmgdnC14tjCAfcOlR0LbqHYoQ,IMG_3975.PNG,2018-11-20,image/png
1PMv0kN8aTNC0P-QUP3peQ9sgpzrEdJzJ,IMG_0034.PNG,2018-11-20,image/png
1p5RDDOS7YPJSKC4IM7Cu_Y3TMOICRXMO,IMG_2871.PNG,2018-11-20,image/png
1gw5KaIfMuuG6SWpxEDa6yaNcg5mx7wAQ,IMG_2824.PNG,2018-11-20,image/png
1ZkTXABnkVp9UyFS3kE6OaOpDcDFn32IM,IMG_3980.PNG,2018-11-20,image/png
15-LlJMXR7rm2RDzzZXYqOvN7PwItQXML,IMG_0015.PNG,2018-11-20,image/png
1kTw1R0VrnYJ-05Yl57v5CPMXTsEw8vNr,IMG_3988.PNG,2018-11-20,image/png
1Bhbl_27naQisgtpdKHzYHyvdoM6tZF-d,IMG_1055.PNG,2018-11-20,image/png
1uRzx9QcmeCyxLD4Io8Dl7ZgeQ8VZu3c6,IMG_3030.PNG,2018-11-20,image/png
1bC8NxKIDkc9YHnpRr4wFawXfNtsYfwfu,IMG_3979.PNG,2018-11-20,image/png
1s_3s8ND8b7Z4_Mdxqo22_nCuuoc048Kv,IMG_0001_2.PNG,2018-11-20,image/png
1R7QUHWVcZMLOCAoKZYXsWUUJxnJ8Ax-Y,IMG_0026.PNG,2018-11-20,image/png
12I5NujVZKf91eD0EEBMB8ItkJek9f0k4,IMG_3819.PNG,2018-11-20,image/png
17wO-bth7ju90EqlbBz_mAs3zuwzNQQ_5,IMG_2880.PNG,2018-11-20,image/png
1Wc0cWiRIPIqubITehVBEwj7oVsEK0gF-,IMG_0032.PNG,2018-11-20,image/png
1vvgv3dvFWh0GDUj-htT-m0Zg5wp8ydAc,IMG_3989.PNG,2018-11-20,image/png
1Ml_Of0VwmihFjwCgV5AzKIIUzMAACuQP,IMG_2352.PNG,2018-11-20,image/png
1Py19h0fQXxJWQyOWXvl4yU9B450-COOf,IMG_3892.PNG,2018-11-20,image/png
1p4igBvzBIZa-ez8wosrYRIWp2d4Mtrk2,IMG_0018.PNG,2018-11-20,image/png
157oP7aa7bCjzo1P7KB6c--uKbVl11gF4,IMG_0016.PNG,2018-11-20,image/png
1qpGdSr09H0d_wxXkJzIEPY-udtl3lFWD,IMG_0031.PNG,2018-11-20,image/png
1j8LSASKav6mRYgcYecpWq_cRg0Z-NlX6,IMG_3888.PNG,2018-11-20,image/png
1jkfhHuJl19QK6JnJEZ4c7FbLEZ6MDoul,IMG_3891.PNG,2018-11-20,image/png
1aUzj6PCabV3WsFwtxQV6KAVRzQrbZFY6,IMG_0012.PNG,2018-11-20,image/png
1FVi4gnIRabViIkYir7LuWAF5zvl2Xdjx,IMG_3894.PNG,2018-11-20,image/png
1ZLu03iRYgPBacKT1w-mAuM4xvFCdzzk2,IMG_2873.PNG,2018-11-20,image/png
14IJW8Zu3vUoQKgjgxrVr9W83nJa95jgZ,IMG_3032.PNG,2018-11-20,image/png
1KZ22F8T7EQOdsTzBbzG7Wo0z_8Uz22Mc,IMG_3987.PNG,2018-11-20,image/png
1MO9LbJlZEX3Z6rjWfr_Q8e20zUhLMtSX,IMG_0039.PNG,2018-11-20,image/png
1d80r93RojODnfYkE4l1Ji1BuIkBV_G4C,IMG_3897.PNG,2018-11-20,image/png
1P6munZmS6CB6DPfUHuCFLLytFFqadIB9,IMG_3893.PNG,2018-11-20,image/png
1yovHACE7_1VNookTgOAB7hLz30nNjkrr,IMG_3890.PNG,2018-11-20,image/png
1kAs5FRhYlCQJEsAjDcM3E-dK1SspqrM0,IMG_3823.PNG,2018-11-20,image/png
16e-N42a66AvBxEsNK1ZKj6L3cUKERGqB,IMG_2829.PNG,2018-11-20,image/png
1gsoYVfN9Y3COKEbadwOoehJC4ojFmS-s,IMG_3978.PNG,2018-11-20,image/png
161tDQh7nrX8XKRM-Ye8dks7RWnVNgGZJ,IMG_3026.PNG,2018-11-20,image/png
1wu-aREZNPa8UqmMkZvNRlfB_MkWycZqf,IMG_0024.PNG,2018-11-20,image/png
18FG5sZoXa513-ZmMMm2vM77FGT-7FpBn,IMG_2868.PNG,2018-11-20,image/png
1gmcRR55Lo0cDN0mrk3OD5gldsRODYdNj,IMG_0023.PNG,2018-11-20,image/png
1q0HFlKzp8tARKr-VWY637LHR1jBMvKNz,IMG_3895.PNG,2018-11-20,image/png
1Fxh3Q0kaAYGcKb0vO7TRuljIxWVs5yIY,IMG_0033.PNG,2018-11-20,image/png
1i-_mIFrdlu5-qG7oX8w1AxvSXVRTU0S8,IMG_3031.PNG,2018-11-20,image/png
1zeybUTI9LBIQEBTa_V8ME1OXF_e3nY_2,IMG_0017.PNG,2018-11-20,image/png
1VJjZu-3hAHrAWRGUEJ37tCcF1VDoFPZ5,IMG_2866.PNG,2018-11-20,image/png
1ExYJAZjIqAFeLzehOxoJ_DQHXocyI43B,IMG_0021.PNG,2018-11-20,image/png
1Yk0pk8EsKmsg_r59QjkoPIpR5qk7b6zt,IMG_0009.PNG,2018-11-20,image/png
1sFr0p-k43UQMPxxz4rCSIuV0BFveZ-A0,IMG_2823.PNG,2018-11-20,image/png
1cl6njaDnGZZKelIJ7LVUUpZvfkItTrh9,IMG_3981.PNG,2018-11-20,image/png
1CIm79RfCAy90ns1qy5fB0Dj3lsaSoCr9,IMG_0035.PNG,2018-11-20,image/png
1W8qfvyFJClEOTwckEZtqYEusm7kkSxOu,IMG_0029.PNG,2018-11-20,image/png
1sKXeioKHHBOiywlGeyZVjSfd7v5zGuzd,IMG_0040.PNG,2018-11-20,image/png
1ieBx3tr55njGKcNo7KEW7Vn0T1wPuOZh,IMG_0022.PNG,2018-11-20,image/png
1YXsKvwD_dptHczbGUoGFfdMLQGLgT83t,IMG_3986.PNG,2018-11-20,image/png
1En4fw2DuTjZ-Pea_fiWSn4791iZSxoFf,IMG_2870.PNG,2018-11-20,image/png
1jjNSBaFcNurHYWylSv28kLZTZqRAZpUu,IMG_1054.PNG,2018-11-20,image/png
1Iox4tlmZbkj84UBbfTah0BVdafl9aPui,IMG_0030.PNG,2018-11-20,image/png
166mfvOkVoMgCJVRUz7m7J4fRYGVht4D2,IMG_3821.PNG,2018-11-20,image/png
1A3mF3OOf3eHn5esToVbphqEMiQJe_6Ch,IMG_1059.PNG,2018-11-20,image/png
1DNLAC8rjqDhuMaG5sPVRjOQgojWJ3Nf-,IMG_0028.PNG,2018-11-20,image/png
1W563kUieCiXE1O5bGulaBXTcjqXpDSsW,IMG_0036.PNG,2018-11-20,image/png
1W8DRTsjMNv3hp9t6BDc4-C8kfGRNHOPg,IMG_1057.PNG,2018-11-20,image/png
1uiWHUxTcFhdZvbN-1zaouiLA8-D8t9vd,IMG_2830.PNG,2018-11-20,image/png
1W8LtJkkc_CcgpR7kdMT_f3IcU8d6xKYX,IMG_0025.PNG,2018-11-20,image/png
1STjRptg1SOF2ak9YvgteJHmaI5TAWfCt,IMG_3990.PNG,2018-11-20,image/png
1UFmEmCi3unGtX5e-xJyfsa7TCgVPDGTK,IMG_2867.PNG,2018-11-20,image/png
11IWVUOttNITEBjfgdItcR26F639mOiK_,IMG_3898.PNG,2018-11-20,image/png
1lZTns2mqpiO3sf9KAzR13mI41lvr82X4,IMG_0014.PNG,2018-11-20,image/png
1nC7Lwmw9YHm4fjgiTsw4TQSAwJxlu0Uk,IMG_0013.PNG,2018-11-20,image/png
1p7wi5woqgNO23ERK5A1dLLB_4z_PJ0SO,IMG_1056.PNG,2018-11-20,image/png
1Mpsoc5l0VucR-xmDOz2WmMnGUmM6F2Fd,IMG_2363.PNG,2018-11-20,image/png
103nDnPa-bW0MpYpn145TmDgZPvpWq0ib,IMG_0027.PNG,2018-11-20,image/png
1rAbpgGyg2aP6TuOeBQsLHSIOEHj3nDp_,IMG_3027.PNG,2018-11-20,image/png
1xIqchTQGwXUOj2M5Ugy2ub2gPSUuC9dV,IMG_2479.PNG,2018-11-20,image/png
1N2Al_wWbMiV41mYHrz2zMEfazjT5Leec,IMG_1095.PNG,2018-11-20,image/png
15z-_c7vFdcTHhwXAj72smeC6TOg5rYuV,IMG_2874.PNG,2018-11-20,image/png
1bitWbVYJxBxi0FsUrx4q5ypWGFUOO9mR,IMG_3974.PNG,2018-11-20,image/png
12RNhckw8ev0H4OFfq3iBh2QySN3M4We1,IMG_0037.PNG,2018-11-20,image/png
1evjFxgvibrjDNPuXVBqzTHdRYiJnkmno,IMG_3820.PNG,2018-11-20,image/png
1xcDgX_yQtV04hBsB0PkxG_92seRHWLhU,IMG_0010.PNG,2018-11-20,image/png
1Z6KYdcggjsKNzWGX1MIm4bO0af6MwR5X,IMG_3977.PNG,2018-11-20,image/png
1PsuO2Yn58P_FY1gRxx4_mjIqiwSL7DC7,IMG_3826.PNG,2018-11-20,image/png
1G7niScbYttz2FblZmgkLuTuXSNBIbSFY,IMG_1069.PNG,2018-11-20,image/png
15C2y1ki-t-r6xcL2itfhf32Som1WqlSh,IMG_2364.PNG,2018-11-20,image/png
1rLXk1W0AX0758e79XYyjCMCJmA0p-fuy,IMG_3985.PNG,2018-11-20,image/png
1c5CgLEXReMBARdtMOvudXXUgVQ3aXb0B,IMG_0038.PNG,2018-11-20,image/png
1cJDPXIyLjw6_MlWPuaUE4584v7bxgTty,IMG_1094.PNG,2018-11-20,image/png
1mJyHXU6WYLMtYbgXELp0Rz_DyUVCDyqX,IMG_2875.PNG,2018-11-20,image/png
1BXSxWjKzRIDHeV5fjW8yUMceNDEdVgXb,IMG_3822.PNG,2018-11-20,image/png
1bBmsdGqx0sfhJ0gxLyjgMY7-ANExZSKS,IMG_2872.PNG,2018-11-20,image/png
1Le8C1Qwbd1zbvhLs66MHsuYYLdnE03R-,IMG_3889.PNG,2018-11-20,image/png
1So7_mySmVm4JlxhrwJ5Cw0JpnnecGzaQ,IMG_1058.PNG,2018-11-20,image/png
1TG8CaDztznnN7bobTkB6v0hLgXIq4jOk,IMG_1096.PNG,2018-11-20,image/png
1Pa1ktWmZ9srNvRwOrcLK3EiO_vACzWJN,IMG_6629.PNG,2018-11-20,image/png
1eKC_Co6iFarlZOhTLBLp90ZaOBkRWXz1,IMG_0656.PNG,2018-11-18,image/png
1gd7i-1wGXr7k7QDsdrQA8LuKNwniqknM,IMG_0241.PNG,2018-11-18,image/png
1W-lhu2o7JKXlOULhJTValYycBe6SQzTf,IMG_6579.PNG,2018-11-15,image/png
1b9wMcVCJuppuwpLEJwKpHQCV-9uCNRTz,IMG_2563.PNG,2018-11-13,image/png
1WbvRW4gnBnUJ_SfgClUUgR_HxuAwASQA,IMG_6578.PNG,2018-11-12,image/png
16RbbCOgfMnyUfmbZ3QV1tzZsRRa5_uqA,IMG_6577.PNG,2018-11-11,image/png
1iomY5izGBke2FIb1JwhSgxU_QAs6ODsd,IMG_0001.PNG,2018-11-09,image/png
1w7r7_mY3uDL8CrJFK_1XVGZrQroNjyMk,IMG_4129.PNG,2018-11-09,image/png
1B1hn5b4106nwN0gnfN5GD9jyJiGp5EFm,IMG_0473.PNG,2018-11-09,image/png
1OwhFyKR2x8tAPxVUOda7Q0sX2cFpk4qp,IMG_0483.PNG,2018-11-09,image/png
14H2v6jDIqvFGMYr7wm7zOpvsfWLI7wIp,IMG_1032.PNG,2018-11-09,image/png
1Hd7SRA7MJ5DJgqC2cdJ91buy33nhNMtj,IMG_3999.PNG,2018-11-09,image/png
1MmUpnQWeiJPC-eHaH9AFS8xD8z_kipYa,IMG_1022.PNG,2018-11-09,image/png
1slngqMJyfEHcP9YtDEaiJYR2HXnera_m,IMG_3996.PNG,2018-11-09,image/png
1GFdUxaco11okgSkKblke7g4u8kiJyyP9,IMG_0983.PNG,2018-11-09,image/png
1UuzaoP_GwYWr2TLzsbmhle3tt-G2Lfqw,IMG_4048.PNG,2018-11-09,image/png
1RtKEpt6AWH16W6Wm2VNJkCdBbFgHczrb,IMG_0478.PNG,2018-11-09,image/png
13_sM1mbxNbL8BL_d2LDuwkzmbTm9ZNhn,IMG_0065.PNG,2018-11-09,image/png
1KV3rEit1P3at9ICCE1hIA2PxbVC4Nk15,IMG_1035.PNG,2018-11-09,image/png
1-LjM9tDjnS9OCM0P7iUgGT0he5pRrtV2,IMG_4128.PNG,2018-11-09,image/png
1SLckPWMnPDmwWNbxsQeRd797G5r9FSYr,IMG_0063.PNG,2018-11-09,image/png
1vWzzDIntYowwdRTb_Q7Fw327yDCYMZMX,IMG_0987.PNG,2018-11-09,image/png
1ocUGBQ7W0LuBKECuvYkVt8GvK0tFJ69k,IMG_1029.PNG,2018-11-09,image/png
1-1CuUq_cJ-ITx8qRRgVLKGXcjbpIdpoW,IMG_0476.PNG,2018-11-09,image/png
1k9dJsnryuW_drhhYHxsDJiTyVddACBkt,IMG_3993.PNG,2018-11-09,image/png
1zVoqTqRoADp_XRuEpumK2Bqf8eQcV1Az,IMG_1026.PNG,2018-11-09,image/png
11YWMzDzWsSgG0AKMoVG7An13VI681W2u,IMG_4147.PNG,2018-11-09,image/png
1zGozj615mIU51xFQZ_qiM8FF_8lBp6IQ,IMG_1042.PNG,2018-11-09,image/png
1pw1me-2Cyd5s2nofrhtrPSLsKOqTudTg,IMG_0041.PNG,2018-11-09,image/png
1iCyzOWha_cLGdCtKgIc9M4NJNImBUtV6,IMG_0472.PNG,2018-11-09,image/png
1cLGBBYz7EIXu-KI3HOZSs1iyEBIFZYN8,IMG_3994.PNG,2018-11-09,image/png
1PqqaD6OHqjJHTV-Xn07Fstog306dXCpU,IMG_0005.PNG,2018-11-09,image/png
1Ug--hgT47UWZUuG1AT7h6-YUX7ntBfcz,IMG_1041.PNG,2018-11-09,image/png
1vpk0olQsdTm323q4JIE78FGPOqrpskSG,IMG_1046.PNG,2018-11-09,image/png
1b_FmFUHYD9_6f0CCAGBkJ_Zn9UhxinY7,IMG_1033.PNG,2018-11-09,image/png
1Dc2qM2aFPGjXdK1H4xZF52MWg9wP3E9M,IMG_0986.PNG,2018-11-09,image/png
1ugkw7wEpJiohlWWk1uY6qWJfCJF8tT1H,IMG_3998.PNG,2018-11-09,image/png
1eyV_GwGkeejh4B1f1mKousrrYRdsit2h,IMG_0475.PNG,2018-11-09,image/png
1Wf2mKnH0fBR6s8B0-eeIGTpjXrfZ0Z-3,IMG_1021.PNG,2018-11-09,image/png
1u150hBQGBOpAygPU0p4K2Gi_n3W_iM3n,IMG_4130.PNG,2018-11-09,image/png
1sN2M2Az5j501KLseG8yJhNSSRtQCCNlc,IMG_0984.PNG,2018-11-09,image/png
183DkxUm3LMVIU7oZgNTSsHsCI5kyNMa_,IMG_0982.PNG,2018-11-09,image/png
1jbqBNpNRKb1CRdwkKMDB88nygrIQ4e7b,IMG_1049.PNG,2018-11-09,image/png
1ztp21WTD1jZTlZxcC3Nfekvmz4RBNWvq,IMG_1023.PNG,2018-11-09,image/png
18ERVcHqW9IYpEEMIzmvACjFTQDZgCIYR,IMG_1036.PNG,2018-11-09,image/png
15_7GemF2zN6q69mMQvirX4cni6sHRMdC,IMG_0482.PNG,2018-11-09,image/png
1mt3MdQlY8F3O5vDg93hBrBUN5qFb2QAJ,IMG_1043.PNG,2018-11-09,image/png
1HEq_6xBUYwN225Qb6SWY0y421OzLCbFg,IMG_0064.PNG,2018-11-09,image/png
19T6rEus_21SUwQOIS0Ml-_ag91GgSCa9,IMG_0060.PNG,2018-11-09,image/png
1NeJqEzFVGycIWIZFzEI5FHH8T-QMlKrJ,IMG_1034.PNG,2018-11-09,image/png
1tN8r5SLTx93-vu-Tctv5utafz4eTa48t,IMG_4001.PNG,2018-11-09,image/png
16ePqIUMZ5YACJXhysa25yDsYyqSGvZ3W,IMG_1031.PNG,2018-11-09,image/png
1wC9NFOrb7ZyP1iM9B5TEGpex1QfG9OC_,IMG_0990.PNG,2018-11-09,image/png
1hC5BWJq3Q6pkOwrTzkxDFMNEZew97Ttu,IMG_0989.PNG,2018-11-09,image/png
1pHG_LKUeJ2GVEY6RXWLhf7mx2nDxa5Fg,IMG_3992.PNG,2018-11-09,image/png
1OZTbPsBTuJoh4tq-Nbj8dnt0g9r3FXF8,IMG_3995.PNG,2018-11-09,image/png
1leWCOCrtjv7xoqY6ut7rWjn1VELYRyqP,IMG_4131.PNG,2018-11-09,image/png
1qJbaiGcEE694-wnwy5I2Egfd2XLJKBAA,IMG_0062.PNG,2018-11-09,image/png
11stHExtxv1NB-MeySvv7rVaoM4h0MD34,IMG_1040.PNG,2018-11-09,image/png
1n5tHKoynVhcOwxYVV0O1hlo8hKRx6ETw,IMG_0477.PNG,2018-11-09,image/png
1tVYXkO1Xn9cMHJRV75pfoGUyWhjZZkWC,IMG_0059.PNG,2018-11-09,image/png
1ZcBIVwHVrEEE4acCYP8ZFo0P4gQ7lb-2,IMG_0003.PNG,2018-11-09,image/png
13AA_GSPHdWIv6xKLbBqZN4vnQy0JdA7c,IMG_0988.PNG,2018-11-09,image/png
1Qby8kPISAzW2hkPTg-QOGCRKWVtM_9-g,IMG_1044.PNG,2018-11-09,image/png
1fsscMSe8pYj8LhmON14-BuSe6_Ji8lkf,IMG_0004.PNG,2018-11-09,image/png
1Kvdbumxp3P445TJYErBIRPaj15cur2Yd,IMG_0474.PNG,2018-11-09,image/png
1b4vEgfTEuca1bKtm2-AVTRq6MBgWSxbT,IMG_1024.PNG,2018-11-09,image/png
1RF2B2126a_fXaqP1TyIh9FolGk0O7JsI,IMG_0061.PNG,2018-11-09,image/png
1MHKbAM9bJgJ1jYuWQdTVuj7ajEi2VSKB,IMG_1037.PNG,2018-11-09,image/png
1tUidPMcf6epVuUo_UPMtgC7I4om55ByZ,IMG_0058.PNG,2018-11-09,image/png
16I0c9QdxpRSzEiAlPKUxId7kI4xq-M3t,IMG_0678.PNG,2018-11-09,image/png
1IkH13Q7PrXLJaHto6eY8pihZDm_42oL-,IMG_0479.PNG,2018-11-09,image/png
1D0OElxqqTOlj_7lJRP55J_vuUA0y-0-v,IMG_1045.PNG,2018-11-09,image/png
1oqK31druwsByQSiomPY7OjoBWsS_zcay,IMG_1030.PNG,2018-11-09,image/png
1s_b5Vz5sxq_rpU2Xvci4zuBGE7zvuTX7,IMG_1028.PNG,2018-11-09,image/png
1eEm5WWAv6dANfQLWki_AY3bCqYCGlTlj,IMG_1039.PNG,2018-11-09,image/png
16VhlUBVXzUmU9V9l9AsJm0UZwYreUd_x,IMG_3997.PNG,2018-11-09,image/png
1s7_utkJrlpqLduCH2zDbxizFm2UycMi0,IMG_1027.PNG,2018-11-09,image/png
1pyMZHsjykXDdwmIbw8s3C1rB4_UvcpgF,IMG_4148.PNG,2018-11-09,image/png
1f7LfnluQlBmOB9T52k_KkAq3z3byzT2p,IMG_0985.PNG,2018-11-09,image/png
1I6UmtGieHRTofsdhmmVBWES1fFpTln5i,IMG_3991.PNG,2018-11-09,image/png
1LX7coKYfHhqHPvA4judSqbxcY4PRY0xg,IMG_4047.PNG,2018-11-09,image/png
1xH9kIDv-pWmYLbac1F8Wod79FkUGHuQQ,IMG_0006.PNG,2018-11-09,image/png
1T6UVvIF98zlPVcPciGz2DncGkaszt6ZK,IMG_1025.PNG,2018-11-09,image/png
1emwNg4z9u-Gw12OfdUYkuQN2egt344Oy,IMG_3547.PNG,2018-11-09,image/png
145Zxg2AodVfjHfvVcxW-_8tVSj9dJca9,IMG_3550.PNG,2018-11-09,image/png
1tz9hpIYVD6hiQ4ow38kjG6IPaOhDwDxv,IMG_3431.PNG,2018-11-09,image/png
1VGL2dCeNbYJIr6sgtPVh1w5h-Oa2gUyB,IMG_3423.PNG,2018-11-09,image/png
1EMc-y_XljFhDP0VxTkNMkJtoiUyymKJ8,IMG_3430.PNG,2018-11-09,image/png
1tSFXEmx6byqiTSynMhZ8ghm9kr-IZydH,IMG_3732.PNG,2018-11-09,image/png
1DpHyafcdGIMk4iYWBzBriin51rTjmXvy,IMG_3733.PNG,2018-11-09,image/png
1kQ3w9ENgDWx-2e3MRK-QqXHChyPA-hzT,IMG_3548.PNG,2018-11-09,image/png
1ZnjuHdL8ZJy1CUw4-Sz9tu2Y2lBVGsXg,IMG_3549.PNG,2018-11-09,image/png
1bPrdS92IHEcq6r-OY1CNPGgb4el64-fo,IMG_2511.PNG,2018-11-09,image/png
1YhDM4r-DjhT1dKopijgt-Hudb2RZGv6X,IMG_2552.PNG,2018-11-09,image/png
1ypiq9qcVLXIFZLrcwqHULZJ1wYy6BcUT,IMG_2824.PNG,2018-11-09,image/png
1TvswZMER4L4izQYmbG4YXZxkRf1JX9FJ,IMG_2516.PNG,2018-11-09,image/png
1b1rF4SphBjjSS2ggEzO8vCH9rKB-D7ia,IMG_2522.PNG,2018-11-09,image/png
1MkqWhCq79Rs2-JuzxieSgYU8iH6MBlpO,IMG_1854.PNG,2018-11-09,image/png
1x-1xLqRDxm0nD1DJzSiCkB_-IGNrM_o-,IMG_2028.PNG,2018-11-09,image/png
1Kvd7ujpqiGijzAHYgWJZZYSDcAOErmoo,IMG_2519.PNG,2018-11-09,image/png
1kcLPUrwT6tpoaH7dSiPnSRhwmnmwUPbT,IMG_2518.PNG,2018-11-09,image/png
1t0zaY8KMwq6vUrCv3PH15YVkZrI43K-t,IMG_2523.PNG,2018-11-09,image/png
1OeKW8X87RqZwyRghcKtzgY6mfDcuYby4,IMG_1488.PNG,2018-11-09,image/png
1LexKq7JPIozzPgYdsVuTeiA2C9d2yy46,IMG_2863.PNG,2018-11-09,image/png
1nxPVkYGCymx1FtxYgn20e1SmMxwZ89Xj,IMG_2466.PNG,2018-11-09,image/png
1uDIRWAWKATXsxxT7haRc2z3lqjjsUqhw,IMG_1724.PNG,2018-11-09,image/png
1Hpi3T0zqXXCZhAkHI7cBHEu7RUGttV9w,IMG_1856.PNG,2018-11-09,image/png
1l9ZJ0UDsuT3x8L4oIUqrEj61D6VdWdON,IMG_1859.PNG,2018-11-09,image/png
1maeC50wR2yWCL5UQqyrjrr1fhzDrQGvK,IMG_2524.PNG,2018-11-09,image/png
1whf_-6jNhXBqxkqWJv9yqLrm6xfF1eFX,IMG_1855.PNG,2018-11-09,image/png
1AgrRUPEf3VlP9df9-eZumKC1W1x11zYW,IMG_1858.PNG,2018-11-09,image/png
1XxJuu_ytXQYsrWk1ghdwh3cXUOVYVHsV,IMG_2823.PNG,2018-11-09,image/png
1h-KjngoUr8KLnWaLMwhry68GC611T9ny,IMG_2525.PNG,2018-11-09,image/png
1CAcVSnUmSIoSGKnSixKGjNMEVkFSyFUr,IMG_2885.PNG,2018-11-09,image/png
115k577OOqVw6mHeLBCKcpKKbtaBRylln,IMG_2506.PNG,2018-11-09,image/png
1JIOMj6ON3aLInycjI5R6soZ_WmmGxWgv,IMG_2520.PNG,2018-11-09,image/png
10K6xm0K0oeGbvlJ14NDQgSuQyGaG1nCf,IMG_2901.PNG,2018-11-09,image/png
1djwJ0E-BK1wZ9lG6aYNugYZVuigMLM5F,IMG_2510.PNG,2018-11-09,image/png
1HSn-IbsB3nPj3-j4rxH5dlIWYp1IajDd,IMG_2508.PNG,2018-11-08,image/png
1vR5kaClkiZRsBzJUZGXng6rcvg9rH0LK,IMG_2553.PNG,2018-11-08,image/png
1o4Wi1r15v0LXB8Ben7TOiAi8y_eWcC8E,IMG_1286.PNG,2018-11-08,image/png
1ose_FlEbZzE8_zMkfooL2p0oiIe3BaFh,IMG_1857.PNG,2018-11-08,image/png
1JcdFL_39Qd9iKzVpX-I8atuGnPauPrL9,IMG_1846.PNG,2018-11-08,image/png
1RBLxWv2tMC8EDEcOH3q95lRU0ZdcT1s6,IMG_2509.PNG,2018-11-08,image/png
1dxTKTu5i0WwBNwCq6edysiANwEW0ERnB,IMG_2038.PNG,2018-11-08,image/png
1-hdC4Gji51VJPnSuRsy3ojC-9Y5GZEqs,IMG_1095.PNG,2018-11-08,image/png
1gH_HP3NnqZ-Un9ejgysuTJ9SscZZqMqI,IMG_1852.PNG,2018-11-08,image/png
1Ca6aKOq1YUad3ra20GC7SUJLZGnnvZnY,IMG_2517.PNG,2018-11-08,image/png
1bWnqryasfWArQTZOuKUHwtnBPPq9DkjQ,IMG_2562.PNG,2018-11-08,image/png
1Gc9VWzPv_IoKaGEGpbWHKAjYs06K5s3B,IMG_1723.PNG,2018-11-08,image/png
1uPjoJTDwC3R50U6Bp9N-bH0igFPgzUWJ,IMG_1851.PNG,2018-11-08,image/png
1szyGPbGUebmTGC8Wd0bg4X_3UxLA4SeN,IMG_1096.PNG,2018-11-08,image/png
1_9PPGI0SPVkc7wHwHnJYU6NIiXtmMQr6,IMG_1094.PNG,2018-11-08,image/png
1l161v6JVzIYWSxXCmaQFK1hYvqYA4YRL,IMG_1487.PNG,2018-11-08,image/png
1b_jKhY79sEr8Dpq4qx5fbd4F2-7GqtWb,IMG_1046.PNG,2018-11-08,image/png
1FIAWr0CugbBidyIpF1YBnsMD5-m4lEMa,IMG_1040.PNG,2018-11-08,image/png
1jg7xSDOzkWTUoNnvTHi-6uWGgPeEpOHZ,IMG_1053.PNG,2018-11-08,image/png
18hzIfWXcV3CUGyN7Z871m4kx2GWicog8,IMG_6576.PNG,2018-11-08,image/png
1J6kHehMrNG4R0EzxYwBgULbItlH5JJco,IMG_6575.PNG,2018-11-08,image/png
1oYk-3229TUqp7KiMOQGVDjM1jabU0Utn,IMG_6574.PNG,2018-11-07,image/png
1cfNrE-wjwCcIyMfBQjb9xze9ziV8DIu0,IMG_6573.PNG,2018-11-07,image/png
1cKTZLRneDwMNVLpVIhRNKOnodDae6ZRk,IMG_6572.PNG,2018-11-04,image/png
1n91fSupm0XX-oj2baZjS1v8lvPQVsGDi,IMG_6571.PNG,2018-11-04,image/png
1_nSfXstmohPLZzEh4uKUCex3r_epXg6a,IMG_6570.PNG,2018-11-03,image/png
1_mGh7Raf04FRYShJwdqIDij7Pddcfq7a,IMG_6568.PNG,2018-10-29,image/png
1S97ZqrDa_eft7BbHsyesvV2ZTeRan0PT,IMG_6566.PNG,2018-10-25,image/png
1D0_0N6hAyYOqbfu-phVVc3SkDPaSv0Fi,IMG_6560.PNG,2018-10-19,image/png
1X_PVlQz348dIXOSSoM80xilUEebWGZuU,IMG_6559.PNG,2018-10-18,image/png
1GEoO2-85WFiXA8QfvuHiimSlJoanOeOJ,IMG_6558.PNG,2018-10-18,image/png
1qKjAnGLSmjpw4ChM72LelHCW6fon79ua,IMG_6555.PNG,2018-10-14,image/png
10EvBlEIRBj1G6AdFk4jeah9Vbjw9n6ja,IMG_6554.PNG,2018-10-13,image/png
10BzCyZBHuWEKdanrVrlq34HKxkayyAmx,IMG_6553.PNG,2018-10-11,image/png
1K_Dvk1lUJvRpHQ5wp3BU9pKt3RKcfSLd,IMG_6552.PNG,2018-10-11,image/png
1nlKZ7mhMZjljXyN-YjnIsif1bAxr9j0g,IMG_6551.PNG,2018-10-10,image/png
1nGdb7xuSADdQ7wU3OGoaQAxY1x4ZCMOj,IMG_6550.PNG,2018-10-09,image/png
17STf3t2Uisq-MlTu32Dk9C3qRpxrUJBI,IMG_6549.PNG,2018-10-08,image/png
1Rwi1QmdW2h9Km7vqslqH3Lz1rNyvDlh6,IMG_6548.PNG,2018-10-08,image/png
1Gp9vLtRSqigTRRY9OczzDE3v6ordD4MJ,IMG_6547.PNG,2018-10-08,image/png
19xoNicMPOo05cbjv5ISsneuL43cLVQxW,IMG_6542.PNG,2018-10-07,image/png
111zTVi7vH-V_xhURLiE3RDu7qwpyBLHw,IMG_6541.PNG,2018-10-04,image/png
1B58rKkkyAyvWkfH8cxvcZ3NcprqbfZmM,IMG_6540.PNG,2018-10-04,image/png
1_Tmwx7wQatQo7tPASTF_Le0MNwzjiskL,IMG_6539.PNG,2018-10-03,image/png
18GwxvTXvOtlHxymub0j4bVwS4RZZ0UYV,IMG_6538.PNG,2018-10-03,image/png
17BGbPVlWzXflJiQi70LJJOiRcbHWokou,IMG_6530.PNG,2018-09-17,image/png
1Qn9FKjTTeBopjZSE_G-RoSsm1Ha6aaXo,IMG_6529.PNG,2018-09-17,image/png
1roVNl1n-596mzipmoxOLLHWUu7mrQYNo,IMG_6527.PNG,2018-09-12,image/png
1fFcO6MQqZpL9dwJyl8kPQeFX61GVDZ5_,IMG_6526.PNG,2018-09-09,image/png
1HXtYK3zCKmTRSNgUq7msB586VG-CK7f2,IMG_6515.PNG,2018-08-20,image/png
1SaZ3LmdK91Ki8RWS1JMxHKtWVPkg-WRZ,IMG_6497.PNG,2018-08-12,image/png
1kysRm9U1NHDSY1IzjHXOXav5sNki4EmI,IMG_6482.PNG,2018-07-29,image/png
1P9oB796Qr7Ai3qx0Rx0xJph-dD37Tf_A,IMG_6477.PNG,2018-07-12,image/png
1kgHr77obXfFf2FVrv8YSKTMEGVqwsP-k,IMG_6476.PNG,2018-07-12,image/png
1lsOut7tNEqanR-A4h8AiTMes0qpUmFue,IMG_6475.PNG,2018-07-10,image/png
1v98LMSaVs50l2z05TyfSwf_1xhUOjSM_,IMG_6474.PNG,2018-07-10,image/png
1cCQuhzsf28qeuG1_Nz88Phwo0T0TFn4x,IMG_6455.PNG,2018-06-28,image/png
1LoNhepHeW1MA4ytHQ3Y52slHbLDpNB58,IMG_6454.PNG,2018-06-28,image/png
1L6SpQ7P0Lc1e2ihURzuO8sm1p6-s1EiL,IMG_6450.PNG,2018-06-26,image/png
1kXbhlIMRaLff7sMGr-MH9X0N_WdGvBkc,IMG_6431.PNG,2018-06-23,image/png
1_cOmuVFlxUZGv6gmGPPXVK4ti-JlLfpi,IMG_6426.PNG,2018-06-17,image/png
1NPa9wTsPpLebyrHs1SdKSr4NWwWhY9sp,IMG_6425.PNG,2018-06-17,image/png
1fgw7BWHp3x9znZ9wilXLIclGP3uPB72K,IMG_6411.PNG,2018-06-14,image/png
19h8l5OuRVBzh8kVMPyPQKcQYp8Sor_pa,IMG_6374.PNG,2018-06-11,image/png
1iNDefY8K2jVjJ_CX496FcuDp8fwSKP7j,IMG_6367.PNG,2018-06-01,image/png
1jaUWbpYW84kElI7UlS9rtKJ8bP-56gSh,IMG_6354.PNG,2018-05-27,image/png
1zKF9fDNmju0aAxGvx8JjOMTY87BR-0dU,IMG_6351.PNG,2018-05-26,image/png
1KrkqbKIfx5olM-UW_XPaNF9mnFEsnmRg,IMG_6350.PNG,2018-05-26,image/png
1eAi6G8xm1DMBWPinmf_ay-n7YsWqn4aX,IMG_6349.PNG,2018-05-23,image/png
1dAq5TIFM-9pT3wf8XX2_O2CVLljN_jjY,IMG_6329.PNG,2018-04-24,image/png
10Sxwzj4kDkM3jvmRGjqC4gXJTZnUBRze,IMG_6283.PNG,2018-04-20,image/png
1YonqHgcTF0zNznOG2p-0koBuexfCh2wT,IMG_6240.PNG,2018-04-11,image/png
1wHA7fXD3_za6hg_pIBemvpvwo7LnKeKN,IMG_6239.PNG,2018-04-05,image/png
1qpr0Pz98ef_OsvIBERZ_G_nnzRawSdY_,IMG_6238.PNG,2018-04-01,image/png
1RjDpn3ukveV8zxi5mAwG0wCBZU6Ix99P,IMG_6188.PNG,2018-03-24,image/png
1ojSrSr4mlI8q5PLvWzzu-yFfxT_qo1ya,IMG_6186.PNG,2018-03-16,image/png
12Wnr1KHdmw4FhEsyjkQQp0BurKWnffmC,IMG_2521.PNG,2018-03-05,image/png
1Y-wsXfDnlgiSKNuGehUAMl3j0OV0-1RG,IMG_1069.PNG,2018-03-05,image/png
1nCl-a4KoeXclSuOhWzaeY6RF5jpE_tGO,IMG_1049.PNG,2018-03-05,image/png
16qc_K7QsaFPZHm7iCO8moKKwrqrZkSHH,IMG_1056.PNG,2018-03-05,image/png
1llGWpIUoB2Lu-I_7p2iA7fOrWATabPoj,IMG_2363.PNG,2018-03-05,image/png
1HxuCO4DuXNUI8x4ux-ZrACDOa-c_YwvV,IMG_0473.PNG,2018-03-05,image/png
1fVBEOiPE_KPDSUXdg99L_ggjFoS4oviQ,IMG_0034.PNG,2018-03-05,image/png
1nHsRDTNxBpfnU0O126-gPYAoq4pKsSU1,IMG_1042.PNG,2018-03-05,image/png
123DcMW3AjJGfnBnzBByMlMBK9Yra3xFb,IMG_1033.PNG,2018-03-05,image/png
1mS-b76kvzTGi3WNObFBm_9MlttS-KMwV,IMG_0986.PNG,2018-03-05,image/png
1Za5oKSsYhRuv0UUkoEJOnPAdTlU4K7UD,IMG_1021.PNG,2018-03-05,image/png
1WtVWLQ4J1FXN5tZE70JSw-mN-kewigFK,IMG_0474.PNG,2018-03-05,image/png
1I3UEfWNYpMdPgWly9KzAnuCNrv5oVHk5,IMG_0060.PNG,2018-03-05,image/png
1nTwnWlsoAuNuSgkk-VQn_b_zXjtctyWx,IMG_0983.PNG,2018-03-05,image/png
1APc6g-wwDThKzzWel0nr1U38VJlJ5GBt,IMG_0026.PNG,2018-03-05,image/png
1DnnYph4zEGBAlcIcqqx4aEfz4v7z_ctA,IMG_1022.PNG,2018-03-05,image/png
1oPm4gD3XkCNtjcVuGlkxwV6uPtk64ULQ,IMG_0015.PNG,2018-03-05,image/png
1cPF0dOBCHEWDkjs0OOZxF_UAbaq7E5NM,IMG_2352.PNG,2018-03-05,image/png
1Xh9KiNWkFM2uqnKb_DJ9QzHH5XsmQZ8A,IMG_0018.PNG,2018-03-05,image/png
1bshMc7ExodILKbf2fhUoJvpQ5C7WJFgG,IMG_0476.PNG,2018-03-05,image/png
19RqVjRRfN5cfWK-d5Vc7wPEthjx_KP_n,IMG_0016.PNG,2018-03-05,image/png
1gEEgHG03xBxQVHQ6CquJVBhZCqcHh0QN,IMG_0021.PNG,2018-03-05,image/png
1pUsISO-BM4S5q6eqicGdf7OWV-dRy9g5,IMG_1043.PNG,2018-03-05,image/png
1begGcNGwkYVXlB05gXvhodelmcE7zprK,IMG_0063.PNG,2018-03-05,image/png
1PGknZ-AgQq0zHSgGENT0U4fZAaSU9Ckn,IMG_0025.PNG,2018-03-05,image/png
115y46gw0B6H4BeCP2gCh4C5sfIh-xaO_,IMG_1029.PNG,2018-03-05,image/png
14nzra_tEUwgooAohh4xtPodzCyRUry-I,IMG_0989.PNG,2018-03-05,image/png
1oIp20eSghHCPGnWJ8Nt5C16ZO8_3iL2b,IMG_0012.PNG,2018-03-05,image/png
1AvMEvxAQVZiCG2UDsXs-45W1SfNmstP1,IMG_0475.PNG,2018-03-05,image/png
1SrQLhuREknZ0-uFYpLBmHyqZP1I-1E9L,IMG_0982.PNG,2018-03-05,image/png
1IbZBEQta7U76h69bVFDTfX1gNPd3X7_s,IMG_0039.PNG,2018-03-05,image/png
1faIgitV6RWs0flhq9nUxaugrYJDQgxUz,IMG_1023.PNG,2018-03-05,image/png
179J9PmQC3BRtrm2dbQwBu6soBf22-CW9,IMG_1036.PNG,2018-03-05,image/png
1QnS1ZyKh718s2ocaDR6gQXifuteNiCVR,IMG_0017.PNG,2018-03-05,image/png
13xiqDXhxinqsh2eXgBHGkWdSVVLgPMKh,IMG_0059.PNG,2018-03-05,image/png
1tVnqyOhLkzPMv1j0jfUpavJPLi_GxAfg,IMG_0024.PNG,2018-03-05,image/png
147_c8A6EmZdTbQba6uGgcIs1Hsi1KVAr,IMG_0023.PNG,2018-03-05,image/png
1Ie8TwHX88x4O_txEahHQSRVbXwkdRCat,IMG_0033.PNG,2018-03-05,image/png
10DzDa5SkAHeh4Hvublb71YNVxBvQdxSE,IMG_1024.PNG,2018-03-05,image/png
1MLZWefEk3jjYSwRyBj8fGD40_VMPjRwx,IMG_0678.PNG,2018-03-05,image/png
1KialjgXyWge1tEGRACzGOJelbLS9LYI_,IMG_0035.PNG,2018-03-05,image/png
1UIvUccB9hsKcK-n5hn5GIkC7T-V-3nUE,IMG_0029.PNG,2018-03-05,image/png
1IafdpZrb0i1MALV4kxXGbrJlQ0bHfRQi,IMG_0990.PNG,2018-03-05,image/png
1Y7oXVkVxrlChT-PSg4xte2reEDjZ7one,IMG_0065.PNG,2018-03-05,image/png
1oNkWMvbsUbI6iAk9VVJEsPUNdAuzRdQR,IMG_0022.PNG,2018-03-05,image/png
1PR1Ow08lFx6_n9AaPKH-m8yoQg6smX2U,IMG_1032.PNG,2018-03-05,image/png
1dS6gPmIj1FuhHXkYIx6Q7zGV1S6kZDmb,IMG_1026.PNG,2018-03-05,image/png
1gPJl8gS12Rk5vslaqgl60le0TJDA3A62,IMG_0041.PNG,2018-03-05,image/png
1cnaNiOhJDH7ZFm7QpwtIxzGkcnLCE8L2,IMG_0030.PNG,2018-03-05,image/png
1oSH2_FLzvGfbKmxMEx0xp8Hofxk9s8-x,IMG_0031.PNG,2018-03-05,image/png
1XnnGeLL8g7Uua9ylAtntgKDCSyFeo8OP,IMG_1041.PNG,2018-03-05,image/png
1Bw_752z4d-tngBwPrm6JWPQWbOe3-LmK,IMG_0028.PNG,2018-03-05,image/png
1X6j1ZbRlFCf_u2RL6dYkyzC4UOWZ4sYq,IMG_0036.PNG,2018-03-05,image/png
1k72ImqQvz5sjTVe2tpt_yAeDChRIXS1N,IMG_1028.PNG,2018-03-05,image/png
1CLvbws802Pr-sxzgjljER468nH63UX6L,IMG_1031.PNG,2018-03-05,image/png
1khOw6QKK5T4zy19Bmn-yNwmFYN2Hcze_,IMG_0062.PNG,2018-03-05,image/png
1ZELWz13F9GHGuCou13MyeVRYCHvn5jTl,IMG_0984.PNG,2018-03-05,image/png
1Tkh5uyOpE923MOli6VDBL0CR3mQY2tt2,IMG_1034.PNG,2018-03-05,image/png
1cFq9LG9YOu2zN094F0-YxyPKoijgxk7r,IMG_1025.PNG,2018-03-05,image/png
1jtCZdWabnUGYDe_M6ZoOfJ6YMEQA0yIg,IMG_0477.PNG,2018-03-05,image/png
1AX-iIPA6uSx470VBZhMr_1cmqUuoQuzJ,IMG_0003.PNG,2018-03-05,image/png
1rf5geJruHBDdvL69-l0GrttQuyur6V7N,IMG_0987.PNG,2018-03-05,image/png
1Sf12NFUFU_KUd5W9PO_Odw3hWOLDeE9c,IMG_2364.PNG,2018-03-05,image/png
1lzPh_yXisJsnVcrKB8vib4s6I4pGBo7P,IMG_1037.PNG,2018-03-05,image/png
1JM97G518wNf5ERKY8xMzz1CO_bGjIaLd,IMG_1030.PNG,2018-03-05,image/png
1HHtE-s8axHhHCj5p748LtWRNZXaxuQ5T,IMG_1039.PNG,2018-03-05,image/png
1AFectBZYbPaeYuw-WJbs_Or3FwPV0Pwk,IMG_0014.PNG,2018-03-05,image/png
1f6P1QSRCz9Sk5xvFt6PwEeC3J1YUqLpt,IMG_0013.PNG,2018-03-05,image/png
17cwY_uwCC7SSecgTLDGbMs9bw7ZCTmsM,IMG_0478.PNG,2018-03-05,image/png
1546m-aQNtoXTu0SioA8-aRikvszX0NM4,IMG_0009.PNG,2018-03-05,image/png
1vpFVqq1DFgWSTqAE_hRMNqDJO5fmWcxL,IMG_1044.PNG,2018-03-05,image/png
1EsNsq04TSZt9x6IPFpaBVAUmkTVnabip,IMG_1035.PNG,2018-03-05,image/png
19zJ_0U-gEWr9BNh8y4RMX1SNm2LoyLmU,IMG_0027.PNG,2018-03-05,image/png
1yfGLo9L_HEEzQhwF8Nje_xagVPE-E9jf,IMG_0010.PNG,2018-03-05,image/png
16wJIexEcYIvq2-xiMoMKrY8K35RMjtUF,IMG_0483.PNG,2018-03-05,image/png
1doIRPMbJ3HfV86yo2RwFDZI9BXJPR7qH,IMG_2479.PNG,2018-03-05,image/png
1C_i9s-Ns9QSTGucR7Pe09qOmA0PZXA1r,IMG_0005.PNG,2018-03-05,image/png
1t0ub647vANGojWASh1w0Z13IGVQVuGtF,IMG_0472.PNG,2018-03-05,image/png
1pJvDhvoiIpPbqfEEMbaaUePYPjMHaA8q,IMG_0032.PNG,2018-03-05,image/png
1Nb23vz1MYnP9Tjnj5jtCBfUFABV3WJjH,IMG_0037.PNG,2018-03-05,image/png
1ucN2nsUTbPXajVE4Y0uSwWDPsSc9k-vz,IMG_0482.PNG,2018-03-05,image/png
1HDw_UN0lXb0t4BcmbiRen27Gc0Y0gGQ5,IMG_0064.PNG,2018-03-05,image/png
19nneTQpbCPn8IFiNTvhaLRePsvr2E0GL,IMG_0038.PNG,2018-03-05,image/png
1AX-lhtd_zBKAm9ShSdKFTTsQNt8cJmHT,IMG_0040.PNG,2018-03-05,image/png
1VsTZAI28V_rYzqQgUbm-EPxWVrzuA8Cl,IMG_0988.PNG,2018-03-05,image/png
1m7JnjD7BTapMQ4cIaRY95NVT-ToYsOP9,IMG_0004.PNG,2018-03-05,image/png
1_neJ9NpJH_V_4Id0few_KW3RvkGloozS,IMG_0061.PNG,2018-03-05,image/png
1E0YclcnVmsFmMhu-ZyqY6Wrpmtycr0SP,IMG_0058.PNG,2018-03-05,image/png
1sl2p4V6qFwecvEaYyQXGeDStNseaMGX0,IMG_0479.PNG,2018-03-05,image/png
1wTbddPHQGodFTVCx5v3849AWLrf6OK0j,IMG_1045.PNG,2018-03-05,image/png
16faAmsIgQaT_v_lgjES6arjSB1_UfLcM,IMG_1027.PNG,2018-03-05,image/png
1G3X5txIjKQkd4C7oP9HYPMw9VMDBtm_l,IMG_0985.PNG,2018-03-05,image/png
1qxVbUApRHl6TttMHOlxFp8j_flA7sjwu,IMG_0006.PNG,2018-03-05,image/png
10YAkEfIe7FUVmBfu7FdYO7FpU3SxxSAD,IMG_1059.PNG,2018-03-05,image/png
1j5QGuafjjEtVuMG6r8d03McgXp5IXih9,IMG_1055.PNG,2018-03-05,image/png
1jxgh5dmehGmzLSgvhbV96cPeHC0isfCu,IMG_1054.PNG,2018-03-05,image/png
10p9RffyT2YGSdYmJKQRVkNksMBoOwBYs,IMG_3032.PNG,2018-03-05,image/png
1hOuvWMPgalCUa_xj7PKQrbHxkFzVazDS,IMG_1057.PNG,2018-03-05,image/png
1SbV_fjIN1fB7eQn51MR5OF3_JtSjSpSJ,IMG_1058.PNG,2018-03-05,image/png
1pFBx3togqSfLLlKVykuzX2Eb_ami1MvE,IMG_3826.PNG,2018-03-05,image/png
1zyhe86W2U-2EyeTvDIxuEqmRqsheUl1D,IMG_3889.PNG,2018-03-05,image/png
1Z2VmPDY-BaAcYVRrysBDQ4XhpwfuOo_e,IMG_3888.PNG,2018-03-05,image/png
117LKsDp_y2WpfXpcEA3DTtkybhlNqZ3h,IMG_3890.PNG,2018-03-05,image/png
182THj8nuTXeAAGpkirC_vXYspZeoUKGi,IMG_3891.PNG,2018-03-05,image/png
1lPlWJTY1aUH93DVGH4Mls59R1KenV68c,IMG_3892.PNG,2018-03-05,image/png
16HfRnvmPpeF-TE8qxtPiCkBpUTrJS29P,IMG_3893.PNG,2018-03-05,image/png
1S0X0nJYpu54qVkxGUy8yV5m-VzSUvEJ5,IMG_3821.PNG,2018-03-05,image/png
1u1TRMEj1-BoJ44S0okXDqiXcALN5uHoD,IMG_3822.PNG,2018-03-05,image/png
1oSvvoEYE1JFedNu_KD3V-OCBfLuMN3wW,IMG_6161.PNG,2018-03-02,image/png
1ZjpMpSKxkdIHT2RBWn2AT3Ha7l_VdgaY,IMG_6150.PNG,2018-02-15,image/png
1nIPdE2LsfAndrX7DdjxP-koZATRdnnOe,IMG_6145.PNG,2018-01-28,image/png
1ksYJGgz__dhbr8DRRWisg6A7utl2k5Dr,IMG_6005.PNG,2018-01-08,image/png
1z9GLxBtZm99u8e_FeIY1lTlnSaXfcEBf,IMG_5995.PNG,2018-01-05,image/png
1xP3dkdPGadxA_JGD1P1CTgR79bThxSlN,IMG_5977.PNG,2017-12-30,image/png
11kdUxmCAGkHfq88LYtbxva-1Bc3XAiTl,IMG_5976.PNG,2017-12-29,image/png
1P_j85ClqxR0fQu126ex6JiQr4XhsMh84,IMG_5973.PNG,2017-12-28,image/png
18fJJaa9hi0D2r65K-2vJw_zFH-LyXu_3,IMG_5972.PNG,2017-12-25,image/png
1eCw3q5IQRIBsLEdrfjK5vh80rX8SAbke,IMG_5971.PNG,2017-12-25,image/png
1EqYPTJDZ5e6n91FAb7ZatkqEOIY6sYlL,IMG_3819.PNG,2017-12-14,image/png
1cz-yIE13bH6BHbrUT-hekIaZ9_XhTRWj,IMG_3820.PNG,2017-12-14,image/png
1Rn7bbhHEI986oA-gpZeyjdOMqCWpazVp,IMG_3823.PNG,2017-12-14,image/png
16FyeTNDf-iTClt_dukGzz-Ax4SSs0UhQ,IMG_3027.PNG,2017-12-14,image/png
1DlDH72q5b2cWBDFpncbbiH_MzSut9S6P,IMG_1951.PNG,2017-12-14,image/png
1kOrcGbmw0gAt0PL9Z760uYsUj74_zpeU,IMG_3994.PNG,2017-12-14,image/png
1z7bk9OO-rB6358cimYjFjV3WQmYyK9re,IMG_3995.PNG,2017-12-14,image/png
15tWpmoeNKu1AsBpNJuR3UnqO4h5RiDDf,IMG_3999.PNG,2017-12-14,image/png
1s5BpN-beQdVLuT_xwG0zj4t7SBVupTE8,IMG_3998.PNG,2017-12-14,image/png
1NfWzDcuA7hO0uWc7cxmUbKs-ooPQxK_6,IMG_3996.PNG,2017-12-14,image/png
1uQbGAAnNjRLZMhfW-cYglRv21_aTi6Jw,IMG_3997.PNG,2017-12-14,image/png
1gAxSTg18ztU_95vlx4Oa4JM73kcmqkBP,IMG_3992.PNG,2017-12-14,image/png
1pDASD8-hjqS9EIwnL-ect9Crb7EVXATY,IMG_3993.PNG,2017-12-14,image/png
1bew44JecC7RRLemYG0JKrkHST5k6zJil,IMG_3991.PNG,2017-12-14,image/png
1uiSsEbHlNhDL_KxClqINC5zlztcp_3sh,IMG_4048.PNG,2017-12-14,image/png
1TACMpX8RLALYDjywx6DLJbO9FLW9ErFC,IMG_4047.PNG,2017-12-14,image/png
1w4ZdAXtYnBV_LeANnBPQumaN9LG5bVy0,IMG_2872.PNG,2017-12-14,image/png
1RAU6u0zC3rNBjNz-Gr0TXWJ83FVZktkj,IMG_2875.PNG,2017-12-14,image/png
14YO59o9QvXFRQ_bM096t0EDxF5Un-odi,IMG_2868.PNG,2017-12-14,image/png
1Qi2YAhKARLy8Y98fdkypDn0YtAcqPWdF,IMG_2880.PNG,2017-12-14,image/png
14N3JSCddRqqKzu10Jx0EKThF_z4LpW-t,IMG_2829.PNG,2017-12-14,image/png
1ccogVekk9pQpM9ob5iaGiexgGNbI3_5D,IMG_2867.PNG,2017-12-14,image/png
1PbxYhRyE7ApMvVdJCZtbOJN6b32scMuD,IMG_2830.PNG,2017-12-14,image/png
1At-_FXVraXU9wGDzoHcs1E8dAah_Ml5-,IMG_2873.PNG,2017-12-14,image/png
10ZQLc9k2-w_2I4zKR4MPyPDZETwPGJA9,IMG_3989.PNG,2017-12-14,image/png
1d66rCqE6lbAiTijMN9QlKNMLIBHHBa59,IMG_3988.PNG,2017-12-14,image/png
1SCNLIPUgvxV7jqTHeUF00c_1FpZQDMea,IMG_2871.PNG,2017-12-14,image/png
1fdQ_e3rZ5n-aM9QzOSUTPa8Yv3AUfc9v,IMG_2870.PNG,2017-12-14,image/png
11UFMU6S1mwEYPCbvLcXyWbA1svAyWWdH,IMG_3987.PNG,2017-12-14,image/png
1CDvFjX5ZNaZFK0cHSQaVLHqbKg9H3fEt,IMG_2866.PNG,2017-12-14,image/png
1-kV5yznG49VBD6K-k0hpRTkXPNKWsrH9,IMG_3990.PNG,2017-12-14,image/png
14d4io4P_OunRpPl3HPpwwBLNvvRJciRM,IMG_2874.PNG,2017-12-14,image/png
1w-subGYMz8MAB2RlaPm1JpHDH7Is1Mo3,IMG_4001.PNG,2017-12-14,image/png
1KylHTcbcwyEMMLWz5s9zArBARgZthafM,IMG_3974.PNG,2017-12-14,image/png
1Q0Fna6NLz8asDMyZ_SuqI5tFFg24INbN,IMG_3898.PNG,2017-12-14,image/png
15SztwciAXKfNdnoNrVCk-MbXUSPJUvc3,IMG_3986.PNG,2017-12-14,image/png
1p1_dh80BCnMfKtFketv9oWk3DtPXahg3,IMG_3985.PNG,2017-12-14,image/png
19gInAPNW_Z23jHC6rreFyJ_-63Xml-_f,IMG_3897.PNG,2017-12-14,image/png
1ta8Et7mTtkna5vcHbjN1Fi_3w9Gl8V9l,IMG_3026.PNG,2017-12-14,image/png
1up5to66uD3NHEMq7CkAU59lUupNh5HQO,IMG_3975.PNG,2017-12-11,image/png
1PJrYrfJ8CrFQTDe9DSS85vJ4LnIMS0Vp,IMG_0615.PNG,2017-12-11,image/png
10ryKJPntbTCSmq_myH8h68KxM2442Po4,IMG_5967.PNG,2017-12-11,image/png
1f1Jyj-aKral9FnFuCNdYN-XkdGjqJFPk,IMG_0242.PNG,2017-12-11,image/png
1M-0Ol-AmBQ7VTR3frztdSgtbSdqWP56s,IMG_3895.PNG,2017-12-11,image/png
11q8JqFE6sZeAqqHr9bFwFhRxnjl2Phqa,IMG_3896.PNG,2017-12-11,image/png
1Gl-K2VLfanI65ym3YXww5vG14Wrleq9e,IMG_3894.PNG,2017-12-11,image/png
1yQpCWjYvVWpa5EVM53FmXRhviEJRuI0S,IMG_3980.PNG,2017-12-11,image/png
1Xl2q8838g4y6foiLFWSZAln_CNnJuURN,IMG_3978.PNG,2017-12-11,image/png
1HEo0SldWWPAzZPJYZDpX3Lg3jAH0h6J7,IMG_3977.PNG,2017-12-11,image/png
11i5mE6--VWXy3kDElzqIr6oAxME86jb6,IMG_3981.PNG,2017-12-11,image/png
15Bq_pdliHRJAmmmEx8xXnoDnE8C-b6Xx,IMG_3979.PNG,2017-12-11,image/png
1u1erYCo62z6Bw81DBOaTU4O_TENtiFfT,IMG_2058.PNG,2017-12-11,image/png
1rBAx1NEFq6nQFxtH5gRCil5Qjnbnq7zi,IMG_1952.PNG,2017-12-11,image/png
1nruNgoM0Z473OY0JDjDvchZapjRqseiX,IMG_3031.PNG,2017-12-11,image/png
1XZQZkmGFsYq7ziXnHS2OQSOd_Kqhy0Zh,IMG_3030.PNG,2017-12-11,image/png
1Kq1Vu97JnuuxWys8_T47eqoBZfWPCzXi,IMG_4128.PNG,2017-12-11,image/png
1PM7HDtdmlIL-04_K81gCc1eEsj8b4-q1,IMG_4131.PNG,2017-12-11,image/png
1CjWujzea_8D-WbM9YVC4SzOvDCTCUDaj,IMG_4147.PNG,2017-12-11,image/png
1izMhpaP333D8oog-bm60U9InnKUUKZGU,IMG_4130.PNG,2017-12-11,image/png
1pXPNavpacunxMHgI6SHZwbEItj5wPBxn,IMG_4148.PNG,2017-12-11,image/png
1-aoxH7l0vS-k6afzNzGakUvuPTntV_iV,IMG_0313.JPG,2017-12-11,image/png
1-7kRB3nz20mQciGtGb-J_rTjmG7NNyFE,IMG_0085.PNG,2017-12-11,image/png
1SS37prMbXbaWFLstemoNF3HqTvHpOG7E,IMG_0240.PNG,2017-12-11,image/png
1MEQ8k_4kE9_VxfWRpKX2SWXM1pTlxPQz,2013-12-01 13.07.09.png,2017-12-11,image/png
1St5Cia52FDXrR-Z9y1n3nfG4XFKzPWMS,2013-06-24 09.20.52.png,2017-12-11,image/png
1PhEB18NS6rThJMco6AJO81wBr2b1ddjt,2013-10-29 09.03.51.png,2017-12-11,image/png
1c3x2c9coaVe6o1TrSYC4EPq4nqM6Wetg,2013-08-01 00.33.38.png,2017-12-11,image/png
1EzR0vzXk4LqxugmDg9H6uEuzc3ifVWsk,2013-06-23 22.53.13.png,2017-12-11,image/png
14fIdfoBOuqbHQu-Wi-OUn9o9QPOWbNFV,2013-07-01 13.25.42.png,2017-12-11,image/png
1q3yQ952GSWf5zF8aa3-Z6yyoysb2tG7D,2013-06-29 15.37.42.png,2017-12-11,image/png
16F8EP-L4qy3-8OlWnR98DEe5dwcZy64q,2013-10-29 09.05.59.png,2017-12-11,image/png
1p-zeBji27WbWgj9pN6r_UtfcvHRt5zuO,2013-07-06 22.21.30.png,2017-12-11,image/png
1nC4G9GZQeMbPPjpP8iLWfvFjdnr0vOyi,2013-09-14 15.37.16.png,2017-12-11,image/png
1H-S23Acp_RwCeYyr07cahZd4cIVR-ozs,2013-11-11 15.31.44.png,2017-12-11,image/png
1-69Mem0E5uTXltkHZz_Em08XXIWXaMCW,2013-12-01 12.56.19.png,2017-12-11,image/png
1FtuQF47uHO5kyUtX5Prs4oTNXtbvB_9r,2013-08-25 13.06.25.png,2017-12-11,image/png
19iQbAQ0ur2OjHKncDA6qVNzQJYtmsn_G,2013-06-16 13.46.58.png,2017-12-11,image/png
1b3io_ni1bjH9CuK_YoXRgXzkIEyPWDFm,IMG_0279.PNG,2017-12-11,image/png
1I4NgtexBRoU4FAG0W8B4VAjj25fcBlLX,IMG_5966.PNG,2017-12-09,image/png
1lPpvOmJXaKVGZ2JMbGUYXqY-fGrruycj,IMG_5965.PNG,2017-12-08,image/png
1jZQeATyeG24F5jAYflHwWFiFHuH980C6,IMG_5963.PNG,2017-12-08,image/png
1ernnr_HUVjEpPS60WzTf-4XpajLuTK-c,IMG_5950.PNG,2017-12-01,image/png
1w33ZmlxDVu_admz7tItYkJpUDffohMHQ,IMG_5940.PNG,2017-11-24,image/png
1B8YPqr6wwp3yN6R1wQq9Xo-4NECDwSjs,IMG_5939.PNG,2017-11-24,image/png
1RHuqmxWdAEZWTDviaLrOOi2UyuFRXSiT,IMG_5906.PNG,2017-11-16,image/png
1yZdE65tJ9mhznz97Lg9BiDTAr1_-JM2z,IMG_5900.PNG,2017-11-16,image/png
1my_Oj02clVBBAja_idACSXrWdsdvocWX,IMG_5899.PNG,2017-11-12,image/png
1eavTmBfMFLH3wFINy2xMjvZt6R5hj_6A,IMG_5894.PNG,2017-11-03,image/png
1cEikFdio4lDE24YlLzT4l-LZc1mvUlCF,IMG_6755.PNG,2017-11-02,image/png
1BWRAR9mMbBkU2OUK4ZSZDs1K7S1xx6nJ,IMG_6740.PNG,2017-10-23,image/png
19K6QaM3VGoZ2sCdNlutNQufhfmmay10l,IMG_6739.PNG,2017-10-21,image/png
1bzyM3XqoVi07K1aMId4CaQIt1CKPoajJ,IMG_6736.PNG,2017-10-20,image/png
1tJGyZ6WeTCLWeokU3x1gpEx1e3FBNGqz,IMG_6735.PNG,2017-10-20,image/png
1NGU4oCifnrwpEFu2wUwvoIr8XNnuE34r,IMG_6734.PNG,2017-10-20,image/png
1-khTktEixwdp6eAvBXCE8NAjv1B9LCQc,IMG_6707.PNG,2017-10-16,image/png
1ty-FYOSKGu3V_vBq2P2MFA6AWy67gSNF,IMG_6706.PNG,2017-10-13,image/png
1866Yv2OX3SgFCuYnDCaCy14-mswE4zkC,IMG_6704.PNG,2017-10-11,image/png
1RMe3vG8Oz0Mf1ZKtvKUsfyblFZbmc-5P,IMG_6701.PNG,2017-10-09,image/png
1y0XIz_sfLJ90patRIYzckdD6Ep56y8py,IMG_6690.PNG,2017-10-06,image/png
1ZA_hUUsZ_Sa20QljmapQPHIxhJeaIR1y,IMG_6690.PNG,2017-10-06,image/png
11Lj7Ytpqg8gkdz5YLhcYjYtDs8WgLiL_,IMG_6658.PNG,2017-10-01,image/png
1_gifX77a2FVlpS0RM_XApbIJIXQxqMcx,IMG_6658.PNG,2017-10-01,image/png
1iSsSHXdj8bqRZskXjDO0PX2sGmQOKa_-,IMG_6656.PNG,2017-09-26,image/png
1tJBlmeGC93VhGNnfmLXO5sUYLGQFZ8eN,IMG_6654.PNG,2017-09-19,image/png
1spSErlv3G6ZgVhypwDYnOigmipOZNMI_,IMG_6653.PNG,2017-09-16,image/png
14WWalKmRfqsFsX3L-GyPa4mppdV2HYIq,IMG_6650.PNG,2017-09-13,image/png
1wPr34e5K92JTOcpHLuZCHimtgeTRe60I,IMG_6644.PNG,2017-09-03,image/png
13tCFfbVBrfVI105NwjUFrCJOlSLd3CT6,IMG_6643.PNG,2017-09-03,image/png
1JLyVVEXZaTdy3ASYlxGTevvZ06QHkd66,IMG_6629.PNG,2017-09-01,image/png
1AMdxhVMRg8Ltlw6APnNwMMHqog76r8rN,IMG_6628.PNG,2017-09-01,image/png
15tO1biNvv4UWvJCWSBwlJJ9kRaEYbEaR,IMG_6616.PNG,2017-08-27,image/png
1le08UOE_EKx5nd9TZNRW7Xjq7h1lYPVS,IMG_6545.PNG,2017-08-17,image/png
1BEM4LRF_7jBtPCvtnlzT81W3Qo9STb1h,IMG_6543.PNG,2017-08-17,image/png
1gR6w-G_GuDpNvNAZvWFtffAt6P_7gHr9,IMG_6542.PNG,2017-08-17,image/png
1JSz1GSlosRVIMdkFQqm_4LZDDYOEQBfG,IMG_6538.PNG,2017-08-11,image/png
1E1c3WKcCwPn5NGzkqVOkPUTEBrcchY11,IMG_6537.PNG,2017-08-11,image/png
13FUylDgoZBp_KYwPSoRV2_ygpT5ct7Sq,IMG_6536.PNG,2017-08-06,image/png
1KR-i_o3qz4CLjfMLuSyuTbM2VG7mACea,IMG_6535.PNG,2017-07-30,image/png
1KKo7e7Jg_oHjMbRM99wcBymoBd4JQxQI,IMG_6534.PNG,2017-07-25,image/png
1l1mGi8e6c7nUjZL9b20DB2pXdruveWcL,IMG_6465.PNG,2017-07-21,image/png
1t1wAw37GJ-ekjas5pqxA1WFeYVJJ7GcW,IMG_6464.PNG,2017-07-21,image/png
1lcKJkrzj44eRnqs8ILrpquNQP5wO4STJ,IMG_6452.PNG,2017-07-16,image/png
1FTt3HcIhrZtlMb_eTK7RNCKvNtCmqOq1,IMG_6451.PNG,2017-07-13,image/png
14ihS-46_cJyHUqvGWR5enYKGVtAM8SY2,IMG_6450.PNG,2017-07-11,image/png
1x8BqP1N8Sv4lZlS6fDs1RURBQvYZk08X,IMG_6449.PNG,2017-07-10,image/png
14us7RTngqKhMyX_U2_u9UiNTOZJGdCpn,IMG_6440.PNG,2017-07-05,image/png
1G-Oo9NCS7x7FwMMBvVvxBjZr1uTm8VJ9,IMG_6439.PNG,2017-07-04,image/png
1tMH43ryw61Dl5SCy8Q7SzGqhdwuaPCCX,IMG_6413.PNG,2017-06-21,image/png
1pO9D9s0bpV8NkpAOf-vQKQbXuQnlF5Rb,IMG_6412.PNG,2017-06-20,image/png
1wa0ZYHlpmKYGulGxckRoKacoam6yRyHP,IMG_6412.PNG,2017-06-20,image/png
1Bir0gj6oiQ5uOSQ3JvFoS7UCOxZrG7El,IMG_6409.PNG,2017-06-16,image/png
1orh9bzhCEcnQRs4SzMLTdN1ZraEuupJi,IMG_6408.PNG,2017-06-15,image/png
1gFCggWKngY57w3D0ddJQFGJuAPlIFHyX,IMG_6405.PNG,2017-06-14,image/png
1fBWi0JdfjuIACn-WUI1KD1w66IEchh7r,IMG_6403.PNG,2017-05-28,image/png
1sXF7ZlOaMeNAmVIP0Uwkb0UIsrWINqd7,IMG_6384.PNG,2017-05-26,image/png
1NarLK_JmGqBSlLL4ltdp1RIxRnr0Kzsk,IMG_6224.PNG,2017-05-19,image/png
1t-5fpcjFGUOpuq10qhr_FSffyphci1lj,IMG_6221.PNG,2017-05-12,image/png
1dPYVv2hfw8YDKfOjeYqzawvoCiKq-z2r,IMG_6220.PNG,2017-05-08,image/png
1_zvFfTrcHHL6qcPKs4xo9ptOh-T7KfdW,IMG_6219.PNG,2017-05-04,image/png
1NGzyJKR5EfWX38uWpltPSPfNYyNYq3bX,IMG_6218.PNG,2017-05-02,image/png
1dom9XGGDzbVn1gofH2aLFSX3sWK1Q6Y0,IMG_6217.PNG,2017-04-26,image/png
1MHyTmK7kbQk3wBavF7dmmcSq4QLtaOhU,IMG_6212.PNG,2017-04-18,image/png
1irGHMgpiNhkUCA9d2Oe17wwy8XaIK9mh,IMG_6209.PNG,2017-04-15,image/png
1iJ8PtaiFJVE7zvdZQiCfksUdzdb2hxo6,IMG_6191.PNG,2017-04-06,image/png
1DFJb8cYZiSGESUbVXg61dJTDZ0ggUOsc,IMG_6190.PNG,2017-04-04,image/png
1GPm6Zvsbm2kcoc-3V5x1F92FE07tIfKW,IMG_6189.PNG,2017-03-22,image/png
13E6Mcd3bMPnVdGVVs7mN1pKi7vUhrFG8,IMG_6168.PNG,2017-03-03,image/png
1TOZSd5ytJwvYNBxLVcMR4Y-RSc2Q5f3b,IMG_6157.PNG,2017-02-19,image/png
1wMRt6PdKIoWoVqsILoaVo8ScrSxIOooN,IMG_6156.PNG,2017-02-19,image/png
1jWJRhCrDotzyjDT5-4u2CdBGT0CbgAKV,IMG_6155.PNG,2017-02-19,image/png
11H_n7omsWSL7EBizWvm1rmjR-FbiJ8gY,IMG_6154.PNG,2017-02-13,image/png
1Yb-jonQOfaEUbEnJL0HDCaa3aVn5zYk9,IMG_6153.PNG,2017-02-12,image/png
10qKDD7_5meEFKnWD3oAaQGnfOa-LEwAV,IMG_6146.PNG,2017-02-10,image/png
1Vs-57xWvlB7JwkjUqoFm5RWadGwX5TOY,IMG_6145.PNG,2017-02-04,image/png
10dCoqd3XuCnBtlRO7Yq1VbBgEhSHH20g,IMG_6144.PNG,2017-01-30,image/png
1lDYkSXU7O2fYBykrawDhgEagXh_3eEnb,IMG_6143.PNG,2017-01-30,image/png
181al8G1fSrHn84eoIwKtNn2N7mHMoDHj,IMG_6083.PNG,2017-01-22,image/png
1-dh7d1vSQ1I9fUtCEXt6h1j3MmfZeksf,IMG_6076.PNG,2017-01-21,image/png
1o-nhWbalRdJ4oFXZ256nJIDS93vNiKGX,IMG_5964.PNG,2017-01-19,image/png
1wQbrJQzg7LmQPz6HbkCs9AP39fW9ivw7,IMG_5958.PNG,2017-01-11,image/png
1elzGGSiZI5a6hMhaucswvCNbN94at-_k,IMG_5952.PNG,2017-01-11,image/png
1Y2ZuuwfkgzLAlTbAUNA1uxloXdVtEPcN,IMG_5903.PNG,2017-01-06,image/png
19zCJmWu6mwonfsVipFIMEMGP8i9ZvegG,IMG_5902.PNG,2017-01-05,image/png
1xQfCh22hPGBq8MKee-fNHOYuE6rzxpC7,IMG_5901.PNG,2017-01-05,image/png
1XCVAeskT-B3n7-eTh4FiwJ6v-rzREo-B,IMG_5900.PNG,2016-12-28,image/png
11hyd_CGV7h8okt8cXop2KHsTbraie3Pn,IMG_5899.PNG,2016-12-28,image/png
1MO7vue7mf7WZvqdADBZ9y8naCCfv0YMi,IMG_5898.PNG,2016-12-27,image/png
1YJKiDlRD-ckZMSSAQj_HwfL2EjnVNK4k,IMG_5897.PNG,2016-12-26,image/png
1JuRsZ-Lg9Z8i8VGQzNj2qVZ4-k_7342D,IMG_5896.PNG,2016-12-25,image/png
1ty9XKVmcmkoL2O58ugPuSNrrYDw7X8gi,IMG_5895.PNG,2016-12-22,image/png
1ngpp0h48LcyCgPNim_JjcV2E_bCwzld2,IMG_5894.PNG,2016-12-21,image/png
1952R-mF4rzCTItencFdZbAbmgRreyG5p,IMG_5893.PNG,2016-12-12,image/png
1-KfuyvsSzG_YycfmlVaxBo4Rzgd-N8g-,IMG_5892.PNG,2016-12-11,image/png
1MMgbb6Nxi-Mo3yycGZ--ZC-QSLJA0HeH,IMG_5891.PNG,2016-12-11,image/png
1FH0ojSfSWbEn46oMC5OyKQ6vkjyYnb1-,IMG_5890.PNG,2016-12-09,image/png
1Re4KFYPgjNx0o2PcpkDA4YiRhCa0j4Yq,IMG_5889.PNG,2016-12-09,image/png
17F1ea-elbZ3Hyut3SZlOIgCsFNdCLwGp,IMG_5888.PNG,2016-12-08,image/png
1St99_uwcYLPeA9AflJexlevsL4o6d2ph,IMG_5887.PNG,2016-12-06,image/png
1thk5g2rwmam9bE9A_9LFR-EdYrrUuuLI,IMG_5860.PNG,2016-12-01,image/png
1nX6p4v-KpHuLs4Z2ekZX3mz-9F7Wsa3r,IMG_5859.PNG,2016-11-25,image/png
18CKuaFKjVQNP9zXlhnh87Av45xLJRUm9,IMG_5858.PNG,2016-11-24,image/png
1P8Xv7fIoFIA4syk5fWzOZ1q115oM1KB_,IMG_5856.PNG,2016-11-11,image/png
11iNcY4R-D9MwrVE5B-SXId_pDzgbOE6_,IMG_5855.PNG,2016-11-11,image/png
1eQ9jTjk7RBnt-kWU0IOfD-r1uJyCm5ER,IMG_5854.PNG,2016-11-11,image/png
16ZPdfcqB_gMQvLmy5D_HTsw4knE1iqIh,IMG_5853.PNG,2016-11-11,image/png
1HV-QhR_7CL1J-L38SB8RDohRrWwnoAWM,IMG_5852.PNG,2016-11-08,image/png
1K1jvchuYGlFuqVSSuRsWXJ17WImPz5Mu,IMG_5851.PNG,2016-11-08,image/png
1hBqafsUs4Vq2STgLf1b_8NjbMOmSRqTm,IMG_5850.PNG,2016-11-08,image/png
1_6P5J3YFT_6lO2UD1JjnqVPBSvBf4w-L,IMG_5848.PNG,2016-11-03,image/png
19OQ4tYTQe7tbwjY-yzzX8COWyL8zm-3o,IMG_5847.PNG,2016-11-02,image/png
185DUKH6Ck_Mkhtuf8mn5tea2rFdUM2zv,IMG_5846.PNG,2016-11-02,image/png
1hbM-iXWJWfW5AIqSJG9KFORixkwe1rSa,IMG_5845.PNG,2016-11-01,image/png
1L7DeUOfdBkDfWcbBGvUqUN2NPBwXUoF9,IMG_5844.PNG,2016-11-01,image/png
1oUDAx6G1SG3nd8bXNx8WNmAaPvE8KHkz,IMG_5843.PNG,2016-11-01,image/png
1qNenYVq3WvLPDtLm7AXxqK2j0t6_8bid,IMG_5842.PNG,2016-10-31,image/png
1WxL3fro_qe85jXI9i2UCa5dBQsylSl-d,IMG_5841.PNG,2016-10-28,image/png
19VVZsPSDw8BJTyD6WpSBfZHJqaXM5K8r,IMG_5840.PNG,2016-10-26,image/png
1kpVEow68eDklbdtl8xhGtIcrmUuZL6gI,IMG_5839.PNG,2016-10-26,image/png
1T1esWzgTC1vjFbJVoQ9kyKr7JbuIPNoq,IMG_5835.PNG,2016-10-19,image/png
1Q0zGyoDomVWfUjLPFfIhHwvFUUZqyvN2,IMG_5834.PNG,2016-10-18,image/png
19OIP87KocF-I7QiUVzdVu4zd7JfLMml8,IMG_5833.PNG,2016-10-18,image/png
17aV8_TFM6XGZy6wPMHmqsn7Efie9Cy5J,IMG_5832.PNG,2016-10-17,image/png
1g-RPGZ3JjjXqWisdZdb8U-pzjwIdOrM4,IMG_5815.PNG,2016-10-14,image/png
1RuaKRzKMVjHLcOq86w2Uj2Bm0CSrCVkL,IMG_5814.PNG,2016-10-12,image/png
1iZGbcA50YiUA6MaB6JK_o8SYhplnJUet,IMG_5813.PNG,2016-10-12,image/png
1PWmGsE6VBUVaJgBTsvMJXdSvHNhnDfiu,IMG_5812.PNG,2016-10-11,image/png
1cYdej2wXIgbowGg35jnLe-yHn3XesLlA,IMG_5811.PNG,2016-10-08,image/png
17LAckfo5msqG8Hs0Ovl3k4afe1FuwSyx,IMG_5810.PNG,2016-10-06,image/png
1qAZGlF3sG5-g6SmVhqum0yhZI0CMdm_S,IMG_5809.PNG,2016-10-05,image/png
1wuSq7gAVk1oVsXNHkQhBthqpZVKg3atJ,IMG_5808.PNG,2016-10-05,image/png
1r-kFKBLlzbCJBAgHkHFzo2dajmZs0cx9,IMG_5807.PNG,2016-10-05,image/png
1YunNOqLEdgEdrgoSrFQydBm2eQlvUkeG,IMG_5806.PNG,2016-10-05,image/png
1SVDvk-dXMEsl9fd751zzf48t7Ydl7X3K,IMG_5805.PNG,2016-10-04,image/png
1Dc3rlgHqjCH3ZEhuOj3kyKg5AI7DADLN,IMG_5804.PNG,2016-10-01,image/png
154fCsgpybKcBdIeqhQmdE1vtZ13zzge2,IMG_5803.PNG,2016-09-30,image/png
1yWK7EANQqDNsPNDwjvkOOLnyl5lZelFr,IMG_5800.PNG,2016-09-25,image/png
1TvIRX_RxJ7qKRlScCnXaEJLBzjHk4fKG,IMG_5799.PNG,2016-09-25,image/png
13DIJa5VWGAI-mg-rGISuV_H76gMp-Q3s,IMG_5798.PNG,2016-09-24,image/png
1VaocCFrXqmne9eWW33qReweN7qjdk_vZ,IMG_5797.PNG,2016-09-20,image/png
1ktnb_aBmDQwB8i87VfgzL2rtS8DbLumK,IMG_5796.PNG,2016-09-20,image/png
1me3sqPn87Wf7ya0kUrpDrMClg-aM-MyX,IMG_5795.PNG,2016-09-20,image/png
1a44N7Y4ztES32LVI_jk2fftcPKoZvLgG,IMG_5794.PNG,2016-09-19,image/png
17SPDW8QsT1KtqSw4nYi5eGNoK92gukMY,IMG_5793.PNG,2016-09-19,image/png
1f6iDJhDo7sGH9rOr6yZIplRn14YZw6Gr,IMG_5792.PNG,2016-09-19,image/png
1CPvnZn_3MZEqDexyQGAHgN_QCj4YkBNJ,IMG_5791.PNG,2016-09-17,image/png
1yRvpMcd2lOGFNFgl6w5n1yf28q70HJ7f,IMG_5790.PNG,2016-09-17,image/png
1WPepY12HTE8lYyxO6jonVGdweD0RPFQP,IMG_5789.PNG,2016-09-16,image/png
1XCrotXORqbwU3iBy1T1NzJusPB70C8oV,IMG_5788.PNG,2016-09-16,image/png
1emt82c_wO4DnyFtLyEm2GcOwEhqvyCfA,IMG_5787.PNG,2016-09-16,image/png
1BqX6vUOXTM21hLT-cksA5VfMmvVZACV3,IMG_5786.PNG,2016-09-15,image/png
1IZhOUOWsO5S7R4KfbDDkUB5EE_RvoMJe,IMG_5785.PNG,2016-09-15,image/png
1ORjRh9Khx33YX9R2zodomuDzvp57Cxbv,IMG_5784.PNG,2016-09-15,image/png
1FNEpFi4UHbpKp2koe6YFSpvJPKx2aIhE,IMG_5783.PNG,2016-09-14,image/png
13bmavWgegrhp3r3J4b1ogZmWEfSjImt-,IMG_5782.PNG,2016-09-14,image/png
1o5F030ncIiZt9SAjTyzQ_ZW9Nd7lXulp,IMG_5771.PNG,2016-09-11,image/png
1ChydPVpJwy2zxoj1Vg5GYIP9Mc9vXXQ0,IMG_5770.PNG,2016-09-11,image/png
1kvtkWQ7q3YGZfCR4zl_L7KCas1FIEVMT,IMG_5769.PNG,2016-09-09,image/png
17WdlKkTOn3XgPzDEaqqruvP7dBGnRACw,IMG_5766.PNG,2016-09-08,image/png
1RVtoezmum8VR02sGgVgfOBi5G908b0JN,IMG_5765.PNG,2016-09-08,image/png
1v0dgo81h5qwzmp24JEatzqZDq1D5rg8B,IMG_5764.PNG,2016-09-07,image/png
1jtNcITshfpAq1NmPTFb7IOVQDsAO_Tr9,IMG_5763.PNG,2016-09-07,image/png
1JjASs8y3prz3gkC-7glOCouIbyNRaqJF,IMG_5762.PNG,2016-09-07,image/png
1EW4GQQ1FQbTjmob9V-kZXyGcoitXTKP3,IMG_5761.PNG,2016-09-07,image/png
1x0rZxORwUnocE9Tdwuj6yTGuYdqRl1IU,IMG_5760.PNG,2016-09-06,image/png
1ucV3qoIWF8L1En1WSwmQHoWPxXjhc0ET,IMG_5759.PNG,2016-09-06,image/png
1zjUOO5azs6bI9G0EvD_gm89DlrUtoTly,IMG_5758.PNG,2016-09-06,image/png
1T_zyGz-u4XMqvlZSTi9ulvW4UIPvkfRq,IMG_5757.PNG,2016-09-06,image/png
1duzRt7oR_q8WLc1_vwE_cpKpGzhUEuou,IMG_5756.PNG,2016-09-06,image/png
1o0KeyxZR0H_GgfQYVL9elAQzf2iNqcDL,IMG_5755.PNG,2016-09-06,image/png
1K4hmoPYAYCZCLQiEUqdP4WDkV2wdSala,IMG_5751.PNG,2016-08-30,image/png
1JxZXQD5KPpEWZBkqe79CsU8C6rqvs_06,IMG_5750.PNG,2016-08-29,image/png
1TCDlh3cLBTPywTM_XgGRPWOgaaibXs1U,IMG_5749.PNG,2016-08-29,image/png
1R6OwRw6uU_VtoU9BsJccRFyxLeU4J_yK,IMG_5748.PNG,2016-08-28,image/png
1iNqf_fLHw45CYAPbkpE6_SZkhWUHfdrg,IMG_5747.PNG,2016-08-28,image/png
16dmLLCkUTsvflxr7zeMw-k54ufY6dot3,IMG_5746.PNG,2016-08-27,image/png
16iueXHn3pPJTpEgXHwQywOK0fSa-mMCc,IMG_5745.PNG,2016-08-24,image/png
1D3c6ZxugijC6h2Sj2rbwp3S5OgWiUoKY,IMG_2916.PNG,2016-08-24,image/png
1CWIu5tMpvYBuP4x_rQjhqI6bDIEkV2TJ,IMG_5744.PNG,2016-08-24,image/png
1TergymX2S04q70MasHHVN3NfdCjjJwDa,IMG_5743.PNG,2016-08-23,image/png
1oU2nUUBhiltjhQtFmHpzBaEKYKoo3cXk,IMG_5742.PNG,2016-08-23,image/png
1AIp4hp6cJa8h-K_puzY6-8UqskQdOxAO,IMG_5738.PNG,2016-08-18,image/png
1C387dKSnlj-Km4iSlzM7NmTWqVDU9NTD,IMG_5736.PNG,2016-08-13,image/png
14aLqqkdYpFxXSZmKd7Nfa8KhHP_fq-I4,IMG_5735.PNG,2016-08-11,image/png
1TbMVJ2HRDWEGv_Y0lUv-H9uXR6XdMeVk,IMG_5734.PNG,2016-08-11,image/png
1HRr1Rd3rfZDQcIZcP4aTsCNl5vYhqgCn,IMG_5733.PNG,2016-08-09,image/png
1Q0oz0ESBVsFg3NE3YsmLub2JpOOVGqZQ,IMG_5732.PNG,2016-08-07,image/png
1_bJC-HYcq04DblPT9MZH-foztpoJC8PP,IMG_5731.PNG,2016-08-07,image/png
1mU0bJ376fSEhrEWFOlza_xhKCXWdxs9w,IMG_5730.PNG,2016-08-05,image/png
1B_2YJODp8S4MJy4lUm7oSWtZNADWokv_,IMG_5729.PNG,2016-07-31,image/png
1z11zRDrGq7r83GRJ4SoQ3OKf0kwmTM6g,IMG_5720.PNG,2016-07-27,image/png
1Qy0nslvHB3pLXVQ3svCofvr5wPMsn9JR,IMG_5719.PNG,2016-07-27,image/png
1Fbb_ARDwvy_h9Q7m9IESLu2ZxQvac6MB,IMG_5718.PNG,2016-07-27,image/png
1fRlu7CxM0YTBusQJ0YvPcFOAgI9RROv7,IMG_5717.PNG,2016-07-25,image/png
1re5wvg67rp7QTgsZxYv3YctLNakObonJ,IMG_5716.PNG,2016-07-22,image/png
1uWiNOATLBboYLvJP630fAO1SOWS2kiDA,IMG_5715.PNG,2016-07-21,image/png
1TNLk6RiaWNRMpx3yNEeBWOUzJ8_tnAYI,IMG_5714.PNG,2016-07-21,image/png
1pYMHaLNX6Q-L-ec74e14A-9P7kso-qw2,IMG_5713.PNG,2016-07-21,image/png
1sTlsp3wMePfbZ8AdM29iXicSsNUqzonH,IMG_5712.PNG,2016-07-20,image/png
1FauCRE1PBP1thMtg9joVYOK0SUovzfNL,IMG_5711.PNG,2016-07-20,image/png
1hwidvgTWuU9Ty_jhDG9mBIjjKzYtKXo3,IMG_5710.PNG,2016-07-20,image/png
1J30J6Qj68U3NHBaLHlhPbAbSq2xPgAnS,IMG_5709.PNG,2016-07-17,image/png
10WofNfHrBP9Z-zYWszrKbtXJqkfY_FKc,IMG_5708.PNG,2016-07-17,image/png
1PHq8PNXwG3KfsKPeuHgCpwoQPwugkkxp,IMG_5691.PNG,2016-07-17,image/png
1vU7k98SJfkoXsn_b60WtM27WoA6pMtCT,IMG_5690.PNG,2016-07-14,image/png
1jPhHzt4kMoYI55fVQFIb-gy4kowmuj9d,IMG_5689.PNG,2016-07-10,image/png
1Tu8j0dy_3Lm7nacCf3EfU7bL_nKBwaeQ,IMG_5644.PNG,2016-07-09,image/png
10Ajc7yKABjbGXTnXCrBrlb3uQG5GyQ4N,IMG_5643.PNG,2016-07-06,image/png
1uDEW2x9HDk61aS7-XJQe-PTRU8JnZApK,IMG_5642.PNG,2016-07-06,image/png
1D-4gBG-m_8Hb3xEAyHjHawmBtQE1eTBa,IMG_5641.PNG,2016-07-05,image/png
1NYhB6RY6I15qOZ9Vtxy1tqbM15wI7XTE,IMG_5640.PNG,2016-07-05,image/png
1Nmd7zk0GTwmmydVwH4GZlKztq-w0UG5q,IMG_5498.PNG,2016-06-28,image/png
1L8yWmMdF6FKPMR5zKU_QxKfC0rJjMu_I,IMG_5497.PNG,2016-06-28,image/png
1M5cCMJewn9_5-iIbCMLRoCgEYJyrjMUG,IMG_5496.PNG,2016-06-28,image/png
1GPFutufe_is-2J3whVrMu4Mj6N9FRmNY,IMG_5494.PNG,2016-06-24,image/png
1DUNET5yp9VKO5CLh_70Z12B1jdkrdvrJ,IMG_5493.PNG,2016-06-24,image/png
1AqEevnLSS2yefa_taePIL9PaaVKjtDdl,IMG_5492.PNG,2016-06-22,image/png
1lvv9M7LBSfyHBWltMhwfWKBRqVRykS5a,IMG_5491.PNG,2016-06-21,image/png
1JSrpeYB29l4kuyK1eVEa-flg0bLdLWvw,IMG_5490.PNG,2016-06-21,image/png
1ReEPkT9AnqCjK1Gg3MMHUExSVAfUlC9H,IMG_5489.PNG,2016-06-20,image/png
191kEbPSxhu1ghlWJd7IbRr2XIBFNVSdH,IMG_5488.PNG,2016-06-20,image/png
1j3wdUAylakS_Cv_8iQS_bS0U8UD3rkKW,IMG_5487.PNG,2016-06-20,image/png
1MJ18C1-sz2YNWrkBGlO0w_Uj1N9m2QR3,IMG_5486.PNG,2016-06-18,image/png
1m5cn8BS0_WxFj3UGUw1d0OUrtenYTRzy,IMG_5485.PNG,2016-06-18,image/png
1aUGgZ8sa2svRD01RX-Yd6n-0Wn-A76tR,IMG_5474.PNG,2016-06-09,image/png
1NVOYUM1GfMpwi0fF7rluU26VyyH448ZT,IMG_5473.PNG,2016-06-08,image/png
1tR97OoJZN0fWa_SuIb_LXLgyIlFoAdi7,IMG_5472.PNG,2016-06-08,image/png
1s287Us7UOvVEQNTnyeTEQnYkct9OviuU,IMG_5471.PNG,2016-06-08,image/png
1GhjfjJ5qJY_7DJAMEwBInZHXWWv9Jz8g,IMG_5470.PNG,2016-06-07,image/png
1glaDVDYbF6DuqmLXV77kAtwO2XNJAQ6R,IMG_5468.PNG,2016-06-06,image/png
1Qrhkir8ViiKXKMay8zWY9hQbphRZhXRr,IMG_5467.PNG,2016-06-05,image/png
1hpl1C0rBeEPS3f1VlNTMO88oZ_0Id3uR,IMG_5465.PNG,2016-06-01,image/png
1HtL2Ptd3ZSNKWhALeCkFg9Ud5a-2oT4d,IMG_5451.PNG,2016-05-26,image/png
1vG8qt8AOQX87FgZ6o84ecn9fy0y06maJ,IMG_5421.PNG,2016-05-25,image/png
15TQK7KLnGy4-ZBfNlbhXTsfsXbSH0Ta_,IMG_5386.PNG,2016-05-23,image/png
1I3vgBds_dUk9cAr89HIpRsj4oPh8q9_5,IMG_5296.PNG,2016-05-22,image/png
1vWoz7FWd2uV1hlGruZTYjPGhvILmLzYJ,IMG_5265.PNG,2016-05-20,image/png
17HjitW2c5OzxBvCOkUM8bSGsPt6SxHJl,IMG_5167.PNG,2016-05-19,image/png
1iBZpGHmigORoK1gedMvfWS9V-_fHfaBT,IMG_5126.PNG,2016-05-16,image/png
14U0oz15649O0MjIpWwGTsjOuHf9atnPt,IMG_5125.PNG,2016-05-16,image/png
1zLbpm3bP2quVizQ-yAbXtfWF94BzxJ_-,IMG_5124.PNG,2016-05-11,image/png
1-Hs9GkkrNKMRH5x1qgp295wLP0vzbNxr,IMG_5123.PNG,2016-05-11,image/png
1rJWTP_wWm9uvtI13LastoWFGn397YYzy,IMG_5122.PNG,2016-05-10,image/png
13yK6AwvOmt3WOOVHS_BO6nYlZWOIPM0L,IMG_5121.PNG,2016-05-10,image/png
1_n8rhfxcdcdjFjCKg-Yhz_gjxHaEC2yJ,IMG_5114.PNG,2016-05-04,image/png
1zpuFU7l8LEufCY1hdBx1CNWBhHQbaQKH,IMG_5113.PNG,2016-05-03,image/png
1MT0y_rLpbIBf4HBseMDSu1Irq-g2utxu,IMG_5107.PNG,2016-04-30,image/png
1ZS-EH1Q3LtilWFrgZdhVM88-fdg47UWo,IMG_5106.PNG,2016-04-29,image/png
10O662ERYMW4lZVzkvI_lRgOJ_bItdsHz,IMG_5106.PNG,2016-04-29,image/png
1aium_-BH5sja5FhK4rlk2nyetZkGrsBA,IMG_5049.PNG,2016-04-24,image/png
1egY4c02IvJ-ABQCXiCCXq5iCJTwvAcPR,IMG_5044.PNG,2016-04-22,image/png
1WfutIHs3R-rYl7eLA3oirjQVlDmjFMph,IMG_5040.PNG,2016-04-16,image/png
1XmIH35vjuxQadblmDHnoWFbrm0YOKqoT,IMG_5019.PNG,2016-04-08,image/png
1roHUrdABvPWTYLLlDj8Xabu8VpAq693U,IMG_5018.PNG,2016-04-08,image/png
12BLOECbUW4MYeWjkt-sRPt4_1EbVI3Aa,IMG_5017.PNG,2016-04-05,image/png
1k6zFAoyXWGcLgJN7Uz4LXIDFJK2KDlz8,IMG_5016.PNG,2016-04-03,image/png
1sZ2N65t9ZZBHqbVYi1egVb6vo4fFTGbs,IMG_5015.PNG,2016-04-01,image/png
1qvhZEF04la5jB7Rrtn9Ws_td-v7QpzJo,IMG_5014.PNG,2016-04-01,image/png
12iJ3WtK5yENZmTbXY7x45DxIwj0Jr3OE,IMG_5013.PNG,2016-03-31,image/png
1b2wLZkZVWcB8F7-aO4MgrpfY-KqBAEyf,IMG_5012.PNG,2016-03-31,image/png
10yIoqKy6BDw6PSrLuKmvpt6nhxSo-uqx,IMG_5012.PNG,2016-03-31,image/png
1kCr7iW7oh2B2iEaH9WrSHfFSeW8Q3c5U,IMG_5011.PNG,2016-03-29,image/png
1MfQhWiRbUyUdTxSqayW0ht3_8wSSaLVk,IMG_5010.PNG,2016-03-29,image/png
1iB55b43_d6k-IonmO2u9_FZ1oGTlZ9IK,IMG_5009.PNG,2016-03-29,image/png
1zkP4LeaGNimtIXWd4kjWVCzGHAN1BISd,IMG_5008.PNG,2016-03-29,image/png
116404Gyhq8Y8LdlqXCP04L-vWyZfTHgM,IMG_5007.PNG,2016-03-29,image/png
18BLXeDVKOZIIaIFs2D7Hp8od1hkKv4gk,IMG_5006.PNG,2016-03-29,image/png
1EQJGi6K4xUk8jAXvUmNAXYX62RMQ5mVm,IMG_5005.PNG,2016-03-28,image/png
1yOPR-VSq4uWu1Bwf2XIXsMUtDlHq6jq-,IMG_5003.PNG,2016-03-28,image/png
13INOYpPP1GHVuTY7-QZGv4bn7iPpjnKr,IMG_5002.PNG,2016-03-27,image/png
1YtpFgT5s8_vKzFzlsT5lyEBi4Y83P6iK,IMG_4955.PNG,2016-03-22,image/png
1lLolp1LPouAJ7gVnJwBAXJZ_l8fdLvML,IMG_4954.PNG,2016-03-22,image/png
1vZcz-zt2bWb9902FiKNLJigfp48sHJoG,IMG_4953.PNG,2016-03-22,image/png
1yM_mNtqQh2jjRtD3iemcz_VZ1O7yoZD2,IMG_4952.PNG,2016-03-21,image/png
14-eyDm5IcqlQ9ECIjxPSVK7qs0XABdhc,IMG_4951.PNG,2016-03-20,image/png
1TMMfgot-rtL1vl6lgMgC_3DEgipYCOl3,IMG_4950.PNG,2016-03-18,image/png
1noIHEg9zenkXb0Y0ibEA-2QhLV8-jbD3,IMG_4949.PNG,2016-03-16,image/png
1KstN3dXmA0DpTbKJo6mkXMRWfFJBLYWq,IMG_4948.PNG,2016-03-14,image/png
1zRIqb1wrIxAJYRhr33pAbhS-45j9L0dU,IMG_4946.PNG,2016-03-13,image/png
1mXma7z6HZCbswepQeW6rCDMNG1qzXTa1,IMG_4945.PNG,2016-03-05,image/png
1R7oNhN06LbyKW_hOMpvG8guyAWUJPMOW,IMG_4944.PNG,2016-03-04,image/png
1aO9wxV0ELg8OVCDcJLHm6IkXAHUS-2Z8,IMG_4943.PNG,2016-03-04,image/png
1kiIooJYMnJJ2-NwEVUFgp-YAB7t-wOGz,IMG_4942.PNG,2016-03-01,image/png
1mLeQ21e7_pcG_jcrdgzCzjAtsepOKeuZ,IMG_4941.PNG,2016-03-01,image/png
1gzN1SB3uYRjLm28HSiasWOVWYDv8FcPP,IMG_4940.PNG,2016-03-01,image/png
1kn8NUCwGyMJm3goYGN57SWQEi_dbr-N9,IMG_4939.PNG,2016-02-29,image/png
1J6ISwd9Evw6QTYv0Z_1i47Y3JmagZbdt,IMG_4938.PNG,2016-02-27,image/png
1uQdegL4l7ciqDW96BP-V_IoaouIhF_de,IMG_4937.PNG,2016-02-27,image/png
1JNUSTv-iJsFii_5y_4GLvoFk_sCA4sKU,IMG_4910.PNG,2016-02-25,image/png
1kTtB3lOBAbCBqz8_eHaBNaKKTRBgJX5h,IMG_4877.PNG,2016-02-17,image/png
1P7-_CbX9PV9VQd1eXSpkkyUm6yv7ryoJ,IMG_4876.PNG,2016-02-17,image/png
1QnaPNFdO3e4BHRSS3vNgB97LJ1h-PiMY,IMG_4875.PNG,2016-02-12,image/png
1QlNCU6Qi4TUrntAW8rrTlFuorXHyr3uc,IMG_4874.PNG,2016-02-11,image/png
1ZCThGQsEiuvslsh-bsn09aMz9JTzdagH,IMG_4873.PNG,2016-02-09,image/png
1zccKZtTKkO9CeaXCq6mSLfOW20PF8qWc,IMG_4870.PNG,2016-02-06,image/png
1_r-An6GFj0A00KThv4eBLhtdu4-uvP3p,IMG_4869.PNG,2016-02-06,image/png
1UtcDTngf3-Y9-8hyn4wJUkUuymXpskx8,IMG_4868.PNG,2016-02-05,image/png
1ieHZLDADhd4fqbbeVXM464BcgvYRYU3U,IMG_4862.PNG,2016-02-05,image/png
1P5Gft9ykx9L9T_CjsFuxO11baquyUTCC,IMG_4861.PNG,2016-02-04,image/png
11qArxCdQXbnIN6xi2Od_G5aYtFKZuAPd,IMG_4860.PNG,2016-02-04,image/png
1fhXCDuVXqpD7U7Uii5ql8IHfP2xOuSyd,IMG_4858.PNG,2016-01-28,image/png
1wO2AB7l-LZF7L29fyp3rkdTFG5YfQx7b,IMG_4857.PNG,2016-01-27,image/png
1oyUpg9YEWFV2EXEHpPqK6eaKwFSkXRt8,IMG_4856.PNG,2016-01-26,image/png
1ggkJCaN1Q--KAbWSGPP9nO79X3w69X0x,IMG_4854.PNG,2016-01-26,image/png
1g4AGXzRdbO-tI2G4Dgna_8mDIGhyX6vi,IMG_4852.PNG,2016-01-21,image/png
1P39va5q1HFUBto3mLzWW_rYtB-CFXd9s,IMG_4851.PNG,2016-01-19,image/png
1YrF9-m8vKqoGZyulS3n6SgtoUPUyzVq6,IMG_4834.PNG,2016-01-15,image/png
1q5bfgkcznP2f7rQSNSFnPxItyoXo17PC,IMG_4833.PNG,2016-01-15,image/png
1GaOxzFT9JsM14BPP9sjY4k-A0PNh7sAh,IMG_4829.PNG,2016-01-08,image/png
1UDpGzmvDzS7bvMNYrCzm0yxOW0TkTsBU,IMG_4826.PNG,2016-01-03,image/png
13tntS9BTemKIabYpdzI_c8gQYaIO6JpW,IMG_4825.PNG,2016-01-01,image/png
1rlPfHj7ClyqQlJ56v40F3a9Xr5Da5y6O,IMG_4824.PNG,2016-01-01,image/png
1mdPd9tqfri31dG4uhcu-_kFeC0L2CNDF,IMG_4823.PNG,2015-12-31,image/png
1wTxIwfdWm3sOZCrgQ7VlKCi9QzDpExCv,IMG_4610.PNG,2015-12-23,image/png
1qJlIPat7BHVIsWdQyHQgVCo59Iu4x5b-,IMG_4575.PNG,2015-12-16,image/png
1Y4brsObhU3bdtrzaOUmOTWhbJKiTS3VH,IMG_3662.PNG,2015-12-15,image/png
1fydIutbbyxafVtZ6ZDPrgjPyeZRYjDjX,IMG_4574.PNG,2015-12-14,image/png
16pJsPCLJg71_Aq7lzJVsiYn0R-q_6Z5O,IMG_4515.PNG,2015-11-26,image/png
1gqihrWbbJ4nFU1HLbIpkVm5jP6ErQfwx,IMG_4423.PNG,2015-11-11,image/png
11ip6MZ6OgjMkwdrHGoGHuPgb4GPf-0HI,IMG_4419.PNG,2015-11-02,image/png
19cio7iPNlqgcBR1HiVQ8cmzA4yxDtLR6,IMG_4399.PNG,2015-10-21,image/png
1aPfpu6BYWIRhkvOgsqL65_v4i0cw61Sp,IMG_4398.PNG,2015-10-20,image/png
1ycN8ziAVgABaecROOCByVF-OCQ8-UM2D,IMG_4395.PNG,2015-10-18,image/png
1IR-gPY5pBsuUVkxFEI4U19XojpZxqf4j,IMG_4394.PNG,2015-10-18,image/png
1T47tP6a9_Q181BjltqPKxT-6WYqxB0X3,IMG_4393.PNG,2015-10-18,image/png
1LvQm82mVJxi36_yIihuimxvxBjXDJWw_,IMG_4307.PNG,2015-10-15,image/png
1dHWffxR7Bel-hBaC90c3L7BB45Vbiqs-,IMG_4306.PNG,2015-10-08,image/png