solid OpenSCAD_Model
  facet normal 0 0 -1
    outer loop
      vertex -12.983048163999722 -12.6118536953499 2.677165354330709
      vertex -12.98808418654316 -12.581350957080135 2.677165354330709
      vertex -12.583516548996366 -12.583516548996366 2.677165354330709
    endloop
  endfacet
  facet normal 0 0 -1
    outer loop
      vertex -12.976027949471174 -12.64196175348571 2.677165354330709
      vertex -12.983048163999722 -12.6118536953499 2.677165354330709
      vertex -12.537965291128383 -12.611842141376705 2.677165354330709
    endloop
  endfacet
  facet normal 0 0 -1
    outer loop
      vertex -12.983048163999722 -12.6118536953499 2.677165354330709
      vertex -12.583516548996366 -12.583516548996366 2.677165354330709
      vertex -12.577875490029028 -12.588799977161752 2.677165354330709
    endloop
  endfacet
  facet normal 0 0 -1
    outer loop
      vertex -12.983048163999722 -12.6118536953499 2.677165354330709
      vertex -12.54519883073925 -12.609119629707392 2.677165354330709
      vertex -12.537965291128383 -12.611842141376705 2.677165354330709
    endloop
  endfacet
  facet normal 0 0 -1
    outer loop
      vertex -12.983048163999722 -12.6118536953499 2.677165354330709
      vertex -12.552238821572676 -12.605929851355985 2.677165354330709
      vertex -12.54519883073925 -12.609119629707392 2.677165354330709
    endloop
  endfacet
  facet normal 0 0 -1
    outer loop
      vertex -12.983048163999722 -12.6118536953499 2.677165354330709
      vertex -12.559055118110235 -12.602286464938029 2.677165354330709
      vertex -12.552238821572676 -12.605929851355985 2.677165354330709
    endloop
  endfacet
  facet normal 0 0 -1
    outer loop
      vertex -12.983048163999722 -12.6118536953499 2.677165354330709
      vertex -12.565618531382459 -12.598205072379956 2.677165354330709
      vertex -12.559055118110235 -12.602286464938029 2.677165354330709
    endloop
  endfacet
  facet normal 0 0 -1
    outer loop
      vertex -12.983048163999722 -12.6118536953499 2.677165354330709
      vertex -12.571900956274018 -12.593703150573209 2.677165354330709
      vertex -12.565618531382459 -12.598205072379956 2.677165354330709
    endloop
  endfacet
  facet normal 0 0 -1
    outer loop
      vertex -12.983048163999722 -12.6118536953499 2.677165354330709
      vertex -12.577875490029028 -12.588799977161752 2.677165354330709
      vertex -12.571900956274018 -12.593703150573209 2.677165354330709
    endloop
  endfacet
  facet normal 0 0 -1
    outer loop
      vertex -12.976027949471174 -12.64196175348571 2.677165354330709
      vertex -12.515416479427515 -12.617099786719939 2.677165354330709
      vertex -12.507724778976026 -12.617857353248464 2.677165354330709
    endloop
  endfacet
  facet normal 0 0 -1
    outer loop
      vertex -12.976027949471174 -12.64196175348571 2.677165354330709
      vertex -12.523042163921623 -12.615840781157411 2.677165354330709
      vertex -12.515416479427515 -12.617099786719939 2.677165354330709
    endloop
  endfacet
  facet normal 0 0 -1
    outer loop
      vertex -12.976027949471174 -12.64196175348571 2.677165354330709
      vertex -12.530569178675572 -12.614085727378608 2.677165354330709
      vertex -12.523042163921623 -12.615840781157411 2.677165354330709
    endloop
  endfacet
  facet normal 0 0 -1
    outer loop
      vertex -12.976027949471174 -12.64196175348571 2.677165354330709
      vertex -12.537965291128383 -12.611842141376705 2.677165354330709
      vertex -12.530569178675572 -12.614085727378608 2.677165354330709
    endloop
  endfacet
  facet normal 0 0 -1
    outer loop
      vertex -12.976027949471174 -12.64196175348571 2.677165354330709
      vertex -12.507724778976026 -12.617857353248464 2.677165354330709
      vertex -12.5 -12.618110236220472 2.677165354330709
    endloop
  endfacet
  facet normal 0 0 -1
    outer loop
      vertex -12.98808418654316 -12.581350957080135 2.677165354330709
      vertex -12.991114451777278 -12.550584155567519 2.677165354330709
      vertex -12.618110236220472 -12.5 2.677165354330709
    endloop
  endfacet
  facet normal 0 0 -1
    outer loop
      vertex -12.991114451777278 -12.550584155567519 2.677165354330709
      vertex -12.992125984251969 -12.519685039370078 2.677165354330709
      vertex -12.618110236220472 -12.5 2.677165354330709
    endloop
  endfacet
  facet normal 0 0 -1
    outer loop
      vertex -12.98808418654316 -12.581350957080135 2.677165354330709
      vertex -12.617099786719939 -12.515416479427515 2.677165354330709
      vertex -12.615840781157411 -12.523042163921623 2.677165354330709
    endloop
  endfacet
  facet normal 0 0 -1
    outer loop
      vertex -12.98808418654316 -12.581350957080135 2.677165354330709
      vertex -12.615840781157411 -12.523042163921623 2.677165354330709
      vertex -12.614085727378608 -12.530569178675572 2.677165354330709
    endloop
  endfacet
  facet normal 0 0 -1
    outer loop
      vertex -12.98808418654316 -12.581350957080135 2.677165354330709
      vertex -12.618110236220472 -12.5 2.677165354330709
      vertex -12.617857353248464 -12.507724778976026 2.677165354330709
    endloop
  endfacet
  facet normal 0 0 -1
    outer loop
      vertex -12.98808418654316 -12.581350957080135 2.677165354330709
      vertex -12.617857353248464 -12.507724778976026 2.677165354330709
      vertex -12.617099786719939 -12.515416479427515 2.677165354330709
    endloop
  endfacet
  facet normal 0 0 -1
    outer loop
      vertex -12.98808418654316 -12.581350957080135 2.677165354330709
      vertex -12.588799977161752 -12.577875490029028 2.677165354330709
      vertex -12.583516548996366 -12.583516548996366 2.677165354330709
    endloop
  endfacet
  facet normal 0 0 -1
    outer loop
      vertex -12.98808418654316 -12.581350957080135 2.677165354330709
      vertex -12.593703150573209 -12.571900956274018 2.677165354330709
      vertex -12.588799977161752 -12.577875490029028 2.677165354330709
    endloop
  endfacet
  facet normal 0 0 -1
    outer loop
      vertex -12.98808418654316 -12.581350957080135 2.677165354330709
      vertex -12.598205072379956 -12.565618531382459 2.677165354330709
      vertex -12.593703150573209 -12.571900956274018 2.677165354330709
    endloop
  endfacet
  facet normal 0 0 -1
    outer loop
      vertex -12.98808418654316 -12.581350957080135 2.677165354330709
      vertex -12.602286464938029 -12.559055118110235 2.677165354330709
      vertex -12.598205072379956 -12.565618531382459 2.677165354330709
    endloop
  endfacet
  facet normal 0 0 -1
    outer loop
      vertex -12.98808418654316 -12.581350957080135 2.677165354330709
      vertex -12.605929851355985 -12.552238821572676 2.677165354330709
      vertex -12.602286464938029 -12.559055118110235 2.677165354330709
    endloop
  endfacet
  facet normal 0 0 -1
    outer loop
      vertex -12.98808418654316 -12.581350957080135 2.677165354330709
      vertex -12.614085727378608 -12.530569178675572 2.677165354330709
      vertex -12.611842141376705 -12.537965291128383 2.677165354330709
    endloop
  endfacet
  facet normal 0 0 -1
    outer loop
      vertex -12.98808418654316 -12.581350957080135 2.677165354330709
      vertex -12.609119629707392 -12.54519883073925 2.677165354330709
      vertex -12.605929851355985 -12.552238821572676 2.677165354330709
    endloop
  endfacet
  facet normal 0 0 -1
    outer loop
      vertex -12.98808418654316 -12.581350957080135 2.677165354330709
      vertex -12.611842141376705 -12.537965291128383 2.677165354330709
      vertex -12.609119629707392 -12.54519883073925 2.677165354330709
    endloop
  endfacet
  facet normal 0.7730104360011864 0.6343933053187555 0
    outer loop
      vertex -12.588799977161752 -12.577875490029028 2.677165354330709
      vertex -12.593703150573209 -12.571900956274018 2.677165354330709
      vertex -12.593703150573209 -12.571900956274018 3.1102362204724407
    endloop
  endfacet
  facet normal 0.7298640803691494 0.6835922938322928 0
    outer loop
      vertex -12.588799977161752 -12.577875490029028 2.677165354330709
      vertex -12.588799977161752 -12.577875490029028 3.1102362204724407
      vertex -12.583516548996366 -12.583516548996366 2.677165354330709
    endloop
  endfacet
  facet normal 0.8492021866926409 0.5280678423426645 0
    outer loop
      vertex -12.598205072379956 -12.565618531382459 2.677165354330709
      vertex -12.602286464938029 -12.559055118110235 2.677165354330709
      vertex -12.602286464938029 -12.559055118110235 3.1102362204724407
    endloop
  endfacet
  facet normal 0.8128466971527882 0.5824776793387052 0
    outer loop
      vertex -12.598205072379956 -12.565618531382459 2.677165354330709
      vertex -12.598205072379956 -12.565618531382459 3.1102362204724407
      vertex -12.593703150573209 -12.571900956274018 2.677165354330709
    endloop
  endfacet
  facet normal 0.8819212636659116 0.47139673810275956 0
    outer loop
      vertex -12.605929851355985 -12.552238821572676 2.677165354330709
      vertex -12.605929851355985 -12.552238821572676 3.1102362204724407
      vertex -12.602286464938029 -12.559055118110235 2.677165354330709
    endloop
  endfacet
  facet normal 0.9108638247556112 0.4127070301698035 0
    outer loop
      vertex -12.605929851355985 -12.552238821572676 2.677165354330709
      vertex -12.609119629707392 -12.54519883073925 2.677165354330709
      vertex -12.609119629707392 -12.54519883073925 3.1102362204724407
    endloop
  endfacet
  facet normal 0.9359059207227383 0.35225006395474734 0
    outer loop
      vertex -12.611842141376705 -12.537965291128383 2.677165354330709
      vertex -12.611842141376705 -12.537965291128383 3.1102362204724407
      vertex -12.609119629707392 -12.54519883073925 2.677165354330709
    endloop
  endfacet
  facet normal 0.9738769766202405 0.22707627443002382 0
    outer loop
      vertex -12.614085727378608 -12.530569178675572 2.677165354330709
      vertex -12.615840781157411 -12.523042163921623 2.677165354330709
      vertex -12.615840781157411 -12.523042163921623 3.1102362204724407
    endloop
  endfacet
  facet normal 0.9569403422822546 0.29028465566185435 0
    outer loop
      vertex -12.611842141376705 -12.537965291128383 2.677165354330709
      vertex -12.614085727378608 -12.530569178675572 2.677165354330709
      vertex -12.614085727378608 -12.530569178675572 3.1102362204724407
    endloop
  endfacet
  facet normal 0.9951847246925535 0.09801716042921459 0
    outer loop
      vertex -12.617099786719939 -12.515416479427515 2.677165354330709
      vertex -12.617857353248464 -12.507724778976026 2.677165354330709
      vertex -12.617857353248464 -12.507724778976026 3.1102362204724407
    endloop
  endfacet
  facet normal 0.9866433329764003 0.16289546799472346 0
    outer loop
      vertex -12.615840781157411 -12.523042163921623 2.677165354330709
      vertex -12.617099786719939 -12.515416479427515 2.677165354330709
      vertex -12.617099786719939 -12.515416479427515 3.1102362204724407
    endloop
  endfacet
  facet normal 0.9994645879327132 0.03271906888179764 0
    outer loop
      vertex -12.617857353248464 -12.507724778976026 2.677165354330709
      vertex -12.618110236220472 -12.5 2.677165354330709
      vertex -12.618110236220472 -12.5 3.1102362204724407
    endloop
  endfacet
  facet normal 0.6343933053187555 0.7730104360011864 0
    outer loop
      vertex -12.577875490029028 -12.588799977161752 2.677165354330709
      vertex -12.577875490029028 -12.588799977161752 3.1102362204724407
      vertex -12.571900956274018 -12.593703150573209 2.677165354330709
    endloop
  endfacet
  facet normal 0.5280678423426645 0.8492021866926409 0
    outer loop
      vertex -12.565618531382459 -12.598205072379956 2.677165354330709
      vertex -12.565618531382459 -12.598205072379956 3.1102362204724407
      vertex -12.559055118110235 -12.602286464938029 2.677165354330709
    endloop
  endfacet
  facet normal 0.5824776793387052 0.8128466971527882 0
    outer loop
      vertex -12.571900956274018 -12.593703150573209 2.677165354330709
      vertex -12.571900956274018 -12.593703150573209 3.1102362204724407
      vertex -12.565618531382459 -12.598205072379956 2.677165354330709
    endloop
  endfacet
  facet normal 0.29028465566185435 0.9569403422822546 0
    outer loop
      vertex -12.537965291128383 -12.611842141376705 2.677165354330709
      vertex -12.537965291128383 -12.611842141376705 3.1102362204724407
      vertex -12.530569178675572 -12.614085727378608 2.677165354330709
    endloop
  endfacet
  facet normal 0.47139673810275956 0.8819212636659116 0
    outer loop
      vertex -12.559055118110235 -12.602286464938029 2.677165354330709
      vertex -12.559055118110235 -12.602286464938029 3.1102362204724407
      vertex -12.552238821572676 -12.605929851355985 2.677165354330709
    endloop
  endfacet
  facet normal 0.4127070301698035 0.9108638247556112 0
    outer loop
      vertex -12.552238821572676 -12.605929851355985 2.677165354330709
      vertex -12.552238821572676 -12.605929851355985 3.1102362204724407
      vertex -12.54519883073925 -12.609119629707392 2.677165354330709
    endloop
  endfacet
  facet normal 0.35225006395474734 0.9359059207227383 0
    outer loop
      vertex -12.537965291128383 -12.611842141376705 2.677165354330709
      vertex -12.54519883073925 -12.609119629707392 2.677165354330709
      vertex -12.54519883073925 -12.609119629707392 3.1102362204724407
    endloop
  endfacet
  facet normal 0.22707627443002382 0.9738769766202405 0
    outer loop
      vertex -12.530569178675572 -12.614085727378608 2.677165354330709
      vertex -12.530569178675572 -12.614085727378608 3.1102362204724407
      vertex -12.523042163921623 -12.615840781157411 2.677165354330709
    endloop
  endfacet
  facet normal 0.16289546799472346 0.9866433329764003 0
    outer loop
      vertex -12.523042163921623 -12.615840781157411 2.677165354330709
      vertex -12.523042163921623 -12.615840781157411 3.1102362204724407
      vertex -12.515416479427515 -12.617099786719939 2.677165354330709
    endloop
  endfacet
  facet normal 0.09801716042921459 0.9951847246925535 0
    outer loop
      vertex -12.515416479427515 -12.617099786719939 2.677165354330709
      vertex -12.515416479427515 -12.617099786719939 3.1102362204724407
      vertex -12.507724778976026 -12.617857353248464 2.677165354330709
    endloop
  endfacet
  facet normal 0.03271906888179764 0.9994645879327132 0
    outer loop
      vertex -12.507724778976026 -12.617857353248464 2.677165354330709
      vertex -12.507724778976026 -12.617857353248464 3.1102362204724407
      vertex -12.5 -12.618110236220472 2.677165354330709
    endloop
  endfacet
  facet normal 0.6835922938322928 0.7298640803691494 0
    outer loop
      vertex -12.577875490029028 -12.588799977161752 2.677165354330709
      vertex -12.583516548996366 -12.583516548996366 2.677165354330709
      vertex -12.583516548996366 -12.583516548996366 3.1102362204724407
    endloop
  endfacet
  facet normal 0.9569403422822546 0.29028465566185435 0
    outer loop
      vertex -12.611842141376705 -12.537965291128383 2.677165354330709
      vertex -12.614085727378608 -12.530569178675572 3.1102362204724407
      vertex -12.611842141376705 -12.537965291128383 3.1102362204724407
    endloop
  endfacet
  facet normal 0.7730104360011864 0.6343933053187555 0
    outer loop
      vertex -12.588799977161752 -12.577875490029028 2.677165354330709
      vertex -12.593703150573209 -12.571900956274018 3.1102362204724407
      vertex -12.588799977161752 -12.577875490029028 3.1102362204724407
    endloop
  endfacet
  facet normal 0.8492021866926409 0.5280678423426645 0
    outer loop
      vertex -12.598205072379956 -12.565618531382459 2.677165354330709
      vertex -12.602286464938029 -12.559055118110235 3.1102362204724407
      vertex -12.598205072379956 -12.565618531382459 3.1102362204724407
    endloop
  endfacet
  facet normal 0.8128466971527882 0.5824776793387052 0
    outer loop
      vertex -12.593703150573209 -12.571900956274018 2.677165354330709
      vertex -12.598205072379956 -12.565618531382459 3.1102362204724407
      vertex -12.593703150573209 -12.571900956274018 3.1102362204724407
    endloop
  endfacet
  facet normal 0.9108638247556112 0.4127070301698035 0
    outer loop
      vertex -12.605929851355985 -12.552238821572676 2.677165354330709
      vertex -12.609119629707392 -12.54519883073925 3.1102362204724407
      vertex -12.605929851355985 -12.552238821572676 3.1102362204724407
    endloop
  endfacet
  facet normal 0.8819212636659116 0.47139673810275956 0
    outer loop
      vertex -12.602286464938029 -12.559055118110235 2.677165354330709
      vertex -12.605929851355985 -12.552238821572676 3.1102362204724407
      vertex -12.602286464938029 -12.559055118110235 3.1102362204724407
    endloop
  endfacet
  facet normal 0.9359059207227383 0.35225006395474734 0
    outer loop
      vertex -12.609119629707392 -12.54519883073925 2.677165354330709
      vertex -12.611842141376705 -12.537965291128383 3.1102362204724407
      vertex -12.609119629707392 -12.54519883073925 3.1102362204724407
    endloop
  endfacet
  facet normal 0.9738769766202405 0.22707627443002382 0
    outer loop
      vertex -12.614085727378608 -12.530569178675572 2.677165354330709
      vertex -12.615840781157411 -12.523042163921623 3.1102362204724407
      vertex -12.614085727378608 -12.530569178675572 3.1102362204724407
    endloop
  endfacet
  facet normal 0.9866433329764003 0.16289546799472346 0
    outer loop
      vertex -12.615840781157411 -12.523042163921623 2.677165354330709
      vertex -12.617099786719939 -12.515416479427515 3.1102362204724407
      vertex -12.615840781157411 -12.523042163921623 3.1102362204724407
    endloop
  endfacet
  facet normal 0.9951847246925535 0.09801716042921459 0
    outer loop
      vertex -12.617099786719939 -12.515416479427515 2.677165354330709
      vertex -12.617857353248464 -12.507724778976026 3.1102362204724407
      vertex -12.617099786719939 -12.515416479427515 3.1102362204724407
    endloop
  endfacet
  facet normal 0.9994645879327132 0.03271906888179764 0
    outer loop
      vertex -12.617857353248464 -12.507724778976026 2.677165354330709
      vertex -12.618110236220472 -12.5 3.1102362204724407
      vertex -12.617857353248464 -12.507724778976026 3.1102362204724407
    endloop
  endfacet
  facet normal 0 0 -1
    outer loop
      vertex -12.618110236220472 -12.5 3.1102362204724407
      vertex -12.582327162069598 -12.248260966084136 3.1102362204724407
      vertex -12.573352817181997 -12.277845416775369 3.1102362204724407
    endloop
  endfacet
  facet normal 0 0 -1
    outer loop
      vertex -12.618110236220472 -12.5 3.1102362204724407
      vertex -12.589347376598148 -12.218152907948324 3.1102362204724407
      vertex -12.582327162069598 -12.248260966084136 3.1102362204724407
    endloop
  endfacet
  facet normal 0 0 -1
    outer loop
      vertex -12.618110236220472 -12.5 3.1102362204724407
      vertex -12.594383399141586 -12.18765016967856 3.1102362204724407
      vertex -12.589347376598148 -12.218152907948324 3.1102362204724407
    endloop
  endfacet
  facet normal 0 0 -1
    outer loop
      vertex -12.618110236220472 -12.5 3.1102362204724407
      vertex -12.597413664375702 -12.156883368165943 3.1102362204724407
      vertex -12.594383399141586 -12.18765016967856 3.1102362204724407
    endloop
  endfacet
  facet normal 0 0 -1
    outer loop
      vertex -12.618110236220472 -12.5 3.1102362204724407
      vertex -12.598425196850393 -12.125984251968504 3.1102362204724407
      vertex -12.597413664375702 -12.156883368165943 3.1102362204724407
    endloop
  endfacet
  facet normal 0.6835922938322928 0.7298640803691494 0
    outer loop
      vertex -12.577875490029028 -12.588799977161752 2.677165354330709
      vertex -12.583516548996366 -12.583516548996366 3.1102362204724407
      vertex -12.577875490029028 -12.588799977161752 3.1102362204724407
    endloop
  endfacet
  facet normal 0.6343933053187555 0.7730104360011864 0
    outer loop
      vertex -12.571900956274018 -12.593703150573209 2.677165354330709
      vertex -12.577875490029028 -12.588799977161752 3.1102362204724407
      vertex -12.571900956274018 -12.593703150573209 3.1102362204724407
    endloop
  endfacet
  facet normal 0.5280678423426645 0.8492021866926409 0
    outer loop
      vertex -12.559055118110235 -12.602286464938029 2.677165354330709
      vertex -12.565618531382459 -12.598205072379956 3.1102362204724407
      vertex -12.559055118110235 -12.602286464938029 3.1102362204724407
    endloop
  endfacet
  facet normal 0.5824776793387052 0.8128466971527882 0
    outer loop
      vertex -12.565618531382459 -12.598205072379956 2.677165354330709
      vertex -12.571900956274018 -12.593703150573209 3.1102362204724407
      vertex -12.565618531382459 -12.598205072379956 3.1102362204724407
    endloop
  endfacet
  facet normal 0.47139673810275956 0.8819212636659116 0
    outer loop
      vertex -12.552238821572676 -12.605929851355985 2.677165354330709
      vertex -12.559055118110235 -12.602286464938029 3.1102362204724407
      vertex -12.552238821572676 -12.605929851355985 3.1102362204724407
    endloop
  endfacet
  facet normal 0.4127070301698035 0.9108638247556112 0
    outer loop
      vertex -12.54519883073925 -12.609119629707392 2.677165354330709
      vertex -12.552238821572676 -12.605929851355985 3.1102362204724407
      vertex -12.54519883073925 -12.609119629707392 3.1102362204724407
    endloop
  endfacet
  facet normal 0.35225006395474734 0.9359059207227383 0
    outer loop
      vertex -12.537965291128383 -12.611842141376705 2.677165354330709
      vertex -12.54519883073925 -12.609119629707392 3.1102362204724407
      vertex -12.537965291128383 -12.611842141376705 3.1102362204724407
    endloop
  endfacet
  facet normal 0.29028465566185435 0.9569403422822546 0
    outer loop
      vertex -12.530569178675572 -12.614085727378608 2.677165354330709
      vertex -12.537965291128383 -12.611842141376705 3.1102362204724407
      vertex -12.530569178675572 -12.614085727378608 3.1102362204724407
    endloop
  endfacet
  facet normal 0.22707627443002382 0.9738769766202405 0
    outer loop
      vertex -12.523042163921623 -12.615840781157411 2.677165354330709
      vertex -12.530569178675572 -12.614085727378608 3.1102362204724407
      vertex -12.523042163921623 -12.615840781157411 3.1102362204724407
    endloop
  endfacet
  facet normal 0.16289546799472346 0.9866433329764003 0
    outer loop
      vertex -12.515416479427515 -12.617099786719939 2.677165354330709
      vertex -12.523042163921623 -12.615840781157411 3.1102362204724407
      vertex -12.515416479427515 -12.617099786719939 3.1102362204724407
    endloop
  endfacet
  facet normal 0.09801716042921459 0.9951847246925535 0
    outer loop
      vertex -12.507724778976026 -12.617857353248464 2.677165354330709
      vertex -12.515416479427515 -12.617099786719939 3.1102362204724407
      vertex -12.507724778976026 -12.617857353248464 3.1102362204724407
    endloop
  endfacet
  facet normal 0.03271906888179764 0.9994645879327132 0
    outer loop
      vertex -12.5 -12.618110236220472 2.677165354330709
      vertex -12.507724778976026 -12.617857353248464 3.1102362204724407
      vertex -12.5 -12.618110236220472 3.1102362204724407
    endloop
  endfacet
  facet normal 0 0 -1
    outer loop
      vertex -12.577875490029028 -12.588799977161752 3.1102362204724407
      vertex -12.248260966084136 -12.582327162069598 3.1102362204724407
      vertex -12.571900956274018 -12.593703150573209 3.1102362204724407
    endloop
  endfacet
  facet normal 0 0 -1
    outer loop
      vertex -12.571900956274018 -12.593703150573209 3.1102362204724407
      vertex -12.218152907948324 -12.589347376598148 3.1102362204724407
      vertex -12.565618531382459 -12.598205072379956 3.1102362204724407
    endloop
  endfacet
  facet normal 0 0 -1
    outer loop
      vertex -12.565618531382459 -12.598205072379956 3.1102362204724407
      vertex -12.156883368165943 -12.597413664375702 3.1102362204724407
      vertex -12.559055118110235 -12.602286464938029 3.1102362204724407
    endloop
  endfacet
  facet normal 0 0 -1
    outer loop
      vertex -12.559055118110235 -12.602286464938029 3.1102362204724407
      vertex -12.125984251968504 -12.598425196850393 3.1102362204724407
      vertex -12.552238821572676 -12.605929851355985 3.1102362204724407
    endloop
  endfacet
  facet normal 0 0 -1
    outer loop
      vertex -12.552238821572676 -12.605929851355985 3.1102362204724407
      vertex -12.125984251968504 -12.598425196850393 3.1102362204724407
      vertex -12.54519883073925 -12.609119629707392 3.1102362204724407
    endloop
  endfacet
  facet normal 0 0 -1
    outer loop
      vertex -12.571900956274018 -12.593703150573209 3.1102362204724407
      vertex -12.248260966084136 -12.582327162069598 3.1102362204724407
      vertex -12.218152907948324 -12.589347376598148 3.1102362204724407
    endloop
  endfacet
  facet normal 0 0 -1
    outer loop
      vertex -12.565618531382459 -12.598205072379956 3.1102362204724407
      vertex -12.218152907948324 -12.589347376598148 3.1102362204724407
      vertex -12.18765016967856 -12.594383399141586 3.1102362204724407
    endloop
  endfacet
  facet normal 0 0 -1
    outer loop
      vertex -12.565618531382459 -12.598205072379956 3.1102362204724407
      vertex -12.18765016967856 -12.594383399141586 3.1102362204724407
      vertex -12.156883368165943 -12.597413664375702 3.1102362204724407
    endloop
  endfacet
  facet normal 0 0 -1
    outer loop
      vertex -12.559055118110235 -12.602286464938029 3.1102362204724407
      vertex -12.156883368165943 -12.597413664375702 3.1102362204724407
      vertex -12.125984251968504 -12.598425196850393 3.1102362204724407
    endloop
  endfacet
  facet normal 0.7298640803691494 0.6835922938322928 0
    outer loop
      vertex -12.588799977161752 -12.577875490029028 3.1102362204724407
      vertex -12.583516548996366 -12.583516548996366 3.1102362204724407
      vertex -12.583516548996366 -12.583516548996366 2.677165354330709
    endloop
  endfacet
  facet normal 0 0 -1
    outer loop
      vertex -12.611842141376705 -12.537965291128383 3.1102362204724407
      vertex -12.614085727378608 -12.530569178675572 3.1102362204724407
      vertex -12.388458377791672 -12.518804541195001 3.1102362204724407
    endloop
  endfacet
  facet normal 0 0 -1
    outer loop
      vertex -12.615840781157411 -12.523042163921623 3.1102362204724407
      vertex -12.388458377791672 -12.518804541195001 3.1102362204724407
      vertex -12.614085727378608 -12.530569178675572 3.1102362204724407
    endloop
  endfacet
  facet normal 0 0 -1
    outer loop
      vertex -12.615840781157411 -12.523042163921623 3.1102362204724407
      vertex -12.617099786719939 -12.515416479427515 3.1102362204724407
      vertex -12.413588076771244 -12.500796853674679 3.1102362204724407
    endloop
  endfacet
  facet normal 0 0 -1
    outer loop
      vertex -12.605929851355985 -12.552238821572676 3.1102362204724407
      vertex -12.609119629707392 -12.54519883073925 3.1102362204724407
      vertex -12.362204724409448 -12.535130112013949 3.1102362204724407
    endloop
  endfacet
  facet normal 0 0 -1
    outer loop
      vertex -12.611842141376705 -12.537965291128383 3.1102362204724407
      vertex -12.362204724409448 -12.535130112013949 3.1102362204724407
      vertex -12.609119629707392 -12.54519883073925 3.1102362204724407
    endloop
  endfacet
  facet normal 0 0 -1
    outer loop
      vertex -12.598205072379956 -12.565618531382459 3.1102362204724407
      vertex -12.602286464938029 -12.559055118110235 3.1102362204724407
      vertex -12.334939538552536 -12.549703657392442 3.1102362204724407
    endloop
  endfacet
  facet normal 0 0 -1
    outer loop
      vertex -12.605929851355985 -12.552238821572676 3.1102362204724407
      vertex -12.334939538552536 -12.549703657392442 3.1102362204724407
      vertex -12.602286464938029 -12.559055118110235 3.1102362204724407
    endloop
  endfacet
  facet normal 0 0 -1
    outer loop
      vertex -12.593703150573209 -12.571900956274018 3.1102362204724407
      vertex -12.598205072379956 -12.565618531382459 3.1102362204724407
      vertex -12.306779574338846 -12.562462771384734 3.1102362204724407
    endloop
  endfacet
  facet normal 0 0 -1
    outer loop
      vertex -12.588799977161752 -12.577875490029028 3.1102362204724407
      vertex -12.593703150573209 -12.571900956274018 3.1102362204724407
      vertex -12.306779574338846 -12.562462771384734 3.1102362204724407
    endloop
  endfacet
  facet normal 0 0 -1
    outer loop
      vertex -12.617099786719939 -12.515416479427515 3.1102362204724407
      vertex -12.460050447660638 -12.460050447660638 3.1102362204724407
      vertex -12.437486211791283 -12.481184160908846 3.1102362204724407
    endloop
  endfacet
  facet normal 0 0 -1
    outer loop
      vertex -12.617099786719939 -12.515416479427515 3.1102362204724407
      vertex -12.437486211791283 -12.481184160908846 3.1102362204724407
      vertex -12.413588076771244 -12.500796853674679 3.1102362204724407
    endloop
  endfacet
  facet normal 0 0 -1
    outer loop
      vertex -12.617099786719939 -12.515416479427515 3.1102362204724407
      vertex -12.617857353248464 -12.507724778976026 3.1102362204724407
      vertex -12.518804541195001 -12.388458377791672 3.1102362204724407
    endloop
  endfacet
  facet normal 0 0 -1
    outer loop
      vertex -12.618110236220472 -12.5 3.1102362204724407
      vertex -12.518804541195001 -12.388458377791672 3.1102362204724407
      vertex -12.617857353248464 -12.507724778976026 3.1102362204724407
    endloop
  endfacet
  facet normal 0 0 -1
    outer loop
      vertex -12.617099786719939 -12.515416479427515 3.1102362204724407
      vertex -12.518804541195001 -12.388458377791672 3.1102362204724407
      vertex -12.500796853674679 -12.413588076771244 3.1102362204724407
    endloop
  endfacet
  facet normal 0 0 -1
    outer loop
      vertex -12.618110236220472 -12.5 3.1102362204724407
      vertex -12.549703657392442 -12.334939538552536 3.1102362204724407
      vertex -12.535130112013949 -12.362204724409448 3.1102362204724407
    endloop
  endfacet
  facet normal 0 0 -1
    outer loop
      vertex -12.618110236220472 -12.5 3.1102362204724407
      vertex -12.535130112013949 -12.362204724409448 3.1102362204724407
      vertex -12.518804541195001 -12.388458377791672 3.1102362204724407
    endloop
  endfacet
  facet normal 0 0 -1
    outer loop
      vertex -12.617099786719939 -12.515416479427515 3.1102362204724407
      vertex -12.481184160908846 -12.437486211791283 3.1102362204724407
      vertex -12.460050447660638 -12.460050447660638 3.1102362204724407
    endloop
  endfacet
  facet normal 0 0 -1
    outer loop
      vertex -12.617099786719939 -12.515416479427515 3.1102362204724407
      vertex -12.500796853674679 -12.413588076771244 3.1102362204724407
      vertex -12.481184160908846 -12.437486211791283 3.1102362204724407
    endloop
  endfacet
  facet normal 0 0 -1
    outer loop
      vertex -12.588799977161752 -12.577875490029028 3.1102362204724407
      vertex -12.277845416775369 -12.573352817181997 3.1102362204724407
      vertex -12.583516548996366 -12.583516548996366 3.1102362204724407
    endloop
  endfacet
  facet normal 0 0 -1
    outer loop
      vertex -12.577875490029028 -12.588799977161752 3.1102362204724407
      vertex -12.583516548996366 -12.583516548996366 3.1102362204724407
      vertex -12.248260966084136 -12.582327162069598 3.1102362204724407
    endloop
  endfacet
  facet normal 0 0 -1
    outer loop
      vertex -12.605929851355985 -12.552238821572676 3.1102362204724407
      vertex -12.362204724409448 -12.535130112013949 3.1102362204724407
      vertex -12.334939538552536 -12.549703657392442 3.1102362204724407
    endloop
  endfacet
  facet normal 0 0 -1
    outer loop
      vertex -12.615840781157411 -12.523042163921623 3.1102362204724407
      vertex -12.413588076771244 -12.500796853674679 3.1102362204724407
      vertex -12.388458377791672 -12.518804541195001 3.1102362204724407
    endloop
  endfacet
  facet normal 0 0 -1
    outer loop
      vertex -12.611842141376705 -12.537965291128383 3.1102362204724407
      vertex -12.388458377791672 -12.518804541195001 3.1102362204724407
      vertex -12.362204724409448 -12.535130112013949 3.1102362204724407
    endloop
  endfacet
  facet normal 0 0 -1
    outer loop
      vertex -12.598205072379956 -12.565618531382459 3.1102362204724407
      vertex -12.334939538552536 -12.549703657392442 3.1102362204724407
      vertex -12.306779574338846 -12.562462771384734 3.1102362204724407
    endloop
  endfacet
  facet normal 0 0 -1
    outer loop
      vertex -12.588799977161752 -12.577875490029028 3.1102362204724407
      vertex -12.306779574338846 -12.562462771384734 3.1102362204724407
      vertex -12.277845416775369 -12.573352817181997 3.1102362204724407
    endloop
  endfacet
  facet normal 0 0 -1
    outer loop
      vertex -12.618110236220472 -12.5 3.1102362204724407
      vertex -12.562462771384734 -12.306779574338846 3.1102362204724407
      vertex -12.549703657392442 -12.334939538552536 3.1102362204724407
    endloop
  endfacet
  facet normal 0 0 -1
    outer loop
      vertex -12.618110236220472 -12.5 3.1102362204724407
      vertex -12.573352817181997 -12.277845416775369 3.1102362204724407
      vertex -12.562462771384734 -12.306779574338846 3.1102362204724407
    endloop
  endfacet
  facet normal 0 0 -1
    outer loop
      vertex -12.583516548996366 -12.583516548996366 3.1102362204724407
      vertex -12.277845416775369 -12.573352817181997 3.1102362204724407
      vertex -12.248260966084136 -12.582327162069598 3.1102362204724407
    endloop
  endfacet
  facet normal 0 0 -1
    outer loop
      vertex -10.810947882260862 -10.76771653543307 2.677165354330709
      vertex -10.81459126867882 -10.76090023889551 2.677165354330709
      vertex -10.730208262331843 -10.756427032037044 2.677165354330709
    endloop
  endfacet
  facet normal 0 0 -1
    outer loop
      vertex -10.797461394484587 -10.786536907351861 2.677165354330709
      vertex -10.700791562049407 -10.778999259974073 2.677165354330709
      vertex -10.792177966319201 -10.792177966319201 2.677165354330709
    endloop
  endfacet
  facet normal 0 0 -1
    outer loop
      vertex -10.810947882260862 -10.76771653543307 2.677165354330709
      vertex -10.730208262331843 -10.756427032037044 2.677165354330709
      vertex -10.806866489702792 -10.774279948705294 2.677165354330709
    endloop
  endfacet
  facet normal 0 0 -1
    outer loop
      vertex -10.806866489702792 -10.774279948705294 2.677165354330709
      vertex -10.715869381202488 -10.768194647403213 2.677165354330709
      vertex -10.802364567896044 -10.780562373596853 2.677165354330709
    endloop
  endfacet
  facet normal 0 0 -1
    outer loop
      vertex -10.797461394484587 -10.786536907351861 2.677165354330709
      vertex -10.802364567896044 -10.780562373596853 2.677165354330709
      vertex -10.700791562049407 -10.778999259974073 2.677165354330709
    endloop
  endfacet
  facet normal -0.881921263665816 -0.4713967381029383 0
    outer loop
      vertex -10.810947882260862 -10.76771653543307 2.677165354330709
      vertex -10.810947882260862 -10.76771653543307 3.0708661417322833
      vertex -10.81459126867882 -10.76090023889551 2.677165354330709
    endloop
  endfacet
  facet normal -0.4713967381029383 -0.881921263665816 0
    outer loop
      vertex -10.76771653543307 -10.810947882260862 2.677165354330709
      vertex -10.76090023889551 -10.81459126867882 2.677165354330709
      vertex -10.76090023889551 -10.81459126867882 3.0708661417322833
    endloop
  endfacet
  facet normal -0.7298640803692568 -0.6835922938321781 0
    outer loop
      vertex -10.797461394484587 -10.786536907351861 2.677165354330709
      vertex -10.792177966319201 -10.792177966319201 2.677165354330709
      vertex -10.792177966319201 -10.792177966319201 3.0708661417322833
    endloop
  endfacet
  facet normal -0.7730104360010939 -0.6343933053188682 0
    outer loop
      vertex -10.797461394484587 -10.786536907351861 2.677165354330709
      vertex -10.797461394484587 -10.786536907351861 3.0708661417322833
      vertex -10.802364567896044 -10.780562373596853 2.677165354330709
    endloop
  endfacet
  facet normal -0.6835922938321781 -0.7298640803692568 0
    outer loop
      vertex -10.786536907351861 -10.797461394484587 2.677165354330709
      vertex -10.786536907351861 -10.797461394484587 3.0708661417322833
      vertex -10.792177966319201 -10.792177966319201 2.677165354330709
    endloop
  endfacet
  facet normal -0.8492021866927439 -0.5280678423424987 0
    outer loop
      vertex -10.810947882260862 -10.76771653543307 2.677165354330709
      vertex -10.806866489702792 -10.774279948705294 2.677165354330709
      vertex -10.806866489702792 -10.774279948705294 3.0708661417322833
    endloop
  endfacet
  facet normal -0.8128466971527881 -0.5824776793387051 0
    outer loop
      vertex -10.806866489702792 -10.774279948705294 2.677165354330709
      vertex -10.802364567896044 -10.780562373596853 2.677165354330709
      vertex -10.802364567896044 -10.780562373596853 3.0708661417322833
    endloop
  endfacet
  facet normal -0.6343933053188682 -0.7730104360010939 0
    outer loop
      vertex -10.786536907351861 -10.797461394484587 2.677165354330709
      vertex -10.780562373596853 -10.802364567896044 2.677165354330709
      vertex -10.780562373596853 -10.802364567896044 3.0708661417322833
    endloop
  endfacet
  facet normal -0.5280678423424987 -0.8492021866927439 0
    outer loop
      vertex -10.76771653543307 -10.810947882260862 2.677165354330709
      vertex -10.76771653543307 -10.810947882260862 3.0708661417322833
      vertex -10.774279948705294 -10.806866489702792 2.677165354330709
    endloop
  endfacet
  facet normal -0.5824776793387051 -0.8128466971527881 0
    outer loop
      vertex -10.774279948705294 -10.806866489702792 2.677165354330709
      vertex -10.774279948705294 -10.806866489702792 3.0708661417322833
      vertex -10.780562373596853 -10.802364567896044 2.677165354330709
    endloop
  endfacet
  facet normal 0 0 -1
    outer loop
      vertex -10.8265187705713 -10.716386196298862 2.677165354330709
      vertex -10.826771653543307 -10.708661417322835 2.677165354330709
      vertex -10.778999259974073 -10.700791562049407 2.677165354330709
    endloop
  endfacet
  facet normal 0 0 -1
    outer loop
      vertex -10.826771653543307 -10.708661417322835 2.677165354330709
      vertex -10.81172822556627 -10.634423785322294 2.677165354330709
      vertex -10.805194198087914 -10.651784279919045 2.677165354330709
    endloop
  endfacet
  facet normal 0 0 -1
    outer loop
      vertex -10.82050355869954 -10.746626708451219 2.677165354330709
      vertex -10.743746803853455 -10.743746803853455 2.677165354330709
      vertex -10.817781047030227 -10.753860248062084 2.677165354330709
    endloop
  endfacet
  facet normal 0 0 -1
    outer loop
      vertex -10.82050355869954 -10.746626708451219 2.677165354330709
      vertex -10.822747144701443 -10.739230595998407 2.677165354330709
      vertex -10.756427032037044 -10.730208262331843 2.677165354330709
    endloop
  endfacet
  facet normal 0 0 -1
    outer loop
      vertex -10.81459126867882 -10.76090023889551 2.677165354330709
      vertex -10.817781047030227 -10.753860248062084 2.677165354330709
      vertex -10.743746803853455 -10.743746803853455 2.677165354330709
    endloop
  endfacet
  facet normal 0 0 -1
    outer loop
      vertex -10.8265187705713 -10.716386196298862 2.677165354330709
      vertex -10.778999259974073 -10.700791562049407 2.677165354330709
      vertex -10.768194647403213 -10.715869381202488 2.677165354330709
    endloop
  endfacet
  facet normal 0 0 -1
    outer loop
      vertex -10.825761204042772 -10.724077896750348 2.677165354330709
      vertex -10.8265187705713 -10.716386196298862 2.677165354330709
      vertex -10.768194647403213 -10.715869381202488 2.677165354330709
    endloop
  endfacet
  facet normal 0 0 -1
    outer loop
      vertex -10.825761204042772 -10.724077896750348 2.677165354330709
      vertex -10.768194647403213 -10.715869381202488 2.677165354330709
      vertex -10.824502198480246 -10.731703581244457 2.677165354330709
    endloop
  endfacet
  facet normal 0 0 -1
    outer loop
      vertex -10.822747144701443 -10.739230595998407 2.677165354330709
      vertex -10.824502198480246 -10.731703581244457 2.677165354330709
      vertex -10.756427032037044 -10.730208262331843 2.677165354330709
    endloop
  endfacet
  facet normal 0 0 -1
    outer loop
      vertex -10.82050355869954 -10.746626708451219 2.677165354330709
      vertex -10.756427032037044 -10.730208262331843 2.677165354330709
      vertex -10.743746803853455 -10.743746803853455 2.677165354330709
    endloop
  endfacet
  facet normal 0 0 -1
    outer loop
      vertex -10.81459126867882 -10.76090023889551 2.677165354330709
      vertex -10.743746803853455 -10.743746803853455 2.677165354330709
      vertex -10.730208262331843 -10.756427032037044 2.677165354330709
    endloop
  endfacet
  facet normal 0 0 -1
    outer loop
      vertex -10.824502198480246 -10.731703581244457 2.677165354330709
      vertex -10.768194647403213 -10.715869381202488 2.677165354330709
      vertex -10.756427032037044 -10.730208262331843 2.677165354330709
    endloop
  endfacet
  facet normal 0 0 -1
    outer loop
      vertex -10.826771653543307 -10.708661417322835 2.677165354330709
      vertex -10.788794602524108 -10.685039370020075 2.677165354330709
      vertex -10.778999259974073 -10.700791562049407 2.677165354330709
    endloop
  endfacet
  facet normal 0 0 -1
    outer loop
      vertex -10.826771653543307 -10.708661417322835 2.677165354330709
      vertex -10.797538729751205 -10.668680258388594 2.677165354330709
      vertex -10.788794602524108 -10.685039370020075 2.677165354330709
    endloop
  endfacet
  facet normal 0 0 -1
    outer loop
      vertex -10.826771653543307 -10.708661417322835 2.677165354330709
      vertex -10.805194198087914 -10.651784279919045 2.677165354330709
      vertex -10.797538729751205 -10.668680258388594 2.677165354330709
    endloop
  endfacet
  facet normal -0.9359059207227097 -0.35225006395482306 0
    outer loop
      vertex -10.82050355869954 -10.746626708451219 2.677165354330709
      vertex -10.817781047030227 -10.753860248062084 2.677165354330709
      vertex -10.817781047030227 -10.753860248062084 3.0708661417322833
    endloop
  endfacet
  facet normal -0.9569403422822546 -0.2902846556618544 0
    outer loop
      vertex -10.82050355869954 -10.746626708451219 2.677165354330709
      vertex -10.82050355869954 -10.746626708451219 3.0708661417322833
      vertex -10.822747144701443 -10.739230595998407 2.677165354330709
    endloop
  endfacet
  facet normal -0.9108638247556503 -0.4127070301697171 0
    outer loop
      vertex -10.81459126867882 -10.76090023889551 2.677165354330709
      vertex -10.81459126867882 -10.76090023889551 3.0708661417322833
      vertex -10.817781047030227 -10.753860248062084 2.677165354330709
    endloop
  endfacet
  facet normal -0.9738769766202525 -0.227076274429973 0
    outer loop
      vertex -10.822747144701443 -10.739230595998407 2.677165354330709
      vertex -10.822747144701443 -10.739230595998407 3.0708661417322833
      vertex -10.824502198480246 -10.731703581244457 2.677165354330709
    endloop
  endfacet
  facet normal -0.9866433329764372 -0.16289546799449972 0
    outer loop
      vertex -10.825761204042772 -10.724077896750348 2.677165354330709
      vertex -10.824502198480246 -10.731703581244457 2.677165354330709
      vertex -10.824502198480246 -10.731703581244457 3.0708661417322833
    endloop
  endfacet
  facet normal -0.9951847246925289 -0.09801716042946464 0
    outer loop
      vertex -10.825761204042772 -10.724077896750348 2.677165354330709
      vertex -10.825761204042772 -10.724077896750348 3.0708661417322833
      vertex -10.8265187705713 -10.716386196298862 2.677165354330709
    endloop
  endfacet
  facet normal -0.9994645879327131 -0.03271906888179763 0
    outer loop
      vertex -10.8265187705713 -10.716386196298862 2.677165354330709
      vertex -10.8265187705713 -10.716386196298862 3.0708661417322833
      vertex -10.826771653543307 -10.708661417322835 2.677165354330709
    endloop
  endfacet
  facet normal 0 0 -1
    outer loop
      vertex -10.826771653543307 -10.708661417322835 2.677165354330709
      vertex -10.817112832616164 -10.61667311496622 2.677165354330709
      vertex -10.81172822556627 -10.634423785322294 2.677165354330709
    endloop
  endfacet
  facet normal 0 0 -1
    outer loop
      vertex -10.826771653543307 -10.708661417322835 2.677165354330709
      vertex -10.821324961157295 -10.598608280026069 2.677165354330709
      vertex -10.817112832616164 -10.61667311496622 2.677165354330709
    endloop
  endfacet
  facet normal 0 0 -1
    outer loop
      vertex -10.826771653543307 -10.708661417322835 2.677165354330709
      vertex -10.82616473394116 -10.56184655627397 2.677165354330709
      vertex -10.824346574624693 -10.580306637181542 2.677165354330709
    endloop
  endfacet
  facet normal 0 0 -1
    outer loop
      vertex -10.826771653543307 -10.708661417322835 2.677165354330709
      vertex -10.824346574624693 -10.580306637181542 2.677165354330709
      vertex -10.821324961157295 -10.598608280026069 2.677165354330709
    endloop
  endfacet
  facet normal 0 0 -1
    outer loop
      vertex -10.826771653543307 -10.708661417322835 2.677165354330709
      vertex -10.826771653543307 -10.54330708649684 2.677165354330709
      vertex -10.82616473394116 -10.56184655627397 2.677165354330709
    endloop
  endfacet
  facet normal -1 0 0
    outer loop
      vertex -10.826771653543307 -10.708661417322835 2.677165354330709
      vertex -10.826771653543307 -10.708661417322835 3.0708661417322833
      vertex -10.826771653543307 -10.54330708649684 2.677165354330709
    endloop
  endfacet
  facet normal 0 0 -1
    outer loop
      vertex -10.76771653543307 -10.810947882260862 2.677165354330709
      vertex -10.651784279919045 -10.805194198087914 2.677165354330709
      vertex -10.76090023889551 -10.81459126867882 2.677165354330709
    endloop
  endfacet
  facet normal 0 0 -1
    outer loop
      vertex -10.76090023889551 -10.81459126867882 2.677165354330709
      vertex -10.634423785322294 -10.81172822556627 2.677165354330709
      vertex -10.753860248062084 -10.817781047030227 2.677165354330709
    endloop
  endfacet
  facet normal 0 0 -1
    outer loop
      vertex -10.753860248062084 -10.817781047030227 2.677165354330709
      vertex -10.634423785322294 -10.81172822556627 2.677165354330709
      vertex -10.746626708451219 -10.82050355869954 2.677165354330709
    endloop
  endfacet
  facet normal 0 0 -1
    outer loop
      vertex -10.786536907351861 -10.797461394484587 2.677165354330709
      vertex -10.792177966319201 -10.792177966319201 2.677165354330709
      vertex -10.685039370020075 -10.788794602524108 2.677165354330709
    endloop
  endfacet
  facet normal 0 0 -1
    outer loop
      vertex -10.786536907351861 -10.797461394484587 2.677165354330709
      vertex -10.685039370020075 -10.788794602524108 2.677165354330709
      vertex -10.780562373596853 -10.802364567896044 2.677165354330709
    endloop
  endfacet
  facet normal 0 0 -1
    outer loop
      vertex -10.774279948705294 -10.806866489702792 2.677165354330709
      vertex -10.780562373596853 -10.802364567896044 2.677165354330709
      vertex -10.668680258388594 -10.797538729751205 2.677165354330709
    endloop
  endfacet
  facet normal 0 0 -1
    outer loop
      vertex -10.806866489702792 -10.774279948705294 2.677165354330709
      vertex -10.730208262331843 -10.756427032037044 2.677165354330709
      vertex -10.715869381202488 -10.768194647403213 2.677165354330709
    endloop
  endfacet
  facet normal 0 0 -1
    outer loop
      vertex -10.802364567896044 -10.780562373596853 2.677165354330709
      vertex -10.715869381202488 -10.768194647403213 2.677165354330709
      vertex -10.700791562049407 -10.778999259974073 2.677165354330709
    endloop
  endfacet
  facet normal 0 0 -1
    outer loop
      vertex -10.792177966319201 -10.792177966319201 2.677165354330709
      vertex -10.700791562049407 -10.778999259974073 2.677165354330709
      vertex -10.685039370020075 -10.788794602524108 2.677165354330709
    endloop
  endfacet
  facet normal 0 0 -1
    outer loop
      vertex -10.780562373596853 -10.802364567896044 2.677165354330709
      vertex -10.685039370020075 -10.788794602524108 2.677165354330709
      vertex -10.668680258388594 -10.797538729751205 2.677165354330709
    endloop
  endfacet
  facet normal 0 0 -1
    outer loop
      vertex -10.76771653543307 -10.810947882260862 2.677165354330709
      vertex -10.774279948705294 -10.806866489702792 2.677165354330709
      vertex -10.651784279919045 -10.805194198087914 2.677165354330709
    endloop
  endfacet
  facet normal 0 0 -1
    outer loop
      vertex -10.746626708451219 -10.82050355869954 2.677165354330709
      vertex -10.61667311496622 -10.817112832616164 2.677165354330709
      vertex -10.739230595998407 -10.822747144701443 2.677165354330709
    endloop
  endfacet
  facet normal 0 0 -1
    outer loop
      vertex -10.739230595998407 -10.822747144701443 2.677165354330709
      vertex -10.598608280026069 -10.821324961157295 2.677165354330709
      vertex -10.731703581244457 -10.824502198480246 2.677165354330709
    endloop
  endfacet
  facet normal 0 0 -1
    outer loop
      vertex -10.731703581244457 -10.824502198480246 2.677165354330709
      vertex -10.598608280026069 -10.821324961157295 2.677165354330709
      vertex -10.724077896750348 -10.825761204042772 2.677165354330709
    endloop
  endfacet
  facet normal 0 0 -1
    outer loop
      vertex -10.76090023889551 -10.81459126867882 2.677165354330709
      vertex -10.651784279919045 -10.805194198087914 2.677165354330709
      vertex -10.634423785322294 -10.81172822556627 2.677165354330709
    endloop
  endfacet
  facet normal 0 0 -1
    outer loop
      vertex -10.746626708451219 -10.82050355869954 2.677165354330709
      vertex -10.634423785322294 -10.81172822556627 2.677165354330709
      vertex -10.61667311496622 -10.817112832616164 2.677165354330709
    endloop
  endfacet
  facet normal 0 0 -1
    outer loop
      vertex -10.724077896750348 -10.825761204042772 2.677165354330709
      vertex -10.580306637181542 -10.824346574624693 2.677165354330709
      vertex -10.716386196298862 -10.8265187705713 2.677165354330709
    endloop
  endfacet
  facet normal 0 0 -1
    outer loop
      vertex -10.716386196298862 -10.8265187705713 2.677165354330709
      vertex -10.580306637181542 -10.824346574624693 2.677165354330709
      vertex -10.708661417322835 -10.826771653543307 2.677165354330709
    endloop
  endfacet
  facet normal 0 0 -1
    outer loop
      vertex -10.774279948705294 -10.806866489702792 2.677165354330709
      vertex -10.668680258388594 -10.797538729751205 2.677165354330709
      vertex -10.651784279919045 -10.805194198087914 2.677165354330709
    endloop
  endfacet
  facet normal -0.35225006395482306 -0.9359059207227097 0
    outer loop
      vertex -10.753860248062084 -10.817781047030227 2.677165354330709
      vertex -10.746626708451219 -10.82050355869954 2.677165354330709
      vertex -10.746626708451219 -10.82050355869954 3.0708661417322833
    endloop
  endfacet
  facet normal -0.2902846556618544 -0.9569403422822546 0
    outer loop
      vertex -10.746626708451219 -10.82050355869954 2.677165354330709
      vertex -10.739230595998407 -10.822747144701443 2.677165354330709
      vertex -10.739230595998407 -10.822747144701443 3.0708661417322833
    endloop
  endfacet
  facet normal -0.4127070301697171 -0.9108638247556503 0
    outer loop
      vertex -10.76090023889551 -10.81459126867882 2.677165354330709
      vertex -10.753860248062084 -10.817781047030227 2.677165354330709
      vertex -10.753860248062084 -10.817781047030227 3.0708661417322833
    endloop
  endfacet
  facet normal -0.227076274429973 -0.9738769766202525 0
    outer loop
      vertex -10.739230595998407 -10.822747144701443 2.677165354330709
      vertex -10.731703581244457 -10.824502198480246 2.677165354330709
      vertex -10.731703581244457 -10.824502198480246 3.0708661417322833
    endloop
  endfacet
  facet normal -0.16289546799449972 -0.9866433329764372 0
    outer loop
      vertex -10.731703581244457 -10.824502198480246 2.677165354330709
      vertex -10.724077896750348 -10.825761204042772 2.677165354330709
      vertex -10.724077896750348 -10.825761204042772 3.0708661417322833
    endloop
  endfacet
  facet normal -0.09801716042946464 -0.9951847246925289 0
    outer loop
      vertex -10.724077896750348 -10.825761204042772 2.677165354330709
      vertex -10.716386196298862 -10.8265187705713 2.677165354330709
      vertex -10.716386196298862 -10.8265187705713 3.0708661417322833
    endloop
  endfacet
  facet normal -0.03271906888179763 -0.9994645879327131 0
    outer loop
      vertex -10.716386196298862 -10.8265187705713 2.677165354330709
      vertex -10.708661417322835 -10.826771653543307 2.677165354330709
      vertex -10.708661417322835 -10.826771653543307 3.0708661417322833
    endloop
  endfacet
  facet normal 0 0 -1
    outer loop
      vertex -10.739230595998407 -10.822747144701443 2.677165354330709
      vertex -10.61667311496622 -10.817112832616164 2.677165354330709
      vertex -10.598608280026069 -10.821324961157295 2.677165354330709
    endloop
  endfacet
  facet normal 0 0 -1
    outer loop
      vertex -10.724077896750348 -10.825761204042772 2.677165354330709
      vertex -10.598608280026069 -10.821324961157295 2.677165354330709
      vertex -10.580306637181542 -10.824346574624693 2.677165354330709
    endloop
  endfacet
  facet normal 0 0 -1
    outer loop
      vertex -10.708661417322835 -10.826771653543307 2.677165354330709
      vertex -10.580306637181542 -10.824346574624693 2.677165354330709
      vertex -10.56184655627397 -10.82616473394116 2.677165354330709
    endloop
  endfacet
  facet normal 0 0 -1
    outer loop
      vertex -10.708661417322835 -10.826771653543307 2.677165354330709
      vertex -10.56184655627397 -10.82616473394116 2.677165354330709
      vertex -10.54330708649684 -10.826771653543307 2.677165354330709
    endloop
  endfacet
  facet normal -0.881921263665816 -0.4713967381029383 0
    outer loop
      vertex -10.81459126867882 -10.76090023889551 2.677165354330709
      vertex -10.810947882260862 -10.76771653543307 3.0708661417322833
      vertex -10.81459126867882 -10.76090023889551 3.0708661417322833
    endloop
  endfacet
  facet normal -0.4713967381029383 -0.881921263665816 0
    outer loop
      vertex -10.76771653543307 -10.810947882260862 2.677165354330709
      vertex -10.76090023889551 -10.81459126867882 3.0708661417322833
      vertex -10.76771653543307 -10.810947882260862 3.0708661417322833
    endloop
  endfacet
  facet normal -0.7298640803692568 -0.6835922938321781 0
    outer loop
      vertex -10.797461394484587 -10.786536907351861 2.677165354330709
      vertex -10.792177966319201 -10.792177966319201 3.0708661417322833
      vertex -10.797461394484587 -10.786536907351861 3.0708661417322833
    endloop
  endfacet
  facet normal -0.6343933053188682 -0.7730104360010939 0
    outer loop
      vertex -10.786536907351861 -10.797461394484587 2.677165354330709
      vertex -10.780562373596853 -10.802364567896044 3.0708661417322833
      vertex -10.786536907351861 -10.797461394484587 3.0708661417322833
    endloop
  endfacet
  facet normal -0.6835922938321781 -0.7298640803692568 0
    outer loop
      vertex -10.792177966319201 -10.792177966319201 2.677165354330709
      vertex -10.786536907351861 -10.797461394484587 3.0708661417322833
      vertex -10.792177966319201 -10.792177966319201 3.0708661417322833
    endloop
  endfacet
  facet normal -0.8492021866927439 -0.5280678423424987 0
    outer loop
      vertex -10.810947882260862 -10.76771653543307 2.677165354330709
      vertex -10.806866489702792 -10.774279948705294 3.0708661417322833
      vertex -10.810947882260862 -10.76771653543307 3.0708661417322833
    endloop
  endfacet
  facet normal -0.8128466971527881 -0.5824776793387051 0
    outer loop
      vertex -10.806866489702792 -10.774279948705294 2.677165354330709
      vertex -10.802364567896044 -10.780562373596853 3.0708661417322833
      vertex -10.806866489702792 -10.774279948705294 3.0708661417322833
    endloop
  endfacet
  facet normal -0.7730104360010939 -0.6343933053188682 0
    outer loop
      vertex -10.802364567896044 -10.780562373596853 2.677165354330709
      vertex -10.797461394484587 -10.786536907351861 3.0708661417322833
      vertex -10.802364567896044 -10.780562373596853 3.0708661417322833
    endloop
  endfacet
  facet normal -0.5280678423424987 -0.8492021866927439 0
    outer loop
      vertex -10.774279948705294 -10.806866489702792 2.677165354330709
      vertex -10.76771653543307 -10.810947882260862 3.0708661417322833
      vertex -10.774279948705294 -10.806866489702792 3.0708661417322833
    endloop
  endfacet
  facet normal -0.5824776793387051 -0.8128466971527881 0
    outer loop
      vertex -10.780562373596853 -10.802364567896044 2.677165354330709
      vertex -10.774279948705294 -10.806866489702792 3.0708661417322833
      vertex -10.780562373596853 -10.802364567896044 3.0708661417322833
    endloop
  endfacet
  facet normal -0.9359059207227097 -0.35225006395482306 0
    outer loop
      vertex -10.82050355869954 -10.746626708451219 2.677165354330709
      vertex -10.817781047030227 -10.753860248062084 3.0708661417322833
      vertex -10.82050355869954 -10.746626708451219 3.0708661417322833
    endloop
  endfacet
  facet normal -0.9569403422822546 -0.2902846556618544 0
    outer loop
      vertex -10.822747144701443 -10.739230595998407 2.677165354330709
      vertex -10.82050355869954 -10.746626708451219 3.0708661417322833
      vertex -10.822747144701443 -10.739230595998407 3.0708661417322833
    endloop
  endfacet
  facet normal -0.9108638247556503 -0.4127070301697171 0
    outer loop
      vertex -10.81459126867882 -10.76090023889551 3.0708661417322833
      vertex -10.817781047030227 -10.753860248062084 3.0708661417322833
      vertex -10.817781047030227 -10.753860248062084 2.677165354330709
    endloop
  endfacet
  facet normal -0.9738769766202525 -0.227076274429973 0
    outer loop
      vertex -10.824502198480246 -10.731703581244457 2.677165354330709
      vertex -10.822747144701443 -10.739230595998407 3.0708661417322833
      vertex -10.824502198480246 -10.731703581244457 3.0708661417322833
    endloop
  endfacet
  facet normal -0.9866433329764372 -0.16289546799449972 0
    outer loop
      vertex -10.825761204042772 -10.724077896750348 2.677165354330709
      vertex -10.824502198480246 -10.731703581244457 3.0708661417322833
      vertex -10.825761204042772 -10.724077896750348 3.0708661417322833
    endloop
  endfacet
  facet normal -0.9951847246925289 -0.09801716042946464 0
    outer loop
      vertex -10.8265187705713 -10.716386196298862 2.677165354330709
      vertex -10.825761204042772 -10.724077896750348 3.0708661417322833
      vertex -10.8265187705713 -10.716386196298862 3.0708661417322833
    endloop
  endfacet
  facet normal -0.9994645879327131 -0.03271906888179763 0
    outer loop
      vertex -10.826771653543307 -10.708661417322835 2.677165354330709
      vertex -10.8265187705713 -10.716386196298862 3.0708661417322833
      vertex -10.826771653543307 -10.708661417322835 3.0708661417322833
    endloop
  endfacet
  facet normal -0.35225006395482306 -0.9359059207227097 0
    outer loop
      vertex -10.753860248062084 -10.817781047030227 2.677165354330709
      vertex -10.746626708451219 -10.82050355869954 3.0708661417322833
      vertex -10.753860248062084 -10.817781047030227 3.0708661417322833
    endloop
  endfacet
  facet normal -0.2902846556618544 -0.9569403422822546 0
    outer loop
      vertex -10.746626708451219 -10.82050355869954 2.677165354330709
      vertex -10.739230595998407 -10.822747144701443 3.0708661417322833
      vertex -10.746626708451219 -10.82050355869954 3.0708661417322833
    endloop
  endfacet
  facet normal -0.4127070301697171 -0.9108638247556503 0
    outer loop
      vertex -10.76090023889551 -10.81459126867882 2.677165354330709
      vertex -10.753860248062084 -10.817781047030227 3.0708661417322833
      vertex -10.76090023889551 -10.81459126867882 3.0708661417322833
    endloop
  endfacet
  facet normal -0.227076274429973 -0.9738769766202525 0
    outer loop
      vertex -10.739230595998407 -10.822747144701443 2.677165354330709
      vertex -10.731703581244457 -10.824502198480246 3.0708661417322833
      vertex -10.739230595998407 -10.822747144701443 3.0708661417322833
    endloop
  endfacet
  facet normal -0.16289546799449972 -0.9866433329764372 0
    outer loop
      vertex -10.731703581244457 -10.824502198480246 2.677165354330709
      vertex -10.724077896750348 -10.825761204042772 3.0708661417322833
      vertex -10.731703581244457 -10.824502198480246 3.0708661417322833
    endloop
  endfacet
  facet normal -0.09801716042946464 -0.9951847246925289 0
    outer loop
      vertex -10.724077896750348 -10.825761204042772 2.677165354330709
      vertex -10.716386196298862 -10.8265187705713 3.0708661417322833
      vertex -10.724077896750348 -10.825761204042772 3.0708661417322833
    endloop
  endfacet
  facet normal -0.03271906888179763 -0.9994645879327131 0
    outer loop
      vertex -10.716386196298862 -10.8265187705713 2.677165354330709
      vertex -10.708661417322835 -10.826771653543307 3.0708661417322833
      vertex -10.716386196298862 -10.8265187705713 3.0708661417322833
    endloop
  endfacet
  facet normal -0.812846686222204 -0.5824776945923182 0
    outer loop
      vertex -12.894497641076253 -12.807288864172818 2.677165354330709
      vertex -12.912505328596577 -12.782159165193246 29.84251968503937
      vertex -12.912505328596577 -12.782159165193246 2.677165354330709
    endloop
  endfacet
  facet normal -0.5824776945923182 -0.812846686222204 0
    outer loop
      vertex -12.807288864172818 -12.894497641076253 2.677165354330709
      vertex -12.782159165193246 -12.912505328596577 2.677165354330709
      vertex -12.807288864172818 -12.894497641076253 29.84251968503937
    endloop
  endfacet
  facet normal -0.6835923039409372 -0.7298640709013708 0
    outer loop
      vertex -12.853751235062212 -12.853751235062212 2.677165354330709
      vertex -12.831186999192857 -12.87488494831042 2.677165354330709
      vertex -12.853751235062212 -12.853751235062212 29.84251968503937
    endloop
  endfacet
  facet normal -0.7730104499598481 -0.6343932883100777 0
    outer loop
      vertex -12.894497641076253 -12.807288864172818 2.677165354330709
      vertex -12.87488494831042 -12.831186999192857 2.677165354330709
      vertex -12.894497641076253 -12.807288864172818 29.84251968503937
    endloop
  endfacet
  facet normal -0.7298640709013708 -0.6835923039409372 0
    outer loop
      vertex -12.853751235062212 -12.853751235062212 2.677165354330709
      vertex -12.87488494831042 -12.831186999192857 29.84251968503937
      vertex -12.87488494831042 -12.831186999192857 2.677165354330709
    endloop
  endfacet
  facet normal -0.6343932883100777 -0.7730104499598481 0
    outer loop
      vertex -12.807288864172818 -12.894497641076253 2.677165354330709
      vertex -12.831186999192857 -12.87488494831042 29.84251968503937
      vertex -12.831186999192857 -12.87488494831042 2.677165354330709
    endloop
  endfacet
  facet normal -0.9108638224702754 -0.41270703521364716 0
    outer loop
      vertex -12.943404444794016 -12.72864032595411 2.677165354330709
      vertex -12.95616355878631 -12.70048036174042 29.84251968503937
      vertex -12.95616355878631 -12.70048036174042 2.677165354330709
    endloop
  endfacet
  facet normal -0.8492021808288914 -0.5280678517723407 0
    outer loop
      vertex -12.928830899415523 -12.755905511811024 2.677165354330709
      vertex -12.912505328596577 -12.782159165193246 2.677165354330709
      vertex -12.928830899415523 -12.755905511811024 29.84251968503937
    endloop
  endfacet
  facet normal -0.881921265502079 -0.4713967346675319 0
    outer loop
      vertex -12.943404444794016 -12.72864032595411 2.677165354330709
      vertex -12.928830899415523 -12.755905511811024 2.677165354330709
      vertex -12.943404444794016 -12.72864032595411 29.84251968503937
    endloop
  endfacet
  facet normal -0.9569403367738464 -0.2902846738206437 0
    outer loop
      vertex -12.96705360458357 -12.671546204176943 2.677165354330709
      vertex -12.976027949471174 -12.64196175348571 29.84251968503937
      vertex -12.976027949471174 -12.64196175348571 2.677165354330709
    endloop
  endfacet
  facet normal -0.9359059265747943 -0.3522500484062078 0
    outer loop
      vertex -12.95616355878631 -12.70048036174042 2.677165354330709
      vertex -12.96705360458357 -12.671546204176943 29.84251968503937
      vertex -12.96705360458357 -12.671546204176943 2.677165354330709
    endloop
  endfacet
  facet normal -0.9738769793490178 -0.22707626272693648 0
    outer loop
      vertex -12.976027949471174 -12.64196175348571 2.677165354330709
      vertex -12.983048163999722 -12.6118536953499 29.84251968503937
      vertex -12.983048163999722 -12.6118536953499 2.677165354330709
    endloop
  endfacet
  facet normal -0.9866433317032574 -0.1628954757060371 0
    outer loop
      vertex -12.983048163999722 -12.6118536953499 2.677165354330709
      vertex -12.98808418654316 -12.581350957080135 29.84251968503937
      vertex -12.98808418654316 -12.581350957080135 2.677165354330709
    endloop
  endfacet
  facet normal -0.5280678517723407 -0.8492021808288914 0
    outer loop
      vertex -12.782159165193246 -12.912505328596577 2.677165354330709
      vertex -12.755905511811024 -12.928830899415523 2.677165354330709
      vertex -12.782159165193246 -12.912505328596577 29.84251968503937
    endloop
  endfacet
  facet normal -0.4713967346675319 -0.881921265502079 0
    outer loop
      vertex -12.755905511811024 -12.928830899415523 2.677165354330709
      vertex -12.72864032595411 -12.943404444794016 2.677165354330709
      vertex -12.755905511811024 -12.928830899415523 29.84251968503937
    endloop
  endfacet
  facet normal -0.41270703521364716 -0.9108638224702754 0
    outer loop
      vertex -12.72864032595411 -12.943404444794016 2.677165354330709
      vertex -12.70048036174042 -12.95616355878631 2.677165354330709
      vertex -12.72864032595411 -12.943404444794016 29.84251968503937
    endloop
  endfacet
  facet normal -0.3522500484062078 -0.9359059265747943 0
    outer loop
      vertex -12.70048036174042 -12.95616355878631 2.677165354330709
      vertex -12.671546204176943 -12.96705360458357 2.677165354330709
      vertex -12.70048036174042 -12.95616355878631 29.84251968503937
    endloop
  endfacet
  facet normal -0.2902846738206437 -0.9569403367738464 0
    outer loop
      vertex -12.671546204176943 -12.96705360458357 2.677165354330709
      vertex -12.64196175348571 -12.976027949471174 2.677165354330709
      vertex -12.671546204176943 -12.96705360458357 29.84251968503937
    endloop
  endfacet
  facet normal -0.22707626272693648 -0.9738769793490178 0
    outer loop
      vertex -12.64196175348571 -12.976027949471174 2.677165354330709
      vertex -12.6118536953499 -12.983048163999722 2.677165354330709
      vertex -12.64196175348571 -12.976027949471174 29.84251968503937
    endloop
  endfacet
  facet normal -0.1628954757060371 -0.9866433317032574 0
    outer loop
      vertex -12.6118536953499 -12.983048163999722 2.677165354330709
      vertex -12.581350957080135 -12.98808418654316 2.677165354330709
      vertex -12.6118536953499 -12.983048163999722 29.84251968503937
    endloop
  endfacet
  facet normal -0.9951847273779233 -0.09801713316420017 0
    outer loop
      vertex -12.98808418654316 -12.581350957080135 2.677165354330709
      vertex -12.991114451777278 -12.550584155567519 29.84251968503937
      vertex -12.991114451777278 -12.550584155567519 2.677165354330709
    endloop
  endfacet
  facet normal -0.9994645873223238 -0.03271908752727102 0
    outer loop
      vertex -12.991114451777278 -12.550584155567519 2.677165354330709
      vertex -12.992125984251969 -12.519685039370078 29.84251968503937
      vertex -12.992125984251969 -12.519685039370078 2.677165354330709
    endloop
  endfacet
  facet normal 0.9866433317032558 0.16289547570604634 0
    outer loop
      vertex -12.589347376598148 -12.218152907948324 3.1102362204724407
      vertex -12.594383399141586 -12.18765016967856 3.1102362204724407
      vertex -12.589347376598148 -12.218152907948324 29.84251968503937
    endloop
  endfacet
  facet normal -0.09801713316420017 -0.9951847273779233 0
    outer loop
      vertex -12.581350957080135 -12.98808418654316 2.677165354330709
      vertex -12.550584155567519 -12.991114451777278 2.677165354330709
      vertex -12.581350957080135 -12.98808418654316 29.84251968503937
    endloop
  endfacet
  facet normal -0.03271908752727102 -0.9994645873223238 0
    outer loop
      vertex -12.550584155567519 -12.991114451777278 2.677165354330709
      vertex -12.519685039370078 -12.992125984251969 2.677165354330709
      vertex -12.550584155567519 -12.991114451777278 29.84251968503937
    endloop
  endfacet
  facet normal 0.22707626272697828 0.9738769793490082 0
    outer loop
      vertex -12.218152907948324 -12.589347376598148 3.1102362204724407
      vertex -12.248260966084136 -12.582327162069598 3.1102362204724407
      vertex -12.218152907948324 -12.589347376598148 29.84251968503937
    endloop
  endfacet
  facet normal 0.16289547570604634 0.9866433317032558 0
    outer loop
      vertex -12.218152907948324 -12.589347376598148 3.1102362204724407
      vertex -12.18765016967856 -12.594383399141586 29.84251968503937
      vertex -12.18765016967856 -12.594383399141586 3.1102362204724407
    endloop
  endfacet
  facet normal 0.9359059265747753 0.3522500484062582 0
    outer loop
      vertex -12.562462771384734 -12.306779574338846 3.1102362204724407
      vertex -12.573352817181997 -12.277845416775369 3.1102362204724407
      vertex -12.562462771384734 -12.306779574338846 29.84251968503937
    endloop
  endfacet
  facet normal 0.9108638224702968 0.41270703521359947 -1.7251279953821448e-17
    outer loop
      vertex -12.549703657392442 -12.334939538552536 3.1102362204724407
      vertex -12.562462771384734 -12.306779574338846 3.1102362204724407
      vertex -12.559055118110235 -12.314300425263173 29.84251968503937
    endloop
  endfacet
  facet normal 0.9569403367738624 0.2902846738205911 0
    outer loop
      vertex -12.573352817181997 -12.277845416775369 3.1102362204724407
      vertex -12.582327162069598 -12.248260966084136 3.1102362204724407
      vertex -12.573352817181997 -12.277845416775369 29.84251968503937
    endloop
  endfacet
  facet normal 0.9738769793490082 0.22707626272697828 0
    outer loop
      vertex -12.589347376598148 -12.218152907948324 3.1102362204724407
      vertex -12.582327162069598 -12.248260966084136 29.84251968503937
      vertex -12.582327162069598 -12.248260966084136 3.1102362204724407
    endloop
  endfacet
  facet normal 0.41270703521359947 0.9108638224702968 0
    outer loop
      vertex -12.334939538552536 -12.549703657392442 3.1102362204724407
      vertex -12.306779574338846 -12.562462771384734 29.84251968503937
      vertex -12.306779574338846 -12.562462771384734 3.1102362204724407
    endloop
  endfacet
  facet normal 0.3522500484062582 0.9359059265747753 0
    outer loop
      vertex -12.306779574338846 -12.562462771384734 3.1102362204724407
      vertex -12.277845416775369 -12.573352817181997 29.84251968503937
      vertex -12.277845416775369 -12.573352817181997 3.1102362204724407
    endloop
  endfacet
  facet normal 0.2902846738205911 0.9569403367738624 0
    outer loop
      vertex -12.277845416775369 -12.573352817181997 3.1102362204724407
      vertex -12.248260966084136 -12.582327162069598 29.84251968503937
      vertex -12.248260966084136 -12.582327162069598 3.1102362204724407
    endloop
  endfacet
  facet normal 0.7730104499598481 0.6343932883100777 0
    outer loop
      vertex -12.500796853674679 -12.413588076771244 3.1102362204724407
      vertex -12.481184160908846 -12.437486211791283 30.62992125984252
      vertex -12.481184160908846 -12.437486211791283 3.1102362204724407
    endloop
  endfacet
  facet normal 0.8128466862222312 0.5824776945922802 0
    outer loop
      vertex -12.518804541195001 -12.388458377791672 3.1102362204724407
      vertex -12.500796853674679 -12.413588076771244 30.62992125984252
      vertex -12.500796853674679 -12.413588076771244 3.1102362204724407
    endloop
  endfacet
  facet normal 0.6343932883100777 0.7730104499598481 0
    outer loop
      vertex -12.413588076771244 -12.500796853674679 3.1102362204724407
      vertex -12.437486211791283 -12.481184160908846 3.1102362204724407
      vertex -12.413588076771244 -12.500796853674679 30.62992125984252
    endloop
  endfacet
  facet normal 0.5824776945922802 0.8128466862222312 0
    outer loop
      vertex -12.413588076771244 -12.500796853674679 3.1102362204724407
      vertex -12.388458377791672 -12.518804541195001 30.62992125984252
      vertex -12.388458377791672 -12.518804541195001 3.1102362204724407
    endloop
  endfacet
  facet normal 0.7298640709013708 0.6835923039409372 0
    outer loop
      vertex -12.460050447660638 -12.460050447660638 3.1102362204724407
      vertex -12.481184160908846 -12.437486211791283 3.1102362204724407
      vertex -12.460050447660638 -12.460050447660638 30.62992125984252
    endloop
  endfacet
  facet normal 0.6835923039409372 0.7298640709013708 0
    outer loop
      vertex -12.460050447660638 -12.460050447660638 3.1102362204724407
      vertex -12.437486211791283 -12.481184160908846 30.62992125984252
      vertex -12.437486211791283 -12.481184160908846 3.1102362204724407
    endloop
  endfacet
  facet normal 0.8819212655020662 0.4713967346675557 0
    outer loop
      vertex -12.549703657392442 -12.334939538552536 3.1102362204724407
      vertex -12.535130112013949 -12.362204724409448 30.62992125984252
      vertex -12.535130112013949 -12.362204724409448 3.1102362204724407
    endloop
  endfacet
  facet normal 0.8492021808288817 0.5280678517723564 0
    outer loop
      vertex -12.518804541195001 -12.388458377791672 3.1102362204724407
      vertex -12.535130112013949 -12.362204724409448 3.1102362204724407
      vertex -12.518804541195001 -12.388458377791672 30.62992125984252
    endloop
  endfacet
  facet normal 0.4713967346675557 0.8819212655020662 0
    outer loop
      vertex -12.334939538552536 -12.549703657392442 3.1102362204724407
      vertex -12.362204724409448 -12.535130112013949 3.1102362204724407
      vertex -12.334939538552536 -12.549703657392442 30.62992125984252
    endloop
  endfacet
  facet normal 0.5280678517723564 0.8492021808288817 0
    outer loop
      vertex -12.388458377791672 -12.518804541195001 3.1102362204724407
      vertex -12.362204724409448 -12.535130112013949 30.62992125984252
      vertex -12.362204724409448 -12.535130112013949 3.1102362204724407
    endloop
  endfacet
  facet normal 0.9951847273779294 0.09801713316413767 0
    outer loop
      vertex -12.594383399141586 -12.18765016967856 3.1102362204724407
      vertex -12.597413664375702 -12.156883368165943 3.1102362204724407
      vertex -12.594383399141586 -12.18765016967856 29.84251968503937
    endloop
  endfacet
  facet normal 0.9994645873223237 0.0327190875272729 0
    outer loop
      vertex -12.597413664375702 -12.156883368165943 3.1102362204724407
      vertex -12.598425196850393 -12.125984251968504 3.1102362204724407
      vertex -12.597413664375702 -12.156883368165943 29.84251968503937
    endloop
  endfacet
  facet normal 0.09801713316413767 0.9951847273779294 0
    outer loop
      vertex -12.18765016967856 -12.594383399141586 3.1102362204724407
      vertex -12.156883368165943 -12.597413664375702 29.84251968503937
      vertex -12.156883368165943 -12.597413664375702 3.1102362204724407
    endloop
  endfacet
  facet normal 0.0327190875272729 0.9994645873223237 0
    outer loop
      vertex -12.156883368165943 -12.597413664375702 3.1102362204724407
      vertex -12.125984251968504 -12.598425196850393 29.84251968503937
      vertex -12.125984251968504 -12.598425196850393 3.1102362204724407
    endloop
  endfacet
  facet normal 0 0 -1
    outer loop
      vertex -12.992125984251969 -12.519685039370078 2.677165354330709
      vertex -12.992125984251969 12.519685039370078 2.677165354330709
      vertex -12.618110236220472 -12.5 2.677165354330709
    endloop
  endfacet
  facet normal 1 0 0
    outer loop
      vertex -12.618110236220472 -12.5 2.677165354330709
      vertex -12.618110236220472 12.5 3.1102362204724407
      vertex -12.618110236220472 -12.5 3.1102362204724407
    endloop
  endfacet
  facet normal 0 0 -1
    outer loop
      vertex -12.618110236220472 -12.5 3.1102362204724407
      vertex -12.618110236220472 12.5 3.1102362204724407
      vertex -12.598425196850393 -12.125984251968504 3.1102362204724407
    endloop
  endfacet
  facet normal -1 0 0
    outer loop
      vertex -10.826771653543307 -10.708661417322835 3.0708661417322833
      vertex -10.826771653543307 10.54330708649684 2.677165354330709
      vertex -10.826771653543307 -10.54330708649684 2.677165354330709
    endloop
  endfacet
  facet normal 1 0 0
    outer loop
      vertex -12.598425196850393 -12.125984251968504 3.1102362204724407
      vertex -12.598425196850393 12.125984251968504 3.1102362204724407
      vertex -12.598425196850393 -12.125984251968504 29.84251968503937
    endloop
  endfacet
  facet normal 0 0 -1
    outer loop
      vertex -12.95616355878631 -12.70048036174042 2.677165354330709
      vertex -12.96705360458357 -12.671546204176943 2.677165354330709
      vertex 12.5 -12.618110236220472 2.677165354330709
    endloop
  endfacet
  facet normal 0 0 -1
    outer loop
      vertex -12.96705360458357 -12.671546204176943 2.677165354330709
      vertex -12.976027949471174 -12.64196175348571 2.677165354330709
      vertex 12.5 -12.618110236220472 2.677165354330709
    endloop
  endfacet
  facet normal 0 0 -1
    outer loop
      vertex -12.853751235062212 -12.853751235062212 2.677165354330709
      vertex 12.894497641076253 -12.807288864172818 2.677165354330709
      vertex -12.831186999192857 -12.87488494831042 2.677165354330709
    endloop
  endfacet
  facet normal 0 0 -1
    outer loop
      vertex -12.853751235062212 -12.853751235062212 2.677165354330709
      vertex -12.87488494831042 -12.831186999192857 2.677165354330709
      vertex 12.912505328596577 -12.782159165193246 2.677165354330709
    endloop
  endfacet
  facet normal 0 0 -1
    outer loop
      vertex -12.894497641076253 -12.807288864172818 2.677165354330709
      vertex 12.928830899415523 -12.755905511811024 2.677165354330709
      vertex -12.87488494831042 -12.831186999192857 2.677165354330709
    endloop
  endfacet
  facet normal 0 0 -1
    outer loop
      vertex -12.928830899415523 -12.755905511811024 2.677165354330709
      vertex 12.95616355878631 -12.70048036174042 2.677165354330709
      vertex -12.912505328596577 -12.782159165193246 2.677165354330709
    endloop
  endfacet
  facet normal 0 0 -1
    outer loop
      vertex -12.894497641076253 -12.807288864172818 2.677165354330709
      vertex -12.912505328596577 -12.782159165193246 2.677165354330709
      vertex 12.943404444794016 -12.72864032595411 2.677165354330709
    endloop
  endfacet
  facet normal 0 0 -1
    outer loop
      vertex -12.943404444794016 -12.72864032595411 2.677165354330709
      vertex 12.96705360458357 -12.671546204176943 2.677165354330709
      vertex -12.928830899415523 -12.755905511811024 2.677165354330709
    endloop
  endfacet
  facet normal 0 0 -1
    outer loop
      vertex -12.943404444794016 -12.72864032595411 2.677165354330709
      vertex -12.95616355878631 -12.70048036174042 2.677165354330709
      vertex 12.976027949471174 -12.64196175348571 2.677165354330709
    endloop
  endfacet
  facet normal 0 0 -1
    outer loop
      vertex -12.976027949471174 -12.64196175348571 2.677165354330709
      vertex -12.5 -12.618110236220472 2.677165354330709
      vertex 12.5 -12.618110236220472 2.677165354330709
    endloop
  endfacet
  facet normal 0 0 -1
    outer loop
      vertex -12.72864032595411 -12.943404444794016 2.677165354330709
      vertex 12.782159165193246 -12.912505328596577 2.677165354330709
      vertex -12.70048036174042 -12.95616355878631 2.677165354330709
    endloop
  endfacet
  facet normal 0 0 -1
    outer loop
      vertex -12.755905511811024 -12.928830899415523 2.677165354330709
      vertex 12.807288864172818 -12.894497641076253 2.677165354330709
      vertex -12.72864032595411 -12.943404444794016 2.677165354330709
    endloop
  endfacet
  facet normal 0 0 -1
    outer loop
      vertex -12.782159165193246 -12.912505328596577 2.677165354330709
      vertex 12.831186999192857 -12.87488494831042 2.677165354330709
      vertex -12.755905511811024 -12.928830899415523 2.677165354330709
    endloop
  endfacet
  facet normal 0 0 -1
    outer loop
      vertex -12.671546204176943 -12.96705360458357 2.677165354330709
      vertex 12.72864032595411 -12.943404444794016 2.677165354330709
      vertex -12.64196175348571 -12.976027949471174 2.677165354330709
    endloop
  endfacet
  facet normal 0 0 -1
    outer loop
      vertex -12.70048036174042 -12.95616355878631 2.677165354330709
      vertex 12.755905511811024 -12.928830899415523 2.677165354330709
      vertex -12.671546204176943 -12.96705360458357 2.677165354330709
    endloop
  endfacet
  facet normal 0 0 -1
    outer loop
      vertex -12.581350957080135 -12.98808418654316 2.677165354330709
      vertex 12.64196175348571 -12.976027949471174 2.677165354330709
      vertex -12.550584155567519 -12.991114451777278 2.677165354330709
    endloop
  endfacet
  facet normal 0 0 -1
    outer loop
      vertex -12.6118536953499 -12.983048163999722 2.677165354330709
      vertex 12.671546204176943 -12.96705360458357 2.677165354330709
      vertex -12.581350957080135 -12.98808418654316 2.677165354330709
    endloop
  endfacet
  facet normal 0 0 -1
    outer loop
      vertex -12.64196175348571 -12.976027949471174 2.677165354330709
      vertex 12.70048036174042 -12.95616355878631 2.677165354330709
      vertex -12.6118536953499 -12.983048163999722 2.677165354330709
    endloop
  endfacet
  facet normal 0 0 -1
    outer loop
      vertex -12.807288864172818 -12.894497641076253 2.677165354330709
      vertex 12.853751235062212 -12.853751235062212 2.677165354330709
      vertex -12.782159165193246 -12.912505328596577 2.677165354330709
    endloop
  endfacet
  facet normal 0 0 -1
    outer loop
      vertex -12.807288864172818 -12.894497641076253 2.677165354330709
      vertex -12.831186999192857 -12.87488494831042 2.677165354330709
      vertex 12.87488494831042 -12.831186999192857 2.677165354330709
    endloop
  endfacet
  facet normal 0 0 -1
    outer loop
      vertex -12.550584155567519 -12.991114451777278 2.677165354330709
      vertex 12.6118536953499 -12.983048163999722 2.677165354330709
      vertex -12.519685039370078 -12.992125984251969 2.677165354330709
    endloop
  endfacet
  facet normal 0 1 0
    outer loop
      vertex -12.5 -12.618110236220472 2.677165354330709
      vertex -12.5 -12.618110236220472 3.1102362204724407
      vertex 12.5 -12.618110236220472 2.677165354330709
    endloop
  endfacet
  facet normal 0 0 -1
    outer loop
      vertex -12.523042163921623 -12.615840781157411 3.1102362204724407
      vertex 12.537965291128383 -12.611842141376705 3.1102362204724407
      vertex -12.515416479427515 -12.617099786719939 3.1102362204724407
    endloop
  endfacet
  facet normal 0 0 -1
    outer loop
      vertex -12.530569178675572 -12.614085727378608 3.1102362204724407
      vertex 12.54519883073925 -12.609119629707392 3.1102362204724407
      vertex -12.523042163921623 -12.615840781157411 3.1102362204724407
    endloop
  endfacet
  facet normal 0 0 -1
    outer loop
      vertex -12.507724778976026 -12.617857353248464 3.1102362204724407
      vertex 12.523042163921623 -12.615840781157411 3.1102362204724407
      vertex -12.5 -12.618110236220472 3.1102362204724407
    endloop
  endfacet
  facet normal 0 0 -1
    outer loop
      vertex -12.515416479427515 -12.617099786719939 3.1102362204724407
      vertex 12.530569178675572 -12.614085727378608 3.1102362204724407
      vertex -12.507724778976026 -12.617857353248464 3.1102362204724407
    endloop
  endfacet
  facet normal 0 0 -1
    outer loop
      vertex -12.537965291128383 -12.611842141376705 3.1102362204724407
      vertex -12.54519883073925 -12.609119629707392 3.1102362204724407
      vertex 12.559055118110235 -12.602286464938029 3.1102362204724407
    endloop
  endfacet
  facet normal 0 0 -1
    outer loop
      vertex -12.537965291128383 -12.611842141376705 3.1102362204724407
      vertex 12.552238821572676 -12.605929851355985 3.1102362204724407
      vertex -12.530569178675572 -12.614085727378608 3.1102362204724407
    endloop
  endfacet
  facet normal 0 0 -1
    outer loop
      vertex -12.54519883073925 -12.609119629707392 3.1102362204724407
      vertex -12.125984251968504 -12.598425196850393 3.1102362204724407
      vertex 12.559055118110235 -12.602286464938029 3.1102362204724407
    endloop
  endfacet
  facet normal 0 -1 0
    outer loop
      vertex -10.708661417322835 -10.826771653543307 2.677165354330709
      vertex -10.54330708649684 -10.826771653543307 2.677165354330709
      vertex 10.708661417322835 -10.826771653543307 3.0708661417322833
    endloop
  endfacet
  facet normal 0 -1 0
    outer loop
      vertex -10.708661417322835 -10.826771653543307 2.677165354330709
      vertex 10.708661417322835 -10.826771653543307 3.0708661417322833
      vertex -10.708661417322835 -10.826771653543307 3.0708661417322833
    endloop
  endfacet
  facet normal 0 -1 0
    outer loop
      vertex -12.519685039370078 -12.992125984251969 2.677165354330709
      vertex 12.519685039370078 -12.992125984251969 2.677165354330709
      vertex -12.519685039370078 -12.992125984251969 29.84251968503937
    endloop
  endfacet
  facet normal 0 0 1
    outer loop
      vertex -10.82050355869954 -10.746626708451219 3.0708661417322833
      vertex 10.826771653543307 10.708661417322835 3.0708661417322833
      vertex -10.822747144701443 -10.739230595998407 3.0708661417322833
    endloop
  endfacet
  facet normal 0 0 1
    outer loop
      vertex -10.82050355869954 -10.746626708451219 3.0708661417322833
      vertex -10.817781047030227 -10.753860248062084 3.0708661417322833
      vertex 10.826771653543307 10.708661417322835 3.0708661417322833
    endloop
  endfacet
  facet normal 0 0 1
    outer loop
      vertex -10.825761204042772 -10.724077896750348 3.0708661417322833
      vertex -10.824502198480246 -10.731703581244457 3.0708661417322833
      vertex 10.826771653543307 10.708661417322835 3.0708661417322833
    endloop
  endfacet
  facet normal 0 0 1
    outer loop
      vertex -10.822747144701443 -10.739230595998407 3.0708661417322833
      vertex 10.826771653543307 10.708661417322835 3.0708661417322833
      vertex -10.824502198480246 -10.731703581244457 3.0708661417322833
    endloop
  endfacet
  facet normal 0 0 1
    outer loop
      vertex -10.8265187705713 -10.716386196298862 3.0708661417322833
      vertex 10.826771653543307 10.708661417322835 3.0708661417322833
      vertex -10.826771653543307 -10.708661417322835 3.0708661417322833
    endloop
  endfacet
  facet normal 0 0 1
    outer loop
      vertex -10.825761204042772 -10.724077896750348 3.0708661417322833
      vertex 10.826771653543307 10.708661417322835 3.0708661417322833
      vertex -10.8265187705713 -10.716386196298862 3.0708661417322833
    endloop
  endfacet
  facet normal 0 0 1
    outer loop
      vertex -10.786536907351861 -10.797461394484587 3.0708661417322833
      vertex -10.780562373596853 -10.802364567896044 3.0708661417322833
      vertex 10.826771653543307 10.708661417322835 3.0708661417322833
    endloop
  endfacet
  facet normal 0 0 1
    outer loop
      vertex -10.806866489702792 -10.774279948705294 3.0708661417322833
      vertex -10.802364567896044 -10.780562373596853 3.0708661417322833
      vertex 10.826771653543307 10.708661417322835 3.0708661417322833
    endloop
  endfacet
  facet normal 0 0 1
    outer loop
      vertex -10.797461394484587 -10.786536907351861 3.0708661417322833
      vertex 10.826771653543307 10.708661417322835 3.0708661417322833
      vertex -10.802364567896044 -10.780562373596853 3.0708661417322833
    endloop
  endfacet
  facet normal 0 0 1
    outer loop
      vertex -10.792177966319201 -10.792177966319201 3.0708661417322833
      vertex 10.826771653543307 10.708661417322835 3.0708661417322833
      vertex -10.797461394484587 -10.786536907351861 3.0708661417322833
    endloop
  endfacet
  facet normal 0 0 1
    outer loop
      vertex -10.792177966319201 -10.792177966319201 3.0708661417322833
      vertex -10.786536907351861 -10.797461394484587 3.0708661417322833
      vertex 10.826771653543307 10.708661417322835 3.0708661417322833
    endloop
  endfacet
  facet normal 0 0 1
    outer loop
      vertex -10.810947882260862 -10.76771653543307 3.0708661417322833
      vertex 10.826771653543307 10.708661417322835 3.0708661417322833
      vertex -10.81459126867882 -10.76090023889551 3.0708661417322833
    endloop
  endfacet
  facet normal 0 0 1
    outer loop
      vertex -10.810947882260862 -10.76771653543307 3.0708661417322833
      vertex -10.806866489702792 -10.774279948705294 3.0708661417322833
      vertex 10.826771653543307 10.708661417322835 3.0708661417322833
    endloop
  endfacet
  facet normal 0 0 1
    outer loop
      vertex -10.774279948705294 -10.806866489702792 3.0708661417322833
      vertex 10.826771653543307 10.708661417322835 3.0708661417322833
      vertex -10.780562373596853 -10.802364567896044 3.0708661417322833
    endloop
  endfacet
  facet normal 0 0 1
    outer loop
      vertex -10.76771653543307 -10.810947882260862 3.0708661417322833
      vertex 10.826771653543307 10.708661417322835 3.0708661417322833
      vertex -10.774279948705294 -10.806866489702792 3.0708661417322833
    endloop
  endfacet
  facet normal 0 0 1
    outer loop
      vertex -10.76771653543307 -10.810947882260862 3.0708661417322833
      vertex -10.76090023889551 -10.81459126867882 3.0708661417322833
      vertex 10.826771653543307 10.708661417322835 3.0708661417322833
    endloop
  endfacet
  facet normal 0 0 1
    outer loop
      vertex -10.76090023889551 -10.81459126867882 3.0708661417322833
      vertex -10.753860248062084 -10.817781047030227 3.0708661417322833
      vertex 10.826771653543307 10.708661417322835 3.0708661417322833
    endloop
  endfacet
  facet normal 0 0 1
    outer loop
      vertex -10.753860248062084 -10.817781047030227 3.0708661417322833
      vertex -10.746626708451219 -10.82050355869954 3.0708661417322833
      vertex 10.826771653543307 10.708661417322835 3.0708661417322833
    endloop
  endfacet
  facet normal 0 0 1
    outer loop
      vertex -10.746626708451219 -10.82050355869954 3.0708661417322833
      vertex -10.739230595998407 -10.822747144701443 3.0708661417322833
      vertex 10.826771653543307 10.708661417322835 3.0708661417322833
    endloop
  endfacet
  facet normal 0 0 1
    outer loop
      vertex -10.81459126867882 -10.76090023889551 3.0708661417322833
      vertex 10.826771653543307 10.708661417322835 3.0708661417322833
      vertex -10.817781047030227 -10.753860248062084 3.0708661417322833
    endloop
  endfacet
  facet normal 0 0 1
    outer loop
      vertex -10.739230595998407 -10.822747144701443 3.0708661417322833
      vertex -10.731703581244457 -10.824502198480246 3.0708661417322833
      vertex 10.826771653543307 10.708661417322835 3.0708661417322833
    endloop
  endfacet
  facet normal 0 0 1
    outer loop
      vertex -10.731703581244457 -10.824502198480246 3.0708661417322833
      vertex -10.724077896750348 -10.825761204042772 3.0708661417322833
      vertex 10.826771653543307 10.708661417322835 3.0708661417322833
    endloop
  endfacet
  facet normal 0 0 1
    outer loop
      vertex -10.724077896750348 -10.825761204042772 3.0708661417322833
      vertex -10.716386196298862 -10.8265187705713 3.0708661417322833
      vertex 10.826771653543307 10.708661417322835 3.0708661417322833
    endloop
  endfacet
  facet normal 0 0 1
    outer loop
      vertex -10.716386196298862 -10.8265187705713 3.0708661417322833
      vertex -10.708661417322835 -10.826771653543307 3.0708661417322833
      vertex 10.826771653543307 10.708661417322835 3.0708661417322833
    endloop
  endfacet
  facet normal -0.812846686222204 -0.5824776945923182 0
    outer loop
      vertex -12.894497641076253 -12.807288864172818 2.677165354330709
      vertex -12.894497641076253 -12.807288864172818 29.84251968503937
      vertex -12.912505328596577 -12.782159165193246 29.84251968503937
    endloop
  endfacet
  facet normal -0.5824776945923182 -0.812846686222204 0
    outer loop
      vertex -12.782159165193246 -12.912505328596577 2.677165354330709
      vertex -12.782159165193246 -12.912505328596577 29.84251968503937
      vertex -12.807288864172818 -12.894497641076253 29.84251968503937
    endloop
  endfacet
  facet normal -0.7298640709013708 -0.6835923039409372 0
    outer loop
      vertex -12.853751235062212 -12.853751235062212 2.677165354330709
      vertex -12.853751235062212 -12.853751235062212 29.84251968503937
      vertex -12.87488494831042 -12.831186999192857 29.84251968503937
    endloop
  endfacet
  facet normal -0.7730104499598481 -0.6343932883100777 0
    outer loop
      vertex -12.87488494831042 -12.831186999192857 2.677165354330709
      vertex -12.87488494831042 -12.831186999192857 29.84251968503937
      vertex -12.894497641076253 -12.807288864172818 29.84251968503937
    endloop
  endfacet
  facet normal -0.6835923039409372 -0.7298640709013708 0
    outer loop
      vertex -12.831186999192857 -12.87488494831042 2.677165354330709
      vertex -12.831186999192857 -12.87488494831042 29.84251968503937
      vertex -12.853751235062212 -12.853751235062212 29.84251968503937
    endloop
  endfacet
  facet normal -0.6343932883100777 -0.7730104499598481 0
    outer loop
      vertex -12.807288864172818 -12.894497641076253 2.677165354330709
      vertex -12.807288864172818 -12.894497641076253 29.84251968503937
      vertex -12.831186999192857 -12.87488494831042 29.84251968503937
    endloop
  endfacet
  facet normal -0.9108638224702754 -0.41270703521364716 0
    outer loop
      vertex -12.943404444794016 -12.72864032595411 2.677165354330709
      vertex -12.943404444794016 -12.72864032595411 29.84251968503937
      vertex -12.95616355878631 -12.70048036174042 29.84251968503937
    endloop
  endfacet
  facet normal -0.9359059265747943 -0.3522500484062078 0
    outer loop
      vertex -12.95616355878631 -12.70048036174042 2.677165354330709
      vertex -12.95616355878631 -12.70048036174042 29.84251968503937
      vertex -12.96705360458357 -12.671546204176943 29.84251968503937
    endloop
  endfacet
  facet normal -0.8492021808288914 -0.5280678517723407 0
    outer loop
      vertex -12.912505328596577 -12.782159165193246 2.677165354330709
      vertex -12.912505328596577 -12.782159165193246 29.84251968503937
      vertex -12.928830899415523 -12.755905511811024 29.84251968503937
    endloop
  endfacet
  facet normal -0.881921265502079 -0.4713967346675319 0
    outer loop
      vertex -12.928830899415523 -12.755905511811024 2.677165354330709
      vertex -12.928830899415523 -12.755905511811024 29.84251968503937
      vertex -12.943404444794016 -12.72864032595411 29.84251968503937
    endloop
  endfacet
  facet normal -0.9569403367738464 -0.2902846738206437 0
    outer loop
      vertex -12.96705360458357 -12.671546204176943 2.677165354330709
      vertex -12.96705360458357 -12.671546204176943 29.84251968503937
      vertex -12.976027949471174 -12.64196175348571 29.84251968503937
    endloop
  endfacet
  facet normal -0.9738769793490178 -0.22707626272693648 0
    outer loop
      vertex -12.976027949471174 -12.64196175348571 2.677165354330709
      vertex -12.976027949471174 -12.64196175348571 29.84251968503937
      vertex -12.983048163999722 -12.6118536953499 29.84251968503937
    endloop
  endfacet
  facet normal -0.9866433317032574 -0.1628954757060371 0
    outer loop
      vertex -12.983048163999722 -12.6118536953499 2.677165354330709
      vertex -12.983048163999722 -12.6118536953499 29.84251968503937
      vertex -12.98808418654316 -12.581350957080135 29.84251968503937
    endloop
  endfacet
  facet normal -0.5280678517723407 -0.8492021808288914 0
    outer loop
      vertex -12.755905511811024 -12.928830899415523 2.677165354330709
      vertex -12.755905511811024 -12.928830899415523 29.84251968503937
      vertex -12.782159165193246 -12.912505328596577 29.84251968503937
    endloop
  endfacet
  facet normal -0.41270703521364716 -0.9108638224702754 0
    outer loop
      vertex -12.70048036174042 -12.95616355878631 2.677165354330709
      vertex -12.70048036174042 -12.95616355878631 29.84251968503937
      vertex -12.72864032595411 -12.943404444794016 29.84251968503937
    endloop
  endfacet
  facet normal -0.4713967346675319 -0.881921265502079 0
    outer loop
      vertex -12.72864032595411 -12.943404444794016 2.677165354330709
      vertex -12.72864032595411 -12.943404444794016 29.84251968503937
      vertex -12.755905511811024 -12.928830899415523 29.84251968503937
    endloop
  endfacet
  facet normal -0.3522500484062078 -0.9359059265747943 0
    outer loop
      vertex -12.671546204176943 -12.96705360458357 2.677165354330709
      vertex -12.671546204176943 -12.96705360458357 29.84251968503937
      vertex -12.70048036174042 -12.95616355878631 29.84251968503937
    endloop
  endfacet
  facet normal -0.2902846738206437 -0.9569403367738464 0
    outer loop
      vertex -12.64196175348571 -12.976027949471174 2.677165354330709
      vertex -12.64196175348571 -12.976027949471174 29.84251968503937
      vertex -12.671546204176943 -12.96705360458357 29.84251968503937
    endloop
  endfacet
  facet normal -0.22707626272693648 -0.9738769793490178 0
    outer loop
      vertex -12.6118536953499 -12.983048163999722 2.677165354330709
      vertex -12.6118536953499 -12.983048163999722 29.84251968503937
      vertex -12.64196175348571 -12.976027949471174 29.84251968503937
    endloop
  endfacet
  facet normal -0.1628954757060371 -0.9866433317032574 0
    outer loop
      vertex -12.581350957080135 -12.98808418654316 2.677165354330709
      vertex -12.581350957080135 -12.98808418654316 29.84251968503937
      vertex -12.6118536953499 -12.983048163999722 29.84251968503937
    endloop
  endfacet
  facet normal -0.9951847273779233 -0.09801713316420017 0
    outer loop
      vertex -12.98808418654316 -12.581350957080135 2.677165354330709
      vertex -12.98808418654316 -12.581350957080135 29.84251968503937
      vertex -12.991114451777278 -12.550584155567519 29.84251968503937
    endloop
  endfacet
  facet normal -0.9994645873223238 -0.03271908752727102 0
    outer loop
      vertex -12.991114451777278 -12.550584155567519 2.677165354330709
      vertex -12.991114451777278 -12.550584155567519 29.84251968503937
      vertex -12.992125984251969 -12.519685039370078 29.84251968503937
    endloop
  endfacet
  facet normal 0.9738769793490082 0.22707626272697828 0
    outer loop
      vertex -12.589347376598148 -12.218152907948324 3.1102362204724407
      vertex -12.589347376598148 -12.218152907948324 29.84251968503937
      vertex -12.582327162069598 -12.248260966084136 29.84251968503937
    endloop
  endfacet
  facet normal 0.9866433317032558 0.16289547570604634 0
    outer loop
      vertex -12.594383399141586 -12.18765016967856 3.1102362204724407
      vertex -12.594383399141586 -12.18765016967856 29.84251968503937
      vertex -12.589347376598148 -12.218152907948324 29.84251968503937
    endloop
  endfacet
  facet normal -0.09801713316420017 -0.9951847273779233 0
    outer loop
      vertex -12.550584155567519 -12.991114451777278 2.677165354330709
      vertex -12.550584155567519 -12.991114451777278 29.84251968503937
      vertex -12.581350957080135 -12.98808418654316 29.84251968503937
    endloop
  endfacet
  facet normal -0.03271908752727102 -0.9994645873223238 0
    outer loop
      vertex -12.519685039370078 -12.992125984251969 2.677165354330709
      vertex -12.519685039370078 -12.992125984251969 29.84251968503937
      vertex -12.550584155567519 -12.991114451777278 29.84251968503937
    endloop
  endfacet
  facet normal 0.16289547570604634 0.9866433317032558 0
    outer loop
      vertex -12.218152907948324 -12.589347376598148 3.1102362204724407
      vertex -12.218152907948324 -12.589347376598148 29.84251968503937
      vertex -12.18765016967856 -12.594383399141586 29.84251968503937
    endloop
  endfacet
  facet normal 0.910863822470274 0.4127070352136502 0
    outer loop
      vertex -12.562462771384734 -12.306779574338846 3.1102362204724407
      vertex -12.562462771384734 -12.306779574338846 29.84251968503937
      vertex -12.559055118110235 -12.314300425263173 29.84251968503937
    endloop
  endfacet
  facet normal 0.9359059265747753 0.3522500484062582 0
    outer loop
      vertex -12.573352817181997 -12.277845416775369 3.1102362204724407
      vertex -12.573352817181997 -12.277845416775369 29.84251968503937
      vertex -12.562462771384734 -12.306779574338846 29.84251968503937
    endloop
  endfacet
  facet normal 0.9569403367738624 0.2902846738205911 0
    outer loop
      vertex -12.582327162069598 -12.248260966084136 3.1102362204724407
      vertex -12.582327162069598 -12.248260966084136 29.84251968503937
      vertex -12.573352817181997 -12.277845416775369 29.84251968503937
    endloop
  endfacet
  facet normal 0.9108638224703046 0.41270703521358265 0
    outer loop
      vertex -12.549703657392442 -12.334939538552536 3.1102362204724407
      vertex -12.559055118110235 -12.314300425263173 29.84251968503937
      vertex -12.559055118110235 -12.314300425263173 30.31496062992126
    endloop
  endfacet
  facet normal 0.4127070352136502 0.910863822470274 -6.459314657714419e-17
    outer loop
      vertex -12.334939538552536 -12.549703657392442 3.1102362204724407
      vertex -12.314300425263173 -12.559055118110235 29.84251968503937
      vertex -12.306779574338846 -12.562462771384734 29.84251968503937
    endloop
  endfacet
  facet normal 0.3522500484062582 0.9359059265747753 0
    outer loop
      vertex -12.306779574338846 -12.562462771384734 3.1102362204724407
      vertex -12.306779574338846 -12.562462771384734 29.84251968503937
      vertex -12.277845416775369 -12.573352817181997 29.84251968503937
    endloop
  endfacet
  facet normal 0.2902846738205911 0.9569403367738624 0
    outer loop
      vertex -12.277845416775369 -12.573352817181997 3.1102362204724407
      vertex -12.277845416775369 -12.573352817181997 29.84251968503937
      vertex -12.248260966084136 -12.582327162069598 29.84251968503937
    endloop
  endfacet
  facet normal 0.22707626272697828 0.9738769793490082 0
    outer loop
      vertex -12.248260966084136 -12.582327162069598 3.1102362204724407
      vertex -12.248260966084136 -12.582327162069598 29.84251968503937
      vertex -12.218152907948324 -12.589347376598148 29.84251968503937
    endloop
  endfacet
  facet normal 0.4127070352135811 0.9108638224703054 0
    outer loop
      vertex -12.334939538552536 -12.549703657392442 3.1102362204724407
      vertex -12.334939538552536 -12.549703657392442 30.62992125984252
      vertex -12.314300425263173 -12.559055118110235 29.84251968503937
    endloop
  endfacet
  facet normal 0.9951847273779294 0.09801713316413767 0
    outer loop
      vertex -12.597413664375702 -12.156883368165943 3.1102362204724407
      vertex -12.597413664375702 -12.156883368165943 29.84251968503937
      vertex -12.594383399141586 -12.18765016967856 29.84251968503937
    endloop
  endfacet
  facet normal 0.9994645873223237 0.0327190875272729 0
    outer loop
      vertex -12.598425196850393 -12.125984251968504 3.1102362204724407
      vertex -12.598425196850393 -12.125984251968504 29.84251968503937
      vertex -12.597413664375702 -12.156883368165943 29.84251968503937
    endloop
  endfacet
  facet normal 0.09801713316413767 0.9951847273779294 0
    outer loop
      vertex -12.18765016967856 -12.594383399141586 3.1102362204724407
      vertex -12.18765016967856 -12.594383399141586 29.84251968503937
      vertex -12.156883368165943 -12.597413664375702 29.84251968503937
    endloop
  endfacet
  facet normal 0.0327190875272729 0.9994645873223237 0
    outer loop
      vertex -12.156883368165943 -12.597413664375702 3.1102362204724407
      vertex -12.156883368165943 -12.597413664375702 29.84251968503937
      vertex -12.125984251968504 -12.598425196850393 29.84251968503937
    endloop
  endfacet
  facet normal 0.8128466862222312 0.5824776945922802 0
    outer loop
      vertex -12.518804541195001 -12.388458377791672 3.1102362204724407
      vertex -12.518804541195001 -12.388458377791672 30.62992125984252
      vertex -12.500796853674679 -12.413588076771244 30.62992125984252
    endloop
  endfacet
  facet normal 0.7730104499598481 0.6343932883100777 0
    outer loop
      vertex -12.500796853674679 -12.413588076771244 3.1102362204724407
      vertex -12.500796853674679 -12.413588076771244 30.62992125984252
      vertex -12.481184160908846 -12.437486211791283 30.62992125984252
    endloop
  endfacet
  facet normal 0.6343932883100777 0.7730104499598481 0
    outer loop
      vertex -12.437486211791283 -12.481184160908846 3.1102362204724407
      vertex -12.437486211791283 -12.481184160908846 30.62992125984252
      vertex -12.413588076771244 -12.500796853674679 30.62992125984252
    endloop
  endfacet
  facet normal 0.5824776945922802 0.8128466862222312 0
    outer loop
      vertex -12.413588076771244 -12.500796853674679 3.1102362204724407
      vertex -12.413588076771244 -12.500796853674679 30.62992125984252
      vertex -12.388458377791672 -12.518804541195001 30.62992125984252
    endloop
  endfacet
  facet normal 0.7298640709013708 0.6835923039409372 0
    outer loop
      vertex -12.481184160908846 -12.437486211791283 3.1102362204724407
      vertex -12.481184160908846 -12.437486211791283 30.62992125984252
      vertex -12.460050447660638 -12.460050447660638 30.62992125984252
    endloop
  endfacet
  facet normal 0.6835923039409372 0.7298640709013708 0
    outer loop
      vertex -12.460050447660638 -12.460050447660638 3.1102362204724407
      vertex -12.460050447660638 -12.460050447660638 30.62992125984252
      vertex -12.437486211791283 -12.481184160908846 30.62992125984252
    endloop
  endfacet
  facet normal 0.9108638224703054 0.4127070352135811 0
    outer loop
      vertex -12.549703657392442 -12.334939538552536 3.1102362204724407
      vertex -12.559055118110235 -12.314300425263173 30.31496062992126
      vertex -12.549703657392442 -12.334939538552536 30.62992125984252
    endloop
  endfacet
  facet normal 0.8819212655020662 0.4713967346675557 0
    outer loop
      vertex -12.549703657392442 -12.334939538552536 3.1102362204724407
      vertex -12.549703657392442 -12.334939538552536 30.62992125984252
      vertex -12.535130112013949 -12.362204724409448 30.62992125984252
    endloop
  endfacet
  facet normal 0.8492021808288817 0.5280678517723564 0
    outer loop
      vertex -12.535130112013949 -12.362204724409448 3.1102362204724407
      vertex -12.535130112013949 -12.362204724409448 30.62992125984252
      vertex -12.518804541195001 -12.388458377791672 30.62992125984252
    endloop
  endfacet
  facet normal 0.4713967346675557 0.8819212655020662 0
    outer loop
      vertex -12.362204724409448 -12.535130112013949 3.1102362204724407
      vertex -12.362204724409448 -12.535130112013949 30.62992125984252
      vertex -12.334939538552536 -12.549703657392442 30.62992125984252
    endloop
  endfacet
  facet normal 0.5280678517723564 0.8492021808288817 0
    outer loop
      vertex -12.388458377791672 -12.518804541195001 3.1102362204724407
      vertex -12.388458377791672 -12.518804541195001 30.62992125984252
      vertex -12.362204724409448 -12.535130112013949 30.62992125984252
    endloop
  endfacet
  facet normal 0 0 1
    outer loop
      vertex -12.928830899415523 -12.755905511811024 29.84251968503937
      vertex -12.912505328596577 -12.782159165193246 29.84251968503937
      vertex -12.562462771384734 -12.306779574338846 29.84251968503937
    endloop
  endfacet
  facet normal 0 0 1
    outer loop
      vertex -12.807288864172818 -12.894497641076253 29.84251968503937
      vertex -12.125984251968504 -12.598425196850393 29.84251968503937
      vertex -12.831186999192857 -12.87488494831042 29.84251968503937
    endloop
  endfacet
  facet normal 0 0 1
    outer loop
      vertex -12.894497641076253 -12.807288864172818 29.84251968503937
      vertex -12.87488494831042 -12.831186999192857 29.84251968503937
      vertex -12.532231954080382 -12.539514945599976 29.84251968503937
    endloop
  endfacet
  facet normal 0 0 1
    outer loop
      vertex -12.894497641076253 -12.807288864172818 29.84251968503937
      vertex -12.559055118110235 -12.48031496062992 29.84251968503937
      vertex -12.912505328596577 -12.782159165193246 29.84251968503937
    endloop
  endfacet
  facet normal 0 0 1
    outer loop
      vertex -12.853751235062212 -12.853751235062212 29.84251968503937
      vertex -12.48031496062992 -12.559055118110235 29.84251968503937
      vertex -12.87488494831042 -12.831186999192857 29.84251968503937
    endloop
  endfacet
  facet normal 0 0 1
    outer loop
      vertex -12.853751235062212 -12.853751235062212 29.84251968503937
      vertex -12.831186999192857 -12.87488494831042 29.84251968503937
      vertex -12.218152907948324 -12.589347376598148 29.84251968503937
    endloop
  endfacet
  facet normal 0 0 1
    outer loop
      vertex -12.87488494831042 -12.831186999192857 29.84251968503937
      vertex -12.528248931479267 -12.542783727678726 29.84251968503937
      vertex -12.532231954080382 -12.539514945599976 29.84251968503937
    endloop
  endfacet
  facet normal 0 0 1
    outer loop
      vertex -12.87488494831042 -12.831186999192857 29.84251968503937
      vertex -12.524060648316004 -12.545785008981003 29.84251968503937
      vertex -12.528248931479267 -12.542783727678726 29.84251968503937
    endloop
  endfacet
  facet normal 0 0 1
    outer loop
      vertex -12.87488494831042 -12.831186999192857 29.84251968503937
      vertex -12.519685039370078 -12.548505937255273 29.84251968503937
      vertex -12.524060648316004 -12.545785008981003 29.84251968503937
    endloop
  endfacet
  facet normal 0 0 1
    outer loop
      vertex -12.894497641076253 -12.807288864172818 29.84251968503937
      vertex -12.548505937255273 -12.519685039370078 29.84251968503937
      vertex -12.550934861436135 -12.515140841678372 29.84251968503937
    endloop
  endfacet
  facet normal 0 0 1
    outer loop
      vertex -12.894497641076253 -12.807288864172818 29.84251968503937
      vertex -12.545785008981003 -12.524060648316004 29.84251968503937
      vertex -12.548505937255273 -12.519685039370078 29.84251968503937
    endloop
  endfacet
  facet normal 0 0 1
    outer loop
      vertex -12.894497641076253 -12.807288864172818 29.84251968503937
      vertex -12.556372112411214 -12.50069441288475 29.84251968503937
      vertex -12.557542148068196 -12.495676403439889 29.84251968503937
    endloop
  endfacet
  facet normal 0 0 1
    outer loop
      vertex -12.894497641076253 -12.807288864172818 29.84251968503937
      vertex -12.554876388116615 -12.505625154617734 29.84251968503937
      vertex -12.556372112411214 -12.50069441288475 29.84251968503937
    endloop
  endfacet
  facet normal 0 0 1
    outer loop
      vertex -12.894497641076253 -12.807288864172818 29.84251968503937
      vertex -12.553061380630403 -12.510447514456088 29.84251968503937
      vertex -12.554876388116615 -12.505625154617734 29.84251968503937
    endloop
  endfacet
  facet normal 0 0 1
    outer loop
      vertex -12.894497641076253 -12.807288864172818 29.84251968503937
      vertex -12.550934861436135 -12.515140841678372 29.84251968503937
      vertex -12.553061380630403 -12.510447514456088 29.84251968503937
    endloop
  endfacet
  facet normal 0 0 1
    outer loop
      vertex -12.894497641076253 -12.807288864172818 29.84251968503937
      vertex -12.557542148068196 -12.495676403439889 29.84251968503937
      vertex -12.558381485012102 -12.490592613581597 29.84251968503937
    endloop
  endfacet
  facet normal 0 0 1
    outer loop
      vertex -12.894497641076253 -12.807288864172818 29.84251968503937
      vertex -12.558381485012102 -12.490592613581597 29.84251968503937
      vertex -12.558886529364454 -12.485464813378382 29.84251968503937
    endloop
  endfacet
  facet normal 0 0 1
    outer loop
      vertex -12.894497641076253 -12.807288864172818 29.84251968503937
      vertex -12.558886529364454 -12.485464813378382 29.84251968503937
      vertex -12.559055118110235 -12.48031496062992 29.84251968503937
    endloop
  endfacet
  facet normal 0 0 1
    outer loop
      vertex -12.894497641076253 -12.807288864172818 29.84251968503937
      vertex -12.535992659863055 -12.535992659863055 29.84251968503937
      vertex -12.539514945599976 -12.532231954080382 29.84251968503937
    endloop
  endfacet
  facet normal 0 0 1
    outer loop
      vertex -12.894497641076253 -12.807288864172818 29.84251968503937
      vertex -12.532231954080382 -12.539514945599976 29.84251968503937
      vertex -12.535992659863055 -12.535992659863055 29.84251968503937
    endloop
  endfacet
  facet normal 0 0 1
    outer loop
      vertex -12.894497641076253 -12.807288864172818 29.84251968503937
      vertex -12.542783727678726 -12.528248931479267 29.84251968503937
      vertex -12.545785008981003 -12.524060648316004 29.84251968503937
    endloop
  endfacet
  facet normal 0 0 1
    outer loop
      vertex -12.894497641076253 -12.807288864172818 29.84251968503937
      vertex -12.539514945599976 -12.532231954080382 29.84251968503937
      vertex -12.542783727678726 -12.528248931479267 29.84251968503937
    endloop
  endfacet
  facet normal 0 0 1
    outer loop
      vertex -12.87488494831042 -12.831186999192857 29.84251968503937
      vertex -12.515140841678372 -12.550934861436135 29.84251968503937
      vertex -12.519685039370078 -12.548505937255273 29.84251968503937
    endloop
  endfacet
  facet normal 0 0 1
    outer loop
      vertex -12.87488494831042 -12.831186999192857 29.84251968503937
      vertex -12.510447514456088 -12.553061380630403 29.84251968503937
      vertex -12.515140841678372 -12.550934861436135 29.84251968503937
    endloop
  endfacet
  facet normal 0 0 1
    outer loop
      vertex -12.87488494831042 -12.831186999192857 29.84251968503937
      vertex -12.505625154617734 -12.554876388116615 29.84251968503937
      vertex -12.510447514456088 -12.553061380630403 29.84251968503937
    endloop
  endfacet
  facet normal 0 0 1
    outer loop
      vertex -12.87488494831042 -12.831186999192857 29.84251968503937
      vertex -12.50069441288475 -12.556372112411214 29.84251968503937
      vertex -12.505625154617734 -12.554876388116615 29.84251968503937
    endloop
  endfacet
  facet normal 0 0 1
    outer loop
      vertex -12.87488494831042 -12.831186999192857 29.84251968503937
      vertex -12.495676403439889 -12.557542148068196 29.84251968503937
      vertex -12.50069441288475 -12.556372112411214 29.84251968503937
    endloop
  endfacet
  facet normal 0 0 1
    outer loop
      vertex -12.87488494831042 -12.831186999192857 29.84251968503937
      vertex -12.490592613581597 -12.558381485012102 29.84251968503937
      vertex -12.495676403439889 -12.557542148068196 29.84251968503937
    endloop
  endfacet
  facet normal 0 0 1
    outer loop
      vertex -12.87488494831042 -12.831186999192857 29.84251968503937
      vertex -12.485464813378382 -12.558886529364454 29.84251968503937
      vertex -12.490592613581597 -12.558381485012102 29.84251968503937
    endloop
  endfacet
  facet normal 0 0 1
    outer loop
      vertex -12.87488494831042 -12.831186999192857 29.84251968503937
      vertex -12.48031496062992 -12.559055118110235 29.84251968503937
      vertex -12.485464813378382 -12.558886529364454 29.84251968503937
    endloop
  endfacet
  facet normal 0 0 1
    outer loop
      vertex -12.95616355878631 -12.70048036174042 29.84251968503937
      vertex -12.598425196850393 -12.125984251968504 29.84251968503937
      vertex -12.96705360458357 -12.671546204176943 29.84251968503937
    endloop
  endfacet
  facet normal 0 0 1
    outer loop
      vertex -12.943404444794016 -12.72864032595411 29.84251968503937
      vertex -12.928830899415523 -12.755905511811024 29.84251968503937
      vertex -12.598425196850393 -12.125984251968504 29.84251968503937
    endloop
  endfacet
  facet normal 0 0 1
    outer loop
      vertex -12.943404444794016 -12.72864032595411 29.84251968503937
      vertex -12.598425196850393 -12.125984251968504 29.84251968503937
      vertex -12.95616355878631 -12.70048036174042 29.84251968503937
    endloop
  endfacet
  facet normal 0 0 1
    outer loop
      vertex -12.96705360458357 -12.671546204176943 29.84251968503937
      vertex -12.598425196850393 -12.125984251968504 29.84251968503937
      vertex -12.976027949471174 -12.64196175348571 29.84251968503937
    endloop
  endfacet
  facet normal 0 0 1
    outer loop
      vertex -12.976027949471174 -12.64196175348571 29.84251968503937
      vertex -12.598425196850393 -12.125984251968504 29.84251968503937
      vertex -12.983048163999722 -12.6118536953499 29.84251968503937
    endloop
  endfacet
  facet normal 0 0 1
    outer loop
      vertex -12.983048163999722 -12.6118536953499 29.84251968503937
      vertex -12.598425196850393 -12.125984251968504 29.84251968503937
      vertex -12.98808418654316 -12.581350957080135 29.84251968503937
    endloop
  endfacet
  facet normal 0 0 1
    outer loop
      vertex -12.98808418654316 -12.581350957080135 29.84251968503937
      vertex -12.598425196850393 -12.125984251968504 29.84251968503937
      vertex -12.991114451777278 -12.550584155567519 29.84251968503937
    endloop
  endfacet
  facet normal 0 0 1
    outer loop
      vertex -12.991114451777278 -12.550584155567519 29.84251968503937
      vertex -12.598425196850393 -12.125984251968504 29.84251968503937
      vertex -12.992125984251969 -12.519685039370078 29.84251968503937
    endloop
  endfacet
  facet normal 0 0 1
    outer loop
      vertex -12.928830899415523 -12.755905511811024 29.84251968503937
      vertex -12.562462771384734 -12.306779574338846 29.84251968503937
      vertex -12.573352817181997 -12.277845416775369 29.84251968503937
    endloop
  endfacet
  facet normal 0 0 1
    outer loop
      vertex -12.928830899415523 -12.755905511811024 29.84251968503937
      vertex -12.573352817181997 -12.277845416775369 29.84251968503937
      vertex -12.582327162069598 -12.248260966084136 29.84251968503937
    endloop
  endfacet
  facet normal 0 0 1
    outer loop
      vertex -12.928830899415523 -12.755905511811024 29.84251968503937
      vertex -12.582327162069598 -12.248260966084136 29.84251968503937
      vertex -12.589347376598148 -12.218152907948324 29.84251968503937
    endloop
  endfacet
  facet normal 0 0 1
    outer loop
      vertex -12.928830899415523 -12.755905511811024 29.84251968503937
      vertex -12.589347376598148 -12.218152907948324 29.84251968503937
      vertex -12.594383399141586 -12.18765016967856 29.84251968503937
    endloop
  endfacet
  facet normal 0 0 1
    outer loop
      vertex -12.912505328596577 -12.782159165193246 29.84251968503937
      vertex -12.559055118110235 -12.48031496062992 29.84251968503937
      vertex -12.559055118110235 -12.314300425263173 29.84251968503937
    endloop
  endfacet
  facet normal 0 0 1
    outer loop
      vertex -12.912505328596577 -12.782159165193246 29.84251968503937
      vertex -12.559055118110235 -12.314300425263173 29.84251968503937
      vertex -12.562462771384734 -12.306779574338846 29.84251968503937
    endloop
  endfacet
  facet normal 0 0 1
    outer loop
      vertex -12.928830899415523 -12.755905511811024 29.84251968503937
      vertex -12.594383399141586 -12.18765016967856 29.84251968503937
      vertex -12.597413664375702 -12.156883368165943 29.84251968503937
    endloop
  endfacet
  facet normal 0 0 1
    outer loop
      vertex -12.928830899415523 -12.755905511811024 29.84251968503937
      vertex -12.597413664375702 -12.156883368165943 29.84251968503937
      vertex -12.598425196850393 -12.125984251968504 29.84251968503937
    endloop
  endfacet
  facet normal 0 0 1
    outer loop
      vertex -12.807288864172818 -12.894497641076253 29.84251968503937
      vertex -12.782159165193246 -12.912505328596577 29.84251968503937
      vertex -12.125984251968504 -12.598425196850393 29.84251968503937
    endloop
  endfacet
  facet normal 0 0 1
    outer loop
      vertex -12.755905511811024 -12.928830899415523 29.84251968503937
      vertex -12.72864032595411 -12.943404444794016 29.84251968503937
      vertex -12.125984251968504 -12.598425196850393 29.84251968503937
    endloop
  endfacet
  facet normal 0 0 1
    outer loop
      vertex -12.782159165193246 -12.912505328596577 29.84251968503937
      vertex -12.755905511811024 -12.928830899415523 29.84251968503937
      vertex -12.125984251968504 -12.598425196850393 29.84251968503937
    endloop
  endfacet
  facet normal 0 0 1
    outer loop
      vertex -12.72864032595411 -12.943404444794016 29.84251968503937
      vertex -12.70048036174042 -12.95616355878631 29.84251968503937
      vertex -12.125984251968504 -12.598425196850393 29.84251968503937
    endloop
  endfacet
  facet normal 0 0 1
    outer loop
      vertex -12.853751235062212 -12.853751235062212 29.84251968503937
      vertex -12.306779574338846 -12.562462771384734 29.84251968503937
      vertex -12.48031496062992 -12.559055118110235 29.84251968503937
    endloop
  endfacet
  facet normal 0 0 1
    outer loop
      vertex -12.831186999192857 -12.87488494831042 29.84251968503937
      vertex -12.156883368165943 -12.597413664375702 29.84251968503937
      vertex -12.18765016967856 -12.594383399141586 29.84251968503937
    endloop
  endfacet
  facet normal 0 0 1
    outer loop
      vertex -12.853751235062212 -12.853751235062212 29.84251968503937
      vertex -12.277845416775369 -12.573352817181997 29.84251968503937
      vertex -12.306779574338846 -12.562462771384734 29.84251968503937
    endloop
  endfacet
  facet normal 0 0 1
    outer loop
      vertex -12.853751235062212 -12.853751235062212 29.84251968503937
      vertex -12.248260966084136 -12.582327162069598 29.84251968503937
      vertex -12.277845416775369 -12.573352817181997 29.84251968503937
    endloop
  endfacet
  facet normal 0 0 1
    outer loop
      vertex -12.853751235062212 -12.853751235062212 29.84251968503937
      vertex -12.218152907948324 -12.589347376598148 29.84251968503937
      vertex -12.248260966084136 -12.582327162069598 29.84251968503937
    endloop
  endfacet
  facet normal 0 0 1
    outer loop
      vertex -12.831186999192857 -12.87488494831042 29.84251968503937
      vertex -12.18765016967856 -12.594383399141586 29.84251968503937
      vertex -12.218152907948324 -12.589347376598148 29.84251968503937
    endloop
  endfacet
  facet normal 0 0 1
    outer loop
      vertex -12.831186999192857 -12.87488494831042 29.84251968503937
      vertex -12.125984251968504 -12.598425196850393 29.84251968503937
      vertex -12.156883368165943 -12.597413664375702 29.84251968503937
    endloop
  endfacet
  facet normal -0.8128466817298681 -0.5824777008613659 0
    outer loop
      vertex -12.545785008981003 -12.524060648316004 29.84251968503937
      vertex -12.542783727678726 -12.528248931479267 29.84251968503937
      vertex -12.545785008981003 -12.524060648316004 30.31496062992126
    endloop
  endfacet
  facet normal -0.7730104622496882 -0.634393273334864 0
    outer loop
      vertex -12.542783727678726 -12.528248931479267 29.84251968503937
      vertex -12.539514945599976 -12.532231954080382 29.84251968503937
      vertex -12.542783727678726 -12.528248931479267 30.31496062992126
    endloop
  endfacet
  facet normal -0.7298640342309303 -0.683592343093566 0
    outer loop
      vertex -12.535992659863055 -12.535992659863055 29.84251968503937
      vertex -12.539514945599976 -12.532231954080382 30.31496062992126
      vertex -12.539514945599976 -12.532231954080382 29.84251968503937
    endloop
  endfacet
  facet normal -0.910863803355096 -0.41270707740174406 0
    outer loop
      vertex -12.550934861436135 -12.515140841678372 29.84251968503937
      vertex -12.553061380630403 -12.510447514456088 30.31496062992126
      vertex -12.553061380630403 -12.510447514456088 29.84251968503937
    endloop
  endfacet
  facet normal -0.8819212715548262 -0.4713967233436382 0
    outer loop
      vertex -12.550934861436135 -12.515140841678372 29.84251968503937
      vertex -12.548505937255273 -12.519685039370078 29.84251968503937
      vertex -12.550934861436135 -12.515140841678372 30.31496062992126
    endloop
  endfacet
  facet normal -0.8492022004940118 -0.5280678201482535 0
    outer loop
      vertex -12.545785008981003 -12.524060648316004 29.84251968503937
      vertex -12.548505937255273 -12.519685039370078 30.31496062992126
      vertex -12.548505937255273 -12.519685039370078 29.84251968503937
    endloop
  endfacet
  facet normal -0.9738769810992919 -0.22707625522042016 0
    outer loop
      vertex -12.556372112411214 -12.50069441288475 29.84251968503937
      vertex -12.557542148068196 -12.495676403439889 30.31496062992126
      vertex -12.557542148068196 -12.495676403439889 29.84251968503937
    endloop
  endfacet
  facet normal -0.9569403280673617 -0.29028470252207583 0
    outer loop
      vertex -12.556372112411214 -12.50069441288475 29.84251968503937
      vertex -12.554876388116615 -12.505625154617734 29.84251968503937
      vertex -12.556372112411214 -12.50069441288475 30.31496062992126
    endloop
  endfacet
  facet normal -0.935905941845087 -0.3522500078340109 0
    outer loop
      vertex -12.553061380630403 -12.510447514456088 29.84251968503937
      vertex -12.554876388116615 -12.505625154617734 30.31496062992126
      vertex -12.554876388116615 -12.505625154617734 29.84251968503937
    endloop
  endfacet
  facet normal -0.9951847245102207 -0.09801716228047182 0
    outer loop
      vertex -12.558381485012102 -12.490592613581597 29.84251968503937
      vertex -12.558886529364454 -12.485464813378382 30.31496062992126
      vertex -12.558886529364454 -12.485464813378382 29.84251968503937
    endloop
  endfacet
  facet normal -0.9866433370333504 -0.16289544342213602 0
    outer loop
      vertex -12.558381485012102 -12.490592613581597 29.84251968503937
      vertex -12.557542148068196 -12.495676403439889 29.84251968503937
      vertex -12.558381485012102 -12.490592613581597 30.31496062992126
    endloop
  endfacet
  facet normal -0.683592343093566 -0.7298640342309303 0
    outer loop
      vertex -12.535992659863055 -12.535992659863055 29.84251968503937
      vertex -12.532231954080382 -12.539514945599976 29.84251968503937
      vertex -12.535992659863055 -12.535992659863055 30.31496062992126
    endloop
  endfacet
  facet normal -0.634393273334864 -0.7730104622496882 0
    outer loop
      vertex -12.532231954080382 -12.539514945599976 29.84251968503937
      vertex -12.528248931479267 -12.542783727678726 29.84251968503937
      vertex -12.532231954080382 -12.539514945599976 30.31496062992126
    endloop
  endfacet
  facet normal -0.5824777008613659 -0.8128466817298681 0
    outer loop
      vertex -12.528248931479267 -12.542783727678726 29.84251968503937
      vertex -12.524060648316004 -12.545785008981003 29.84251968503937
      vertex -12.528248931479267 -12.542783727678726 30.31496062992126
    endloop
  endfacet
  facet normal -0.5280678201482535 -0.8492022004940118 0
    outer loop
      vertex -12.524060648316004 -12.545785008981003 29.84251968503937
      vertex -12.519685039370078 -12.548505937255273 29.84251968503937
      vertex -12.524060648316004 -12.545785008981003 30.31496062992126
    endloop
  endfacet
  facet normal -0.4713967233436382 -0.8819212715548262 0
    outer loop
      vertex -12.519685039370078 -12.548505937255273 29.84251968503937
      vertex -12.515140841678372 -12.550934861436135 29.84251968503937
      vertex -12.519685039370078 -12.548505937255273 30.31496062992126
    endloop
  endfacet
  facet normal -0.41270707740174406 -0.910863803355096 0
    outer loop
      vertex -12.515140841678372 -12.550934861436135 29.84251968503937
      vertex -12.510447514456088 -12.553061380630403 29.84251968503937
      vertex -12.515140841678372 -12.550934861436135 30.31496062992126
    endloop
  endfacet
  facet normal -0.3522500078340109 -0.935905941845087 0
    outer loop
      vertex -12.510447514456088 -12.553061380630403 29.84251968503937
      vertex -12.505625154617734 -12.554876388116615 29.84251968503937
      vertex -12.510447514456088 -12.553061380630403 30.31496062992126
    endloop
  endfacet
  facet normal -0.29028470252207583 -0.9569403280673617 0
    outer loop
      vertex -12.505625154617734 -12.554876388116615 29.84251968503937
      vertex -12.50069441288475 -12.556372112411214 29.84251968503937
      vertex -12.505625154617734 -12.554876388116615 30.31496062992126
    endloop
  endfacet
  facet normal -0.22707625522042016 -0.9738769810992919 0
    outer loop
      vertex -12.50069441288475 -12.556372112411214 29.84251968503937
      vertex -12.495676403439889 -12.557542148068196 29.84251968503937
      vertex -12.50069441288475 -12.556372112411214 30.31496062992126
    endloop
  endfacet
  facet normal -0.16289544342213602 -0.9866433370333504 0
    outer loop
      vertex -12.495676403439889 -12.557542148068196 29.84251968503937
      vertex -12.490592613581597 -12.558381485012102 29.84251968503937
      vertex -12.495676403439889 -12.557542148068196 30.31496062992126
    endloop
  endfacet
  facet normal -0.09801716228047182 -0.9951847245102207 0
    outer loop
      vertex -12.490592613581597 -12.558381485012102 29.84251968503937
      vertex -12.485464813378382 -12.558886529364454 29.84251968503937
      vertex -12.490592613581597 -12.558381485012102 30.31496062992126
    endloop
  endfacet
  facet normal -0.9994645873324828 -0.032719087216940966 0
    outer loop
      vertex -12.558886529364454 -12.485464813378382 29.84251968503937
      vertex -12.559055118110235 -12.48031496062992 30.31496062992126
      vertex -12.559055118110235 -12.48031496062992 29.84251968503937
    endloop
  endfacet
  facet normal -0.032719087216940966 -0.9994645873324828 0
    outer loop
      vertex -12.485464813378382 -12.558886529364454 29.84251968503937
      vertex -12.48031496062992 -12.559055118110235 29.84251968503937
      vertex -12.485464813378382 -12.558886529364454 30.31496062992126
    endloop
  endfacet
  facet normal 0 -1 0
    outer loop
      vertex -12.48031496062992 -12.559055118110235 29.84251968503937
      vertex -12.314300425263173 -12.559055118110235 29.84251968503937
      vertex -12.48031496062992 -12.559055118110235 30.31496062992126
    endloop
  endfacet
  facet normal -1 0 0
    outer loop
      vertex -12.559055118110235 -12.48031496062992 29.84251968503937
      vertex -12.559055118110235 -12.314300425263173 30.31496062992126
      vertex -12.559055118110235 -12.314300425263173 29.84251968503937
    endloop
  endfacet
  facet normal 0 0 1
    outer loop
      vertex -12.48031496062992 -12.559055118110235 29.84251968503937
      vertex -12.306779574338846 -12.562462771384734 29.84251968503937
      vertex -12.314300425263173 -12.559055118110235 29.84251968503937
    endloop
  endfacet
  facet normal 0 0 -1
    outer loop
      vertex -12.894497641076253 -12.807288864172818 30.31496062992126
      vertex -12.912505328596577 -12.782159165193246 30.31496062992126
      vertex -12.562462771384734 -12.306779574338846 30.31496062992126
    endloop
  endfacet
  facet normal 0 0 -1
    outer loop
      vertex -12.853751235062212 -12.853751235062212 30.31496062992126
      vertex -12.87488494831042 -12.831186999192857 30.31496062992126
      vertex -12.532231954080382 -12.539514945599976 30.31496062992126
    endloop
  endfacet
  facet normal 0 0 -1
    outer loop
      vertex -12.894497641076253 -12.807288864172818 30.31496062992126
      vertex -12.559055118110235 -12.48031496062992 30.31496062992126
      vertex -12.87488494831042 -12.831186999192857 30.31496062992126
    endloop
  endfacet
  facet normal 0 0 -1
    outer loop
      vertex -12.853751235062212 -12.853751235062212 30.31496062992126
      vertex -12.48031496062992 -12.559055118110235 30.31496062992126
      vertex -12.831186999192857 -12.87488494831042 30.31496062992126
    endloop
  endfacet
  facet normal 0 0 -1
    outer loop
      vertex -12.807288864172818 -12.894497641076253 30.31496062992126
      vertex -12.831186999192857 -12.87488494831042 30.31496062992126
      vertex -12.218152907948324 -12.589347376598148 30.31496062992126
    endloop
  endfacet
  facet normal 0 0 -1
    outer loop
      vertex -12.853751235062212 -12.853751235062212 30.31496062992126
      vertex -12.532231954080382 -12.539514945599976 30.31496062992126
      vertex -12.528248931479267 -12.542783727678726 30.31496062992126
    endloop
  endfacet
  facet normal 0 0 -1
    outer loop
      vertex -12.87488494831042 -12.831186999192857 30.31496062992126
      vertex -12.558381485012102 -12.490592613581597 30.31496062992126
      vertex -12.557542148068196 -12.495676403439889 30.31496062992126
    endloop
  endfacet
  facet normal 0 0 -1
    outer loop
      vertex -12.87488494831042 -12.831186999192857 30.31496062992126
      vertex -12.557542148068196 -12.495676403439889 30.31496062992126
      vertex -12.556372112411214 -12.50069441288475 30.31496062992126
    endloop
  endfacet
  facet normal 0 0 -1
    outer loop
      vertex -12.87488494831042 -12.831186999192857 30.31496062992126
      vertex -12.558886529364454 -12.485464813378382 30.31496062992126
      vertex -12.558381485012102 -12.490592613581597 30.31496062992126
    endloop
  endfacet
  facet normal 0 0 -1
    outer loop
      vertex -12.87488494831042 -12.831186999192857 30.31496062992126
      vertex -12.559055118110235 -12.48031496062992 30.31496062992126
      vertex -12.558886529364454 -12.485464813378382 30.31496062992126
    endloop
  endfacet
  facet normal 0 0 -1
    outer loop
      vertex -12.87488494831042 -12.831186999192857 30.31496062992126
      vertex -12.539514945599976 -12.532231954080382 30.31496062992126
      vertex -12.535992659863055 -12.535992659863055 30.31496062992126
    endloop
  endfacet
  facet normal 0 0 -1
    outer loop
      vertex -12.87488494831042 -12.831186999192857 30.31496062992126
      vertex -12.535992659863055 -12.535992659863055 30.31496062992126
      vertex -12.532231954080382 -12.539514945599976 30.31496062992126
    endloop
  endfacet
  facet normal 0 0 -1
    outer loop
      vertex -12.87488494831042 -12.831186999192857 30.31496062992126
      vertex -12.556372112411214 -12.50069441288475 30.31496062992126
      vertex -12.554876388116615 -12.505625154617734 30.31496062992126
    endloop
  endfacet
  facet normal 0 0 -1
    outer loop
      vertex -12.87488494831042 -12.831186999192857 30.31496062992126
      vertex -12.554876388116615 -12.505625154617734 30.31496062992126
      vertex -12.553061380630403 -12.510447514456088 30.31496062992126
    endloop
  endfacet
  facet normal 0 0 -1
    outer loop
      vertex -12.87488494831042 -12.831186999192857 30.31496062992126
      vertex -12.553061380630403 -12.510447514456088 30.31496062992126
      vertex -12.550934861436135 -12.515140841678372 30.31496062992126
    endloop
  endfacet
  facet normal 0 0 -1
    outer loop
      vertex -12.87488494831042 -12.831186999192857 30.31496062992126
      vertex -12.550934861436135 -12.515140841678372 30.31496062992126
      vertex -12.548505937255273 -12.519685039370078 30.31496062992126
    endloop
  endfacet
  facet normal 0 0 -1
    outer loop
      vertex -12.87488494831042 -12.831186999192857 30.31496062992126
      vertex -12.548505937255273 -12.519685039370078 30.31496062992126
      vertex -12.545785008981003 -12.524060648316004 30.31496062992126
    endloop
  endfacet
  facet normal 0 0 -1
    outer loop
      vertex -12.87488494831042 -12.831186999192857 30.31496062992126
      vertex -12.545785008981003 -12.524060648316004 30.31496062992126
      vertex -12.542783727678726 -12.528248931479267 30.31496062992126
    endloop
  endfacet
  facet normal 0 0 -1
    outer loop
      vertex -12.87488494831042 -12.831186999192857 30.31496062992126
      vertex -12.542783727678726 -12.528248931479267 30.31496062992126
      vertex -12.539514945599976 -12.532231954080382 30.31496062992126
    endloop
  endfacet
  facet normal 0 0 -1
    outer loop
      vertex -12.853751235062212 -12.853751235062212 30.31496062992126
      vertex -12.528248931479267 -12.542783727678726 30.31496062992126
      vertex -12.524060648316004 -12.545785008981003 30.31496062992126
    endloop
  endfacet
  facet normal 0 0 -1
    outer loop
      vertex -12.853751235062212 -12.853751235062212 30.31496062992126
      vertex -12.524060648316004 -12.545785008981003 30.31496062992126
      vertex -12.519685039370078 -12.548505937255273 30.31496062992126
    endloop
  endfacet
  facet normal 0 0 -1
    outer loop
      vertex -12.853751235062212 -12.853751235062212 30.31496062992126
      vertex -12.519685039370078 -12.548505937255273 30.31496062992126
      vertex -12.515140841678372 -12.550934861436135 30.31496062992126
    endloop
  endfacet
  facet normal 0 0 -1
    outer loop
      vertex -12.853751235062212 -12.853751235062212 30.31496062992126
      vertex -12.515140841678372 -12.550934861436135 30.31496062992126
      vertex -12.510447514456088 -12.553061380630403 30.31496062992126
    endloop
  endfacet
  facet normal 0 0 -1
    outer loop
      vertex -12.853751235062212 -12.853751235062212 30.31496062992126
      vertex -12.510447514456088 -12.553061380630403 30.31496062992126
      vertex -12.505625154617734 -12.554876388116615 30.31496062992126
    endloop
  endfacet
  facet normal 0 0 -1
    outer loop
      vertex -12.853751235062212 -12.853751235062212 30.31496062992126
      vertex -12.505625154617734 -12.554876388116615 30.31496062992126
      vertex -12.50069441288475 -12.556372112411214 30.31496062992126
    endloop
  endfacet
  facet normal 0 0 -1
    outer loop
      vertex -12.853751235062212 -12.853751235062212 30.31496062992126
      vertex -12.50069441288475 -12.556372112411214 30.31496062992126
      vertex -12.495676403439889 -12.557542148068196 30.31496062992126
    endloop
  endfacet
  facet normal 0 0 -1
    outer loop
      vertex -12.853751235062212 -12.853751235062212 30.31496062992126
      vertex -12.495676403439889 -12.557542148068196 30.31496062992126
      vertex -12.490592613581597 -12.558381485012102 30.31496062992126
    endloop
  endfacet
  facet normal 0 0 -1
    outer loop
      vertex -12.853751235062212 -12.853751235062212 30.31496062992126
      vertex -12.490592613581597 -12.558381485012102 30.31496062992126
      vertex -12.485464813378382 -12.558886529364454 30.31496062992126
    endloop
  endfacet
  facet normal 0 0 -1
    outer loop
      vertex -12.853751235062212 -12.853751235062212 30.31496062992126
      vertex -12.485464813378382 -12.558886529364454 30.31496062992126
      vertex -12.48031496062992 -12.559055118110235 30.31496062992126
    endloop
  endfacet
  facet normal -0.812846686222204 -0.5824776945923181 0
    outer loop
      vertex -12.894497641076253 -12.807288864172818 30.31496062992126
      vertex -12.912505328596577 -12.782159165193246 31.023622047244093
      vertex -12.912505328596577 -12.782159165193246 30.31496062992126
    endloop
  endfacet
  facet normal -0.5824776945923181 -0.812846686222204 0
    outer loop
      vertex -12.807288864172818 -12.894497641076253 30.31496062992126
      vertex -12.782159165193246 -12.912505328596577 30.31496062992126
      vertex -12.807288864172818 -12.894497641076253 31.023622047244093
    endloop
  endfacet
  facet normal -0.6835923039409373 -0.7298640709013708 0
    outer loop
      vertex -12.853751235062212 -12.853751235062212 30.31496062992126
      vertex -12.831186999192857 -12.87488494831042 30.31496062992126
      vertex -12.853751235062212 -12.853751235062212 31.023622047244093
    endloop
  endfacet
  facet normal -0.7730104499598479 -0.6343932883100776 0
    outer loop
      vertex -12.894497641076253 -12.807288864172818 30.31496062992126
      vertex -12.87488494831042 -12.831186999192857 30.31496062992126
      vertex -12.894497641076253 -12.807288864172818 31.023622047244093
    endloop
  endfacet
  facet normal -0.7298640709013708 -0.6835923039409373 0
    outer loop
      vertex -12.853751235062212 -12.853751235062212 30.31496062992126
      vertex -12.87488494831042 -12.831186999192857 31.023622047244093
      vertex -12.87488494831042 -12.831186999192857 30.31496062992126
    endloop
  endfacet
  facet normal -0.6343932883100776 -0.7730104499598479 0
    outer loop
      vertex -12.807288864172818 -12.894497641076253 30.31496062992126
      vertex -12.831186999192857 -12.87488494831042 31.023622047244093
      vertex -12.831186999192857 -12.87488494831042 30.31496062992126
    endloop
  endfacet
  facet normal -0.812846686222204 -0.5824776945923181 0
    outer loop
      vertex -12.894497641076253 -12.807288864172818 30.31496062992126
      vertex -12.894497641076253 -12.807288864172818 31.023622047244093
      vertex -12.912505328596577 -12.782159165193246 31.023622047244093
    endloop
  endfacet
  facet normal -0.5824776945923181 -0.812846686222204 0
    outer loop
      vertex -12.782159165193246 -12.912505328596577 30.31496062992126
      vertex -12.782159165193246 -12.912505328596577 31.023622047244093
      vertex -12.807288864172818 -12.894497641076253 31.023622047244093
    endloop
  endfacet
  facet normal -0.7298640709013708 -0.6835923039409373 0
    outer loop
      vertex -12.853751235062212 -12.853751235062212 30.31496062992126
      vertex -12.853751235062212 -12.853751235062212 31.023622047244093
      vertex -12.87488494831042 -12.831186999192857 31.023622047244093
    endloop
  endfacet
  facet normal -0.7730104499598479 -0.6343932883100776 0
    outer loop
      vertex -12.87488494831042 -12.831186999192857 30.31496062992126
      vertex -12.87488494831042 -12.831186999192857 31.023622047244093
      vertex -12.894497641076253 -12.807288864172818 31.023622047244093
    endloop
  endfacet
  facet normal -0.6835923039409373 -0.7298640709013708 0
    outer loop
      vertex -12.831186999192857 -12.87488494831042 30.31496062992126
      vertex -12.831186999192857 -12.87488494831042 31.023622047244093
      vertex -12.853751235062212 -12.853751235062212 31.023622047244093
    endloop
  endfacet
  facet normal -0.6343932883100776 -0.7730104499598479 0
    outer loop
      vertex -12.807288864172818 -12.894497641076253 30.31496062992126
      vertex -12.807288864172818 -12.894497641076253 31.023622047244093
      vertex -12.831186999192857 -12.87488494831042 31.023622047244093
    endloop
  endfacet
  facet normal -0.9108638224702754 -0.41270703521364716 0
    outer loop
      vertex -12.943404444794016 -12.72864032595411 30.31496062992126
      vertex -12.95616355878631 -12.70048036174042 31.023622047244093
      vertex -12.95616355878631 -12.70048036174042 30.31496062992126
    endloop
  endfacet
  facet normal -0.8492021808288914 -0.5280678517723407 0
    outer loop
      vertex -12.928830899415523 -12.755905511811024 30.31496062992126
      vertex -12.912505328596577 -12.782159165193246 30.31496062992126
      vertex -12.928830899415523 -12.755905511811024 31.023622047244093
    endloop
  endfacet
  facet normal -0.881921265502079 -0.4713967346675319 0
    outer loop
      vertex -12.943404444794016 -12.72864032595411 30.31496062992126
      vertex -12.928830899415523 -12.755905511811024 30.31496062992126
      vertex -12.943404444794016 -12.72864032595411 31.023622047244093
    endloop
  endfacet
  facet normal -0.9569403367738464 -0.29028467382064377 0
    outer loop
      vertex -12.96705360458357 -12.671546204176943 30.31496062992126
      vertex -12.976027949471174 -12.64196175348571 31.023622047244093
      vertex -12.976027949471174 -12.64196175348571 30.31496062992126
    endloop
  endfacet
  facet normal -0.9359059265747943 -0.3522500484062079 0
    outer loop
      vertex -12.95616355878631 -12.70048036174042 30.31496062992126
      vertex -12.96705360458357 -12.671546204176943 31.023622047244093
      vertex -12.96705360458357 -12.671546204176943 30.31496062992126
    endloop
  endfacet
  facet normal -0.9738769793490178 -0.22707626272693646 0
    outer loop
      vertex -12.976027949471174 -12.64196175348571 30.31496062992126
      vertex -12.983048163999722 -12.6118536953499 31.023622047244093
      vertex -12.983048163999722 -12.6118536953499 30.31496062992126
    endloop
  endfacet
  facet normal -0.9866433317032574 -0.1628954757060371 0
    outer loop
      vertex -12.983048163999722 -12.6118536953499 30.31496062992126
      vertex -12.98808418654316 -12.581350957080135 31.023622047244093
      vertex -12.98808418654316 -12.581350957080135 30.31496062992126
    endloop
  endfacet
  facet normal -0.9108638224702754 -0.41270703521364716 0
    outer loop
      vertex -12.943404444794016 -12.72864032595411 30.31496062992126
      vertex -12.943404444794016 -12.72864032595411 31.023622047244093
      vertex -12.95616355878631 -12.70048036174042 31.023622047244093
    endloop
  endfacet
  facet normal -0.9359059265747943 -0.3522500484062079 0
    outer loop
      vertex -12.95616355878631 -12.70048036174042 30.31496062992126
      vertex -12.95616355878631 -12.70048036174042 31.023622047244093
      vertex -12.96705360458357 -12.671546204176943 31.023622047244093
    endloop
  endfacet
  facet normal -0.8492021808288914 -0.5280678517723407 0
    outer loop
      vertex -12.912505328596577 -12.782159165193246 30.31496062992126
      vertex -12.912505328596577 -12.782159165193246 31.023622047244093
      vertex -12.928830899415523 -12.755905511811024 31.023622047244093
    endloop
  endfacet
  facet normal -0.881921265502079 -0.4713967346675319 0
    outer loop
      vertex -12.928830899415523 -12.755905511811024 30.31496062992126
      vertex -12.928830899415523 -12.755905511811024 31.023622047244093
      vertex -12.943404444794016 -12.72864032595411 31.023622047244093
    endloop
  endfacet
  facet normal -0.9569403367738464 -0.29028467382064377 0
    outer loop
      vertex -12.96705360458357 -12.671546204176943 30.31496062992126
      vertex -12.96705360458357 -12.671546204176943 31.023622047244093
      vertex -12.976027949471174 -12.64196175348571 31.023622047244093
    endloop
  endfacet
  facet normal -0.9738769793490178 -0.22707626272693646 0
    outer loop
      vertex -12.976027949471174 -12.64196175348571 30.31496062992126
      vertex -12.976027949471174 -12.64196175348571 31.023622047244093
      vertex -12.983048163999722 -12.6118536953499 31.023622047244093
    endloop
  endfacet
  facet normal -0.9866433317032574 -0.1628954757060371 0
    outer loop
      vertex -12.983048163999722 -12.6118536953499 30.31496062992126
      vertex -12.983048163999722 -12.6118536953499 31.023622047244093
      vertex -12.98808418654316 -12.581350957080135 31.023622047244093
    endloop
  endfacet
  facet normal -0.5280678517723407 -0.8492021808288914 0
    outer loop
      vertex -12.782159165193246 -12.912505328596577 30.31496062992126
      vertex -12.755905511811024 -12.928830899415523 30.31496062992126
      vertex -12.782159165193246 -12.912505328596577 31.023622047244093
    endloop
  endfacet
  facet normal -0.4713967346675319 -0.881921265502079 0
    outer loop
      vertex -12.755905511811024 -12.928830899415523 30.31496062992126
      vertex -12.72864032595411 -12.943404444794016 30.31496062992126
      vertex -12.755905511811024 -12.928830899415523 31.023622047244093
    endloop
  endfacet
  facet normal -0.41270703521364716 -0.9108638224702754 0
    outer loop
      vertex -12.72864032595411 -12.943404444794016 30.31496062992126
      vertex -12.70048036174042 -12.95616355878631 30.31496062992126
      vertex -12.72864032595411 -12.943404444794016 31.023622047244093
    endloop
  endfacet
  facet normal -0.3522500484062079 -0.9359059265747943 0
    outer loop
      vertex -12.70048036174042 -12.95616355878631 30.31496062992126
      vertex -12.671546204176943 -12.96705360458357 30.31496062992126
      vertex -12.70048036174042 -12.95616355878631 31.023622047244093
    endloop
  endfacet
  facet normal -0.29028467382064377 -0.9569403367738464 0
    outer loop
      vertex -12.671546204176943 -12.96705360458357 30.31496062992126
      vertex -12.64196175348571 -12.976027949471174 30.31496062992126
      vertex -12.671546204176943 -12.96705360458357 31.023622047244093
    endloop
  endfacet
  facet normal -0.22707626272693646 -0.9738769793490178 0
    outer loop
      vertex -12.64196175348571 -12.976027949471174 30.31496062992126
      vertex -12.6118536953499 -12.983048163999722 30.31496062992126
      vertex -12.64196175348571 -12.976027949471174 31.023622047244093
    endloop
  endfacet
  facet normal -0.1628954757060371 -0.9866433317032574 0
    outer loop
      vertex -12.6118536953499 -12.983048163999722 30.31496062992126
      vertex -12.581350957080135 -12.98808418654316 30.31496062992126
      vertex -12.6118536953499 -12.983048163999722 31.023622047244093
    endloop
  endfacet
  facet normal -0.5280678517723407 -0.8492021808288914 0
    outer loop
      vertex -12.755905511811024 -12.928830899415523 30.31496062992126
      vertex -12.755905511811024 -12.928830899415523 31.023622047244093
      vertex -12.782159165193246 -12.912505328596577 31.023622047244093
    endloop
  endfacet
  facet normal -0.41270703521364716 -0.9108638224702754 0
    outer loop
      vertex -12.70048036174042 -12.95616355878631 30.31496062992126
      vertex -12.70048036174042 -12.95616355878631 31.023622047244093
      vertex -12.72864032595411 -12.943404444794016 31.023622047244093
    endloop
  endfacet
  facet normal -0.4713967346675319 -0.881921265502079 0
    outer loop
      vertex -12.72864032595411 -12.943404444794016 30.31496062992126
      vertex -12.72864032595411 -12.943404444794016 31.023622047244093
      vertex -12.755905511811024 -12.928830899415523 31.023622047244093
    endloop
  endfacet
  facet normal -0.3522500484062079 -0.9359059265747943 0
    outer loop
      vertex -12.671546204176943 -12.96705360458357 30.31496062992126
      vertex -12.671546204176943 -12.96705360458357 31.023622047244093
      vertex -12.70048036174042 -12.95616355878631 31.023622047244093
    endloop
  endfacet
  facet normal -0.29028467382064377 -0.9569403367738464 0
    outer loop
      vertex -12.64196175348571 -12.976027949471174 30.31496062992126
      vertex -12.64196175348571 -12.976027949471174 31.023622047244093
      vertex -12.671546204176943 -12.96705360458357 31.023622047244093
    endloop
  endfacet
  facet normal -0.22707626272693646 -0.9738769793490178 0
    outer loop
      vertex -12.6118536953499 -12.983048163999722 30.31496062992126
      vertex -12.6118536953499 -12.983048163999722 31.023622047244093
      vertex -12.64196175348571 -12.976027949471174 31.023622047244093
    endloop
  endfacet
  facet normal -0.1628954757060371 -0.9866433317032574 0
    outer loop
      vertex -12.6118536953499 -12.983048163999722 31.023622047244093
      vertex -12.581350957080135 -12.98808418654316 30.31496062992126
      vertex -12.581350957080135 -12.98808418654316 31.023622047244093
    endloop
  endfacet
  facet normal 0 0 -1
    outer loop
      vertex -12.98808418654316 -12.581350957080135 30.31496062992126
      vertex -12.991114451777278 -12.550584155567519 30.31496062992126
      vertex -12.992125984251969 -12.519685039370078 30.31496062992126
    endloop
  endfacet
  facet normal 0 0 -1
    outer loop
      vertex -12.95616355878631 -12.70048036174042 30.31496062992126
      vertex -12.96705360458357 -12.671546204176943 30.31496062992126
      vertex -12.598425196850393 -12.125984251968504 30.31496062992126
    endloop
  endfacet
  facet normal 0 0 -1
    outer loop
      vertex -12.943404444794016 -12.72864032595411 30.31496062992126
      vertex -12.598425196850393 -12.125984251968504 30.31496062992126
      vertex -12.928830899415523 -12.755905511811024 30.31496062992126
    endloop
  endfacet
  facet normal 0 0 -1
    outer loop
      vertex -12.928830899415523 -12.755905511811024 30.31496062992126
      vertex -12.598425196850393 -12.125984251968504 30.31496062992126
      vertex -12.912505328596577 -12.782159165193246 30.31496062992126
    endloop
  endfacet
  facet normal 0 0 -1
    outer loop
      vertex -12.943404444794016 -12.72864032595411 30.31496062992126
      vertex -12.95616355878631 -12.70048036174042 30.31496062992126
      vertex -12.598425196850393 -12.125984251968504 30.31496062992126
    endloop
  endfacet
  facet normal 0 0 -1
    outer loop
      vertex -12.96705360458357 -12.671546204176943 30.31496062992126
      vertex -12.976027949471174 -12.64196175348571 30.31496062992126
      vertex -12.598425196850393 -12.125984251968504 30.31496062992126
    endloop
  endfacet
  facet normal 0 0 -1
    outer loop
      vertex -12.976027949471174 -12.64196175348571 30.31496062992126
      vertex -12.983048163999722 -12.6118536953499 30.31496062992126
      vertex -12.598425196850393 -12.125984251968504 30.31496062992126
    endloop
  endfacet
  facet normal 0 0 -1
    outer loop
      vertex -12.983048163999722 -12.6118536953499 30.31496062992126
      vertex -12.98808418654316 -12.581350957080135 30.31496062992126
      vertex -12.598425196850393 -12.125984251968504 30.31496062992126
    endloop
  endfacet
  facet normal 0 0 -1
    outer loop
      vertex -12.98808418654316 -12.581350957080135 30.31496062992126
      vertex -12.992125984251969 -12.519685039370078 30.31496062992126
      vertex -12.598425196850393 -12.125984251968504 30.31496062992126
    endloop
  endfacet
  facet normal 0 0 -1
    outer loop
      vertex -12.912505328596577 -12.782159165193246 30.31496062992126
      vertex -12.582327162069598 -12.248260966084136 30.31496062992126
      vertex -12.573352817181997 -12.277845416775369 30.31496062992126
    endloop
  endfacet
  facet normal 0 0 -1
    outer loop
      vertex -12.912505328596577 -12.782159165193246 30.31496062992126
      vertex -12.589347376598148 -12.218152907948324 30.31496062992126
      vertex -12.582327162069598 -12.248260966084136 30.31496062992126
    endloop
  endfacet
  facet normal 0 0 -1
    outer loop
      vertex -12.912505328596577 -12.782159165193246 30.31496062992126
      vertex -12.594383399141586 -12.18765016967856 30.31496062992126
      vertex -12.589347376598148 -12.218152907948324 30.31496062992126
    endloop
  endfacet
  facet normal 0 0 -1
    outer loop
      vertex -12.894497641076253 -12.807288864172818 30.31496062992126
      vertex -12.562462771384734 -12.306779574338846 30.31496062992126
      vertex -12.559055118110235 -12.48031496062992 30.31496062992126
    endloop
  endfacet
  facet normal 0 0 -1
    outer loop
      vertex -12.912505328596577 -12.782159165193246 30.31496062992126
      vertex -12.573352817181997 -12.277845416775369 30.31496062992126
      vertex -12.562462771384734 -12.306779574338846 30.31496062992126
    endloop
  endfacet
  facet normal 0 0 -1
    outer loop
      vertex -12.912505328596577 -12.782159165193246 30.31496062992126
      vertex -12.597413664375702 -12.156883368165943 30.31496062992126
      vertex -12.594383399141586 -12.18765016967856 30.31496062992126
    endloop
  endfacet
  facet normal 0 0 -1
    outer loop
      vertex -12.912505328596577 -12.782159165193246 30.31496062992126
      vertex -12.598425196850393 -12.125984251968504 30.31496062992126
      vertex -12.597413664375702 -12.156883368165943 30.31496062992126
    endloop
  endfacet
  facet normal 0.9866433317032558 0.16289547570604634 0
    outer loop
      vertex -12.589347376598148 -12.218152907948324 30.31496062992126
      vertex -12.594383399141586 -12.18765016967856 30.31496062992126
      vertex -12.589347376598148 -12.218152907948324 30.62992125984252
    endloop
  endfacet
  facet normal 0.9738769793490082 0.22707626272697826 0
    outer loop
      vertex -12.589347376598148 -12.218152907948324 30.31496062992126
      vertex -12.589347376598148 -12.218152907948324 30.62992125984252
      vertex -12.582327162069598 -12.248260966084136 30.62992125984252
    endloop
  endfacet
  facet normal 0.9866433317032558 0.16289547570604634 0
    outer loop
      vertex -12.594383399141586 -12.18765016967856 30.31496062992126
      vertex -12.594383399141586 -12.18765016967856 30.62992125984252
      vertex -12.589347376598148 -12.218152907948324 30.62992125984252
    endloop
  endfacet
  facet normal -0.9951847273779233 -0.09801713316420019 0
    outer loop
      vertex -12.98808418654316 -12.581350957080135 30.31496062992126
      vertex -12.991114451777278 -12.550584155567519 31.023622047244093
      vertex -12.991114451777278 -12.550584155567519 30.31496062992126
    endloop
  endfacet
  facet normal -0.9994645873223237 -0.03271908752727102 0
    outer loop
      vertex -12.991114451777278 -12.550584155567519 30.31496062992126
      vertex -12.992125984251969 -12.519685039370078 31.023622047244093
      vertex -12.992125984251969 -12.519685039370078 30.31496062992126
    endloop
  endfacet
  facet normal -0.9951847273779233 -0.09801713316420019 0
    outer loop
      vertex -12.98808418654316 -12.581350957080135 30.31496062992126
      vertex -12.98808418654316 -12.581350957080135 31.023622047244093
      vertex -12.991114451777278 -12.550584155567519 31.023622047244093
    endloop
  endfacet
  facet normal -0.9994645873223237 -0.03271908752727102 0
    outer loop
      vertex -12.991114451777278 -12.550584155567519 30.31496062992126
      vertex -12.991114451777278 -12.550584155567519 31.023622047244093
      vertex -12.992125984251969 -12.519685039370078 31.023622047244093
    endloop
  endfacet
  facet normal 0 0 -1
    outer loop
      vertex -12.807288864172818 -12.894497641076253 30.31496062992126
      vertex -12.125984251968504 -12.598425196850393 30.31496062992126
      vertex -12.782159165193246 -12.912505328596577 30.31496062992126
    endloop
  endfacet
  facet normal 0 0 -1
    outer loop
      vertex -12.755905511811024 -12.928830899415523 30.31496062992126
      vertex -12.125984251968504 -12.598425196850393 30.31496062992126
      vertex -12.72864032595411 -12.943404444794016 30.31496062992126
    endloop
  endfacet
  facet normal 0 0 -1
    outer loop
      vertex -12.782159165193246 -12.912505328596577 30.31496062992126
      vertex -12.125984251968504 -12.598425196850393 30.31496062992126
      vertex -12.755905511811024 -12.928830899415523 30.31496062992126
    endloop
  endfacet
  facet normal 0 0 -1
    outer loop
      vertex -12.70048036174042 -12.95616355878631 30.31496062992126
      vertex -12.125984251968504 -12.598425196850393 30.31496062992126
      vertex -12.671546204176943 -12.96705360458357 30.31496062992126
    endloop
  endfacet
  facet normal 0 0 -1
    outer loop
      vertex -12.72864032595411 -12.943404444794016 30.31496062992126
      vertex -12.125984251968504 -12.598425196850393 30.31496062992126
      vertex -12.70048036174042 -12.95616355878631 30.31496062992126
    endloop
  endfacet
  facet normal 0 0 -1
    outer loop
      vertex -12.831186999192857 -12.87488494831042 30.31496062992126
      vertex -12.48031496062992 -12.559055118110235 30.31496062992126
      vertex -12.314300425263173 -12.559055118110235 30.31496062992126
    endloop
  endfacet
  facet normal 0 0 -1
    outer loop
      vertex -12.807288864172818 -12.894497641076253 30.31496062992126
      vertex -12.218152907948324 -12.589347376598148 30.31496062992126
      vertex -12.18765016967856 -12.594383399141586 30.31496062992126
    endloop
  endfacet
  facet normal 0 0 -1
    outer loop
      vertex -12.807288864172818 -12.894497641076253 30.31496062992126
      vertex -12.18765016967856 -12.594383399141586 30.31496062992126
      vertex -12.156883368165943 -12.597413664375702 30.31496062992126
    endloop
  endfacet
  facet normal 0 0 -1
    outer loop
      vertex -12.831186999192857 -12.87488494831042 30.31496062992126
      vertex -12.314300425263173 -12.559055118110235 30.31496062992126
      vertex -12.306779574338846 -12.562462771384734 30.31496062992126
    endloop
  endfacet
  facet normal 0 0 -1
    outer loop
      vertex -12.831186999192857 -12.87488494831042 30.31496062992126
      vertex -12.306779574338846 -12.562462771384734 30.31496062992126
      vertex -12.277845416775369 -12.573352817181997 30.31496062992126
    endloop
  endfacet
  facet normal 0 0 -1
    outer loop
      vertex -12.831186999192857 -12.87488494831042 30.31496062992126
      vertex -12.277845416775369 -12.573352817181997 30.31496062992126
      vertex -12.248260966084136 -12.582327162069598 30.31496062992126
    endloop
  endfacet
  facet normal 0 0 -1
    outer loop
      vertex -12.831186999192857 -12.87488494831042 30.31496062992126
      vertex -12.248260966084136 -12.582327162069598 30.31496062992126
      vertex -12.218152907948324 -12.589347376598148 30.31496062992126
    endloop
  endfacet
  facet normal 0 0 -1
    outer loop
      vertex -12.807288864172818 -12.894497641076253 30.31496062992126
      vertex -12.156883368165943 -12.597413664375702 30.31496062992126
      vertex -12.125984251968504 -12.598425196850393 30.31496062992126
    endloop
  endfacet
  facet normal 0.22707626272697826 0.9738769793490082 0
    outer loop
      vertex -12.218152907948324 -12.589347376598148 30.31496062992126
      vertex -12.248260966084136 -12.582327162069598 30.31496062992126
      vertex -12.218152907948324 -12.589347376598148 30.62992125984252
    endloop
  endfacet
  facet normal 0.16289547570604634 0.9866433317032558 0
    outer loop
      vertex -12.218152907948324 -12.589347376598148 30.31496062992126
      vertex -12.18765016967856 -12.594383399141586 30.62992125984252
      vertex -12.18765016967856 -12.594383399141586 30.31496062992126
    endloop
  endfacet
  facet normal 0.16289547570604634 0.9866433317032558 0
    outer loop
      vertex -12.218152907948324 -12.589347376598148 30.31496062992126
      vertex -12.218152907948324 -12.589347376598148 30.62992125984252
      vertex -12.18765016967856 -12.594383399141586 30.62992125984252
    endloop
  endfacet
  facet normal -0.09801713316420019 -0.9951847273779233 0
    outer loop
      vertex -12.581350957080135 -12.98808418654316 30.31496062992126
      vertex -12.550584155567519 -12.991114451777278 30.31496062992126
      vertex -12.581350957080135 -12.98808418654316 31.023622047244093
    endloop
  endfacet
  facet normal -0.03271908752727102 -0.9994645873223237 0
    outer loop
      vertex -12.550584155567519 -12.991114451777278 30.31496062992126
      vertex -12.519685039370078 -12.992125984251969 30.31496062992126
      vertex -12.550584155567519 -12.991114451777278 31.023622047244093
    endloop
  endfacet
  facet normal -0.09801713316420019 -0.9951847273779233 0
    outer loop
      vertex -12.550584155567519 -12.991114451777278 30.31496062992126
      vertex -12.550584155567519 -12.991114451777278 31.023622047244093
      vertex -12.581350957080135 -12.98808418654316 31.023622047244093
    endloop
  endfacet
  facet normal -0.03271908752727102 -0.9994645873223237 0
    outer loop
      vertex -12.519685039370078 -12.992125984251969 30.31496062992126
      vertex -12.519685039370078 -12.992125984251969 31.023622047244093
      vertex -12.550584155567519 -12.991114451777278 31.023622047244093
    endloop
  endfacet
  facet normal -0.7298640342309303 -0.683592343093566 0
    outer loop
      vertex -12.535992659863055 -12.535992659863055 29.84251968503937
      vertex -12.535992659863055 -12.535992659863055 30.31496062992126
      vertex -12.539514945599976 -12.532231954080382 30.31496062992126
    endloop
  endfacet
  facet normal -0.8492022004940118 -0.5280678201482535 0
    outer loop
      vertex -12.545785008981003 -12.524060648316004 29.84251968503937
      vertex -12.545785008981003 -12.524060648316004 30.31496062992126
      vertex -12.548505937255273 -12.519685039370078 30.31496062992126
    endloop
  endfacet
  facet normal -0.8128466817298681 -0.5824777008613659 0
    outer loop
      vertex -12.542783727678726 -12.528248931479267 29.84251968503937
      vertex -12.542783727678726 -12.528248931479267 30.31496062992126
      vertex -12.545785008981003 -12.524060648316004 30.31496062992126
    endloop
  endfacet
  facet normal -0.7730104622496882 -0.634393273334864 0
    outer loop
      vertex -12.539514945599976 -12.532231954080382 29.84251968503937
      vertex -12.539514945599976 -12.532231954080382 30.31496062992126
      vertex -12.542783727678726 -12.528248931479267 30.31496062992126
    endloop
  endfacet
  facet normal -0.910863803355096 -0.41270707740174406 0
    outer loop
      vertex -12.550934861436135 -12.515140841678372 29.84251968503937
      vertex -12.550934861436135 -12.515140841678372 30.31496062992126
      vertex -12.553061380630403 -12.510447514456088 30.31496062992126
    endloop
  endfacet
  facet normal -0.8819212715548262 -0.4713967233436382 0
    outer loop
      vertex -12.548505937255273 -12.519685039370078 29.84251968503937
      vertex -12.548505937255273 -12.519685039370078 30.31496062992126
      vertex -12.550934861436135 -12.515140841678372 30.31496062992126
    endloop
  endfacet
  facet normal -0.9738769810992919 -0.22707625522042016 0
    outer loop
      vertex -12.556372112411214 -12.50069441288475 29.84251968503937
      vertex -12.556372112411214 -12.50069441288475 30.31496062992126
      vertex -12.557542148068196 -12.495676403439889 30.31496062992126
    endloop
  endfacet
  facet normal -0.9569403280673617 -0.29028470252207583 0
    outer loop
      vertex -12.554876388116615 -12.505625154617734 29.84251968503937
      vertex -12.554876388116615 -12.505625154617734 30.31496062992126
      vertex -12.556372112411214 -12.50069441288475 30.31496062992126
    endloop
  endfacet
  facet normal -0.935905941845087 -0.3522500078340109 0
    outer loop
      vertex -12.553061380630403 -12.510447514456088 29.84251968503937
      vertex -12.553061380630403 -12.510447514456088 30.31496062992126
      vertex -12.554876388116615 -12.505625154617734 30.31496062992126
    endloop
  endfacet
  facet normal -0.9951847245102207 -0.09801716228047182 0
    outer loop
      vertex -12.558381485012102 -12.490592613581597 29.84251968503937
      vertex -12.558381485012102 -12.490592613581597 30.31496062992126
      vertex -12.558886529364454 -12.485464813378382 30.31496062992126
    endloop
  endfacet
  facet normal -0.9866433370333504 -0.16289544342213602 0
    outer loop
      vertex -12.557542148068196 -12.495676403439889 29.84251968503937
      vertex -12.557542148068196 -12.495676403439889 30.31496062992126
      vertex -12.558381485012102 -12.490592613581597 30.31496062992126
    endloop
  endfacet
  facet normal -0.683592343093566 -0.7298640342309303 0
    outer loop
      vertex -12.532231954080382 -12.539514945599976 29.84251968503937
      vertex -12.532231954080382 -12.539514945599976 30.31496062992126
      vertex -12.535992659863055 -12.535992659863055 30.31496062992126
    endloop
  endfacet
  facet normal -0.634393273334864 -0.7730104622496882 0
    outer loop
      vertex -12.528248931479267 -12.542783727678726 29.84251968503937
      vertex -12.528248931479267 -12.542783727678726 30.31496062992126
      vertex -12.532231954080382 -12.539514945599976 30.31496062992126
    endloop
  endfacet
  facet normal -0.5824777008613659 -0.8128466817298681 0
    outer loop
      vertex -12.524060648316004 -12.545785008981003 29.84251968503937
      vertex -12.524060648316004 -12.545785008981003 30.31496062992126
      vertex -12.528248931479267 -12.542783727678726 30.31496062992126
    endloop
  endfacet
  facet normal -0.4713967233436382 -0.8819212715548262 0
    outer loop
      vertex -12.515140841678372 -12.550934861436135 29.84251968503937
      vertex -12.515140841678372 -12.550934861436135 30.31496062992126
      vertex -12.519685039370078 -12.548505937255273 30.31496062992126
    endloop
  endfacet
  facet normal -0.41270707740174406 -0.910863803355096 0
    outer loop
      vertex -12.510447514456088 -12.553061380630403 29.84251968503937
      vertex -12.510447514456088 -12.553061380630403 30.31496062992126
      vertex -12.515140841678372 -12.550934861436135 30.31496062992126
    endloop
  endfacet
  facet normal -0.5280678201482535 -0.8492022004940118 0
    outer loop
      vertex -12.519685039370078 -12.548505937255273 29.84251968503937
      vertex -12.519685039370078 -12.548505937255273 30.31496062992126
      vertex -12.524060648316004 -12.545785008981003 30.31496062992126
    endloop
  endfacet
  facet normal -0.3522500078340109 -0.935905941845087 0
    outer loop
      vertex -12.505625154617734 -12.554876388116615 29.84251968503937
      vertex -12.505625154617734 -12.554876388116615 30.31496062992126
      vertex -12.510447514456088 -12.553061380630403 30.31496062992126
    endloop
  endfacet
  facet normal -0.29028470252207583 -0.9569403280673617 0
    outer loop
      vertex -12.50069441288475 -12.556372112411214 29.84251968503937
      vertex -12.50069441288475 -12.556372112411214 30.31496062992126
      vertex -12.505625154617734 -12.554876388116615 30.31496062992126
    endloop
  endfacet
  facet normal -0.22707625522042016 -0.9738769810992919 0
    outer loop
      vertex -12.495676403439889 -12.557542148068196 29.84251968503937
      vertex -12.495676403439889 -12.557542148068196 30.31496062992126
      vertex -12.50069441288475 -12.556372112411214 30.31496062992126
    endloop
  endfacet
  facet normal -0.16289544342213602 -0.9866433370333504 0
    outer loop
      vertex -12.490592613581597 -12.558381485012102 29.84251968503937
      vertex -12.490592613581597 -12.558381485012102 30.31496062992126
      vertex -12.495676403439889 -12.557542148068196 30.31496062992126
    endloop
  endfacet
  facet normal -0.09801716228047182 -0.9951847245102207 0
    outer loop
      vertex -12.485464813378382 -12.558886529364454 29.84251968503937
      vertex -12.485464813378382 -12.558886529364454 30.31496062992126
      vertex -12.490592613581597 -12.558381485012102 30.31496062992126
    endloop
  endfacet
  facet normal -0.9994645873324828 -0.032719087216940966 0
    outer loop
      vertex -12.558886529364454 -12.485464813378382 29.84251968503937
      vertex -12.558886529364454 -12.485464813378382 30.31496062992126
      vertex -12.559055118110235 -12.48031496062992 30.31496062992126
    endloop
  endfacet
  facet normal -1 0 0
    outer loop
      vertex -12.559055118110235 -12.48031496062992 29.84251968503937
      vertex -12.559055118110235 -12.48031496062992 30.31496062992126
      vertex -12.559055118110235 -12.314300425263173 30.31496062992126
    endloop
  endfacet
  facet normal -0.032719087216940966 -0.9994645873324828 0
    outer loop
      vertex -12.48031496062992 -12.559055118110235 29.84251968503937
      vertex -12.48031496062992 -12.559055118110235 30.31496062992126
      vertex -12.485464813378382 -12.558886529364454 30.31496062992126
    endloop
  endfacet
  facet normal 0 0 -1
    outer loop
      vertex -12.559055118110235 -12.48031496062992 30.31496062992126
      vertex -12.562462771384734 -12.306779574338846 30.31496062992126
      vertex -12.559055118110235 -12.314300425263173 30.31496062992126
    endloop
  endfacet
  facet normal 0.910863822470274 0.41270703521365026 0
    outer loop
      vertex -12.562462771384734 -12.306779574338846 30.31496062992126
      vertex -12.562462771384734 -12.306779574338846 30.62992125984252
      vertex -12.559055118110235 -12.314300425263173 30.31496062992126
    endloop
  endfacet
  facet normal 0.9359059265747753 0.3522500484062581 0
    outer loop
      vertex -12.562462771384734 -12.306779574338846 30.31496062992126
      vertex -12.573352817181997 -12.277845416775369 30.31496062992126
      vertex -12.562462771384734 -12.306779574338846 30.62992125984252
    endloop
  endfacet
  facet normal 0.9359059265747753 0.3522500484062581 0
    outer loop
      vertex -12.573352817181997 -12.277845416775369 30.31496062992126
      vertex -12.573352817181997 -12.277845416775369 30.62992125984252
      vertex -12.562462771384734 -12.306779574338846 30.62992125984252
    endloop
  endfacet
  facet normal 0.910863822470297 0.4127070352135996 1.460026903991015e-15
    outer loop
      vertex -12.559055118110235 -12.314300425263173 30.31496062992126
      vertex -12.562462771384734 -12.306779574338846 30.62992125984252
      vertex -12.549703657392442 -12.334939538552536 30.62992125984252
    endloop
  endfacet
  facet normal 0.9569403367738624 0.29028467382059114 0
    outer loop
      vertex -12.573352817181997 -12.277845416775369 30.31496062992126
      vertex -12.582327162069598 -12.248260966084136 30.31496062992126
      vertex -12.573352817181997 -12.277845416775369 30.62992125984252
    endloop
  endfacet
  facet normal 0.9738769793490082 0.22707626272697826 0
    outer loop
      vertex -12.589347376598148 -12.218152907948324 30.31496062992126
      vertex -12.582327162069598 -12.248260966084136 30.62992125984252
      vertex -12.582327162069598 -12.248260966084136 30.31496062992126
    endloop
  endfacet
  facet normal 0.9569403367738624 0.29028467382059114 0
    outer loop
      vertex -12.582327162069598 -12.248260966084136 30.31496062992126
      vertex -12.582327162069598 -12.248260966084136 30.62992125984252
      vertex -12.573352817181997 -12.277845416775369 30.62992125984252
    endloop
  endfacet
  facet normal 0 -1 0
    outer loop
      vertex -12.314300425263173 -12.559055118110235 29.84251968503937
      vertex -12.314300425263173 -12.559055118110235 30.31496062992126
      vertex -12.48031496062992 -12.559055118110235 30.31496062992126
    endloop
  endfacet
  facet normal 0.41270703521358104 0.9108638224703053 0
    outer loop
      vertex -12.314300425263173 -12.559055118110235 29.84251968503937
      vertex -12.334939538552536 -12.549703657392442 30.62992125984252
      vertex -12.314300425263173 -12.559055118110235 30.31496062992126
    endloop
  endfacet
  facet normal 0.41270703521365026 0.910863822470274 0
    outer loop
      vertex -12.314300425263173 -12.559055118110235 30.31496062992126
      vertex -12.306779574338846 -12.562462771384734 30.62992125984252
      vertex -12.306779574338846 -12.562462771384734 30.31496062992126
    endloop
  endfacet
  facet normal 0.3522500484062581 0.9359059265747753 0
    outer loop
      vertex -12.306779574338846 -12.562462771384734 30.31496062992126
      vertex -12.277845416775369 -12.573352817181997 30.62992125984252
      vertex -12.277845416775369 -12.573352817181997 30.31496062992126
    endloop
  endfacet
  facet normal 0.4127070352135996 0.910863822470297 1.460026903991015e-15
    outer loop
      vertex -12.314300425263173 -12.559055118110235 30.31496062992126
      vertex -12.334939538552536 -12.549703657392442 30.62992125984252
      vertex -12.306779574338846 -12.562462771384734 30.62992125984252
    endloop
  endfacet
  facet normal 0.3522500484062581 0.9359059265747753 0
    outer loop
      vertex -12.306779574338846 -12.562462771384734 30.31496062992126
      vertex -12.306779574338846 -12.562462771384734 30.62992125984252
      vertex -12.277845416775369 -12.573352817181997 30.62992125984252
    endloop
  endfacet
  facet normal 0.29028467382059114 0.9569403367738624 0
    outer loop
      vertex -12.277845416775369 -12.573352817181997 30.31496062992126
      vertex -12.248260966084136 -12.582327162069598 30.62992125984252
      vertex -12.248260966084136 -12.582327162069598 30.31496062992126
    endloop
  endfacet
  facet normal 0.29028467382059114 0.9569403367738624 0
    outer loop
      vertex -12.277845416775369 -12.573352817181997 30.31496062992126
      vertex -12.277845416775369 -12.573352817181997 30.62992125984252
      vertex -12.248260966084136 -12.582327162069598 30.62992125984252
    endloop
  endfacet
  facet normal 0.22707626272697826 0.9738769793490082 0
    outer loop
      vertex -12.218152907948324 -12.589347376598148 30.62992125984252
      vertex -12.248260966084136 -12.582327162069598 30.31496062992126
      vertex -12.248260966084136 -12.582327162069598 30.62992125984252
    endloop
  endfacet
  facet normal 0.9951847273779295 0.09801713316413768 0
    outer loop
      vertex -12.594383399141586 -12.18765016967856 30.31496062992126
      vertex -12.597413664375702 -12.156883368165943 30.31496062992126
      vertex -12.594383399141586 -12.18765016967856 30.62992125984252
    endloop
  endfacet
  facet normal 0.9994645873223237 0.03271908752727289 0
    outer loop
      vertex -12.597413664375702 -12.156883368165943 30.31496062992126
      vertex -12.598425196850393 -12.125984251968504 30.31496062992126
      vertex -12.597413664375702 -12.156883368165943 30.62992125984252
    endloop
  endfacet
  facet normal 0.9951847273779295 0.09801713316413768 0
    outer loop
      vertex -12.594383399141586 -12.18765016967856 30.62992125984252
      vertex -12.597413664375702 -12.156883368165943 30.31496062992126
      vertex -12.597413664375702 -12.156883368165943 30.62992125984252
    endloop
  endfacet
  facet normal 0.9994645873223237 0.03271908752727289 0
    outer loop
      vertex -12.598425196850393 -12.125984251968504 30.31496062992126
      vertex -12.598425196850393 -12.125984251968504 30.62992125984252
      vertex -12.597413664375702 -12.156883368165943 30.62992125984252
    endloop
  endfacet
  facet normal 0.09801713316413768 0.9951847273779295 0
    outer loop
      vertex -12.18765016967856 -12.594383399141586 30.31496062992126
      vertex -12.156883368165943 -12.597413664375702 30.62992125984252
      vertex -12.156883368165943 -12.597413664375702 30.31496062992126
    endloop
  endfacet
  facet normal 0.03271908752727289 0.9994645873223237 0
    outer loop
      vertex -12.156883368165943 -12.597413664375702 30.31496062992126
      vertex -12.125984251968504 -12.598425196850393 30.62992125984252
      vertex -12.125984251968504 -12.598425196850393 30.31496062992126
    endloop
  endfacet
  facet normal 0.09801713316413768 0.9951847273779295 0
    outer loop
      vertex -12.18765016967856 -12.594383399141586 30.31496062992126
      vertex -12.18765016967856 -12.594383399141586 30.62992125984252
      vertex -12.156883368165943 -12.597413664375702 30.62992125984252
    endloop
  endfacet
  facet normal 0.03271908752727289 0.9994645873223237 0
    outer loop
      vertex -12.156883368165943 -12.597413664375702 30.31496062992126
      vertex -12.156883368165943 -12.597413664375702 30.62992125984252
      vertex -12.125984251968504 -12.598425196850393 30.62992125984252
    endloop
  endfacet
  facet normal -1 0 0
    outer loop
      vertex -12.992125984251969 -12.519685039370078 2.677165354330709
      vertex -12.992125984251969 -12.519685039370078 29.84251968503937
      vertex -12.992125984251969 12.519685039370078 29.84251968503937
    endloop
  endfacet
  facet normal 0 0 -1
    outer loop
      vertex -12.992125984251969 -12.519685039370078 30.31496062992126
      vertex -12.598425196850393 12.125984251968504 30.31496062992126
      vertex -12.598425196850393 -12.125984251968504 30.31496062992126
    endloop
  endfacet
  facet normal -1 0 0
    outer loop
      vertex -12.992125984251969 -12.519685039370078 30.31496062992126
      vertex -12.992125984251969 -12.519685039370078 31.023622047244093
      vertex -12.992125984251969 12.519685039370078 31.023622047244093
    endloop
  endfacet
  facet normal 0 0 1
    outer loop
      vertex -12.992125984251969 -12.519685039370078 29.84251968503937
      vertex -12.598425196850393 -12.125984251968504 29.84251968503937
      vertex -12.992125984251969 12.519685039370078 29.84251968503937
    endloop
  endfacet
  facet normal 1 0 0
    outer loop
      vertex -12.598425196850393 -12.125984251968504 30.31496062992126
      vertex -12.598425196850393 12.125984251968504 30.31496062992126
      vertex -12.598425196850393 -12.125984251968504 30.62992125984252
    endloop
  endfacet
  facet normal 0 1 0
    outer loop
      vertex -12.125984251968504 -12.598425196850393 3.1102362204724407
      vertex -12.125984251968504 -12.598425196850393 29.84251968503937
      vertex 12.125984251968504 -12.598425196850393 29.84251968503937
    endloop
  endfacet
  facet normal 0 0 1
    outer loop
      vertex -12.671546204176943 -12.96705360458357 29.84251968503937
      vertex -12.64196175348571 -12.976027949471174 29.84251968503937
      vertex 12.671546204176943 -12.96705360458357 29.84251968503937
    endloop
  endfacet
  facet normal 0 0 1
    outer loop
      vertex -12.70048036174042 -12.95616355878631 29.84251968503937
      vertex -12.671546204176943 -12.96705360458357 29.84251968503937
      vertex 12.70048036174042 -12.95616355878631 29.84251968503937
    endloop
  endfacet
  facet normal 0 0 1
    outer loop
      vertex -12.6118536953499 -12.983048163999722 29.84251968503937
      vertex -12.581350957080135 -12.98808418654316 29.84251968503937
      vertex 12.6118536953499 -12.983048163999722 29.84251968503937
    endloop
  endfacet
  facet normal 0 0 1
    outer loop
      vertex -12.64196175348571 -12.976027949471174 29.84251968503937
      vertex -12.6118536953499 -12.983048163999722 29.84251968503937
      vertex 12.64196175348571 -12.976027949471174 29.84251968503937
    endloop
  endfacet
  facet normal 0 0 1
    outer loop
      vertex -12.581350957080135 -12.98808418654316 29.84251968503937
      vertex -12.550584155567519 -12.991114451777278 29.84251968503937
      vertex 12.6118536953499 -12.983048163999722 29.84251968503937
    endloop
  endfacet
  facet normal 0 0 1
    outer loop
      vertex -12.550584155567519 -12.991114451777278 29.84251968503937
      vertex -12.519685039370078 -12.992125984251969 29.84251968503937
      vertex 12.6118536953499 -12.983048163999722 29.84251968503937
    endloop
  endfacet
  facet normal 0 0 -1
    outer loop
      vertex -12.671546204176943 -12.96705360458357 30.31496062992126
      vertex 12.72864032595411 -12.943404444794016 30.31496062992126
      vertex -12.64196175348571 -12.976027949471174 30.31496062992126
    endloop
  endfacet
  facet normal 0 0 -1
    outer loop
      vertex -12.581350957080135 -12.98808418654316 30.31496062992126
      vertex 12.64196175348571 -12.976027949471174 30.31496062992126
      vertex -12.550584155567519 -12.991114451777278 30.31496062992126
    endloop
  endfacet
  facet normal 0 0 -1
    outer loop
      vertex -12.6118536953499 -12.983048163999722 30.31496062992126
      vertex 12.671546204176943 -12.96705360458357 30.31496062992126
      vertex -12.581350957080135 -12.98808418654316 30.31496062992126
    endloop
  endfacet
  facet normal 0 0 -1
    outer loop
      vertex -12.64196175348571 -12.976027949471174 30.31496062992126
      vertex 12.70048036174042 -12.95616355878631 30.31496062992126
      vertex -12.6118536953499 -12.983048163999722 30.31496062992126
    endloop
  endfacet
  facet normal 0 0 -1
    outer loop
      vertex -12.550584155567519 -12.991114451777278 30.31496062992126
      vertex 12.64196175348571 -12.976027949471174 30.31496062992126
      vertex -12.519685039370078 -12.992125984251969 30.31496062992126
    endloop
  endfacet
  facet normal 0 0 1
    outer loop
      vertex -12.853751235062212 -12.853751235062212 31.023622047244093
      vertex -12.831186999192857 -12.87488494831042 31.023622047244093
      vertex 12.894497641076253 -12.807288864172818 31.023622047244093
    endloop
  endfacet
  facet normal 0 0 1
    outer loop
      vertex -12.853751235062212 -12.853751235062212 31.023622047244093
      vertex 12.912505328596577 -12.782159165193246 31.023622047244093
      vertex -12.87488494831042 -12.831186999192857 31.023622047244093
    endloop
  endfacet
  facet normal 0 0 1
    outer loop
      vertex -12.894497641076253 -12.807288864172818 31.023622047244093
      vertex -12.87488494831042 -12.831186999192857 31.023622047244093
      vertex 12.928830899415523 -12.755905511811024 31.023622047244093
    endloop
  endfacet
  facet normal 0 0 1
    outer loop
      vertex -12.928830899415523 -12.755905511811024 31.023622047244093
      vertex -12.912505328596577 -12.782159165193246 31.023622047244093
      vertex 12.95616355878631 -12.70048036174042 31.023622047244093
    endloop
  endfacet
  facet normal 0 0 1
    outer loop
      vertex -12.894497641076253 -12.807288864172818 31.023622047244093
      vertex 12.943404444794016 -12.72864032595411 31.023622047244093
      vertex -12.912505328596577 -12.782159165193246 31.023622047244093
    endloop
  endfacet
  facet normal 0 0 1
    outer loop
      vertex -12.943404444794016 -12.72864032595411 31.023622047244093
      vertex -12.928830899415523 -12.755905511811024 31.023622047244093
      vertex 12.96705360458357 -12.671546204176943 31.023622047244093
    endloop
  endfacet
  facet normal 0 0 1
    outer loop
      vertex -12.943404444794016 -12.72864032595411 31.023622047244093
      vertex 12.976027949471174 -12.64196175348571 31.023622047244093
      vertex -12.95616355878631 -12.70048036174042 31.023622047244093
    endloop
  endfacet
  facet normal 0 0 1
    outer loop
      vertex -12.96705360458357 -12.671546204176943 31.023622047244093
      vertex 12.98808418654316 -12.581350957080135 31.023622047244093
      vertex -12.976027949471174 -12.64196175348571 31.023622047244093
    endloop
  endfacet
  facet normal 0 0 1
    outer loop
      vertex -12.976027949471174 -12.64196175348571 31.023622047244093
      vertex 12.991114451777278 -12.550584155567519 31.023622047244093
      vertex -12.983048163999722 -12.6118536953499 31.023622047244093
    endloop
  endfacet
  facet normal 0 0 1
    outer loop
      vertex -12.95616355878631 -12.70048036174042 31.023622047244093
      vertex 12.983048163999722 -12.6118536953499 31.023622047244093
      vertex -12.96705360458357 -12.671546204176943 31.023622047244093
    endloop
  endfacet
  facet normal 0 -1 0
    outer loop
      vertex -12.519685039370078 -12.992125984251969 30.31496062992126
      vertex 12.519685039370078 -12.992125984251969 30.31496062992126
      vertex -12.519685039370078 -12.992125984251969 31.023622047244093
    endloop
  endfacet
  facet normal 0 0 1
    outer loop
      vertex -12.72864032595411 -12.943404444794016 31.023622047244093
      vertex -12.70048036174042 -12.95616355878631 31.023622047244093
      vertex 12.782159165193246 -12.912505328596577 31.023622047244093
    endloop
  endfacet
  facet normal 0 0 1
    outer loop
      vertex -12.755905511811024 -12.928830899415523 31.023622047244093
      vertex -12.72864032595411 -12.943404444794016 31.023622047244093
      vertex 12.807288864172818 -12.894497641076253 31.023622047244093
    endloop
  endfacet
  facet normal 0 0 1
    outer loop
      vertex -12.782159165193246 -12.912505328596577 31.023622047244093
      vertex -12.755905511811024 -12.928830899415523 31.023622047244093
      vertex 12.831186999192857 -12.87488494831042 31.023622047244093
    endloop
  endfacet
  facet normal 0 0 1
    outer loop
      vertex -12.671546204176943 -12.96705360458357 31.023622047244093
      vertex -12.64196175348571 -12.976027949471174 31.023622047244093
      vertex 12.72864032595411 -12.943404444794016 31.023622047244093
    endloop
  endfacet
  facet normal 0 0 1
    outer loop
      vertex -12.70048036174042 -12.95616355878631 31.023622047244093
      vertex -12.671546204176943 -12.96705360458357 31.023622047244093
      vertex 12.755905511811024 -12.928830899415523 31.023622047244093
    endloop
  endfacet
  facet normal 0 0 1
    outer loop
      vertex -12.581350957080135 -12.98808418654316 31.023622047244093
      vertex -12.550584155567519 -12.991114451777278 31.023622047244093
      vertex 12.64196175348571 -12.976027949471174 31.023622047244093
    endloop
  endfacet
  facet normal 0 0 1
    outer loop
      vertex -12.6118536953499 -12.983048163999722 31.023622047244093
      vertex -12.581350957080135 -12.98808418654316 31.023622047244093
      vertex 12.671546204176943 -12.96705360458357 31.023622047244093
    endloop
  endfacet
  facet normal 0 0 1
    outer loop
      vertex -12.64196175348571 -12.976027949471174 31.023622047244093
      vertex -12.6118536953499 -12.983048163999722 31.023622047244093
      vertex 12.70048036174042 -12.95616355878631 31.023622047244093
    endloop
  endfacet
  facet normal 0 0 1
    outer loop
      vertex -12.807288864172818 -12.894497641076253 31.023622047244093
      vertex -12.782159165193246 -12.912505328596577 31.023622047244093
      vertex 12.853751235062212 -12.853751235062212 31.023622047244093
    endloop
  endfacet
  facet normal 0 0 1
    outer loop
      vertex -12.807288864172818 -12.894497641076253 31.023622047244093
      vertex 12.87488494831042 -12.831186999192857 31.023622047244093
      vertex -12.831186999192857 -12.87488494831042 31.023622047244093
    endloop
  endfacet
  facet normal 0 0 1
    outer loop
      vertex -12.550584155567519 -12.991114451777278 31.023622047244093
      vertex -12.519685039370078 -12.992125984251969 31.023622047244093
      vertex 12.6118536953499 -12.983048163999722 31.023622047244093
    endloop
  endfacet
  facet normal 0 0 1
    outer loop
      vertex -12.983048163999722 -12.6118536953499 31.023622047244093
      vertex 12.992125984251969 -12.519685039370078 31.023622047244093
      vertex -12.98808418654316 -12.581350957080135 31.023622047244093
    endloop
  endfacet
  facet normal 0 0 -1
    outer loop
      vertex -12.413588076771244 -12.500796853674679 30.62992125984252
      vertex 12.460050447660638 -12.460050447660638 30.62992125984252
      vertex -12.388458377791672 -12.518804541195001 30.62992125984252
    endloop
  endfacet
  facet normal 0 0 -1
    outer loop
      vertex -12.277845416775369 -12.573352817181997 30.62992125984252
      vertex 12.334939538552536 -12.549703657392442 30.62992125984252
      vertex -12.248260966084136 -12.582327162069598 30.62992125984252
    endloop
  endfacet
  facet normal 0 0 -1
    outer loop
      vertex -12.306779574338846 -12.562462771384734 30.62992125984252
      vertex 12.362204724409448 -12.535130112013949 30.62992125984252
      vertex -12.277845416775369 -12.573352817181997 30.62992125984252
    endloop
  endfacet
  facet normal 0 0 -1
    outer loop
      vertex -12.334939538552536 -12.549703657392442 30.62992125984252
      vertex 12.388458377791672 -12.518804541195001 30.62992125984252
      vertex -12.306779574338846 -12.562462771384734 30.62992125984252
    endloop
  endfacet
  facet normal 0 0 -1
    outer loop
      vertex -12.334939538552536 -12.549703657392442 30.62992125984252
      vertex -12.362204724409448 -12.535130112013949 30.62992125984252
      vertex 12.413588076771244 -12.500796853674679 30.62992125984252
    endloop
  endfacet
  facet normal 0 0 -1
    outer loop
      vertex -12.388458377791672 -12.518804541195001 30.62992125984252
      vertex 12.437486211791283 -12.481184160908846 30.62992125984252
      vertex -12.362204724409448 -12.535130112013949 30.62992125984252
    endloop
  endfacet
  facet normal 0 0 -1
    outer loop
      vertex -12.413588076771244 -12.500796853674679 30.62992125984252
      vertex -12.437486211791283 -12.481184160908846 30.62992125984252
      vertex 12.481184160908846 -12.437486211791283 30.62992125984252
    endloop
  endfacet
  facet normal 0 0 -1
    outer loop
      vertex -12.460050447660638 -12.460050447660638 30.62992125984252
      vertex 12.500796853674679 -12.413588076771244 30.62992125984252
      vertex -12.437486211791283 -12.481184160908846 30.62992125984252
    endloop
  endfacet
  facet normal 0 0 -1
    outer loop
      vertex -12.460050447660638 -12.460050447660638 30.62992125984252
      vertex -12.481184160908846 -12.437486211791283 30.62992125984252
      vertex 12.518804541195001 -12.388458377791672 30.62992125984252
    endloop
  endfacet
  facet normal 0 0 -1
    outer loop
      vertex -12.500796853674679 -12.413588076771244 30.62992125984252
      vertex 12.535130112013949 -12.362204724409448 30.62992125984252
      vertex -12.481184160908846 -12.437486211791283 30.62992125984252
    endloop
  endfacet
  facet normal 0 0 -1
    outer loop
      vertex -12.518804541195001 -12.388458377791672 30.62992125984252
      vertex -12.535130112013949 -12.362204724409448 30.62992125984252
      vertex 12.562462771384734 -12.306779574338846 30.62992125984252
    endloop
  endfacet
  facet normal 0 0 -1
    outer loop
      vertex -12.549703657392442 -12.334939538552536 30.62992125984252
      vertex 12.573352817181997 -12.277845416775369 30.62992125984252
      vertex -12.535130112013949 -12.362204724409448 30.62992125984252
    endloop
  endfacet
  facet normal 0 0 -1
    outer loop
      vertex -12.549703657392442 -12.334939538552536 30.62992125984252
      vertex -12.562462771384734 -12.306779574338846 30.62992125984252
      vertex 12.582327162069598 -12.248260966084136 30.62992125984252
    endloop
  endfacet
  facet normal 0 0 -1
    outer loop
      vertex -12.573352817181997 -12.277845416775369 30.62992125984252
      vertex -12.582327162069598 -12.248260966084136 30.62992125984252
      vertex 12.594383399141586 -12.18765016967856 30.62992125984252
    endloop
  endfacet
  facet normal 0 0 -1
    outer loop
      vertex -12.562462771384734 -12.306779574338846 30.62992125984252
      vertex -12.573352817181997 -12.277845416775369 30.62992125984252
      vertex 12.589347376598148 -12.218152907948324 30.62992125984252
    endloop
  endfacet
  facet normal 0 0 -1
    outer loop
      vertex -12.589347376598148 -12.218152907948324 30.62992125984252
      vertex 12.597413664375702 -12.156883368165943 30.62992125984252
      vertex -12.582327162069598 -12.248260966084136 30.62992125984252
    endloop
  endfacet
  facet normal 0 0 -1
    outer loop
      vertex -12.518804541195001 -12.388458377791672 30.62992125984252
      vertex 12.549703657392442 -12.334939538552536 30.62992125984252
      vertex -12.500796853674679 -12.413588076771244 30.62992125984252
    endloop
  endfacet
  facet normal 0 0 -1
    outer loop
      vertex -12.589347376598148 -12.218152907948324 30.62992125984252
      vertex -12.594383399141586 -12.18765016967856 30.62992125984252
      vertex 12.598425196850393 -12.125984251968504 30.62992125984252
    endloop
  endfacet
  facet normal 0 0 1
    outer loop
      vertex -12.70048036174042 -12.95616355878631 29.84251968503937
      vertex 12.70048036174042 -12.95616355878631 29.84251968503937
      vertex -12.125984251968504 -12.598425196850393 29.84251968503937
    endloop
  endfacet
  facet normal 0 0 -1
    outer loop
      vertex -12.671546204176943 -12.96705360458357 30.31496062992126
      vertex -12.125984251968504 -12.598425196850393 30.31496062992126
      vertex 12.72864032595411 -12.943404444794016 30.31496062992126
    endloop
  endfacet
  facet normal 0 1 0
    outer loop
      vertex -12.125984251968504 -12.598425196850393 30.31496062992126
      vertex -12.125984251968504 -12.598425196850393 30.62992125984252
      vertex 12.125984251968504 -12.598425196850393 30.62992125984252
    endloop
  endfacet
  facet normal 0 0 -1
    outer loop
      vertex -12.156883368165943 -12.597413664375702 30.62992125984252
      vertex 12.218152907948324 -12.589347376598148 30.62992125984252
      vertex -12.125984251968504 -12.598425196850393 30.62992125984252
    endloop
  endfacet
  facet normal 0 0 -1
    outer loop
      vertex -12.18765016967856 -12.594383399141586 30.62992125984252
      vertex 12.248260966084136 -12.582327162069598 30.62992125984252
      vertex -12.156883368165943 -12.597413664375702 30.62992125984252
    endloop
  endfacet
  facet normal 0 0 -1
    outer loop
      vertex -12.218152907948324 -12.589347376598148 30.62992125984252
      vertex -12.248260966084136 -12.582327162069598 30.62992125984252
      vertex 12.306779574338846 -12.562462771384734 30.62992125984252
    endloop
  endfacet
  facet normal 0 0 -1
    outer loop
      vertex -12.218152907948324 -12.589347376598148 30.62992125984252
      vertex 12.277845416775369 -12.573352817181997 30.62992125984252
      vertex -12.18765016967856 -12.594383399141586 30.62992125984252
    endloop
  endfacet
  facet normal 0 0 1
    outer loop
      vertex -12.98808418654316 -12.581350957080135 31.023622047244093
      vertex 12.992125984251969 12.519685039370078 31.023622047244093
      vertex -12.991114451777278 -12.550584155567519 31.023622047244093
    endloop
  endfacet
  facet normal 0 0 1
    outer loop
      vertex -12.991114451777278 -12.550584155567519 31.023622047244093
      vertex 12.991114451777278 12.550584155567519 31.023622047244093
      vertex -12.992125984251969 -12.519685039370078 31.023622047244093
    endloop
  endfacet
  facet normal 0 0 -1
    outer loop
      vertex -12.594383399141586 -12.18765016967856 30.62992125984252
      vertex -12.597413664375702 -12.156883368165943 30.62992125984252
      vertex 12.598425196850393 12.125984251968504 30.62992125984252
    endloop
  endfacet
  facet normal 0 0 -1
    outer loop
      vertex -12.597413664375702 -12.156883368165943 30.62992125984252
      vertex -12.598425196850393 -12.125984251968504 30.62992125984252
      vertex 12.597413664375702 12.156883368165943 30.62992125984252
    endloop
  endfacet
  facet normal 0 0 -1
    outer loop
      vertex -12.618110236220472 -12.5 2.677165354330709
      vertex -12.992125984251969 12.519685039370078 2.677165354330709
      vertex -12.618110236220472 12.5 2.677165354330709
    endloop
  endfacet
  facet normal 1 0 0
    outer loop
      vertex -12.618110236220472 -12.5 2.677165354330709
      vertex -12.618110236220472 12.5 2.677165354330709
      vertex -12.618110236220472 12.5 3.1102362204724407
    endloop
  endfacet
  facet normal 0 0 -1
    outer loop
      vertex -12.598425196850393 -12.125984251968504 3.1102362204724407
      vertex -12.618110236220472 12.5 3.1102362204724407
      vertex -12.598425196850393 12.125984251968504 3.1102362204724407
    endloop
  endfacet
  facet normal -1 0 0
    outer loop
      vertex -10.826771653543307 -10.708661417322835 3.0708661417322833
      vertex -10.826771653543307 10.708661417322835 2.677165354330709
      vertex -10.826771653543307 10.54330708649684 2.677165354330709
    endloop
  endfacet
  facet normal -1 0 0
    outer loop
      vertex -10.826771653543307 -10.708661417322835 3.0708661417322833
      vertex -10.826771653543307 10.708661417322835 3.0708661417322833
      vertex -10.826771653543307 10.708661417322835 2.677165354330709
    endloop
  endfacet
  facet normal 0 0 1
    outer loop
      vertex -10.826771653543307 -10.708661417322835 3.0708661417322833
      vertex -10.708661417322835 10.826771653543307 3.0708661417322833
      vertex -10.826771653543307 10.708661417322835 3.0708661417322833
    endloop
  endfacet
  facet normal -1 0 0
    outer loop
      vertex -12.992125984251969 -12.519685039370078 2.677165354330709
      vertex -12.992125984251969 12.519685039370078 29.84251968503937
      vertex -12.992125984251969 12.519685039370078 2.677165354330709
    endloop
  endfacet
  facet normal 0 0 -1
    outer loop
      vertex -12.992125984251969 12.519685039370078 2.677165354330709
      vertex -12.991114451777278 12.550584155567519 2.677165354330709
      vertex -12.617099786719939 12.515416479427515 2.677165354330709
    endloop
  endfacet
  facet normal 0 0 -1
    outer loop
      vertex -12.991114451777278 12.550584155567519 2.677165354330709
      vertex -12.98808418654316 12.581350957080135 2.677165354330709
      vertex -12.609119629707392 12.54519883073925 2.677165354330709
    endloop
  endfacet
  facet normal 0 0 -1
    outer loop
      vertex -12.992125984251969 12.519685039370078 2.677165354330709
      vertex -12.617857353248464 12.507724778976026 2.677165354330709
      vertex -12.618110236220472 12.5 2.677165354330709
    endloop
  endfacet
  facet normal 0 0 -1
    outer loop
      vertex -12.992125984251969 12.519685039370078 2.677165354330709
      vertex -12.617099786719939 12.515416479427515 2.677165354330709
      vertex -12.617857353248464 12.507724778976026 2.677165354330709
    endloop
  endfacet
  facet normal 0 0 -1
    outer loop
      vertex -12.991114451777278 12.550584155567519 2.677165354330709
      vertex -12.614085727378608 12.530569178675572 2.677165354330709
      vertex -12.615840781157411 12.523042163921623 2.677165354330709
    endloop
  endfacet
  facet normal 0 0 -1
    outer loop
      vertex -12.991114451777278 12.550584155567519 2.677165354330709
      vertex -12.615840781157411 12.523042163921623 2.677165354330709
      vertex -12.617099786719939 12.515416479427515 2.677165354330709
    endloop
  endfacet
  facet normal 0 0 -1
    outer loop
      vertex -12.991114451777278 12.550584155567519 2.677165354330709
      vertex -12.611842141376705 12.537965291128383 2.677165354330709
      vertex -12.614085727378608 12.530569178675572 2.677165354330709
    endloop
  endfacet
  facet normal 0 0 -1
    outer loop
      vertex -12.991114451777278 12.550584155567519 2.677165354330709
      vertex -12.609119629707392 12.54519883073925 2.677165354330709
      vertex -12.611842141376705 12.537965291128383 2.677165354330709
    endloop
  endfacet
  facet normal 0 0 -1
    outer loop
      vertex -12.98808418654316 12.581350957080135 2.677165354330709
      vertex -12.605929851355985 12.552238821572676 2.677165354330709
      vertex -12.609119629707392 12.54519883073925 2.677165354330709
    endloop
  endfacet
  facet normal 0 0 -1
    outer loop
      vertex -12.98808418654316 12.581350957080135 2.677165354330709
      vertex -12.588799977161752 12.577875490029028 2.677165354330709
      vertex -12.593703150573209 12.571900956274018 2.677165354330709
    endloop
  endfacet
  facet normal 0 0 -1
    outer loop
      vertex -12.98808418654316 12.581350957080135 2.677165354330709
      vertex -12.593703150573209 12.571900956274018 2.677165354330709
      vertex -12.598205072379956 12.565618531382459 2.677165354330709
    endloop
  endfacet
  facet normal 0 0 -1
    outer loop
      vertex -12.98808418654316 12.581350957080135 2.677165354330709
      vertex -12.598205072379956 12.565618531382459 2.677165354330709
      vertex -12.602286464938029 12.559055118110235 2.677165354330709
    endloop
  endfacet
  facet normal 0 0 -1
    outer loop
      vertex -12.98808418654316 12.581350957080135 2.677165354330709
      vertex -12.602286464938029 12.559055118110235 2.677165354330709
      vertex -12.605929851355985 12.552238821572676 2.677165354330709
    endloop
  endfacet
  facet normal 0.9994645879327132 -0.03271906888179764 0
    outer loop
      vertex -12.617857353248464 12.507724778976026 2.677165354330709
      vertex -12.617857353248464 12.507724778976026 3.1102362204724407
      vertex -12.618110236220472 12.5 2.677165354330709
    endloop
  endfacet
  facet normal 0.9951847246925535 -0.09801716042921459 0
    outer loop
      vertex -12.617857353248464 12.507724778976026 2.677165354330709
      vertex -12.617099786719939 12.515416479427515 2.677165354330709
      vertex -12.617099786719939 12.515416479427515 3.1102362204724407
    endloop
  endfacet
  facet normal 0.9866433329764003 -0.16289546799472346 0
    outer loop
      vertex -12.617099786719939 12.515416479427515 2.677165354330709
      vertex -12.615840781157411 12.523042163921623 2.677165354330709
      vertex -12.615840781157411 12.523042163921623 3.1102362204724407
    endloop
  endfacet
  facet normal 0.9738769766202405 -0.22707627443002382 0
    outer loop
      vertex -12.614085727378608 12.530569178675572 2.677165354330709
      vertex -12.614085727378608 12.530569178675572 3.1102362204724407
      vertex -12.615840781157411 12.523042163921623 2.677165354330709
    endloop
  endfacet
  facet normal 0.9569403422822546 -0.29028465566185435 0
    outer loop
      vertex -12.614085727378608 12.530569178675572 2.677165354330709
      vertex -12.611842141376705 12.537965291128383 2.677165354330709
      vertex -12.611842141376705 12.537965291128383 3.1102362204724407
    endloop
  endfacet
  facet normal 0.9359059207227383 -0.35225006395474734 0
    outer loop
      vertex -12.611842141376705 12.537965291128383 2.677165354330709
      vertex -12.609119629707392 12.54519883073925 2.677165354330709
      vertex -12.609119629707392 12.54519883073925 3.1102362204724407
    endloop
  endfacet
  facet normal 0.8819212636659116 -0.47139673810275956 0
    outer loop
      vertex -12.602286464938029 12.559055118110235 2.677165354330709
      vertex -12.602286464938029 12.559055118110235 3.1102362204724407
      vertex -12.605929851355985 12.552238821572676 2.677165354330709
    endloop
  endfacet
  facet normal 0.9108638247556112 -0.4127070301698035 0
    outer loop
      vertex -12.609119629707392 12.54519883073925 2.677165354330709
      vertex -12.605929851355985 12.552238821572676 2.677165354330709
      vertex -12.605929851355985 12.552238821572676 3.1102362204724407
    endloop
  endfacet
  facet normal 0.8492021866926409 -0.5280678423426645 0
    outer loop
      vertex -12.602286464938029 12.559055118110235 2.677165354330709
      vertex -12.598205072379956 12.565618531382459 2.677165354330709
      vertex -12.598205072379956 12.565618531382459 3.1102362204724407
    endloop
  endfacet
  facet normal 0.8128466971527882 -0.5824776793387052 0
    outer loop
      vertex -12.598205072379956 12.565618531382459 2.677165354330709
      vertex -12.593703150573209 12.571900956274018 2.677165354330709
      vertex -12.593703150573209 12.571900956274018 3.1102362204724407
    endloop
  endfacet
  facet normal 0.7730104360011864 -0.6343933053187555 0
    outer loop
      vertex -12.588799977161752 12.577875490029028 2.677165354330709
      vertex -12.588799977161752 12.577875490029028 3.1102362204724407
      vertex -12.593703150573209 12.571900956274018 2.677165354330709
    endloop
  endfacet
  facet normal 0 0 -1
    outer loop
      vertex -12.98808418654316 12.581350957080135 2.677165354330709
      vertex -12.983048163999722 12.6118536953499 2.677165354330709
      vertex -12.588799977161752 12.577875490029028 2.677165354330709
    endloop
  endfacet
  facet normal 0 0 -1
    outer loop
      vertex -12.983048163999722 12.6118536953499 2.677165354330709
      vertex -12.976027949471174 12.64196175348571 2.677165354330709
      vertex -12.537965291128383 12.611842141376705 2.677165354330709
    endloop
  endfacet
  facet normal 0 0 -1
    outer loop
      vertex -12.983048163999722 12.6118536953499 2.677165354330709
      vertex -12.577875490029028 12.588799977161752 2.677165354330709
      vertex -12.583516548996366 12.583516548996366 2.677165354330709
    endloop
  endfacet
  facet normal 0 0 -1
    outer loop
      vertex -12.588799977161752 12.577875490029028 2.677165354330709
      vertex -12.983048163999722 12.6118536953499 2.677165354330709
      vertex -12.583516548996366 12.583516548996366 2.677165354330709
    endloop
  endfacet
  facet normal 0 0 -1
    outer loop
      vertex -12.983048163999722 12.6118536953499 2.677165354330709
      vertex -12.537965291128383 12.611842141376705 2.677165354330709
      vertex -12.54519883073925 12.609119629707392 2.677165354330709
    endloop
  endfacet
  facet normal 0 0 -1
    outer loop
      vertex -12.983048163999722 12.6118536953499 2.677165354330709
      vertex -12.54519883073925 12.609119629707392 2.677165354330709
      vertex -12.552238821572676 12.605929851355985 2.677165354330709
    endloop
  endfacet
  facet normal 0 0 -1
    outer loop
      vertex -12.983048163999722 12.6118536953499 2.677165354330709
      vertex -12.552238821572676 12.605929851355985 2.677165354330709
      vertex -12.559055118110235 12.602286464938029 2.677165354330709
    endloop
  endfacet
  facet normal 0 0 -1
    outer loop
      vertex -12.983048163999722 12.6118536953499 2.677165354330709
      vertex -12.559055118110235 12.602286464938029 2.677165354330709
      vertex -12.565618531382459 12.598205072379956 2.677165354330709
    endloop
  endfacet
  facet normal 0 0 -1
    outer loop
      vertex -12.983048163999722 12.6118536953499 2.677165354330709
      vertex -12.565618531382459 12.598205072379956 2.677165354330709
      vertex -12.571900956274018 12.593703150573209 2.677165354330709
    endloop
  endfacet
  facet normal 0 0 -1
    outer loop
      vertex -12.983048163999722 12.6118536953499 2.677165354330709
      vertex -12.571900956274018 12.593703150573209 2.677165354330709
      vertex -12.577875490029028 12.588799977161752 2.677165354330709
    endloop
  endfacet
  facet normal 0 0 -1
    outer loop
      vertex -12.976027949471174 12.64196175348571 2.677165354330709
      vertex -12.507724778976026 12.617857353248464 2.677165354330709
      vertex -12.515416479427515 12.617099786719939 2.677165354330709
    endloop
  endfacet
  facet normal 0 0 -1
    outer loop
      vertex -12.976027949471174 12.64196175348571 2.677165354330709
      vertex -12.515416479427515 12.617099786719939 2.677165354330709
      vertex -12.523042163921623 12.615840781157411 2.677165354330709
    endloop
  endfacet
  facet normal 0 0 -1
    outer loop
      vertex -12.976027949471174 12.64196175348571 2.677165354330709
      vertex -12.523042163921623 12.615840781157411 2.677165354330709
      vertex -12.530569178675572 12.614085727378608 2.677165354330709
    endloop
  endfacet
  facet normal 0 0 -1
    outer loop
      vertex -12.976027949471174 12.64196175348571 2.677165354330709
      vertex -12.530569178675572 12.614085727378608 2.677165354330709
      vertex -12.537965291128383 12.611842141376705 2.677165354330709
    endloop
  endfacet
  facet normal 0 0 -1
    outer loop
      vertex -12.976027949471174 12.64196175348571 2.677165354330709
      vertex -12.5 12.618110236220472 2.677165354330709
      vertex -12.507724778976026 12.617857353248464 2.677165354330709
    endloop
  endfacet
  facet normal 0.7298640803691494 -0.6835922938322928 0
    outer loop
      vertex -12.588799977161752 12.577875490029028 2.677165354330709
      vertex -12.583516548996366 12.583516548996366 2.677165354330709
      vertex -12.583516548996366 12.583516548996366 3.1102362204724407
    endloop
  endfacet
  facet normal 0.6343933053187555 -0.7730104360011864 0
    outer loop
      vertex -12.577875490029028 12.588799977161752 2.677165354330709
      vertex -12.571900956274018 12.593703150573209 2.677165354330709
      vertex -12.571900956274018 12.593703150573209 3.1102362204724407
    endloop
  endfacet
  facet normal 0.6835922938322928 -0.7298640803691494 0
    outer loop
      vertex -12.583516548996366 12.583516548996366 2.677165354330709
      vertex -12.577875490029028 12.588799977161752 2.677165354330709
      vertex -12.577875490029028 12.588799977161752 3.1102362204724407
    endloop
  endfacet
  facet normal 0.5824776793387052 -0.8128466971527882 0
    outer loop
      vertex -12.571900956274018 12.593703150573209 2.677165354330709
      vertex -12.565618531382459 12.598205072379956 2.677165354330709
      vertex -12.565618531382459 12.598205072379956 3.1102362204724407
    endloop
  endfacet
  facet normal 0.5280678423426645 -0.8492021866926409 0
    outer loop
      vertex -12.565618531382459 12.598205072379956 2.677165354330709
      vertex -12.559055118110235 12.602286464938029 2.677165354330709
      vertex -12.559055118110235 12.602286464938029 3.1102362204724407
    endloop
  endfacet
  facet normal 0.47139673810275956 -0.8819212636659116 0
    outer loop
      vertex -12.552238821572676 12.605929851355985 2.677165354330709
      vertex -12.552238821572676 12.605929851355985 3.1102362204724407
      vertex -12.559055118110235 12.602286464938029 2.677165354330709
    endloop
  endfacet
  facet normal 0.4127070301698035 -0.9108638247556112 0
    outer loop
      vertex -12.552238821572676 12.605929851355985 2.677165354330709
      vertex -12.54519883073925 12.609119629707392 2.677165354330709
      vertex -12.54519883073925 12.609119629707392 3.1102362204724407
    endloop
  endfacet
  facet normal 0.35225006395474734 -0.9359059207227383 0
    outer loop
      vertex -12.54519883073925 12.609119629707392 2.677165354330709
      vertex -12.537965291128383 12.611842141376705 2.677165354330709
      vertex -12.537965291128383 12.611842141376705 3.1102362204724407
    endloop
  endfacet
  facet normal 0.22707627443002382 -0.9738769766202405 0
    outer loop
      vertex -12.530569178675572 12.614085727378608 2.677165354330709
      vertex -12.523042163921623 12.615840781157411 2.677165354330709
      vertex -12.523042163921623 12.615840781157411 3.1102362204724407
    endloop
  endfacet
  facet normal 0.29028465566185435 -0.9569403422822546 0
    outer loop
      vertex -12.537965291128383 12.611842141376705 2.677165354330709
      vertex -12.530569178675572 12.614085727378608 2.677165354330709
      vertex -12.530569178675572 12.614085727378608 3.1102362204724407
    endloop
  endfacet
  facet normal 0.09801716042921459 -0.9951847246925535 0
    outer loop
      vertex -12.515416479427515 12.617099786719939 2.677165354330709
      vertex -12.507724778976026 12.617857353248464 2.677165354330709
      vertex -12.507724778976026 12.617857353248464 3.1102362204724407
    endloop
  endfacet
  facet normal 0.16289546799472346 -0.9866433329764003 0
    outer loop
      vertex -12.523042163921623 12.615840781157411 2.677165354330709
      vertex -12.515416479427515 12.617099786719939 2.677165354330709
      vertex -12.515416479427515 12.617099786719939 3.1102362204724407
    endloop
  endfacet
  facet normal 0.03271906888179764 -0.9994645879327132 0
    outer loop
      vertex -12.507724778976026 12.617857353248464 2.677165354330709
      vertex -12.5 12.618110236220472 2.677165354330709
      vertex -12.5 12.618110236220472 3.1102362204724407
    endloop
  endfacet
  facet normal 0 0 -1
    outer loop
      vertex -12.581350957080135 12.98808418654316 2.677165354330709
      vertex -12.550584155567519 12.991114451777278 2.677165354330709
      vertex -12.519685039370078 12.992125984251969 2.677165354330709
    endloop
  endfacet
  facet normal 0 0 -1
    outer loop
      vertex -12.598425196850393 12.125984251968504 3.1102362204724407
      vertex -12.618110236220472 12.5 3.1102362204724407
      vertex -12.597413664375702 12.156883368165943 3.1102362204724407
    endloop
  endfacet
  facet normal 0 0 -1
    outer loop
      vertex -12.597413664375702 12.156883368165943 3.1102362204724407
      vertex -12.618110236220472 12.5 3.1102362204724407
      vertex -12.594383399141586 12.18765016967856 3.1102362204724407
    endloop
  endfacet
  facet normal 0 0 -1
    outer loop
      vertex -12.594383399141586 12.18765016967856 3.1102362204724407
      vertex -12.618110236220472 12.5 3.1102362204724407
      vertex -12.589347376598148 12.218152907948324 3.1102362204724407
    endloop
  endfacet
  facet normal 0 0 -1
    outer loop
      vertex -12.589347376598148 12.218152907948324 3.1102362204724407
      vertex -12.618110236220472 12.5 3.1102362204724407
      vertex -12.582327162069598 12.248260966084136 3.1102362204724407
    endloop
  endfacet
  facet normal 0 0 -1
    outer loop
      vertex -12.618110236220472 12.5 3.1102362204724407
      vertex -12.573352817181997 12.277845416775369 3.1102362204724407
      vertex -12.582327162069598 12.248260966084136 3.1102362204724407
    endloop
  endfacet
  facet normal 0.9994645879327132 -0.03271906888179764 0
    outer loop
      vertex -12.618110236220472 12.5 2.677165354330709
      vertex -12.617857353248464 12.507724778976026 3.1102362204724407
      vertex -12.618110236220472 12.5 3.1102362204724407
    endloop
  endfacet
  facet normal 0.9866433329764003 -0.16289546799472346 0
    outer loop
      vertex -12.617099786719939 12.515416479427515 2.677165354330709
      vertex -12.615840781157411 12.523042163921623 3.1102362204724407
      vertex -12.617099786719939 12.515416479427515 3.1102362204724407
    endloop
  endfacet
  facet normal 0.9951847246925535 -0.09801716042921459 0
    outer loop
      vertex -12.617857353248464 12.507724778976026 2.677165354330709
      vertex -12.617099786719939 12.515416479427515 3.1102362204724407
      vertex -12.617857353248464 12.507724778976026 3.1102362204724407
    endloop
  endfacet
  facet normal 0.9569403422822546 -0.29028465566185435 0
    outer loop
      vertex -12.614085727378608 12.530569178675572 2.677165354330709
      vertex -12.611842141376705 12.537965291128383 3.1102362204724407
      vertex -12.614085727378608 12.530569178675572 3.1102362204724407
    endloop
  endfacet
  facet normal 0.9738769766202405 -0.22707627443002382 0
    outer loop
      vertex -12.615840781157411 12.523042163921623 2.677165354330709
      vertex -12.614085727378608 12.530569178675572 3.1102362204724407
      vertex -12.615840781157411 12.523042163921623 3.1102362204724407
    endloop
  endfacet
  facet normal 0.9359059207227383 -0.35225006395474734 0
    outer loop
      vertex -12.611842141376705 12.537965291128383 2.677165354330709
      vertex -12.609119629707392 12.54519883073925 3.1102362204724407
      vertex -12.611842141376705 12.537965291128383 3.1102362204724407
    endloop
  endfacet
  facet normal 0.9108638247556112 -0.4127070301698035 0
    outer loop
      vertex -12.609119629707392 12.54519883073925 2.677165354330709
      vertex -12.605929851355985 12.552238821572676 3.1102362204724407
      vertex -12.609119629707392 12.54519883073925 3.1102362204724407
    endloop
  endfacet
  facet normal 0.8819212636659116 -0.47139673810275956 0
    outer loop
      vertex -12.605929851355985 12.552238821572676 2.677165354330709
      vertex -12.602286464938029 12.559055118110235 3.1102362204724407
      vertex -12.605929851355985 12.552238821572676 3.1102362204724407
    endloop
  endfacet
  facet normal 0.8492021866926409 -0.5280678423426645 0
    outer loop
      vertex -12.602286464938029 12.559055118110235 2.677165354330709
      vertex -12.598205072379956 12.565618531382459 3.1102362204724407
      vertex -12.602286464938029 12.559055118110235 3.1102362204724407
    endloop
  endfacet
  facet normal 0.8128466971527882 -0.5824776793387052 0
    outer loop
      vertex -12.598205072379956 12.565618531382459 2.677165354330709
      vertex -12.593703150573209 12.571900956274018 3.1102362204724407
      vertex -12.598205072379956 12.565618531382459 3.1102362204724407
    endloop
  endfacet
  facet normal 0.7298640803691494 -0.6835922938322928 0
    outer loop
      vertex -12.588799977161752 12.577875490029028 2.677165354330709
      vertex -12.583516548996366 12.583516548996366 3.1102362204724407
      vertex -12.588799977161752 12.577875490029028 3.1102362204724407
    endloop
  endfacet
  facet normal 0.7730104360011864 -0.6343933053187555 0
    outer loop
      vertex -12.593703150573209 12.571900956274018 2.677165354330709
      vertex -12.588799977161752 12.577875490029028 3.1102362204724407
      vertex -12.593703150573209 12.571900956274018 3.1102362204724407
    endloop
  endfacet
  facet normal 0 0 -1
    outer loop
      vertex -12.618110236220472 12.5 3.1102362204724407
      vertex -12.562462771384734 12.306779574338846 3.1102362204724407
      vertex -12.573352817181997 12.277845416775369 3.1102362204724407
    endloop
  endfacet
  facet normal 0 0 -1
    outer loop
      vertex -12.618110236220472 12.5 3.1102362204724407
      vertex -12.549703657392442 12.334939538552536 3.1102362204724407
      vertex -12.562462771384734 12.306779574338846 3.1102362204724407
    endloop
  endfacet
  facet normal 0 0 -1
    outer loop
      vertex -12.618110236220472 12.5 3.1102362204724407
      vertex -12.535130112013949 12.362204724409448 3.1102362204724407
      vertex -12.549703657392442 12.334939538552536 3.1102362204724407
    endloop
  endfacet
  facet normal 0 0 -1
    outer loop
      vertex -12.618110236220472 12.5 3.1102362204724407
      vertex -12.518804541195001 12.388458377791672 3.1102362204724407
      vertex -12.535130112013949 12.362204724409448 3.1102362204724407
    endloop
  endfacet
  facet normal 0 0 -1
    outer loop
      vertex -12.618110236220472 12.5 3.1102362204724407
      vertex -12.500796853674679 12.413588076771244 3.1102362204724407
      vertex -12.518804541195001 12.388458377791672 3.1102362204724407
    endloop
  endfacet
  facet normal 0 0 -1
    outer loop
      vertex -12.618110236220472 12.5 3.1102362204724407
      vertex -12.481184160908846 12.437486211791283 3.1102362204724407
      vertex -12.500796853674679 12.413588076771244 3.1102362204724407
    endloop
  endfacet
  facet normal 0 0 -1
    outer loop
      vertex -12.618110236220472 12.5 3.1102362204724407
      vertex -12.460050447660638 12.460050447660638 3.1102362204724407
      vertex -12.481184160908846 12.437486211791283 3.1102362204724407
    endloop
  endfacet
  facet normal 0 0 -1
    outer loop
      vertex -12.618110236220472 12.5 3.1102362204724407
      vertex -12.437486211791283 12.481184160908846 3.1102362204724407
      vertex -12.460050447660638 12.460050447660638 3.1102362204724407
    endloop
  endfacet
  facet normal 0.6835922938322928 -0.7298640803691494 0
    outer loop
      vertex -12.583516548996366 12.583516548996366 2.677165354330709
      vertex -12.577875490029028 12.588799977161752 3.1102362204724407
      vertex -12.583516548996366 12.583516548996366 3.1102362204724407
    endloop
  endfacet
  facet normal 0 0 -1
    outer loop
      vertex -12.617857353248464 12.507724778976026 3.1102362204724407
      vertex -12.413588076771244 12.500796853674679 3.1102362204724407
      vertex -12.618110236220472 12.5 3.1102362204724407
    endloop
  endfacet
  facet normal 0 0 -1
    outer loop
      vertex -12.617857353248464 12.507724778976026 3.1102362204724407
      vertex -12.617099786719939 12.515416479427515 3.1102362204724407
      vertex -12.388458377791672 12.518804541195001 3.1102362204724407
    endloop
  endfacet
  facet normal 0 0 -1
    outer loop
      vertex -12.617099786719939 12.515416479427515 3.1102362204724407
      vertex -12.615840781157411 12.523042163921623 3.1102362204724407
      vertex -12.388458377791672 12.518804541195001 3.1102362204724407
    endloop
  endfacet
  facet normal 0 0 -1
    outer loop
      vertex -12.614085727378608 12.530569178675572 3.1102362204724407
      vertex -12.362204724409448 12.535130112013949 3.1102362204724407
      vertex -12.615840781157411 12.523042163921623 3.1102362204724407
    endloop
  endfacet
  facet normal 0 0 -1
    outer loop
      vertex -12.614085727378608 12.530569178675572 3.1102362204724407
      vertex -12.611842141376705 12.537965291128383 3.1102362204724407
      vertex -12.362204724409448 12.535130112013949 3.1102362204724407
    endloop
  endfacet
  facet normal 0 0 -1
    outer loop
      vertex -12.618110236220472 12.5 3.1102362204724407
      vertex -12.413588076771244 12.500796853674679 3.1102362204724407
      vertex -12.437486211791283 12.481184160908846 3.1102362204724407
    endloop
  endfacet
  facet normal 0 0 -1
    outer loop
      vertex -12.611842141376705 12.537965291128383 3.1102362204724407
      vertex -12.609119629707392 12.54519883073925 3.1102362204724407
      vertex -12.334939538552536 12.549703657392442 3.1102362204724407
    endloop
  endfacet
  facet normal 0 0 -1
    outer loop
      vertex -12.609119629707392 12.54519883073925 3.1102362204724407
      vertex -12.605929851355985 12.552238821572676 3.1102362204724407
      vertex -12.334939538552536 12.549703657392442 3.1102362204724407
    endloop
  endfacet
  facet normal 0 0 -1
    outer loop
      vertex -12.602286464938029 12.559055118110235 3.1102362204724407
      vertex -12.306779574338846 12.562462771384734 3.1102362204724407
      vertex -12.605929851355985 12.552238821572676 3.1102362204724407
    endloop
  endfacet
  facet normal 0 0 -1
    outer loop
      vertex -12.602286464938029 12.559055118110235 3.1102362204724407
      vertex -12.598205072379956 12.565618531382459 3.1102362204724407
      vertex -12.306779574338846 12.562462771384734 3.1102362204724407
    endloop
  endfacet
  facet normal 0 0 -1
    outer loop
      vertex -12.598205072379956 12.565618531382459 3.1102362204724407
      vertex -12.593703150573209 12.571900956274018 3.1102362204724407
      vertex -12.277845416775369 12.573352817181997 3.1102362204724407
    endloop
  endfacet
  facet normal 0 0 -1
    outer loop
      vertex -12.593703150573209 12.571900956274018 3.1102362204724407
      vertex -12.588799977161752 12.577875490029028 3.1102362204724407
      vertex -12.277845416775369 12.573352817181997 3.1102362204724407
    endloop
  endfacet
  facet normal 0 0 -1
    outer loop
      vertex -12.617857353248464 12.507724778976026 3.1102362204724407
      vertex -12.388458377791672 12.518804541195001 3.1102362204724407
      vertex -12.413588076771244 12.500796853674679 3.1102362204724407
    endloop
  endfacet
  facet normal 0 0 -1
    outer loop
      vertex -12.615840781157411 12.523042163921623 3.1102362204724407
      vertex -12.362204724409448 12.535130112013949 3.1102362204724407
      vertex -12.388458377791672 12.518804541195001 3.1102362204724407
    endloop
  endfacet
  facet normal 0 0 -1
    outer loop
      vertex -12.588799977161752 12.577875490029028 3.1102362204724407
      vertex -12.583516548996366 12.583516548996366 3.1102362204724407
      vertex -12.248260966084136 12.582327162069598 3.1102362204724407
    endloop
  endfacet
  facet normal 0 0 -1
    outer loop
      vertex -12.611842141376705 12.537965291128383 3.1102362204724407
      vertex -12.334939538552536 12.549703657392442 3.1102362204724407
      vertex -12.362204724409448 12.535130112013949 3.1102362204724407
    endloop
  endfacet
  facet normal 0 0 -1
    outer loop
      vertex -12.605929851355985 12.552238821572676 3.1102362204724407
      vertex -12.306779574338846 12.562462771384734 3.1102362204724407
      vertex -12.334939538552536 12.549703657392442 3.1102362204724407
    endloop
  endfacet
  facet normal 0 0 -1
    outer loop
      vertex -12.598205072379956 12.565618531382459 3.1102362204724407
      vertex -12.277845416775369 12.573352817181997 3.1102362204724407
      vertex -12.306779574338846 12.562462771384734 3.1102362204724407
    endloop
  endfacet
  facet normal 0 0 -1
    outer loop
      vertex -12.588799977161752 12.577875490029028 3.1102362204724407
      vertex -12.248260966084136 12.582327162069598 3.1102362204724407
      vertex -12.277845416775369 12.573352817181997 3.1102362204724407
    endloop
  endfacet
  facet normal 0 0 -1
    outer loop
      vertex -12.583516548996366 12.583516548996366 3.1102362204724407
      vertex -12.218152907948324 12.589347376598148 3.1102362204724407
      vertex -12.248260966084136 12.582327162069598 3.1102362204724407
    endloop
  endfacet
  facet normal 0.6343933053187555 -0.7730104360011864 0
    outer loop
      vertex -12.577875490029028 12.588799977161752 2.677165354330709
      vertex -12.571900956274018 12.593703150573209 3.1102362204724407
      vertex -12.577875490029028 12.588799977161752 3.1102362204724407
    endloop
  endfacet
  facet normal 0.5824776793387052 -0.8128466971527882 0
    outer loop
      vertex -12.571900956274018 12.593703150573209 2.677165354330709
      vertex -12.565618531382459 12.598205072379956 3.1102362204724407
      vertex -12.571900956274018 12.593703150573209 3.1102362204724407
    endloop
  endfacet
  facet normal 0.5280678423426645 -0.8492021866926409 0
    outer loop
      vertex -12.565618531382459 12.598205072379956 2.677165354330709
      vertex -12.559055118110235 12.602286464938029 3.1102362204724407
      vertex -12.565618531382459 12.598205072379956 3.1102362204724407
    endloop
  endfacet
  facet normal 0.4127070301698035 -0.9108638247556112 0
    outer loop
      vertex -12.552238821572676 12.605929851355985 2.677165354330709
      vertex -12.54519883073925 12.609119629707392 3.1102362204724407
      vertex -12.552238821572676 12.605929851355985 3.1102362204724407
    endloop
  endfacet
  facet normal 0.47139673810275956 -0.8819212636659116 0
    outer loop
      vertex -12.559055118110235 12.602286464938029 2.677165354330709
      vertex -12.552238821572676 12.605929851355985 3.1102362204724407
      vertex -12.559055118110235 12.602286464938029 3.1102362204724407
    endloop
  endfacet
  facet normal 0.35225006395474734 -0.9359059207227383 0
    outer loop
      vertex -12.54519883073925 12.609119629707392 2.677165354330709
      vertex -12.537965291128383 12.611842141376705 3.1102362204724407
      vertex -12.54519883073925 12.609119629707392 3.1102362204724407
    endloop
  endfacet
  facet normal 0.29028465566185435 -0.9569403422822546 0
    outer loop
      vertex -12.537965291128383 12.611842141376705 2.677165354330709
      vertex -12.530569178675572 12.614085727378608 3.1102362204724407
      vertex -12.537965291128383 12.611842141376705 3.1102362204724407
    endloop
  endfacet
  facet normal 0.22707627443002382 -0.9738769766202405 0
    outer loop
      vertex -12.530569178675572 12.614085727378608 2.677165354330709
      vertex -12.523042163921623 12.615840781157411 3.1102362204724407
      vertex -12.530569178675572 12.614085727378608 3.1102362204724407
    endloop
  endfacet
  facet normal 0.16289546799472346 -0.9866433329764003 0
    outer loop
      vertex -12.523042163921623 12.615840781157411 2.677165354330709
      vertex -12.515416479427515 12.617099786719939 3.1102362204724407
      vertex -12.523042163921623 12.615840781157411 3.1102362204724407
    endloop
  endfacet
  facet normal 0.09801716042921459 -0.9951847246925535 0
    outer loop
      vertex -12.515416479427515 12.617099786719939 2.677165354330709
      vertex -12.507724778976026 12.617857353248464 3.1102362204724407
      vertex -12.515416479427515 12.617099786719939 3.1102362204724407
    endloop
  endfacet
  facet normal 0.03271906888179764 -0.9994645879327132 0
    outer loop
      vertex -12.507724778976026 12.617857353248464 2.677165354330709
      vertex -12.5 12.618110236220472 3.1102362204724407
      vertex -12.507724778976026 12.617857353248464 3.1102362204724407
    endloop
  endfacet
  facet normal 0 0 -1
    outer loop
      vertex -12.515416479427515 12.617099786719939 3.1102362204724407
      vertex -12.507724778976026 12.617857353248464 3.1102362204724407
      vertex -12.5 12.618110236220472 3.1102362204724407
    endloop
  endfacet
  facet normal 0 0 -1
    outer loop
      vertex -12.583516548996366 12.583516548996366 3.1102362204724407
      vertex -12.577875490029028 12.588799977161752 3.1102362204724407
      vertex -12.218152907948324 12.589347376598148 3.1102362204724407
    endloop
  endfacet
  facet normal 0 0 -1
    outer loop
      vertex -12.577875490029028 12.588799977161752 3.1102362204724407
      vertex -12.571900956274018 12.593703150573209 3.1102362204724407
      vertex -12.218152907948324 12.589347376598148 3.1102362204724407
    endloop
  endfacet
  facet normal 0 0 -1
    outer loop
      vertex -12.571900956274018 12.593703150573209 3.1102362204724407
      vertex -12.565618531382459 12.598205072379956 3.1102362204724407
      vertex -12.18765016967856 12.594383399141586 3.1102362204724407
    endloop
  endfacet
  facet normal 0 0 -1
    outer loop
      vertex -12.565618531382459 12.598205072379956 3.1102362204724407
      vertex -12.559055118110235 12.602286464938029 3.1102362204724407
      vertex -12.125984251968504 12.598425196850393 3.1102362204724407
    endloop
  endfacet
  facet normal 0 0 -1
    outer loop
      vertex -12.571900956274018 12.593703150573209 3.1102362204724407
      vertex -12.18765016967856 12.594383399141586 3.1102362204724407
      vertex -12.218152907948324 12.589347376598148 3.1102362204724407
    endloop
  endfacet
  facet normal 0 0 -1
    outer loop
      vertex -12.565618531382459 12.598205072379956 3.1102362204724407
      vertex -12.156883368165943 12.597413664375702 3.1102362204724407
      vertex -12.18765016967856 12.594383399141586 3.1102362204724407
    endloop
  endfacet
  facet normal 0 0 -1
    outer loop
      vertex -12.565618531382459 12.598205072379956 3.1102362204724407
      vertex -12.125984251968504 12.598425196850393 3.1102362204724407
      vertex -12.156883368165943 12.597413664375702 3.1102362204724407
    endloop
  endfacet
  facet normal 0 0 -1
    outer loop
      vertex -10.826771653543307 10.708661417322835 2.677165354330709
      vertex -10.82616473394116 10.56184655627397 2.677165354330709
      vertex -10.826771653543307 10.54330708649684 2.677165354330709
    endloop
  endfacet
  facet normal 0 0 -1
    outer loop
      vertex -10.826771653543307 10.708661417322835 2.677165354330709
      vertex -10.824346574624693 10.580306637181542 2.677165354330709
      vertex -10.82616473394116 10.56184655627397 2.677165354330709
    endloop
  endfacet
  facet normal 0 0 -1
    outer loop
      vertex -10.826771653543307 10.708661417322835 2.677165354330709
      vertex -10.821324961157295 10.598608280026069 2.677165354330709
      vertex -10.824346574624693 10.580306637181542 2.677165354330709
    endloop
  endfacet
  facet normal 0 0 -1
    outer loop
      vertex -10.826771653543307 10.708661417322835 2.677165354330709
      vertex -10.81172822556627 10.634423785322294 2.677165354330709
      vertex -10.817112832616164 10.61667311496622 2.677165354330709
    endloop
  endfacet
  facet normal 0 0 -1
    outer loop
      vertex -10.826771653543307 10.708661417322835 2.677165354330709
      vertex -10.817112832616164 10.61667311496622 2.677165354330709
      vertex -10.821324961157295 10.598608280026069 2.677165354330709
    endloop
  endfacet
  facet normal 0 0 -1
    outer loop
      vertex -10.826771653543307 10.708661417322835 2.677165354330709
      vertex -10.805194198087914 10.651784279919045 2.677165354330709
      vertex -10.81172822556627 10.634423785322294 2.677165354330709
    endloop
  endfacet
  facet normal 0 0 -1
    outer loop
      vertex -10.826771653543307 10.708661417322835 2.677165354330709
      vertex -10.797538729751205 10.668680258388594 2.677165354330709
      vertex -10.805194198087914 10.651784279919045 2.677165354330709
    endloop
  endfacet
  facet normal 0 0 -1
    outer loop
      vertex -10.826771653543307 10.708661417322835 2.677165354330709
      vertex -10.788794602524108 10.685039370020075 2.677165354330709
      vertex -10.797538729751205 10.668680258388594 2.677165354330709
    endloop
  endfacet
  facet normal 0 0 -1
    outer loop
      vertex -10.826771653543307 10.708661417322835 2.677165354330709
      vertex -10.778999259974073 10.700791562049407 2.677165354330709
      vertex -10.788794602524108 10.685039370020075 2.677165354330709
    endloop
  endfacet
  facet normal 0 0 -1
    outer loop
      vertex -10.826771653543307 10.708661417322835 2.677165354330709
      vertex -10.8265187705713 10.716386196298862 2.677165354330709
      vertex -10.768194647403213 10.715869381202488 2.677165354330709
    endloop
  endfacet
  facet normal 0 0 -1
    outer loop
      vertex -10.8265187705713 10.716386196298862 2.677165354330709
      vertex -10.825761204042772 10.724077896750348 2.677165354330709
      vertex -10.756427032037044 10.730208262331843 2.677165354330709
    endloop
  endfacet
  facet normal 0 0 -1
    outer loop
      vertex -10.824502198480246 10.731703581244457 2.677165354330709
      vertex -10.756427032037044 10.730208262331843 2.677165354330709
      vertex -10.825761204042772 10.724077896750348 2.677165354330709
    endloop
  endfacet
  facet normal 0 0 -1
    outer loop
      vertex -10.826771653543307 10.708661417322835 2.677165354330709
      vertex -10.768194647403213 10.715869381202488 2.677165354330709
      vertex -10.778999259974073 10.700791562049407 2.677165354330709
    endloop
  endfacet
  facet normal 0 0 -1
    outer loop
      vertex -10.824502198480246 10.731703581244457 2.677165354330709
      vertex -10.822747144701443 10.739230595998407 2.677165354330709
      vertex -10.743746803853455 10.743746803853455 2.677165354330709
    endloop
  endfacet
  facet normal 0 0 -1
    outer loop
      vertex -10.822747144701443 10.739230595998407 2.677165354330709
      vertex -10.82050355869954 10.746626708451219 2.677165354330709
      vertex -10.743746803853455 10.743746803853455 2.677165354330709
    endloop
  endfacet
  facet normal 0 0 -1
    outer loop
      vertex -10.82050355869954 10.746626708451219 2.677165354330709
      vertex -10.817781047030227 10.753860248062084 2.677165354330709
      vertex -10.730208262331843 10.756427032037044 2.677165354330709
    endloop
  endfacet
  facet normal 0 0 -1
    outer loop
      vertex -10.817781047030227 10.753860248062084 2.677165354330709
      vertex -10.81459126867882 10.76090023889551 2.677165354330709
      vertex -10.730208262331843 10.756427032037044 2.677165354330709
    endloop
  endfacet
  facet normal 0 0 -1
    outer loop
      vertex -10.8265187705713 10.716386196298862 2.677165354330709
      vertex -10.756427032037044 10.730208262331843 2.677165354330709
      vertex -10.768194647403213 10.715869381202488 2.677165354330709
    endloop
  endfacet
  facet normal 0 0 -1
    outer loop
      vertex -10.824502198480246 10.731703581244457 2.677165354330709
      vertex -10.743746803853455 10.743746803853455 2.677165354330709
      vertex -10.756427032037044 10.730208262331843 2.677165354330709
    endloop
  endfacet
  facet normal 0 0 -1
    outer loop
      vertex -10.82050355869954 10.746626708451219 2.677165354330709
      vertex -10.730208262331843 10.756427032037044 2.677165354330709
      vertex -10.743746803853455 10.743746803853455 2.677165354330709
    endloop
  endfacet
  facet normal -0.9994645879327131 0.03271906888179763 0
    outer loop
      vertex -10.826771653543307 10.708661417322835 2.677165354330709
      vertex -10.826771653543307 10.708661417322835 3.0708661417322833
      vertex -10.8265187705713 10.716386196298862 2.677165354330709
    endloop
  endfacet
  facet normal -0.9866433329764372 0.16289546799449972 0
    outer loop
      vertex -10.824502198480246 10.731703581244457 2.677165354330709
      vertex -10.825761204042772 10.724077896750348 2.677165354330709
      vertex -10.825761204042772 10.724077896750348 3.0708661417322833
    endloop
  endfacet
  facet normal -0.9951847246925289 0.09801716042946464 0
    outer loop
      vertex -10.8265187705713 10.716386196298862 2.677165354330709
      vertex -10.8265187705713 10.716386196298862 3.0708661417322833
      vertex -10.825761204042772 10.724077896750348 2.677165354330709
    endloop
  endfacet
  facet normal -0.9738769766202525 0.227076274429973 0
    outer loop
      vertex -10.824502198480246 10.731703581244457 2.677165354330709
      vertex -10.824502198480246 10.731703581244457 3.0708661417322833
      vertex -10.822747144701443 10.739230595998407 2.677165354330709
    endloop
  endfacet
  facet normal -0.9569403422822546 0.2902846556618544 0
    outer loop
      vertex -10.822747144701443 10.739230595998407 2.677165354330709
      vertex -10.822747144701443 10.739230595998407 3.0708661417322833
      vertex -10.82050355869954 10.746626708451219 2.677165354330709
    endloop
  endfacet
  facet normal -0.9359059207227097 0.35225006395482306 0
    outer loop
      vertex -10.82050355869954 10.746626708451219 2.677165354330709
      vertex -10.82050355869954 10.746626708451219 3.0708661417322833
      vertex -10.817781047030227 10.753860248062084 2.677165354330709
    endloop
  endfacet
  facet normal -0.9108638247556503 0.4127070301697171 0
    outer loop
      vertex -10.817781047030227 10.753860248062084 2.677165354330709
      vertex -10.817781047030227 10.753860248062084 3.0708661417322833
      vertex -10.81459126867882 10.76090023889551 2.677165354330709
    endloop
  endfacet
  facet normal 0 0 -1
    outer loop
      vertex -10.81459126867882 10.76090023889551 2.677165354330709
      vertex -10.810947882260862 10.76771653543307 2.677165354330709
      vertex -10.715869381202488 10.768194647403213 2.677165354330709
    endloop
  endfacet
  facet normal 0 0 -1
    outer loop
      vertex -10.810947882260862 10.76771653543307 2.677165354330709
      vertex -10.806866489702792 10.774279948705294 2.677165354330709
      vertex -10.715869381202488 10.768194647403213 2.677165354330709
    endloop
  endfacet
  facet normal 0 0 -1
    outer loop
      vertex -10.806866489702792 10.774279948705294 2.677165354330709
      vertex -10.802364567896044 10.780562373596853 2.677165354330709
      vertex -10.700791562049407 10.778999259974073 2.677165354330709
    endloop
  endfacet
  facet normal 0 0 -1
    outer loop
      vertex -10.802364567896044 10.780562373596853 2.677165354330709
      vertex -10.797461394484587 10.786536907351861 2.677165354330709
      vertex -10.685039370020075 10.788794602524108 2.677165354330709
    endloop
  endfacet
  facet normal -0.881921263665816 0.4713967381029383 0
    outer loop
      vertex -10.81459126867882 10.76090023889551 2.677165354330709
      vertex -10.81459126867882 10.76090023889551 3.0708661417322833
      vertex -10.810947882260862 10.76771653543307 2.677165354330709
    endloop
  endfacet
  facet normal -0.8492021866927439 0.5280678423424987 0
    outer loop
      vertex -10.810947882260862 10.76771653543307 2.677165354330709
      vertex -10.810947882260862 10.76771653543307 3.0708661417322833
      vertex -10.806866489702792 10.774279948705294 2.677165354330709
    endloop
  endfacet
  facet normal -0.8128466971527881 0.5824776793387051 0
    outer loop
      vertex -10.806866489702792 10.774279948705294 2.677165354330709
      vertex -10.806866489702792 10.774279948705294 3.0708661417322833
      vertex -10.802364567896044 10.780562373596853 2.677165354330709
    endloop
  endfacet
  facet normal -0.7730104360010939 0.6343933053188682 0
    outer loop
      vertex -10.802364567896044 10.780562373596853 2.677165354330709
      vertex -10.802364567896044 10.780562373596853 3.0708661417322833
      vertex -10.797461394484587 10.786536907351861 2.677165354330709
    endloop
  endfacet
  facet normal -0.7298640803692568 0.6835922938321781 0
    outer loop
      vertex -10.797461394484587 10.786536907351861 2.677165354330709
      vertex -10.797461394484587 10.786536907351861 3.0708661417322833
      vertex -10.792177966319201 10.792177966319201 2.677165354330709
    endloop
  endfacet
  facet normal -0.6835922938321781 0.7298640803692568 0
    outer loop
      vertex -10.792177966319201 10.792177966319201 2.677165354330709
      vertex -10.792177966319201 10.792177966319201 3.0708661417322833
      vertex -10.786536907351861 10.797461394484587 2.677165354330709
    endloop
  endfacet
  facet normal -0.6343933053188682 0.7730104360010939 0
    outer loop
      vertex -10.786536907351861 10.797461394484587 2.677165354330709
      vertex -10.786536907351861 10.797461394484587 3.0708661417322833
      vertex -10.780562373596853 10.802364567896044 2.677165354330709
    endloop
  endfacet
  facet normal -0.5824776793387051 0.8128466971527881 0
    outer loop
      vertex -10.774279948705294 10.806866489702792 2.677165354330709
      vertex -10.780562373596853 10.802364567896044 2.677165354330709
      vertex -10.780562373596853 10.802364567896044 3.0708661417322833
    endloop
  endfacet
  facet normal -0.5280678423424987 0.8492021866927439 0
    outer loop
      vertex -10.774279948705294 10.806866489702792 2.677165354330709
      vertex -10.774279948705294 10.806866489702792 3.0708661417322833
      vertex -10.76771653543307 10.810947882260862 2.677165354330709
    endloop
  endfacet
  facet normal -0.4713967381029383 0.881921263665816 0
    outer loop
      vertex -10.76771653543307 10.810947882260862 2.677165354330709
      vertex -10.76771653543307 10.810947882260862 3.0708661417322833
      vertex -10.76090023889551 10.81459126867882 2.677165354330709
    endloop
  endfacet
  facet normal 0 0 -1
    outer loop
      vertex -10.81459126867882 10.76090023889551 2.677165354330709
      vertex -10.715869381202488 10.768194647403213 2.677165354330709
      vertex -10.730208262331843 10.756427032037044 2.677165354330709
    endloop
  endfacet
  facet normal 0 0 -1
    outer loop
      vertex -10.806866489702792 10.774279948705294 2.677165354330709
      vertex -10.700791562049407 10.778999259974073 2.677165354330709
      vertex -10.715869381202488 10.768194647403213 2.677165354330709
    endloop
  endfacet
  facet normal 0 0 -1
    outer loop
      vertex -10.797461394484587 10.786536907351861 2.677165354330709
      vertex -10.792177966319201 10.792177966319201 2.677165354330709
      vertex -10.685039370020075 10.788794602524108 2.677165354330709
    endloop
  endfacet
  facet normal 0 0 -1
    outer loop
      vertex -10.792177966319201 10.792177966319201 2.677165354330709
      vertex -10.786536907351861 10.797461394484587 2.677165354330709
      vertex -10.668680258388594 10.797538729751205 2.677165354330709
    endloop
  endfacet
  facet normal 0 0 -1
    outer loop
      vertex -10.786536907351861 10.797461394484587 2.677165354330709
      vertex -10.780562373596853 10.802364567896044 2.677165354330709
      vertex -10.651784279919045 10.805194198087914 2.677165354330709
    endloop
  endfacet
  facet normal 0 0 -1
    outer loop
      vertex -10.774279948705294 10.806866489702792 2.677165354330709
      vertex -10.651784279919045 10.805194198087914 2.677165354330709
      vertex -10.780562373596853 10.802364567896044 2.677165354330709
    endloop
  endfacet
  facet normal 0 0 -1
    outer loop
      vertex -10.802364567896044 10.780562373596853 2.677165354330709
      vertex -10.685039370020075 10.788794602524108 2.677165354330709
      vertex -10.700791562049407 10.778999259974073 2.677165354330709
    endloop
  endfacet
  facet normal 0 0 -1
    outer loop
      vertex -10.792177966319201 10.792177966319201 2.677165354330709
      vertex -10.668680258388594 10.797538729751205 2.677165354330709
      vertex -10.685039370020075 10.788794602524108 2.677165354330709
    endloop
  endfacet
  facet normal 0 0 -1
    outer loop
      vertex -10.774279948705294 10.806866489702792 2.677165354330709
      vertex -10.76771653543307 10.810947882260862 2.677165354330709
      vertex -10.634423785322294 10.81172822556627 2.677165354330709
    endloop
  endfacet
  facet normal 0 0 -1
    outer loop
      vertex -10.76771653543307 10.810947882260862 2.677165354330709
      vertex -10.76090023889551 10.81459126867882 2.677165354330709
      vertex -10.634423785322294 10.81172822556627 2.677165354330709
    endloop
  endfacet
  facet normal 0 0 -1
    outer loop
      vertex -10.76090023889551 10.81459126867882 2.677165354330709
      vertex -10.753860248062084 10.817781047030227 2.677165354330709
      vertex -10.61667311496622 10.817112832616164 2.677165354330709
    endloop
  endfacet
  facet normal 0 0 -1
    outer loop
      vertex -10.786536907351861 10.797461394484587 2.677165354330709
      vertex -10.651784279919045 10.805194198087914 2.677165354330709
      vertex -10.668680258388594 10.797538729751205 2.677165354330709
    endloop
  endfacet
  facet normal 0 0 -1
    outer loop
      vertex -10.774279948705294 10.806866489702792 2.677165354330709
      vertex -10.634423785322294 10.81172822556627 2.677165354330709
      vertex -10.651784279919045 10.805194198087914 2.677165354330709
    endloop
  endfacet
  facet normal 0 0 -1
    outer loop
      vertex -10.753860248062084 10.817781047030227 2.677165354330709
      vertex -10.746626708451219 10.82050355869954 2.677165354330709
      vertex -10.598608280026069 10.821324961157295 2.677165354330709
    endloop
  endfacet
  facet normal 0 0 -1
    outer loop
      vertex -10.746626708451219 10.82050355869954 2.677165354330709
      vertex -10.739230595998407 10.822747144701443 2.677165354330709
      vertex -10.598608280026069 10.821324961157295 2.677165354330709
    endloop
  endfacet
  facet normal 0 0 -1
    outer loop
      vertex -10.739230595998407 10.822747144701443 2.677165354330709
      vertex -10.731703581244457 10.824502198480246 2.677165354330709
      vertex -10.580306637181542 10.824346574624693 2.677165354330709
    endloop
  endfacet
  facet normal 0 0 -1
    outer loop
      vertex -10.76090023889551 10.81459126867882 2.677165354330709
      vertex -10.61667311496622 10.817112832616164 2.677165354330709
      vertex -10.634423785322294 10.81172822556627 2.677165354330709
    endloop
  endfacet
  facet normal 0 0 -1
    outer loop
      vertex -10.724077896750348 10.825761204042772 2.677165354330709
      vertex -10.56184655627397 10.82616473394116 2.677165354330709
      vertex -10.731703581244457 10.824502198480246 2.677165354330709
    endloop
  endfacet
  facet normal 0 0 -1
    outer loop
      vertex -10.724077896750348 10.825761204042772 2.677165354330709
      vertex -10.716386196298862 10.8265187705713 2.677165354330709
      vertex -10.56184655627397 10.82616473394116 2.677165354330709
    endloop
  endfacet
  facet normal -0.4127070301697171 0.9108638247556503 0
    outer loop
      vertex -10.76090023889551 10.81459126867882 2.677165354330709
      vertex -10.76090023889551 10.81459126867882 3.0708661417322833
      vertex -10.753860248062084 10.817781047030227 2.677165354330709
    endloop
  endfacet
  facet normal -0.35225006395482306 0.9359059207227097 0
    outer loop
      vertex -10.753860248062084 10.817781047030227 2.677165354330709
      vertex -10.753860248062084 10.817781047030227 3.0708661417322833
      vertex -10.746626708451219 10.82050355869954 2.677165354330709
    endloop
  endfacet
  facet normal -0.2902846556618544 0.9569403422822546 0
    outer loop
      vertex -10.746626708451219 10.82050355869954 2.677165354330709
      vertex -10.746626708451219 10.82050355869954 3.0708661417322833
      vertex -10.739230595998407 10.822747144701443 2.677165354330709
    endloop
  endfacet
  facet normal -0.227076274429973 0.9738769766202525 0
    outer loop
      vertex -10.739230595998407 10.822747144701443 2.677165354330709
      vertex -10.739230595998407 10.822747144701443 3.0708661417322833
      vertex -10.731703581244457 10.824502198480246 2.677165354330709
    endloop
  endfacet
  facet normal -0.16289546799449972 0.9866433329764372 0
    outer loop
      vertex -10.724077896750348 10.825761204042772 2.677165354330709
      vertex -10.731703581244457 10.824502198480246 2.677165354330709
      vertex -10.731703581244457 10.824502198480246 3.0708661417322833
    endloop
  endfacet
  facet normal -0.09801716042946464 0.9951847246925289 0
    outer loop
      vertex -10.724077896750348 10.825761204042772 2.677165354330709
      vertex -10.724077896750348 10.825761204042772 3.0708661417322833
      vertex -10.716386196298862 10.8265187705713 2.677165354330709
    endloop
  endfacet
  facet normal -0.03271906888179763 0.9994645879327131 0
    outer loop
      vertex -10.716386196298862 10.8265187705713 2.677165354330709
      vertex -10.716386196298862 10.8265187705713 3.0708661417322833
      vertex -10.708661417322835 10.826771653543307 2.677165354330709
    endloop
  endfacet
  facet normal 0 0 -1
    outer loop
      vertex -10.753860248062084 10.817781047030227 2.677165354330709
      vertex -10.598608280026069 10.821324961157295 2.677165354330709
      vertex -10.61667311496622 10.817112832616164 2.677165354330709
    endloop
  endfacet
  facet normal 0 0 -1
    outer loop
      vertex -10.739230595998407 10.822747144701443 2.677165354330709
      vertex -10.580306637181542 10.824346574624693 2.677165354330709
      vertex -10.598608280026069 10.821324961157295 2.677165354330709
    endloop
  endfacet
  facet normal 0 0 -1
    outer loop
      vertex -10.716386196298862 10.8265187705713 2.677165354330709
      vertex -10.708661417322835 10.826771653543307 2.677165354330709
      vertex -10.54330708649684 10.826771653543307 2.677165354330709
    endloop
  endfacet
  facet normal 0 0 -1
    outer loop
      vertex -10.731703581244457 10.824502198480246 2.677165354330709
      vertex -10.56184655627397 10.82616473394116 2.677165354330709
      vertex -10.580306637181542 10.824346574624693 2.677165354330709
    endloop
  endfacet
  facet normal 0 0 -1
    outer loop
      vertex -10.716386196298862 10.8265187705713 2.677165354330709
      vertex -10.54330708649684 10.826771653543307 2.677165354330709
      vertex -10.56184655627397 10.82616473394116 2.677165354330709
    endloop
  endfacet
  facet normal 0 1 0
    outer loop
      vertex -10.708661417322835 10.826771653543307 2.677165354330709
      vertex -10.708661417322835 10.826771653543307 3.0708661417322833
      vertex -10.54330708649684 10.826771653543307 2.677165354330709
    endloop
  endfacet
  facet normal -0.9994645879327131 0.03271906888179763 0
    outer loop
      vertex -10.8265187705713 10.716386196298862 2.677165354330709
      vertex -10.826771653543307 10.708661417322835 3.0708661417322833
      vertex -10.8265187705713 10.716386196298862 3.0708661417322833
    endloop
  endfacet
  facet normal -0.9866433329764372 0.16289546799449972 0
    outer loop
      vertex -10.824502198480246 10.731703581244457 2.677165354330709
      vertex -10.825761204042772 10.724077896750348 3.0708661417322833
      vertex -10.824502198480246 10.731703581244457 3.0708661417322833
    endloop
  endfacet
  facet normal -0.9951847246925289 0.09801716042946464 0
    outer loop
      vertex -10.825761204042772 10.724077896750348 2.677165354330709
      vertex -10.8265187705713 10.716386196298862 3.0708661417322833
      vertex -10.825761204042772 10.724077896750348 3.0708661417322833
    endloop
  endfacet
  facet normal -0.9738769766202525 0.227076274429973 0
    outer loop
      vertex -10.822747144701443 10.739230595998407 2.677165354330709
      vertex -10.824502198480246 10.731703581244457 3.0708661417322833
      vertex -10.822747144701443 10.739230595998407 3.0708661417322833
    endloop
  endfacet
  facet normal -0.9569403422822546 0.2902846556618544 0
    outer loop
      vertex -10.82050355869954 10.746626708451219 2.677165354330709
      vertex -10.822747144701443 10.739230595998407 3.0708661417322833
      vertex -10.82050355869954 10.746626708451219 3.0708661417322833
    endloop
  endfacet
  facet normal -0.9359059207227097 0.35225006395482306 0
    outer loop
      vertex -10.817781047030227 10.753860248062084 2.677165354330709
      vertex -10.82050355869954 10.746626708451219 3.0708661417322833
      vertex -10.817781047030227 10.753860248062084 3.0708661417322833
    endloop
  endfacet
  facet normal -0.9108638247556503 0.4127070301697171 0
    outer loop
      vertex -10.817781047030227 10.753860248062084 3.0708661417322833
      vertex -10.81459126867882 10.76090023889551 3.0708661417322833
      vertex -10.81459126867882 10.76090023889551 2.677165354330709
    endloop
  endfacet
  facet normal 0 0 1
    outer loop
      vertex -10.826771653543307 10.708661417322835 3.0708661417322833
      vertex -10.708661417322835 10.826771653543307 3.0708661417322833
      vertex -10.8265187705713 10.716386196298862 3.0708661417322833
    endloop
  endfacet
  facet normal 0 0 1
    outer loop
      vertex -10.8265187705713 10.716386196298862 3.0708661417322833
      vertex -10.708661417322835 10.826771653543307 3.0708661417322833
      vertex -10.825761204042772 10.724077896750348 3.0708661417322833
    endloop
  endfacet
  facet normal -0.881921263665816 0.4713967381029383 0
    outer loop
      vertex -10.810947882260862 10.76771653543307 2.677165354330709
      vertex -10.81459126867882 10.76090023889551 3.0708661417322833
      vertex -10.810947882260862 10.76771653543307 3.0708661417322833
    endloop
  endfacet
  facet normal -0.8492021866927439 0.5280678423424987 0
    outer loop
      vertex -10.806866489702792 10.774279948705294 2.677165354330709
      vertex -10.810947882260862 10.76771653543307 3.0708661417322833
      vertex -10.806866489702792 10.774279948705294 3.0708661417322833
    endloop
  endfacet
  facet normal -0.8128466971527881 0.5824776793387051 0
    outer loop
      vertex -10.802364567896044 10.780562373596853 2.677165354330709
      vertex -10.806866489702792 10.774279948705294 3.0708661417322833
      vertex -10.802364567896044 10.780562373596853 3.0708661417322833
    endloop
  endfacet
  facet normal -0.7730104360010939 0.6343933053188682 0
    outer loop
      vertex -10.797461394484587 10.786536907351861 2.677165354330709
      vertex -10.802364567896044 10.780562373596853 3.0708661417322833
      vertex -10.797461394484587 10.786536907351861 3.0708661417322833
    endloop
  endfacet
  facet normal -0.7298640803692568 0.6835922938321781 0
    outer loop
      vertex -10.792177966319201 10.792177966319201 2.677165354330709
      vertex -10.797461394484587 10.786536907351861 3.0708661417322833
      vertex -10.792177966319201 10.792177966319201 3.0708661417322833
    endloop
  endfacet
  facet normal -0.6835922938321781 0.7298640803692568 0
    outer loop
      vertex -10.786536907351861 10.797461394484587 2.677165354330709
      vertex -10.792177966319201 10.792177966319201 3.0708661417322833
      vertex -10.786536907351861 10.797461394484587 3.0708661417322833
    endloop
  endfacet
  facet normal -0.5824776793387051 0.8128466971527881 0
    outer loop
      vertex -10.774279948705294 10.806866489702792 2.677165354330709
      vertex -10.780562373596853 10.802364567896044 3.0708661417322833
      vertex -10.774279948705294 10.806866489702792 3.0708661417322833
    endloop
  endfacet
  facet normal -0.6343933053188682 0.7730104360010939 0
    outer loop
      vertex -10.780562373596853 10.802364567896044 2.677165354330709
      vertex -10.786536907351861 10.797461394484587 3.0708661417322833
      vertex -10.780562373596853 10.802364567896044 3.0708661417322833
    endloop
  endfacet
  facet normal -0.5280678423424987 0.8492021866927439 0
    outer loop
      vertex -10.76771653543307 10.810947882260862 2.677165354330709
      vertex -10.774279948705294 10.806866489702792 3.0708661417322833
      vertex -10.76771653543307 10.810947882260862 3.0708661417322833
    endloop
  endfacet
  facet normal -0.4713967381029383 0.881921263665816 0
    outer loop
      vertex -10.76090023889551 10.81459126867882 2.677165354330709
      vertex -10.76771653543307 10.810947882260862 3.0708661417322833
      vertex -10.76090023889551 10.81459126867882 3.0708661417322833
    endloop
  endfacet
  facet normal 0 0 1
    outer loop
      vertex -10.824502198480246 10.731703581244457 3.0708661417322833
      vertex -10.825761204042772 10.724077896750348 3.0708661417322833
      vertex -10.708661417322835 10.826771653543307 3.0708661417322833
    endloop
  endfacet
  facet normal 0 0 1
    outer loop
      vertex -10.824502198480246 10.731703581244457 3.0708661417322833
      vertex -10.708661417322835 10.826771653543307 3.0708661417322833
      vertex -10.822747144701443 10.739230595998407 3.0708661417322833
    endloop
  endfacet
  facet normal 0 0 1
    outer loop
      vertex -10.822747144701443 10.739230595998407 3.0708661417322833
      vertex -10.708661417322835 10.826771653543307 3.0708661417322833
      vertex -10.82050355869954 10.746626708451219 3.0708661417322833
    endloop
  endfacet
  facet normal 0 0 1
    outer loop
      vertex -10.82050355869954 10.746626708451219 3.0708661417322833
      vertex -10.708661417322835 10.826771653543307 3.0708661417322833
      vertex -10.817781047030227 10.753860248062084 3.0708661417322833
    endloop
  endfacet
  facet normal 0 0 1
    outer loop
      vertex -10.817781047030227 10.753860248062084 3.0708661417322833
      vertex -10.708661417322835 10.826771653543307 3.0708661417322833
      vertex -10.81459126867882 10.76090023889551 3.0708661417322833
    endloop
  endfacet
  facet normal 0 0 1
    outer loop
      vertex -10.81459126867882 10.76090023889551 3.0708661417322833
      vertex -10.708661417322835 10.826771653543307 3.0708661417322833
      vertex -10.810947882260862 10.76771653543307 3.0708661417322833
    endloop
  endfacet
  facet normal 0 0 1
    outer loop
      vertex -10.810947882260862 10.76771653543307 3.0708661417322833
      vertex -10.708661417322835 10.826771653543307 3.0708661417322833
      vertex -10.806866489702792 10.774279948705294 3.0708661417322833
    endloop
  endfacet
  facet normal 0 0 1
    outer loop
      vertex -10.806866489702792 10.774279948705294 3.0708661417322833
      vertex -10.708661417322835 10.826771653543307 3.0708661417322833
      vertex -10.802364567896044 10.780562373596853 3.0708661417322833
    endloop
  endfacet
  facet normal 0 0 1
    outer loop
      vertex -10.802364567896044 10.780562373596853 3.0708661417322833
      vertex -10.708661417322835 10.826771653543307 3.0708661417322833
      vertex -10.797461394484587 10.786536907351861 3.0708661417322833
    endloop
  endfacet
  facet normal 0 0 1
    outer loop
      vertex -10.797461394484587 10.786536907351861 3.0708661417322833
      vertex -10.708661417322835 10.826771653543307 3.0708661417322833
      vertex -10.792177966319201 10.792177966319201 3.0708661417322833
    endloop
  endfacet
  facet normal 0 0 1
    outer loop
      vertex -10.792177966319201 10.792177966319201 3.0708661417322833
      vertex -10.708661417322835 10.826771653543307 3.0708661417322833
      vertex -10.786536907351861 10.797461394484587 3.0708661417322833
    endloop
  endfacet
  facet normal -0.4127070301697171 0.9108638247556503 0
    outer loop
      vertex -10.76090023889551 10.81459126867882 3.0708661417322833
      vertex -10.753860248062084 10.817781047030227 3.0708661417322833
      vertex -10.753860248062084 10.817781047030227 2.677165354330709
    endloop
  endfacet
  facet normal -0.35225006395482306 0.9359059207227097 0
    outer loop
      vertex -10.746626708451219 10.82050355869954 2.677165354330709
      vertex -10.753860248062084 10.817781047030227 3.0708661417322833
      vertex -10.746626708451219 10.82050355869954 3.0708661417322833
    endloop
  endfacet
  facet normal -0.2902846556618544 0.9569403422822546 0
    outer loop
      vertex -10.739230595998407 10.822747144701443 2.677165354330709
      vertex -10.746626708451219 10.82050355869954 3.0708661417322833
      vertex -10.739230595998407 10.822747144701443 3.0708661417322833
    endloop
  endfacet
  facet normal -0.227076274429973 0.9738769766202525 0
    outer loop
      vertex -10.731703581244457 10.824502198480246 2.677165354330709
      vertex -10.739230595998407 10.822747144701443 3.0708661417322833
      vertex -10.731703581244457 10.824502198480246 3.0708661417322833
    endloop
  endfacet
  facet normal -0.16289546799449972 0.9866433329764372 0
    outer loop
      vertex -10.724077896750348 10.825761204042772 2.677165354330709
      vertex -10.731703581244457 10.824502198480246 3.0708661417322833
      vertex -10.724077896750348 10.825761204042772 3.0708661417322833
    endloop
  endfacet
  facet normal -0.09801716042946464 0.9951847246925289 0
    outer loop
      vertex -10.716386196298862 10.8265187705713 2.677165354330709
      vertex -10.724077896750348 10.825761204042772 3.0708661417322833
      vertex -10.716386196298862 10.8265187705713 3.0708661417322833
    endloop
  endfacet
  facet normal -0.03271906888179763 0.9994645879327131 0
    outer loop
      vertex -10.708661417322835 10.826771653543307 2.677165354330709
      vertex -10.716386196298862 10.8265187705713 3.0708661417322833
      vertex -10.708661417322835 10.826771653543307 3.0708661417322833
    endloop
  endfacet
  facet normal 0 0 1
    outer loop
      vertex -10.786536907351861 10.797461394484587 3.0708661417322833
      vertex -10.708661417322835 10.826771653543307 3.0708661417322833
      vertex -10.780562373596853 10.802364567896044 3.0708661417322833
    endloop
  endfacet
  facet normal 0 0 1
    outer loop
      vertex -10.774279948705294 10.806866489702792 3.0708661417322833
      vertex -10.780562373596853 10.802364567896044 3.0708661417322833
      vertex -10.708661417322835 10.826771653543307 3.0708661417322833
    endloop
  endfacet
  facet normal 0 0 1
    outer loop
      vertex -10.774279948705294 10.806866489702792 3.0708661417322833
      vertex -10.708661417322835 10.826771653543307 3.0708661417322833
      vertex -10.76771653543307 10.810947882260862 3.0708661417322833
    endloop
  endfacet
  facet normal 0 0 1
    outer loop
      vertex -10.76771653543307 10.810947882260862 3.0708661417322833
      vertex -10.708661417322835 10.826771653543307 3.0708661417322833
      vertex -10.76090023889551 10.81459126867882 3.0708661417322833
    endloop
  endfacet
  facet normal 0 0 1
    outer loop
      vertex -10.76090023889551 10.81459126867882 3.0708661417322833
      vertex -10.708661417322835 10.826771653543307 3.0708661417322833
      vertex -10.753860248062084 10.817781047030227 3.0708661417322833
    endloop
  endfacet
  facet normal 0 0 1
    outer loop
      vertex -10.753860248062084 10.817781047030227 3.0708661417322833
      vertex -10.708661417322835 10.826771653543307 3.0708661417322833
      vertex -10.746626708451219 10.82050355869954 3.0708661417322833
    endloop
  endfacet
  facet normal 0 0 1
    outer loop
      vertex -10.746626708451219 10.82050355869954 3.0708661417322833
      vertex -10.708661417322835 10.826771653543307 3.0708661417322833
      vertex -10.739230595998407 10.822747144701443 3.0708661417322833
    endloop
  endfacet
  facet normal 0 0 1
    outer loop
      vertex -10.739230595998407 10.822747144701443 3.0708661417322833
      vertex -10.708661417322835 10.826771653543307 3.0708661417322833
      vertex -10.731703581244457 10.824502198480246 3.0708661417322833
    endloop
  endfacet
  facet normal 0 0 1
    outer loop
      vertex -10.724077896750348 10.825761204042772 3.0708661417322833
      vertex -10.731703581244457 10.824502198480246 3.0708661417322833
      vertex -10.708661417322835 10.826771653543307 3.0708661417322833
    endloop
  endfacet
  facet normal 0 0 1
    outer loop
      vertex -10.724077896750348 10.825761204042772 3.0708661417322833
      vertex -10.708661417322835 10.826771653543307 3.0708661417322833
      vertex -10.716386196298862 10.8265187705713 3.0708661417322833
    endloop
  endfacet
  facet normal 0.9994645873223237 -0.0327190875272729 0
    outer loop
      vertex -12.598425196850393 12.125984251968504 3.1102362204724407
      vertex -12.597413664375702 12.156883368165943 3.1102362204724407
      vertex -12.598425196850393 12.125984251968504 29.84251968503937
    endloop
  endfacet
  facet normal 0.9951847273779294 -0.09801713316413767 0
    outer loop
      vertex -12.597413664375702 12.156883368165943 3.1102362204724407
      vertex -12.594383399141586 12.18765016967856 3.1102362204724407
      vertex -12.597413664375702 12.156883368165943 29.84251968503937
    endloop
  endfacet
  facet normal -0.9994645873223238 0.03271908752727102 0
    outer loop
      vertex -12.992125984251969 12.519685039370078 2.677165354330709
      vertex -12.991114451777278 12.550584155567519 29.84251968503937
      vertex -12.991114451777278 12.550584155567519 2.677165354330709
    endloop
  endfacet
  facet normal -0.9951847273779233 0.09801713316420017 0
    outer loop
      vertex -12.991114451777278 12.550584155567519 2.677165354330709
      vertex -12.98808418654316 12.581350957080135 29.84251968503937
      vertex -12.98808418654316 12.581350957080135 2.677165354330709
    endloop
  endfacet
  facet normal 0.9866433317032558 -0.16289547570604634 0
    outer loop
      vertex -12.594383399141586 12.18765016967856 3.1102362204724407
      vertex -12.589347376598148 12.218152907948324 3.1102362204724407
      vertex -12.594383399141586 12.18765016967856 29.84251968503937
    endloop
  endfacet
  facet normal 0.9738769793490082 -0.22707626272697828 0
    outer loop
      vertex -12.589347376598148 12.218152907948324 3.1102362204724407
      vertex -12.582327162069598 12.248260966084136 3.1102362204724407
      vertex -12.589347376598148 12.218152907948324 29.84251968503937
    endloop
  endfacet
  facet normal -0.9866433317032574 0.1628954757060371 0
    outer loop
      vertex -12.98808418654316 12.581350957080135 2.677165354330709
      vertex -12.983048163999722 12.6118536953499 29.84251968503937
      vertex -12.983048163999722 12.6118536953499 2.677165354330709
    endloop
  endfacet
  facet normal -0.9738769793490178 0.22707626272693648 0
    outer loop
      vertex -12.983048163999722 12.6118536953499 2.677165354330709
      vertex -12.976027949471174 12.64196175348571 29.84251968503937
      vertex -12.976027949471174 12.64196175348571 2.677165354330709
    endloop
  endfacet
  facet normal -0.9569403367738464 0.2902846738206437 0
    outer loop
      vertex -12.976027949471174 12.64196175348571 2.677165354330709
      vertex -12.96705360458357 12.671546204176943 29.84251968503937
      vertex -12.96705360458357 12.671546204176943 2.677165354330709
    endloop
  endfacet
  facet normal -0.9359059265747943 0.3522500484062078 0
    outer loop
      vertex -12.96705360458357 12.671546204176943 2.677165354330709
      vertex -12.95616355878631 12.70048036174042 29.84251968503937
      vertex -12.95616355878631 12.70048036174042 2.677165354330709
    endloop
  endfacet
  facet normal -0.9108638224702754 0.41270703521364716 0
    outer loop
      vertex -12.95616355878631 12.70048036174042 2.677165354330709
      vertex -12.943404444794016 12.72864032595411 29.84251968503937
      vertex -12.943404444794016 12.72864032595411 2.677165354330709
    endloop
  endfacet
  facet normal -0.881921265502079 0.4713967346675319 0
    outer loop
      vertex -12.943404444794016 12.72864032595411 2.677165354330709
      vertex -12.928830899415523 12.755905511811024 29.84251968503937
      vertex -12.928830899415523 12.755905511811024 2.677165354330709
    endloop
  endfacet
  facet normal -0.8492021808288914 0.5280678517723407 0
    outer loop
      vertex -12.928830899415523 12.755905511811024 2.677165354330709
      vertex -12.912505328596577 12.782159165193246 29.84251968503937
      vertex -12.912505328596577 12.782159165193246 2.677165354330709
    endloop
  endfacet
  facet normal -0.812846686222204 0.5824776945923182 0
    outer loop
      vertex -12.912505328596577 12.782159165193246 2.677165354330709
      vertex -12.894497641076253 12.807288864172818 29.84251968503937
      vertex -12.894497641076253 12.807288864172818 2.677165354330709
    endloop
  endfacet
  facet normal -0.7730104499598481 0.6343932883100777 0
    outer loop
      vertex -12.894497641076253 12.807288864172818 2.677165354330709
      vertex -12.87488494831042 12.831186999192857 29.84251968503937
      vertex -12.87488494831042 12.831186999192857 2.677165354330709
    endloop
  endfacet
  facet normal -0.7298640709013708 0.6835923039409372 0
    outer loop
      vertex -12.87488494831042 12.831186999192857 2.677165354330709
      vertex -12.853751235062212 12.853751235062212 29.84251968503937
      vertex -12.853751235062212 12.853751235062212 2.677165354330709
    endloop
  endfacet
  facet normal -0.6343932883100777 0.7730104499598481 0
    outer loop
      vertex -12.831186999192857 12.87488494831042 2.677165354330709
      vertex -12.807288864172818 12.894497641076253 29.84251968503937
      vertex -12.807288864172818 12.894497641076253 2.677165354330709
    endloop
  endfacet
  facet normal -0.6835923039409372 0.7298640709013708 0
    outer loop
      vertex -12.853751235062212 12.853751235062212 2.677165354330709
      vertex -12.831186999192857 12.87488494831042 29.84251968503937
      vertex -12.831186999192857 12.87488494831042 2.677165354330709
    endloop
  endfacet
  facet normal -0.5824776945923182 0.812846686222204 0
    outer loop
      vertex -12.807288864172818 12.894497641076253 2.677165354330709
      vertex -12.782159165193246 12.912505328596577 29.84251968503937
      vertex -12.782159165193246 12.912505328596577 2.677165354330709
    endloop
  endfacet
  facet normal -0.5280678517723407 0.8492021808288914 0
    outer loop
      vertex -12.782159165193246 12.912505328596577 2.677165354330709
      vertex -12.755905511811024 12.928830899415523 29.84251968503937
      vertex -12.755905511811024 12.928830899415523 2.677165354330709
    endloop
  endfacet
  facet normal -0.4713967346675319 0.881921265502079 0
    outer loop
      vertex -12.755905511811024 12.928830899415523 2.677165354330709
      vertex -12.72864032595411 12.943404444794016 29.84251968503937
      vertex -12.72864032595411 12.943404444794016 2.677165354330709
    endloop
  endfacet
  facet normal -0.41270703521364716 0.9108638224702754 0
    outer loop
      vertex -12.72864032595411 12.943404444794016 2.677165354330709
      vertex -12.70048036174042 12.95616355878631 29.84251968503937
      vertex -12.70048036174042 12.95616355878631 2.677165354330709
    endloop
  endfacet
  facet normal -0.3522500484062078 0.9359059265747943 0
    outer loop
      vertex -12.70048036174042 12.95616355878631 2.677165354330709
      vertex -12.671546204176943 12.96705360458357 29.84251968503937
      vertex -12.671546204176943 12.96705360458357 2.677165354330709
    endloop
  endfacet
  facet normal -0.2902846738206437 0.9569403367738464 0
    outer loop
      vertex -12.671546204176943 12.96705360458357 2.677165354330709
      vertex -12.64196175348571 12.976027949471174 29.84251968503937
      vertex -12.64196175348571 12.976027949471174 2.677165354330709
    endloop
  endfacet
  facet normal -0.22707626272693648 0.9738769793490178 0
    outer loop
      vertex -12.64196175348571 12.976027949471174 2.677165354330709
      vertex -12.6118536953499 12.983048163999722 29.84251968503937
      vertex -12.6118536953499 12.983048163999722 2.677165354330709
    endloop
  endfacet
  facet normal -0.1628954757060371 0.9866433317032574 0
    outer loop
      vertex -12.6118536953499 12.983048163999722 2.677165354330709
      vertex -12.581350957080135 12.98808418654316 29.84251968503937
      vertex -12.581350957080135 12.98808418654316 2.677165354330709
    endloop
  endfacet
  facet normal 0.9569403367738624 -0.2902846738205911 0
    outer loop
      vertex -12.582327162069598 12.248260966084136 3.1102362204724407
      vertex -12.573352817181997 12.277845416775369 3.1102362204724407
      vertex -12.582327162069598 12.248260966084136 29.84251968503937
    endloop
  endfacet
  facet normal 0.9359059265747753 -0.3522500484062582 0
    outer loop
      vertex -12.573352817181997 12.277845416775369 3.1102362204724407
      vertex -12.562462771384734 12.306779574338846 3.1102362204724407
      vertex -12.573352817181997 12.277845416775369 29.84251968503937
    endloop
  endfacet
  facet normal 0.9108638224702968 -0.41270703521359947 0
    outer loop
      vertex -12.562462771384734 12.306779574338846 3.1102362204724407
      vertex -12.549703657392442 12.334939538552536 3.1102362204724407
      vertex -12.562462771384734 12.306779574338846 29.84251968503937
    endloop
  endfacet
  facet normal 0.41270703521359947 -0.9108638224702968 -1.7251279953821448e-17
    outer loop
      vertex -12.334939538552536 12.549703657392442 3.1102362204724407
      vertex -12.306779574338846 12.562462771384734 3.1102362204724407
      vertex -12.314300425263173 12.559055118110235 29.84251968503937
    endloop
  endfacet
  facet normal 0.3522500484062582 -0.9359059265747753 0
    outer loop
      vertex -12.306779574338846 12.562462771384734 3.1102362204724407
      vertex -12.277845416775369 12.573352817181997 3.1102362204724407
      vertex -12.306779574338846 12.562462771384734 29.84251968503937
    endloop
  endfacet
  facet normal 0.2902846738205911 -0.9569403367738624 0
    outer loop
      vertex -12.277845416775369 12.573352817181997 3.1102362204724407
      vertex -12.248260966084136 12.582327162069598 3.1102362204724407
      vertex -12.277845416775369 12.573352817181997 29.84251968503937
    endloop
  endfacet
  facet normal 0.22707626272697828 -0.9738769793490082 0
    outer loop
      vertex -12.248260966084136 12.582327162069598 3.1102362204724407
      vertex -12.218152907948324 12.589347376598148 3.1102362204724407
      vertex -12.248260966084136 12.582327162069598 29.84251968503937
    endloop
  endfacet
  facet normal 0.8819212655020662 -0.4713967346675557 0
    outer loop
      vertex -12.549703657392442 12.334939538552536 3.1102362204724407
      vertex -12.535130112013949 12.362204724409448 3.1102362204724407
      vertex -12.549703657392442 12.334939538552536 30.62992125984252
    endloop
  endfacet
  facet normal 0.8492021808288817 -0.5280678517723564 0
    outer loop
      vertex -12.535130112013949 12.362204724409448 3.1102362204724407
      vertex -12.518804541195001 12.388458377791672 3.1102362204724407
      vertex -12.535130112013949 12.362204724409448 30.62992125984252
    endloop
  endfacet
  facet normal 0.8128466862222312 -0.5824776945922802 0
    outer loop
      vertex -12.518804541195001 12.388458377791672 3.1102362204724407
      vertex -12.500796853674679 12.413588076771244 3.1102362204724407
      vertex -12.518804541195001 12.388458377791672 30.62992125984252
    endloop
  endfacet
  facet normal 0.7730104499598481 -0.6343932883100777 0
    outer loop
      vertex -12.500796853674679 12.413588076771244 3.1102362204724407
      vertex -12.481184160908846 12.437486211791283 3.1102362204724407
      vertex -12.500796853674679 12.413588076771244 30.62992125984252
    endloop
  endfacet
  facet normal 0.7298640709013708 -0.6835923039409372 0
    outer loop
      vertex -12.481184160908846 12.437486211791283 3.1102362204724407
      vertex -12.460050447660638 12.460050447660638 3.1102362204724407
      vertex -12.481184160908846 12.437486211791283 30.62992125984252
    endloop
  endfacet
  facet normal 0.6835923039409372 -0.7298640709013708 0
    outer loop
      vertex -12.460050447660638 12.460050447660638 3.1102362204724407
      vertex -12.437486211791283 12.481184160908846 3.1102362204724407
      vertex -12.460050447660638 12.460050447660638 30.62992125984252
    endloop
  endfacet
  facet normal 0.6343932883100777 -0.7730104499598481 0
    outer loop
      vertex -12.437486211791283 12.481184160908846 3.1102362204724407
      vertex -12.413588076771244 12.500796853674679 3.1102362204724407
      vertex -12.437486211791283 12.481184160908846 30.62992125984252
    endloop
  endfacet
  facet normal 0.5824776945922802 -0.8128466862222312 0
    outer loop
      vertex -12.413588076771244 12.500796853674679 3.1102362204724407
      vertex -12.388458377791672 12.518804541195001 3.1102362204724407
      vertex -12.413588076771244 12.500796853674679 30.62992125984252
    endloop
  endfacet
  facet normal 0.5280678517723564 -0.8492021808288817 0
    outer loop
      vertex -12.388458377791672 12.518804541195001 3.1102362204724407
      vertex -12.362204724409448 12.535130112013949 3.1102362204724407
      vertex -12.388458377791672 12.518804541195001 30.62992125984252
    endloop
  endfacet
  facet normal 0.4713967346675557 -0.8819212655020662 0
    outer loop
      vertex -12.362204724409448 12.535130112013949 3.1102362204724407
      vertex -12.334939538552536 12.549703657392442 3.1102362204724407
      vertex -12.362204724409448 12.535130112013949 30.62992125984252
    endloop
  endfacet
  facet normal -0.09801713316420017 0.9951847273779233 0
    outer loop
      vertex -12.581350957080135 12.98808418654316 2.677165354330709
      vertex -12.550584155567519 12.991114451777278 29.84251968503937
      vertex -12.550584155567519 12.991114451777278 2.677165354330709
    endloop
  endfacet
  facet normal -0.03271908752727102 0.9994645873223238 0
    outer loop
      vertex -12.550584155567519 12.991114451777278 2.677165354330709
      vertex -12.519685039370078 12.992125984251969 29.84251968503937
      vertex -12.519685039370078 12.992125984251969 2.677165354330709
    endloop
  endfacet
  facet normal 0.16289547570604634 -0.9866433317032558 0
    outer loop
      vertex -12.218152907948324 12.589347376598148 3.1102362204724407
      vertex -12.18765016967856 12.594383399141586 3.1102362204724407
      vertex -12.218152907948324 12.589347376598148 29.84251968503937
    endloop
  endfacet
  facet normal 0.09801713316413767 -0.9951847273779294 0
    outer loop
      vertex -12.18765016967856 12.594383399141586 3.1102362204724407
      vertex -12.156883368165943 12.597413664375702 3.1102362204724407
      vertex -12.18765016967856 12.594383399141586 29.84251968503937
    endloop
  endfacet
  facet normal 0.0327190875272729 -0.9994645873223237 0
    outer loop
      vertex -12.156883368165943 12.597413664375702 3.1102362204724407
      vertex -12.125984251968504 12.598425196850393 3.1102362204724407
      vertex -12.156883368165943 12.597413664375702 29.84251968503937
    endloop
  endfacet
  facet normal 0 0 1
    outer loop
      vertex -10.826771653543307 -10.708661417322835 3.0708661417322833
      vertex 10.708661417322835 10.826771653543307 3.0708661417322833
      vertex -10.708661417322835 10.826771653543307 3.0708661417322833
    endloop
  endfacet
  facet normal 0 1 0
    outer loop
      vertex -10.708661417322835 10.826771653543307 3.0708661417322833
      vertex 10.54330708649684 10.826771653543307 2.677165354330709
      vertex -10.54330708649684 10.826771653543307 2.677165354330709
    endloop
  endfacet
  facet normal 0 0 -1
    outer loop
      vertex -12.976027949471174 12.64196175348571 2.677165354330709
      vertex -12.96705360458357 12.671546204176943 2.677165354330709
      vertex 12.943404444794016 12.72864032595411 2.677165354330709
    endloop
  endfacet
  facet normal 0 0 -1
    outer loop
      vertex -12.96705360458357 12.671546204176943 2.677165354330709
      vertex -12.95616355878631 12.70048036174042 2.677165354330709
      vertex 12.928830899415523 12.755905511811024 2.677165354330709
    endloop
  endfacet
  facet normal 0 0 -1
    outer loop
      vertex -12.95616355878631 12.70048036174042 2.677165354330709
      vertex -12.943404444794016 12.72864032595411 2.677165354330709
      vertex 12.912505328596577 12.782159165193246 2.677165354330709
    endloop
  endfacet
  facet normal 0 0 -1
    outer loop
      vertex -12.943404444794016 12.72864032595411 2.677165354330709
      vertex -12.928830899415523 12.755905511811024 2.677165354330709
      vertex 12.894497641076253 12.807288864172818 2.677165354330709
    endloop
  endfacet
  facet normal 0 0 -1
    outer loop
      vertex -12.928830899415523 12.755905511811024 2.677165354330709
      vertex -12.912505328596577 12.782159165193246 2.677165354330709
      vertex 12.87488494831042 12.831186999192857 2.677165354330709
    endloop
  endfacet
  facet normal 0 0 -1
    outer loop
      vertex -12.912505328596577 12.782159165193246 2.677165354330709
      vertex -12.894497641076253 12.807288864172818 2.677165354330709
      vertex 12.853751235062212 12.853751235062212 2.677165354330709
    endloop
  endfacet
  facet normal 0 0 -1
    outer loop
      vertex -12.894497641076253 12.807288864172818 2.677165354330709
      vertex -12.87488494831042 12.831186999192857 2.677165354330709
      vertex 12.831186999192857 12.87488494831042 2.677165354330709
    endloop
  endfacet
  facet normal 0 0 -1
    outer loop
      vertex -12.87488494831042 12.831186999192857 2.677165354330709
      vertex -12.853751235062212 12.853751235062212 2.677165354330709
      vertex 12.807288864172818 12.894497641076253 2.677165354330709
    endloop
  endfacet
  facet normal 0 0 -1
    outer loop
      vertex -12.853751235062212 12.853751235062212 2.677165354330709
      vertex -12.831186999192857 12.87488494831042 2.677165354330709
      vertex 12.782159165193246 12.912505328596577 2.677165354330709
    endloop
  endfacet
  facet normal 0 0 -1
    outer loop
      vertex -12.831186999192857 12.87488494831042 2.677165354330709
      vertex -12.807288864172818 12.894497641076253 2.677165354330709
      vertex 12.755905511811024 12.928830899415523 2.677165354330709
    endloop
  endfacet
  facet normal 0 0 -1
    outer loop
      vertex -12.807288864172818 12.894497641076253 2.677165354330709
      vertex -12.782159165193246 12.912505328596577 2.677165354330709
      vertex 12.72864032595411 12.943404444794016 2.677165354330709
    endloop
  endfacet
  facet normal 0 0 -1
    outer loop
      vertex -12.782159165193246 12.912505328596577 2.677165354330709
      vertex -12.755905511811024 12.928830899415523 2.677165354330709
      vertex 12.70048036174042 12.95616355878631 2.677165354330709
    endloop
  endfacet
  facet normal 0 0 -1
    outer loop
      vertex -12.755905511811024 12.928830899415523 2.677165354330709
      vertex -12.72864032595411 12.943404444794016 2.677165354330709
      vertex 12.671546204176943 12.96705360458357 2.677165354330709
    endloop
  endfacet
  facet normal 0 0 -1
    outer loop
      vertex -12.976027949471174 12.64196175348571 2.677165354330709
      vertex 12.95616355878631 12.70048036174042 2.677165354330709
      vertex -12.5 12.618110236220472 2.677165354330709
    endloop
  endfacet
  facet normal 0 0 -1
    outer loop
      vertex -12.72864032595411 12.943404444794016 2.677165354330709
      vertex -12.70048036174042 12.95616355878631 2.677165354330709
      vertex 12.64196175348571 12.976027949471174 2.677165354330709
    endloop
  endfacet
  facet normal 0 0 -1
    outer loop
      vertex -12.70048036174042 12.95616355878631 2.677165354330709
      vertex -12.671546204176943 12.96705360458357 2.677165354330709
      vertex 12.6118536953499 12.983048163999722 2.677165354330709
    endloop
  endfacet
  facet normal 0 0 -1
    outer loop
      vertex -12.671546204176943 12.96705360458357 2.677165354330709
      vertex -12.64196175348571 12.976027949471174 2.677165354330709
      vertex 12.581350957080135 12.98808418654316 2.677165354330709
    endloop
  endfacet
  facet normal 0 0 -1
    outer loop
      vertex -12.64196175348571 12.976027949471174 2.677165354330709
      vertex -12.6118536953499 12.983048163999722 2.677165354330709
      vertex 12.550584155567519 12.991114451777278 2.677165354330709
    endloop
  endfacet
  facet normal 0 0 -1
    outer loop
      vertex -12.6118536953499 12.983048163999722 2.677165354330709
      vertex -12.581350957080135 12.98808418654316 2.677165354330709
      vertex 12.519685039370078 12.992125984251969 2.677165354330709
    endloop
  endfacet
  facet normal 0 0 -1
    outer loop
      vertex -12.581350957080135 12.98808418654316 2.677165354330709
      vertex -12.519685039370078 12.992125984251969 2.677165354330709
      vertex 12.519685039370078 12.992125984251969 2.677165354330709
    endloop
  endfacet
  facet normal 0 -1 0
    outer loop
      vertex -12.5 12.618110236220472 2.677165354330709
      vertex 12.5 12.618110236220472 3.1102362204724407
      vertex -12.5 12.618110236220472 3.1102362204724407
    endloop
  endfacet
  facet normal 0 0 -1
    outer loop
      vertex -12.552238821572676 12.605929851355985 3.1102362204724407
      vertex 12.537965291128383 12.611842141376705 3.1102362204724407
      vertex -12.559055118110235 12.602286464938029 3.1102362204724407
    endloop
  endfacet
  facet normal 0 0 -1
    outer loop
      vertex -12.552238821572676 12.605929851355985 3.1102362204724407
      vertex -12.54519883073925 12.609119629707392 3.1102362204724407
      vertex 12.530569178675572 12.614085727378608 3.1102362204724407
    endloop
  endfacet
  facet normal 0 0 -1
    outer loop
      vertex -12.559055118110235 12.602286464938029 3.1102362204724407
      vertex 12.125984251968504 12.598425196850393 3.1102362204724407
      vertex -12.125984251968504 12.598425196850393 3.1102362204724407
    endloop
  endfacet
  facet normal 0 0 -1
    outer loop
      vertex -12.54519883073925 12.609119629707392 3.1102362204724407
      vertex -12.537965291128383 12.611842141376705 3.1102362204724407
      vertex 12.523042163921623 12.615840781157411 3.1102362204724407
    endloop
  endfacet
  facet normal 0 0 -1
    outer loop
      vertex -12.537965291128383 12.611842141376705 3.1102362204724407
      vertex -12.530569178675572 12.614085727378608 3.1102362204724407
      vertex 12.515416479427515 12.617099786719939 3.1102362204724407
    endloop
  endfacet
  facet normal 0 0 -1
    outer loop
      vertex -12.523042163921623 12.615840781157411 3.1102362204724407
      vertex 12.507724778976026 12.617857353248464 3.1102362204724407
      vertex -12.530569178675572 12.614085727378608 3.1102362204724407
    endloop
  endfacet
  facet normal 0 0 -1
    outer loop
      vertex -12.523042163921623 12.615840781157411 3.1102362204724407
      vertex -12.515416479427515 12.617099786719939 3.1102362204724407
      vertex 12.5 12.618110236220472 3.1102362204724407
    endloop
  endfacet
  facet normal 0 0 -1
    outer loop
      vertex -12.515416479427515 12.617099786719939 3.1102362204724407
      vertex -12.5 12.618110236220472 3.1102362204724407
      vertex 12.5 12.618110236220472 3.1102362204724407
    endloop
  endfacet
  facet normal 0 -1 0
    outer loop
      vertex -12.125984251968504 12.598425196850393 3.1102362204724407
      vertex 12.125984251968504 12.598425196850393 3.1102362204724407
      vertex -12.125984251968504 12.598425196850393 29.84251968503937
    endloop
  endfacet
  facet normal 1 0 0
    outer loop
      vertex -12.598425196850393 -12.125984251968504 29.84251968503937
      vertex -12.598425196850393 12.125984251968504 3.1102362204724407
      vertex -12.598425196850393 12.125984251968504 29.84251968503937
    endloop
  endfacet
  facet normal 0 0 -1
    outer loop
      vertex -12.992125984251969 -12.519685039370078 30.31496062992126
      vertex -12.992125984251969 12.519685039370078 30.31496062992126
      vertex -12.598425196850393 12.125984251968504 30.31496062992126
    endloop
  endfacet
  facet normal 1 0 0
    outer loop
      vertex -12.598425196850393 -12.125984251968504 30.62992125984252
      vertex -12.598425196850393 12.125984251968504 30.31496062992126
      vertex -12.598425196850393 12.125984251968504 30.62992125984252
    endloop
  endfacet
  facet normal 0 0 1
    outer loop
      vertex -12.598425196850393 -12.125984251968504 29.84251968503937
      vertex -12.598425196850393 12.125984251968504 29.84251968503937
      vertex -12.992125984251969 12.519685039370078 29.84251968503937
    endloop
  endfacet
  facet normal -1 0 0
    outer loop
      vertex -12.992125984251969 -12.519685039370078 30.31496062992126
      vertex -12.992125984251969 12.519685039370078 31.023622047244093
      vertex -12.992125984251969 12.519685039370078 30.31496062992126
    endloop
  endfacet
  facet normal 0.9994645873223237 -0.0327190875272729 0
    outer loop
      vertex -12.597413664375702 12.156883368165943 3.1102362204724407
      vertex -12.597413664375702 12.156883368165943 29.84251968503937
      vertex -12.598425196850393 12.125984251968504 29.84251968503937
    endloop
  endfacet
  facet normal 0.9951847273779294 -0.09801713316413767 0
    outer loop
      vertex -12.594383399141586 12.18765016967856 3.1102362204724407
      vertex -12.594383399141586 12.18765016967856 29.84251968503937
      vertex -12.597413664375702 12.156883368165943 29.84251968503937
    endloop
  endfacet
  facet normal -0.9994645873223238 0.03271908752727102 0
    outer loop
      vertex -12.992125984251969 12.519685039370078 2.677165354330709
      vertex -12.992125984251969 12.519685039370078 29.84251968503937
      vertex -12.991114451777278 12.550584155567519 29.84251968503937
    endloop
  endfacet
  facet normal -0.9951847273779233 0.09801713316420017 0
    outer loop
      vertex -12.991114451777278 12.550584155567519 2.677165354330709
      vertex -12.991114451777278 12.550584155567519 29.84251968503937
      vertex -12.98808418654316 12.581350957080135 29.84251968503937
    endloop
  endfacet
  facet normal 0.9866433317032558 -0.16289547570604634 0
    outer loop
      vertex -12.589347376598148 12.218152907948324 3.1102362204724407
      vertex -12.589347376598148 12.218152907948324 29.84251968503937
      vertex -12.594383399141586 12.18765016967856 29.84251968503937
    endloop
  endfacet
  facet normal -0.9866433317032574 0.1628954757060371 0
    outer loop
      vertex -12.98808418654316 12.581350957080135 2.677165354330709
      vertex -12.98808418654316 12.581350957080135 29.84251968503937
      vertex -12.983048163999722 12.6118536953499 29.84251968503937
    endloop
  endfacet
  facet normal -0.9738769793490178 0.22707626272693648 0
    outer loop
      vertex -12.983048163999722 12.6118536953499 2.677165354330709
      vertex -12.983048163999722 12.6118536953499 29.84251968503937
      vertex -12.976027949471174 12.64196175348571 29.84251968503937
    endloop
  endfacet
  facet normal -0.9569403367738464 0.2902846738206437 0
    outer loop
      vertex -12.976027949471174 12.64196175348571 2.677165354330709
      vertex -12.976027949471174 12.64196175348571 29.84251968503937
      vertex -12.96705360458357 12.671546204176943 29.84251968503937
    endloop
  endfacet
  facet normal -0.9359059265747943 0.3522500484062078 0
    outer loop
      vertex -12.96705360458357 12.671546204176943 2.677165354330709
      vertex -12.96705360458357 12.671546204176943 29.84251968503937
      vertex -12.95616355878631 12.70048036174042 29.84251968503937
    endloop
  endfacet
  facet normal -0.9108638224702754 0.41270703521364716 0
    outer loop
      vertex -12.95616355878631 12.70048036174042 2.677165354330709
      vertex -12.95616355878631 12.70048036174042 29.84251968503937
      vertex -12.943404444794016 12.72864032595411 29.84251968503937
    endloop
  endfacet
  facet normal -0.881921265502079 0.4713967346675319 0
    outer loop
      vertex -12.943404444794016 12.72864032595411 2.677165354330709
      vertex -12.943404444794016 12.72864032595411 29.84251968503937
      vertex -12.928830899415523 12.755905511811024 29.84251968503937
    endloop
  endfacet
  facet normal -0.8492021808288914 0.5280678517723407 0
    outer loop
      vertex -12.928830899415523 12.755905511811024 2.677165354330709
      vertex -12.928830899415523 12.755905511811024 29.84251968503937
      vertex -12.912505328596577 12.782159165193246 29.84251968503937
    endloop
  endfacet
  facet normal -0.812846686222204 0.5824776945923182 0
    outer loop
      vertex -12.912505328596577 12.782159165193246 2.677165354330709
      vertex -12.912505328596577 12.782159165193246 29.84251968503937
      vertex -12.894497641076253 12.807288864172818 29.84251968503937
    endloop
  endfacet
  facet normal -0.7298640709013708 0.6835923039409372 0
    outer loop
      vertex -12.87488494831042 12.831186999192857 2.677165354330709
      vertex -12.87488494831042 12.831186999192857 29.84251968503937
      vertex -12.853751235062212 12.853751235062212 29.84251968503937
    endloop
  endfacet
  facet normal -0.7730104499598481 0.6343932883100777 0
    outer loop
      vertex -12.894497641076253 12.807288864172818 2.677165354330709
      vertex -12.894497641076253 12.807288864172818 29.84251968503937
      vertex -12.87488494831042 12.831186999192857 29.84251968503937
    endloop
  endfacet
  facet normal -0.6835923039409372 0.7298640709013708 0
    outer loop
      vertex -12.853751235062212 12.853751235062212 2.677165354330709
      vertex -12.853751235062212 12.853751235062212 29.84251968503937
      vertex -12.831186999192857 12.87488494831042 29.84251968503937
    endloop
  endfacet
  facet normal -0.6343932883100777 0.7730104499598481 0
    outer loop
      vertex -12.831186999192857 12.87488494831042 2.677165354330709
      vertex -12.831186999192857 12.87488494831042 29.84251968503937
      vertex -12.807288864172818 12.894497641076253 29.84251968503937
    endloop
  endfacet
  facet normal -0.5824776945923182 0.812846686222204 0
    outer loop
      vertex -12.807288864172818 12.894497641076253 2.677165354330709
      vertex -12.807288864172818 12.894497641076253 29.84251968503937
      vertex -12.782159165193246 12.912505328596577 29.84251968503937
    endloop
  endfacet
  facet normal -0.5280678517723407 0.8492021808288914 0
    outer loop
      vertex -12.782159165193246 12.912505328596577 2.677165354330709
      vertex -12.782159165193246 12.912505328596577 29.84251968503937
      vertex -12.755905511811024 12.928830899415523 29.84251968503937
    endloop
  endfacet
  facet normal -0.4713967346675319 0.881921265502079 0
    outer loop
      vertex -12.755905511811024 12.928830899415523 2.677165354330709
      vertex -12.755905511811024 12.928830899415523 29.84251968503937
      vertex -12.72864032595411 12.943404444794016 29.84251968503937
    endloop
  endfacet
  facet normal -0.41270703521364716 0.9108638224702754 0
    outer loop
      vertex -12.72864032595411 12.943404444794016 2.677165354330709
      vertex -12.72864032595411 12.943404444794016 29.84251968503937
      vertex -12.70048036174042 12.95616355878631 29.84251968503937
    endloop
  endfacet
  facet normal -0.3522500484062078 0.9359059265747943 0
    outer loop
      vertex -12.70048036174042 12.95616355878631 2.677165354330709
      vertex -12.70048036174042 12.95616355878631 29.84251968503937
      vertex -12.671546204176943 12.96705360458357 29.84251968503937
    endloop
  endfacet
  facet normal -0.2902846738206437 0.9569403367738464 0
    outer loop
      vertex -12.671546204176943 12.96705360458357 2.677165354330709
      vertex -12.671546204176943 12.96705360458357 29.84251968503937
      vertex -12.64196175348571 12.976027949471174 29.84251968503937
    endloop
  endfacet
  facet normal -0.22707626272693648 0.9738769793490178 0
    outer loop
      vertex -12.64196175348571 12.976027949471174 2.677165354330709
      vertex -12.64196175348571 12.976027949471174 29.84251968503937
      vertex -12.6118536953499 12.983048163999722 29.84251968503937
    endloop
  endfacet
  facet normal -0.1628954757060371 0.9866433317032574 0
    outer loop
      vertex -12.6118536953499 12.983048163999722 2.677165354330709
      vertex -12.6118536953499 12.983048163999722 29.84251968503937
      vertex -12.581350957080135 12.98808418654316 29.84251968503937
    endloop
  endfacet
  facet normal 0.9738769793490082 -0.22707626272697828 0
    outer loop
      vertex -12.582327162069598 12.248260966084136 3.1102362204724407
      vertex -12.582327162069598 12.248260966084136 29.84251968503937
      vertex -12.589347376598148 12.218152907948324 29.84251968503937
    endloop
  endfacet
  facet normal 0.9569403367738624 -0.2902846738205911 0
    outer loop
      vertex -12.573352817181997 12.277845416775369 3.1102362204724407
      vertex -12.573352817181997 12.277845416775369 29.84251968503937
      vertex -12.582327162069598 12.248260966084136 29.84251968503937
    endloop
  endfacet
  facet normal 0.9359059265747753 -0.3522500484062582 0
    outer loop
      vertex -12.562462771384734 12.306779574338846 3.1102362204724407
      vertex -12.562462771384734 12.306779574338846 29.84251968503937
      vertex -12.573352817181997 12.277845416775369 29.84251968503937
    endloop
  endfacet
  facet normal 0.910863822470274 -0.4127070352136502 -6.459314657714419e-17
    outer loop
      vertex -12.549703657392442 12.334939538552536 3.1102362204724407
      vertex -12.559055118110235 12.314300425263173 29.84251968503937
      vertex -12.562462771384734 12.306779574338846 29.84251968503937
    endloop
  endfacet
  facet normal 0.9108638224703054 -0.4127070352135811 0
    outer loop
      vertex -12.549703657392442 12.334939538552536 3.1102362204724407
      vertex -12.549703657392442 12.334939538552536 30.62992125984252
      vertex -12.559055118110235 12.314300425263173 29.84251968503937
    endloop
  endfacet
  facet normal 0.4127070352136502 -0.910863822470274 0
    outer loop
      vertex -12.306779574338846 12.562462771384734 3.1102362204724407
      vertex -12.306779574338846 12.562462771384734 29.84251968503937
      vertex -12.314300425263173 12.559055118110235 29.84251968503937
    endloop
  endfacet
  facet normal 0.3522500484062582 -0.9359059265747753 0
    outer loop
      vertex -12.277845416775369 12.573352817181997 3.1102362204724407
      vertex -12.277845416775369 12.573352817181997 29.84251968503937
      vertex -12.306779574338846 12.562462771384734 29.84251968503937
    endloop
  endfacet
  facet normal 0.2902846738205911 -0.9569403367738624 0
    outer loop
      vertex -12.248260966084136 12.582327162069598 3.1102362204724407
      vertex -12.248260966084136 12.582327162069598 29.84251968503937
      vertex -12.277845416775369 12.573352817181997 29.84251968503937
    endloop
  endfacet
  facet normal 0.41270703521358265 -0.9108638224703046 0
    outer loop
      vertex -12.334939538552536 12.549703657392442 3.1102362204724407
      vertex -12.314300425263173 12.559055118110235 29.84251968503937
      vertex -12.314300425263173 12.559055118110235 30.31496062992126
    endloop
  endfacet
  facet normal -0.09801713316420017 0.9951847273779233 0
    outer loop
      vertex -12.581350957080135 12.98808418654316 2.677165354330709
      vertex -12.581350957080135 12.98808418654316 29.84251968503937
      vertex -12.550584155567519 12.991114451777278 29.84251968503937
    endloop
  endfacet
  facet normal -0.03271908752727102 0.9994645873223238 0
    outer loop
      vertex -12.550584155567519 12.991114451777278 2.677165354330709
      vertex -12.550584155567519 12.991114451777278 29.84251968503937
      vertex -12.519685039370078 12.992125984251969 29.84251968503937
    endloop
  endfacet
  facet normal 0.22707626272697828 -0.9738769793490082 0
    outer loop
      vertex -12.218152907948324 12.589347376598148 3.1102362204724407
      vertex -12.218152907948324 12.589347376598148 29.84251968503937
      vertex -12.248260966084136 12.582327162069598 29.84251968503937
    endloop
  endfacet
  facet normal 0.16289547570604634 -0.9866433317032558 0
    outer loop
      vertex -12.18765016967856 12.594383399141586 3.1102362204724407
      vertex -12.18765016967856 12.594383399141586 29.84251968503937
      vertex -12.218152907948324 12.589347376598148 29.84251968503937
    endloop
  endfacet
  facet normal 0.09801713316413767 -0.9951847273779294 0
    outer loop
      vertex -12.156883368165943 12.597413664375702 3.1102362204724407
      vertex -12.156883368165943 12.597413664375702 29.84251968503937
      vertex -12.18765016967856 12.594383399141586 29.84251968503937
    endloop
  endfacet
  facet normal 0.0327190875272729 -0.9994645873223237 0
    outer loop
      vertex -12.125984251968504 12.598425196850393 3.1102362204724407
      vertex -12.125984251968504 12.598425196850393 29.84251968503937
      vertex -12.156883368165943 12.597413664375702 29.84251968503937
    endloop
  endfacet
  facet normal 0.8819212655020662 -0.4713967346675557 0
    outer loop
      vertex -12.535130112013949 12.362204724409448 3.1102362204724407
      vertex -12.535130112013949 12.362204724409448 30.62992125984252
      vertex -12.549703657392442 12.334939538552536 30.62992125984252
    endloop
  endfacet
  facet normal 0.8492021808288817 -0.5280678517723564 0
    outer loop
      vertex -12.518804541195001 12.388458377791672 3.1102362204724407
      vertex -12.518804541195001 12.388458377791672 30.62992125984252
      vertex -12.535130112013949 12.362204724409448 30.62992125984252
    endloop
  endfacet
  facet normal 0.8128466862222312 -0.5824776945922802 0
    outer loop
      vertex -12.500796853674679 12.413588076771244 3.1102362204724407
      vertex -12.500796853674679 12.413588076771244 30.62992125984252
      vertex -12.518804541195001 12.388458377791672 30.62992125984252
    endloop
  endfacet
  facet normal 0.7730104499598481 -0.6343932883100777 0
    outer loop
      vertex -12.481184160908846 12.437486211791283 3.1102362204724407
      vertex -12.481184160908846 12.437486211791283 30.62992125984252
      vertex -12.500796853674679 12.413588076771244 30.62992125984252
    endloop
  endfacet
  facet normal 0.7298640709013708 -0.6835923039409372 0
    outer loop
      vertex -12.460050447660638 12.460050447660638 3.1102362204724407
      vertex -12.460050447660638 12.460050447660638 30.62992125984252
      vertex -12.481184160908846 12.437486211791283 30.62992125984252
    endloop
  endfacet
  facet normal 0.6835923039409372 -0.7298640709013708 0
    outer loop
      vertex -12.437486211791283 12.481184160908846 3.1102362204724407
      vertex -12.437486211791283 12.481184160908846 30.62992125984252
      vertex -12.460050447660638 12.460050447660638 30.62992125984252
    endloop
  endfacet
  facet normal 0.6343932883100777 -0.7730104499598481 0
    outer loop
      vertex -12.413588076771244 12.500796853674679 3.1102362204724407
      vertex -12.413588076771244 12.500796853674679 30.62992125984252
      vertex -12.437486211791283 12.481184160908846 30.62992125984252
    endloop
  endfacet
  facet normal 0.5824776945922802 -0.8128466862222312 0
    outer loop
      vertex -12.388458377791672 12.518804541195001 3.1102362204724407
      vertex -12.388458377791672 12.518804541195001 30.62992125984252
      vertex -12.413588076771244 12.500796853674679 30.62992125984252
    endloop
  endfacet
  facet normal 0.4127070352135811 -0.9108638224703054 0
    outer loop
      vertex -12.334939538552536 12.549703657392442 3.1102362204724407
      vertex -12.314300425263173 12.559055118110235 30.31496062992126
      vertex -12.334939538552536 12.549703657392442 30.62992125984252
    endloop
  endfacet
  facet normal 0.5280678517723564 -0.8492021808288817 0
    outer loop
      vertex -12.362204724409448 12.535130112013949 3.1102362204724407
      vertex -12.362204724409448 12.535130112013949 30.62992125984252
      vertex -12.388458377791672 12.518804541195001 30.62992125984252
    endloop
  endfacet
  facet normal 0.4713967346675557 -0.8819212655020662 0
    outer loop
      vertex -12.334939538552536 12.549703657392442 3.1102362204724407
      vertex -12.334939538552536 12.549703657392442 30.62992125984252
      vertex -12.362204724409448 12.535130112013949 30.62992125984252
    endloop
  endfacet
  facet normal 0.9994645873223237 -0.03271908752727289 0
    outer loop
      vertex -12.598425196850393 12.125984251968504 30.31496062992126
      vertex -12.597413664375702 12.156883368165943 30.31496062992126
      vertex -12.598425196850393 12.125984251968504 30.62992125984252
    endloop
  endfacet
  facet normal 0.9951847273779295 -0.09801713316413768 0
    outer loop
      vertex -12.597413664375702 12.156883368165943 30.31496062992126
      vertex -12.594383399141586 12.18765016967856 30.31496062992126
      vertex -12.597413664375702 12.156883368165943 30.62992125984252
    endloop
  endfacet
  facet normal 0.9994645873223237 -0.03271908752727289 0
    outer loop
      vertex -12.597413664375702 12.156883368165943 30.31496062992126
      vertex -12.597413664375702 12.156883368165943 30.62992125984252
      vertex -12.598425196850393 12.125984251968504 30.62992125984252
    endloop
  endfacet
  facet normal 0.9951847273779295 -0.09801713316413768 0
    outer loop
      vertex -12.597413664375702 12.156883368165943 30.62992125984252
      vertex -12.594383399141586 12.18765016967856 30.31496062992126
      vertex -12.594383399141586 12.18765016967856 30.62992125984252
    endloop
  endfacet
  facet normal 0 0 1
    outer loop
      vertex -12.598425196850393 12.125984251968504 29.84251968503937
      vertex -12.991114451777278 12.550584155567519 29.84251968503937
      vertex -12.992125984251969 12.519685039370078 29.84251968503937
    endloop
  endfacet
  facet normal 0 0 1
    outer loop
      vertex -12.598425196850393 12.125984251968504 29.84251968503937
      vertex -12.98808418654316 12.581350957080135 29.84251968503937
      vertex -12.991114451777278 12.550584155567519 29.84251968503937
    endloop
  endfacet
  facet normal 0 0 1
    outer loop
      vertex -12.598425196850393 12.125984251968504 29.84251968503937
      vertex -12.983048163999722 12.6118536953499 29.84251968503937
      vertex -12.98808418654316 12.581350957080135 29.84251968503937
    endloop
  endfacet
  facet normal 0 0 1
    outer loop
      vertex -12.598425196850393 12.125984251968504 29.84251968503937
      vertex -12.96705360458357 12.671546204176943 29.84251968503937
      vertex -12.976027949471174 12.64196175348571 29.84251968503937
    endloop
  endfacet
  facet normal 0 0 1
    outer loop
      vertex -12.598425196850393 12.125984251968504 29.84251968503937
      vertex -12.976027949471174 12.64196175348571 29.84251968503937
      vertex -12.983048163999722 12.6118536953499 29.84251968503937
    endloop
  endfacet
  facet normal 0 0 1
    outer loop
      vertex -12.598425196850393 12.125984251968504 29.84251968503937
      vertex -12.95616355878631 12.70048036174042 29.84251968503937
      vertex -12.96705360458357 12.671546204176943 29.84251968503937
    endloop
  endfacet
  facet normal 0 0 1
    outer loop
      vertex -12.598425196850393 12.125984251968504 29.84251968503937
      vertex -12.943404444794016 12.72864032595411 29.84251968503937
      vertex -12.95616355878631 12.70048036174042 29.84251968503937
    endloop
  endfacet
  facet normal 0 0 1
    outer loop
      vertex -12.598425196850393 12.125984251968504 29.84251968503937
      vertex -12.928830899415523 12.755905511811024 29.84251968503937
      vertex -12.943404444794016 12.72864032595411 29.84251968503937
    endloop
  endfacet
  facet normal 0 0 1
    outer loop
      vertex -12.598425196850393 12.125984251968504 29.84251968503937
      vertex -12.912505328596577 12.782159165193246 29.84251968503937
      vertex -12.928830899415523 12.755905511811024 29.84251968503937
    endloop
  endfacet
  facet normal 0 0 1
    outer loop
      vertex -12.598425196850393 12.125984251968504 29.84251968503937
      vertex -12.597413664375702 12.156883368165943 29.84251968503937
      vertex -12.912505328596577 12.782159165193246 29.84251968503937
    endloop
  endfacet
  facet normal 0 0 1
    outer loop
      vertex -12.597413664375702 12.156883368165943 29.84251968503937
      vertex -12.594383399141586 12.18765016967856 29.84251968503937
      vertex -12.912505328596577 12.782159165193246 29.84251968503937
    endloop
  endfacet
  facet normal 0 0 1
    outer loop
      vertex -12.594383399141586 12.18765016967856 29.84251968503937
      vertex -12.589347376598148 12.218152907948324 29.84251968503937
      vertex -12.912505328596577 12.782159165193246 29.84251968503937
    endloop
  endfacet
  facet normal 0 0 1
    outer loop
      vertex -12.589347376598148 12.218152907948324 29.84251968503937
      vertex -12.582327162069598 12.248260966084136 29.84251968503937
      vertex -12.912505328596577 12.782159165193246 29.84251968503937
    endloop
  endfacet
  facet normal 0 0 1
    outer loop
      vertex -12.912505328596577 12.782159165193246 29.84251968503937
      vertex -12.582327162069598 12.248260966084136 29.84251968503937
      vertex -12.573352817181997 12.277845416775369 29.84251968503937
    endloop
  endfacet
  facet normal 0 0 1
    outer loop
      vertex -12.912505328596577 12.782159165193246 29.84251968503937
      vertex -12.573352817181997 12.277845416775369 29.84251968503937
      vertex -12.562462771384734 12.306779574338846 29.84251968503937
    endloop
  endfacet
  facet normal 0 0 1
    outer loop
      vertex -12.894497641076253 12.807288864172818 29.84251968503937
      vertex -12.562462771384734 12.306779574338846 29.84251968503937
      vertex -12.559055118110235 12.314300425263173 29.84251968503937
    endloop
  endfacet
  facet normal 0 0 1
    outer loop
      vertex -12.894497641076253 12.807288864172818 29.84251968503937
      vertex -12.559055118110235 12.314300425263173 29.84251968503937
      vertex -12.559055118110235 12.48031496062992 29.84251968503937
    endloop
  endfacet
  facet normal 0 0 1
    outer loop
      vertex -12.912505328596577 12.782159165193246 29.84251968503937
      vertex -12.562462771384734 12.306779574338846 29.84251968503937
      vertex -12.894497641076253 12.807288864172818 29.84251968503937
    endloop
  endfacet
  facet normal 0 0 1
    outer loop
      vertex -12.894497641076253 12.807288864172818 29.84251968503937
      vertex -12.559055118110235 12.48031496062992 29.84251968503937
      vertex -12.87488494831042 12.831186999192857 29.84251968503937
    endloop
  endfacet
  facet normal 0 0 1
    outer loop
      vertex -12.87488494831042 12.831186999192857 29.84251968503937
      vertex -12.515140841678372 12.550934861436135 29.84251968503937
      vertex -12.853751235062212 12.853751235062212 29.84251968503937
    endloop
  endfacet
  facet normal 0 0 1
    outer loop
      vertex -12.853751235062212 12.853751235062212 29.84251968503937
      vertex -12.48031496062992 12.559055118110235 29.84251968503937
      vertex -12.831186999192857 12.87488494831042 29.84251968503937
    endloop
  endfacet
  facet normal 0 0 1
    outer loop
      vertex -12.87488494831042 12.831186999192857 29.84251968503937
      vertex -12.559055118110235 12.48031496062992 29.84251968503937
      vertex -12.558886529364454 12.485464813378382 29.84251968503937
    endloop
  endfacet
  facet normal 0 0 1
    outer loop
      vertex -12.87488494831042 12.831186999192857 29.84251968503937
      vertex -12.558886529364454 12.485464813378382 29.84251968503937
      vertex -12.558381485012102 12.490592613581597 29.84251968503937
    endloop
  endfacet
  facet normal 0 0 1
    outer loop
      vertex -12.87488494831042 12.831186999192857 29.84251968503937
      vertex -12.558381485012102 12.490592613581597 29.84251968503937
      vertex -12.557542148068196 12.495676403439889 29.84251968503937
    endloop
  endfacet
  facet normal 0 0 1
    outer loop
      vertex -12.87488494831042 12.831186999192857 29.84251968503937
      vertex -12.557542148068196 12.495676403439889 29.84251968503937
      vertex -12.556372112411214 12.50069441288475 29.84251968503937
    endloop
  endfacet
  facet normal 0 0 1
    outer loop
      vertex -12.87488494831042 12.831186999192857 29.84251968503937
      vertex -12.556372112411214 12.50069441288475 29.84251968503937
      vertex -12.554876388116615 12.505625154617734 29.84251968503937
    endloop
  endfacet
  facet normal 0 0 1
    outer loop
      vertex -12.87488494831042 12.831186999192857 29.84251968503937
      vertex -12.554876388116615 12.505625154617734 29.84251968503937
      vertex -12.553061380630403 12.510447514456088 29.84251968503937
    endloop
  endfacet
  facet normal 0 0 1
    outer loop
      vertex -12.87488494831042 12.831186999192857 29.84251968503937
      vertex -12.553061380630403 12.510447514456088 29.84251968503937
      vertex -12.550934861436135 12.515140841678372 29.84251968503937
    endloop
  endfacet
  facet normal 0 0 1
    outer loop
      vertex -12.87488494831042 12.831186999192857 29.84251968503937
      vertex -12.550934861436135 12.515140841678372 29.84251968503937
      vertex -12.548505937255273 12.519685039370078 29.84251968503937
    endloop
  endfacet
  facet normal 0 0 1
    outer loop
      vertex -12.87488494831042 12.831186999192857 29.84251968503937
      vertex -12.548505937255273 12.519685039370078 29.84251968503937
      vertex -12.545785008981003 12.524060648316004 29.84251968503937
    endloop
  endfacet
  facet normal 0 0 1
    outer loop
      vertex -12.87488494831042 12.831186999192857 29.84251968503937
      vertex -12.545785008981003 12.524060648316004 29.84251968503937
      vertex -12.542783727678726 12.528248931479267 29.84251968503937
    endloop
  endfacet
  facet normal 0 0 1
    outer loop
      vertex -12.87488494831042 12.831186999192857 29.84251968503937
      vertex -12.542783727678726 12.528248931479267 29.84251968503937
      vertex -12.539514945599976 12.532231954080382 29.84251968503937
    endloop
  endfacet
  facet normal 0 0 1
    outer loop
      vertex -12.87488494831042 12.831186999192857 29.84251968503937
      vertex -12.539514945599976 12.532231954080382 29.84251968503937
      vertex -12.535992659863055 12.535992659863055 29.84251968503937
    endloop
  endfacet
  facet normal 0 0 1
    outer loop
      vertex -12.87488494831042 12.831186999192857 29.84251968503937
      vertex -12.535992659863055 12.535992659863055 29.84251968503937
      vertex -12.532231954080382 12.539514945599976 29.84251968503937
    endloop
  endfacet
  facet normal 0 0 1
    outer loop
      vertex -12.87488494831042 12.831186999192857 29.84251968503937
      vertex -12.532231954080382 12.539514945599976 29.84251968503937
      vertex -12.528248931479267 12.542783727678726 29.84251968503937
    endloop
  endfacet
  facet normal 0 0 1
    outer loop
      vertex -12.87488494831042 12.831186999192857 29.84251968503937
      vertex -12.528248931479267 12.542783727678726 29.84251968503937
      vertex -12.524060648316004 12.545785008981003 29.84251968503937
    endloop
  endfacet
  facet normal 0 0 1
    outer loop
      vertex -12.87488494831042 12.831186999192857 29.84251968503937
      vertex -12.524060648316004 12.545785008981003 29.84251968503937
      vertex -12.519685039370078 12.548505937255273 29.84251968503937
    endloop
  endfacet
  facet normal 0 0 1
    outer loop
      vertex -12.87488494831042 12.831186999192857 29.84251968503937
      vertex -12.519685039370078 12.548505937255273 29.84251968503937
      vertex -12.515140841678372 12.550934861436135 29.84251968503937
    endloop
  endfacet
  facet normal 0 0 1
    outer loop
      vertex -12.853751235062212 12.853751235062212 29.84251968503937
      vertex -12.515140841678372 12.550934861436135 29.84251968503937
      vertex -12.510447514456088 12.553061380630403 29.84251968503937
    endloop
  endfacet
  facet normal 0 0 1
    outer loop
      vertex -12.853751235062212 12.853751235062212 29.84251968503937
      vertex -12.510447514456088 12.553061380630403 29.84251968503937
      vertex -12.505625154617734 12.554876388116615 29.84251968503937
    endloop
  endfacet
  facet normal 0 0 1
    outer loop
      vertex -12.853751235062212 12.853751235062212 29.84251968503937
      vertex -12.505625154617734 12.554876388116615 29.84251968503937
      vertex -12.50069441288475 12.556372112411214 29.84251968503937
    endloop
  endfacet
  facet normal 0 0 1
    outer loop
      vertex -12.853751235062212 12.853751235062212 29.84251968503937
      vertex -12.50069441288475 12.556372112411214 29.84251968503937
      vertex -12.495676403439889 12.557542148068196 29.84251968503937
    endloop
  endfacet
  facet normal 0 0 1
    outer loop
      vertex -12.853751235062212 12.853751235062212 29.84251968503937
      vertex -12.495676403439889 12.557542148068196 29.84251968503937
      vertex -12.490592613581597 12.558381485012102 29.84251968503937
    endloop
  endfacet
  facet normal 0 0 1
    outer loop
      vertex -12.853751235062212 12.853751235062212 29.84251968503937
      vertex -12.490592613581597 12.558381485012102 29.84251968503937
      vertex -12.485464813378382 12.558886529364454 29.84251968503937
    endloop
  endfacet
  facet normal 0 0 1
    outer loop
      vertex -12.853751235062212 12.853751235062212 29.84251968503937
      vertex -12.485464813378382 12.558886529364454 29.84251968503937
      vertex -12.48031496062992 12.559055118110235 29.84251968503937
    endloop
  endfacet
  facet normal 0 0 1
    outer loop
      vertex -12.831186999192857 12.87488494831042 29.84251968503937
      vertex -12.125984251968504 12.598425196850393 29.84251968503937
      vertex -12.807288864172818 12.894497641076253 29.84251968503937
    endloop
  endfacet
  facet normal -1 0 0
    outer loop
      vertex -12.559055118110235 12.314300425263173 29.84251968503937
      vertex -12.559055118110235 12.48031496062992 30.31496062992126
      vertex -12.559055118110235 12.48031496062992 29.84251968503937
    endloop
  endfacet
  facet normal -0.9994645873324828 0.032719087216940966 0
    outer loop
      vertex -12.559055118110235 12.48031496062992 29.84251968503937
      vertex -12.558886529364454 12.485464813378382 30.31496062992126
      vertex -12.558886529364454 12.485464813378382 29.84251968503937
    endloop
  endfacet
  facet normal -0.9866433370333504 0.16289544342213602 0
    outer loop
      vertex -12.557542148068196 12.495676403439889 29.84251968503937
      vertex -12.558381485012102 12.490592613581597 29.84251968503937
      vertex -12.557542148068196 12.495676403439889 30.31496062992126
    endloop
  endfacet
  facet normal -0.9951847245102207 0.09801716228047182 0
    outer loop
      vertex -12.558381485012102 12.490592613581597 29.84251968503937
      vertex -12.558886529364454 12.485464813378382 29.84251968503937
      vertex -12.558381485012102 12.490592613581597 30.31496062992126
    endloop
  endfacet
  facet normal -0.935905941845087 0.3522500078340109 0
    outer loop
      vertex -12.554876388116615 12.505625154617734 29.84251968503937
      vertex -12.553061380630403 12.510447514456088 30.31496062992126
      vertex -12.553061380630403 12.510447514456088 29.84251968503937
    endloop
  endfacet
  facet normal -0.9569403280673617 0.29028470252207583 0
    outer loop
      vertex -12.554876388116615 12.505625154617734 29.84251968503937
      vertex -12.556372112411214 12.50069441288475 29.84251968503937
      vertex -12.554876388116615 12.505625154617734 30.31496062992126
    endloop
  endfacet
  facet normal -0.9738769810992919 0.22707625522042016 0
    outer loop
      vertex -12.557542148068196 12.495676403439889 29.84251968503937
      vertex -12.556372112411214 12.50069441288475 30.31496062992126
      vertex -12.556372112411214 12.50069441288475 29.84251968503937
    endloop
  endfacet
  facet normal -0.8819212715548262 0.4713967233436382 0
    outer loop
      vertex -12.548505937255273 12.519685039370078 29.84251968503937
      vertex -12.550934861436135 12.515140841678372 29.84251968503937
      vertex -12.548505937255273 12.519685039370078 30.31496062992126
    endloop
  endfacet
  facet normal -0.910863803355096 0.41270707740174406 0
    outer loop
      vertex -12.550934861436135 12.515140841678372 29.84251968503937
      vertex -12.553061380630403 12.510447514456088 29.84251968503937
      vertex -12.550934861436135 12.515140841678372 30.31496062992126
    endloop
  endfacet
  facet normal -0.7730104622496882 0.634393273334864 0
    outer loop
      vertex -12.539514945599976 12.532231954080382 29.84251968503937
      vertex -12.542783727678726 12.528248931479267 29.84251968503937
      vertex -12.539514945599976 12.532231954080382 30.31496062992126
    endloop
  endfacet
  facet normal -0.8128466817298681 0.5824777008613659 0
    outer loop
      vertex -12.542783727678726 12.528248931479267 29.84251968503937
      vertex -12.545785008981003 12.524060648316004 29.84251968503937
      vertex -12.542783727678726 12.528248931479267 30.31496062992126
    endloop
  endfacet
  facet normal -0.8492022004940118 0.5280678201482535 0
    outer loop
      vertex -12.548505937255273 12.519685039370078 29.84251968503937
      vertex -12.545785008981003 12.524060648316004 30.31496062992126
      vertex -12.545785008981003 12.524060648316004 29.84251968503937
    endloop
  endfacet
  facet normal -0.7298640342309303 0.683592343093566 0
    outer loop
      vertex -12.539514945599976 12.532231954080382 29.84251968503937
      vertex -12.535992659863055 12.535992659863055 30.31496062992126
      vertex -12.535992659863055 12.535992659863055 29.84251968503937
    endloop
  endfacet
  facet normal -0.5824777008613659 0.8128466817298681 0
    outer loop
      vertex -12.524060648316004 12.545785008981003 29.84251968503937
      vertex -12.528248931479267 12.542783727678726 29.84251968503937
      vertex -12.524060648316004 12.545785008981003 30.31496062992126
    endloop
  endfacet
  facet normal -0.634393273334864 0.7730104622496882 0
    outer loop
      vertex -12.528248931479267 12.542783727678726 29.84251968503937
      vertex -12.532231954080382 12.539514945599976 29.84251968503937
      vertex -12.528248931479267 12.542783727678726 30.31496062992126
    endloop
  endfacet
  facet normal -0.683592343093566 0.7298640342309303 0
    outer loop
      vertex -12.535992659863055 12.535992659863055 29.84251968503937
      vertex -12.532231954080382 12.539514945599976 30.31496062992126
      vertex -12.532231954080382 12.539514945599976 29.84251968503937
    endloop
  endfacet
  facet normal -0.5280678201482535 0.8492022004940118 0
    outer loop
      vertex -12.524060648316004 12.545785008981003 29.84251968503937
      vertex -12.519685039370078 12.548505937255273 30.31496062992126
      vertex -12.519685039370078 12.548505937255273 29.84251968503937
    endloop
  endfacet
  facet normal -0.41270707740174406 0.910863803355096 0
    outer loop
      vertex -12.515140841678372 12.550934861436135 29.84251968503937
      vertex -12.510447514456088 12.553061380630403 30.31496062992126
      vertex -12.510447514456088 12.553061380630403 29.84251968503937
    endloop
  endfacet
  facet normal -0.4713967233436382 0.8819212715548262 0
    outer loop
      vertex -12.515140841678372 12.550934861436135 29.84251968503937
      vertex -12.519685039370078 12.548505937255273 29.84251968503937
      vertex -12.515140841678372 12.550934861436135 30.31496062992126
    endloop
  endfacet
  facet normal -0.22707625522042016 0.9738769810992919 0
    outer loop
      vertex -12.50069441288475 12.556372112411214 29.84251968503937
      vertex -12.495676403439889 12.557542148068196 30.31496062992126
      vertex -12.495676403439889 12.557542148068196 29.84251968503937
    endloop
  endfacet
  facet normal -0.29028470252207583 0.9569403280673617 0
    outer loop
      vertex -12.50069441288475 12.556372112411214 29.84251968503937
      vertex -12.505625154617734 12.554876388116615 29.84251968503937
      vertex -12.50069441288475 12.556372112411214 30.31496062992126
    endloop
  endfacet
  facet normal -0.3522500078340109 0.935905941845087 0
    outer loop
      vertex -12.510447514456088 12.553061380630403 29.84251968503937
      vertex -12.505625154617734 12.554876388116615 30.31496062992126
      vertex -12.505625154617734 12.554876388116615 29.84251968503937
    endloop
  endfacet
  facet normal -0.09801716228047182 0.9951847245102207 0
    outer loop
      vertex -12.490592613581597 12.558381485012102 29.84251968503937
      vertex -12.485464813378382 12.558886529364454 30.31496062992126
      vertex -12.485464813378382 12.558886529364454 29.84251968503937
    endloop
  endfacet
  facet normal -0.16289544342213602 0.9866433370333504 0
    outer loop
      vertex -12.490592613581597 12.558381485012102 29.84251968503937
      vertex -12.495676403439889 12.557542148068196 29.84251968503937
      vertex -12.490592613581597 12.558381485012102 30.31496062992126
    endloop
  endfacet
  facet normal -0.032719087216940966 0.9994645873324828 0
    outer loop
      vertex -12.485464813378382 12.558886529364454 29.84251968503937
      vertex -12.48031496062992 12.559055118110235 30.31496062992126
      vertex -12.48031496062992 12.559055118110235 29.84251968503937
    endloop
  endfacet
  facet normal 0 0 1
    outer loop
      vertex -12.48031496062992 12.559055118110235 29.84251968503937
      vertex -12.314300425263173 12.559055118110235 29.84251968503937
      vertex -12.306779574338846 12.562462771384734 29.84251968503937
    endloop
  endfacet
  facet normal 0 0 1
    outer loop
      vertex -12.48031496062992 12.559055118110235 29.84251968503937
      vertex -12.306779574338846 12.562462771384734 29.84251968503937
      vertex -12.277845416775369 12.573352817181997 29.84251968503937
    endloop
  endfacet
  facet normal 0 1 0
    outer loop
      vertex -12.48031496062992 12.559055118110235 29.84251968503937
      vertex -12.314300425263173 12.559055118110235 30.31496062992126
      vertex -12.314300425263173 12.559055118110235 29.84251968503937
    endloop
  endfacet
  facet normal 0 0 1
    outer loop
      vertex -12.831186999192857 12.87488494831042 29.84251968503937
      vertex -12.48031496062992 12.559055118110235 29.84251968503937
      vertex -12.277845416775369 12.573352817181997 29.84251968503937
    endloop
  endfacet
  facet normal 0 0 1
    outer loop
      vertex -12.831186999192857 12.87488494831042 29.84251968503937
      vertex -12.277845416775369 12.573352817181997 29.84251968503937
      vertex -12.248260966084136 12.582327162069598 29.84251968503937
    endloop
  endfacet
  facet normal 0 0 1
    outer loop
      vertex -12.831186999192857 12.87488494831042 29.84251968503937
      vertex -12.248260966084136 12.582327162069598 29.84251968503937
      vertex -12.218152907948324 12.589347376598148 29.84251968503937
    endloop
  endfacet
  facet normal 0 0 1
    outer loop
      vertex -12.831186999192857 12.87488494831042 29.84251968503937
      vertex -12.218152907948324 12.589347376598148 29.84251968503937
      vertex -12.18765016967856 12.594383399141586 29.84251968503937
    endloop
  endfacet
  facet normal 0 0 1
    outer loop
      vertex -12.831186999192857 12.87488494831042 29.84251968503937
      vertex -12.18765016967856 12.594383399141586 29.84251968503937
      vertex -12.156883368165943 12.597413664375702 29.84251968503937
    endloop
  endfacet
  facet normal 0 0 1
    outer loop
      vertex -12.807288864172818 12.894497641076253 29.84251968503937
      vertex -12.125984251968504 12.598425196850393 29.84251968503937
      vertex -12.782159165193246 12.912505328596577 29.84251968503937
    endloop
  endfacet
  facet normal 0 0 1
    outer loop
      vertex -12.782159165193246 12.912505328596577 29.84251968503937
      vertex -12.125984251968504 12.598425196850393 29.84251968503937
      vertex -12.755905511811024 12.928830899415523 29.84251968503937
    endloop
  endfacet
  facet normal 0 0 1
    outer loop
      vertex -12.755905511811024 12.928830899415523 29.84251968503937
      vertex -12.125984251968504 12.598425196850393 29.84251968503937
      vertex -12.72864032595411 12.943404444794016 29.84251968503937
    endloop
  endfacet
  facet normal 0 0 1
    outer loop
      vertex -12.72864032595411 12.943404444794016 29.84251968503937
      vertex -12.125984251968504 12.598425196850393 29.84251968503937
      vertex -12.70048036174042 12.95616355878631 29.84251968503937
    endloop
  endfacet
  facet normal 0 0 1
    outer loop
      vertex -12.831186999192857 12.87488494831042 29.84251968503937
      vertex -12.156883368165943 12.597413664375702 29.84251968503937
      vertex -12.125984251968504 12.598425196850393 29.84251968503937
    endloop
  endfacet
  facet normal 0 0 -1
    outer loop
      vertex -12.598425196850393 12.125984251968504 30.31496062992126
      vertex -12.992125984251969 12.519685039370078 30.31496062992126
      vertex -12.991114451777278 12.550584155567519 30.31496062992126
    endloop
  endfacet
  facet normal 0 0 -1
    outer loop
      vertex -12.598425196850393 12.125984251968504 30.31496062992126
      vertex -12.991114451777278 12.550584155567519 30.31496062992126
      vertex -12.98808418654316 12.581350957080135 30.31496062992126
    endloop
  endfacet
  facet normal 0 0 -1
    outer loop
      vertex -12.598425196850393 12.125984251968504 30.31496062992126
      vertex -12.98808418654316 12.581350957080135 30.31496062992126
      vertex -12.983048163999722 12.6118536953499 30.31496062992126
    endloop
  endfacet
  facet normal 0 0 -1
    outer loop
      vertex -12.598425196850393 12.125984251968504 30.31496062992126
      vertex -12.976027949471174 12.64196175348571 30.31496062992126
      vertex -12.96705360458357 12.671546204176943 30.31496062992126
    endloop
  endfacet
  facet normal 0 0 -1
    outer loop
      vertex -12.598425196850393 12.125984251968504 30.31496062992126
      vertex -12.983048163999722 12.6118536953499 30.31496062992126
      vertex -12.976027949471174 12.64196175348571 30.31496062992126
    endloop
  endfacet
  facet normal 0 0 -1
    outer loop
      vertex -12.598425196850393 12.125984251968504 30.31496062992126
      vertex -12.96705360458357 12.671546204176943 30.31496062992126
      vertex -12.95616355878631 12.70048036174042 30.31496062992126
    endloop
  endfacet
  facet normal 0 0 -1
    outer loop
      vertex -12.598425196850393 12.125984251968504 30.31496062992126
      vertex -12.95616355878631 12.70048036174042 30.31496062992126
      vertex -12.943404444794016 12.72864032595411 30.31496062992126
    endloop
  endfacet
  facet normal 0 0 -1
    outer loop
      vertex -12.598425196850393 12.125984251968504 30.31496062992126
      vertex -12.943404444794016 12.72864032595411 30.31496062992126
      vertex -12.928830899415523 12.755905511811024 30.31496062992126
    endloop
  endfacet
  facet normal 0 0 -1
    outer loop
      vertex -12.598425196850393 12.125984251968504 30.31496062992126
      vertex -12.928830899415523 12.755905511811024 30.31496062992126
      vertex -12.597413664375702 12.156883368165943 30.31496062992126
    endloop
  endfacet
  facet normal 0 0 -1
    outer loop
      vertex -12.597413664375702 12.156883368165943 30.31496062992126
      vertex -12.928830899415523 12.755905511811024 30.31496062992126
      vertex -12.594383399141586 12.18765016967856 30.31496062992126
    endloop
  endfacet
  facet normal 0.9866433317032558 -0.16289547570604634 0
    outer loop
      vertex -12.594383399141586 12.18765016967856 30.31496062992126
      vertex -12.589347376598148 12.218152907948324 30.31496062992126
      vertex -12.594383399141586 12.18765016967856 30.62992125984252
    endloop
  endfacet
  facet normal 0.9738769793490082 -0.22707626272697826 0
    outer loop
      vertex -12.589347376598148 12.218152907948324 30.31496062992126
      vertex -12.582327162069598 12.248260966084136 30.31496062992126
      vertex -12.589347376598148 12.218152907948324 30.62992125984252
    endloop
  endfacet
  facet normal 0.9866433317032558 -0.16289547570604634 0
    outer loop
      vertex -12.589347376598148 12.218152907948324 30.31496062992126
      vertex -12.589347376598148 12.218152907948324 30.62992125984252
      vertex -12.594383399141586 12.18765016967856 30.62992125984252
    endloop
  endfacet
  facet normal 0 0 -1
    outer loop
      vertex -12.594383399141586 12.18765016967856 30.31496062992126
      vertex -12.928830899415523 12.755905511811024 30.31496062992126
      vertex -12.589347376598148 12.218152907948324 30.31496062992126
    endloop
  endfacet
  facet normal 0 0 -1
    outer loop
      vertex -12.589347376598148 12.218152907948324 30.31496062992126
      vertex -12.928830899415523 12.755905511811024 30.31496062992126
      vertex -12.582327162069598 12.248260966084136 30.31496062992126
    endloop
  endfacet
  facet normal 0 0 -1
    outer loop
      vertex -12.928830899415523 12.755905511811024 30.31496062992126
      vertex -12.573352817181997 12.277845416775369 30.31496062992126
      vertex -12.582327162069598 12.248260966084136 30.31496062992126
    endloop
  endfacet
  facet normal 0 0 -1
    outer loop
      vertex -12.928830899415523 12.755905511811024 30.31496062992126
      vertex -12.562462771384734 12.306779574338846 30.31496062992126
      vertex -12.573352817181997 12.277845416775369 30.31496062992126
    endloop
  endfacet
  facet normal 0 0 -1
    outer loop
      vertex -12.912505328596577 12.782159165193246 30.31496062992126
      vertex -12.559055118110235 12.314300425263173 30.31496062992126
      vertex -12.562462771384734 12.306779574338846 30.31496062992126
    endloop
  endfacet
  facet normal 0 0 -1
    outer loop
      vertex -12.912505328596577 12.782159165193246 30.31496062992126
      vertex -12.559055118110235 12.48031496062992 30.31496062992126
      vertex -12.559055118110235 12.314300425263173 30.31496062992126
    endloop
  endfacet
  facet normal -0.9994645873223237 0.03271908752727102 0
    outer loop
      vertex -12.992125984251969 12.519685039370078 30.31496062992126
      vertex -12.991114451777278 12.550584155567519 31.023622047244093
      vertex -12.991114451777278 12.550584155567519 30.31496062992126
    endloop
  endfacet
  facet normal -0.9951847273779233 0.09801713316420019 0
    outer loop
      vertex -12.991114451777278 12.550584155567519 30.31496062992126
      vertex -12.98808418654316 12.581350957080135 31.023622047244093
      vertex -12.98808418654316 12.581350957080135 30.31496062992126
    endloop
  endfacet
  facet normal -0.9994645873223237 0.03271908752727102 0
    outer loop
      vertex -12.992125984251969 12.519685039370078 30.31496062992126
      vertex -12.992125984251969 12.519685039370078 31.023622047244093
      vertex -12.991114451777278 12.550584155567519 31.023622047244093
    endloop
  endfacet
  facet normal -0.9951847273779233 0.09801713316420019 0
    outer loop
      vertex -12.991114451777278 12.550584155567519 30.31496062992126
      vertex -12.991114451777278 12.550584155567519 31.023622047244093
      vertex -12.98808418654316 12.581350957080135 31.023622047244093
    endloop
  endfacet
  facet normal 0 0 -1
    outer loop
      vertex -12.928830899415523 12.755905511811024 30.31496062992126
      vertex -12.912505328596577 12.782159165193246 30.31496062992126
      vertex -12.562462771384734 12.306779574338846 30.31496062992126
    endloop
  endfacet
  facet normal 0 0 -1
    outer loop
      vertex -12.912505328596577 12.782159165193246 30.31496062992126
      vertex -12.894497641076253 12.807288864172818 30.31496062992126
      vertex -12.559055118110235 12.48031496062992 30.31496062992126
    endloop
  endfacet
  facet normal 0 0 -1
    outer loop
      vertex -12.894497641076253 12.807288864172818 30.31496062992126
      vertex -12.87488494831042 12.831186999192857 30.31496062992126
      vertex -12.515140841678372 12.550934861436135 30.31496062992126
    endloop
  endfacet
  facet normal 0 0 -1
    outer loop
      vertex -12.87488494831042 12.831186999192857 30.31496062992126
      vertex -12.853751235062212 12.853751235062212 30.31496062992126
      vertex -12.48031496062992 12.559055118110235 30.31496062992126
    endloop
  endfacet
  facet normal 0 0 -1
    outer loop
      vertex -12.894497641076253 12.807288864172818 30.31496062992126
      vertex -12.558886529364454 12.485464813378382 30.31496062992126
      vertex -12.559055118110235 12.48031496062992 30.31496062992126
    endloop
  endfacet
  facet normal 0 0 -1
    outer loop
      vertex -12.894497641076253 12.807288864172818 30.31496062992126
      vertex -12.558381485012102 12.490592613581597 30.31496062992126
      vertex -12.558886529364454 12.485464813378382 30.31496062992126
    endloop
  endfacet
  facet normal 0 0 -1
    outer loop
      vertex -12.894497641076253 12.807288864172818 30.31496062992126
      vertex -12.557542148068196 12.495676403439889 30.31496062992126
      vertex -12.558381485012102 12.490592613581597 30.31496062992126
    endloop
  endfacet
  facet normal 0 0 -1
    outer loop
      vertex -12.894497641076253 12.807288864172818 30.31496062992126
      vertex -12.556372112411214 12.50069441288475 30.31496062992126
      vertex -12.557542148068196 12.495676403439889 30.31496062992126
    endloop
  endfacet
  facet normal 0 0 -1
    outer loop
      vertex -12.894497641076253 12.807288864172818 30.31496062992126
      vertex -12.554876388116615 12.505625154617734 30.31496062992126
      vertex -12.556372112411214 12.50069441288475 30.31496062992126
    endloop
  endfacet
  facet normal 0 0 -1
    outer loop
      vertex -12.894497641076253 12.807288864172818 30.31496062992126
      vertex -12.553061380630403 12.510447514456088 30.31496062992126
      vertex -12.554876388116615 12.505625154617734 30.31496062992126
    endloop
  endfacet
  facet normal 0 0 -1
    outer loop
      vertex -12.894497641076253 12.807288864172818 30.31496062992126
      vertex -12.550934861436135 12.515140841678372 30.31496062992126
      vertex -12.553061380630403 12.510447514456088 30.31496062992126
    endloop
  endfacet
  facet normal 0 0 -1
    outer loop
      vertex -12.894497641076253 12.807288864172818 30.31496062992126
      vertex -12.548505937255273 12.519685039370078 30.31496062992126
      vertex -12.550934861436135 12.515140841678372 30.31496062992126
    endloop
  endfacet
  facet normal 0 0 -1
    outer loop
      vertex -12.894497641076253 12.807288864172818 30.31496062992126
      vertex -12.545785008981003 12.524060648316004 30.31496062992126
      vertex -12.548505937255273 12.519685039370078 30.31496062992126
    endloop
  endfacet
  facet normal 0 0 -1
    outer loop
      vertex -12.894497641076253 12.807288864172818 30.31496062992126
      vertex -12.542783727678726 12.528248931479267 30.31496062992126
      vertex -12.545785008981003 12.524060648316004 30.31496062992126
    endloop
  endfacet
  facet normal 0 0 -1
    outer loop
      vertex -12.894497641076253 12.807288864172818 30.31496062992126
      vertex -12.539514945599976 12.532231954080382 30.31496062992126
      vertex -12.542783727678726 12.528248931479267 30.31496062992126
    endloop
  endfacet
  facet normal 0 0 -1
    outer loop
      vertex -12.894497641076253 12.807288864172818 30.31496062992126
      vertex -12.535992659863055 12.535992659863055 30.31496062992126
      vertex -12.539514945599976 12.532231954080382 30.31496062992126
    endloop
  endfacet
  facet normal 0 0 -1
    outer loop
      vertex -12.894497641076253 12.807288864172818 30.31496062992126
      vertex -12.532231954080382 12.539514945599976 30.31496062992126
      vertex -12.535992659863055 12.535992659863055 30.31496062992126
    endloop
  endfacet
  facet normal 0 0 -1
    outer loop
      vertex -12.894497641076253 12.807288864172818 30.31496062992126
      vertex -12.528248931479267 12.542783727678726 30.31496062992126
      vertex -12.532231954080382 12.539514945599976 30.31496062992126
    endloop
  endfacet
  facet normal 0 0 -1
    outer loop
      vertex -12.894497641076253 12.807288864172818 30.31496062992126
      vertex -12.524060648316004 12.545785008981003 30.31496062992126
      vertex -12.528248931479267 12.542783727678726 30.31496062992126
    endloop
  endfacet
  facet normal 0 0 -1
    outer loop
      vertex -12.894497641076253 12.807288864172818 30.31496062992126
      vertex -12.519685039370078 12.548505937255273 30.31496062992126
      vertex -12.524060648316004 12.545785008981003 30.31496062992126
    endloop
  endfacet
  facet normal 0 0 -1
    outer loop
      vertex -12.894497641076253 12.807288864172818 30.31496062992126
      vertex -12.515140841678372 12.550934861436135 30.31496062992126
      vertex -12.519685039370078 12.548505937255273 30.31496062992126
    endloop
  endfacet
  facet normal 0 0 -1
    outer loop
      vertex -12.87488494831042 12.831186999192857 30.31496062992126
      vertex -12.510447514456088 12.553061380630403 30.31496062992126
      vertex -12.515140841678372 12.550934861436135 30.31496062992126
    endloop
  endfacet
  facet normal 0 0 -1
    outer loop
      vertex -12.87488494831042 12.831186999192857 30.31496062992126
      vertex -12.505625154617734 12.554876388116615 30.31496062992126
      vertex -12.510447514456088 12.553061380630403 30.31496062992126
    endloop
  endfacet
  facet normal 0 0 -1
    outer loop
      vertex -12.87488494831042 12.831186999192857 30.31496062992126
      vertex -12.50069441288475 12.556372112411214 30.31496062992126
      vertex -12.505625154617734 12.554876388116615 30.31496062992126
    endloop
  endfacet
  facet normal 0 0 -1
    outer loop
      vertex -12.87488494831042 12.831186999192857 30.31496062992126
      vertex -12.495676403439889 12.557542148068196 30.31496062992126
      vertex -12.50069441288475 12.556372112411214 30.31496062992126
    endloop
  endfacet
  facet normal 0 0 -1
    outer loop
      vertex -12.87488494831042 12.831186999192857 30.31496062992126
      vertex -12.490592613581597 12.558381485012102 30.31496062992126
      vertex -12.495676403439889 12.557542148068196 30.31496062992126
    endloop
  endfacet
  facet normal 0 0 -1
    outer loop
      vertex -12.87488494831042 12.831186999192857 30.31496062992126
      vertex -12.485464813378382 12.558886529364454 30.31496062992126
      vertex -12.490592613581597 12.558381485012102 30.31496062992126
    endloop
  endfacet
  facet normal 0 0 -1
    outer loop
      vertex -12.87488494831042 12.831186999192857 30.31496062992126
      vertex -12.48031496062992 12.559055118110235 30.31496062992126
      vertex -12.485464813378382 12.558886529364454 30.31496062992126
    endloop
  endfacet
  facet normal 0 0 -1
    outer loop
      vertex -12.853751235062212 12.853751235062212 30.31496062992126
      vertex -12.831186999192857 12.87488494831042 30.31496062992126
      vertex -12.125984251968504 12.598425196850393 30.31496062992126
    endloop
  endfacet
  facet normal 0 0 -1
    outer loop
      vertex -12.831186999192857 12.87488494831042 30.31496062992126
      vertex -12.807288864172818 12.894497641076253 30.31496062992126
      vertex -12.125984251968504 12.598425196850393 30.31496062992126
    endloop
  endfacet
  facet normal 0 0 -1
    outer loop
      vertex -12.64196175348571 12.976027949471174 30.31496062992126
      vertex -12.6118536953499 12.983048163999722 30.31496062992126
      vertex -12.519685039370078 12.992125984251969 30.31496062992126
    endloop
  endfacet
  facet normal -0.9866433317032574 0.1628954757060371 0
    outer loop
      vertex -12.98808418654316 12.581350957080135 30.31496062992126
      vertex -12.983048163999722 12.6118536953499 31.023622047244093
      vertex -12.983048163999722 12.6118536953499 30.31496062992126
    endloop
  endfacet
  facet normal -0.9738769793490178 0.22707626272693646 0
    outer loop
      vertex -12.983048163999722 12.6118536953499 30.31496062992126
      vertex -12.976027949471174 12.64196175348571 31.023622047244093
      vertex -12.976027949471174 12.64196175348571 30.31496062992126
    endloop
  endfacet
  facet normal -0.9569403367738464 0.29028467382064377 0
    outer loop
      vertex -12.976027949471174 12.64196175348571 30.31496062992126
      vertex -12.96705360458357 12.671546204176943 31.023622047244093
      vertex -12.96705360458357 12.671546204176943 30.31496062992126
    endloop
  endfacet
  facet normal -0.9359059265747943 0.3522500484062079 0
    outer loop
      vertex -12.96705360458357 12.671546204176943 30.31496062992126
      vertex -12.95616355878631 12.70048036174042 31.023622047244093
      vertex -12.95616355878631 12.70048036174042 30.31496062992126
    endloop
  endfacet
  facet normal -0.9108638224702754 0.41270703521364716 0
    outer loop
      vertex -12.95616355878631 12.70048036174042 30.31496062992126
      vertex -12.943404444794016 12.72864032595411 31.023622047244093
      vertex -12.943404444794016 12.72864032595411 30.31496062992126
    endloop
  endfacet
  facet normal -0.881921265502079 0.4713967346675319 0
    outer loop
      vertex -12.943404444794016 12.72864032595411 30.31496062992126
      vertex -12.928830899415523 12.755905511811024 31.023622047244093
      vertex -12.928830899415523 12.755905511811024 30.31496062992126
    endloop
  endfacet
  facet normal -0.8492021808288914 0.5280678517723407 0
    outer loop
      vertex -12.928830899415523 12.755905511811024 30.31496062992126
      vertex -12.912505328596577 12.782159165193246 31.023622047244093
      vertex -12.912505328596577 12.782159165193246 30.31496062992126
    endloop
  endfacet
  facet normal -0.9866433317032574 0.1628954757060371 0
    outer loop
      vertex -12.98808418654316 12.581350957080135 30.31496062992126
      vertex -12.98808418654316 12.581350957080135 31.023622047244093
      vertex -12.983048163999722 12.6118536953499 31.023622047244093
    endloop
  endfacet
  facet normal -0.9738769793490178 0.22707626272693646 0
    outer loop
      vertex -12.983048163999722 12.6118536953499 30.31496062992126
      vertex -12.983048163999722 12.6118536953499 31.023622047244093
      vertex -12.976027949471174 12.64196175348571 31.023622047244093
    endloop
  endfacet
  facet normal -0.9569403367738464 0.29028467382064377 0
    outer loop
      vertex -12.976027949471174 12.64196175348571 30.31496062992126
      vertex -12.976027949471174 12.64196175348571 31.023622047244093
      vertex -12.96705360458357 12.671546204176943 31.023622047244093
    endloop
  endfacet
  facet normal -0.9359059265747943 0.3522500484062079 0
    outer loop
      vertex -12.96705360458357 12.671546204176943 30.31496062992126
      vertex -12.96705360458357 12.671546204176943 31.023622047244093
      vertex -12.95616355878631 12.70048036174042 31.023622047244093
    endloop
  endfacet
  facet normal -0.9108638224702754 0.41270703521364716 0
    outer loop
      vertex -12.95616355878631 12.70048036174042 30.31496062992126
      vertex -12.95616355878631 12.70048036174042 31.023622047244093
      vertex -12.943404444794016 12.72864032595411 31.023622047244093
    endloop
  endfacet
  facet normal -0.881921265502079 0.4713967346675319 0
    outer loop
      vertex -12.943404444794016 12.72864032595411 30.31496062992126
      vertex -12.943404444794016 12.72864032595411 31.023622047244093
      vertex -12.928830899415523 12.755905511811024 31.023622047244093
    endloop
  endfacet
  facet normal -0.8492021808288914 0.5280678517723407 0
    outer loop
      vertex -12.928830899415523 12.755905511811024 30.31496062992126
      vertex -12.928830899415523 12.755905511811024 31.023622047244093
      vertex -12.912505328596577 12.782159165193246 31.023622047244093
    endloop
  endfacet
  facet normal -0.812846686222204 0.5824776945923181 0
    outer loop
      vertex -12.912505328596577 12.782159165193246 30.31496062992126
      vertex -12.894497641076253 12.807288864172818 31.023622047244093
      vertex -12.894497641076253 12.807288864172818 30.31496062992126
    endloop
  endfacet
  facet normal -0.7730104499598479 0.6343932883100776 0
    outer loop
      vertex -12.894497641076253 12.807288864172818 30.31496062992126
      vertex -12.87488494831042 12.831186999192857 31.023622047244093
      vertex -12.87488494831042 12.831186999192857 30.31496062992126
    endloop
  endfacet
  facet normal -0.7298640709013708 0.6835923039409373 0
    outer loop
      vertex -12.87488494831042 12.831186999192857 30.31496062992126
      vertex -12.853751235062212 12.853751235062212 31.023622047244093
      vertex -12.853751235062212 12.853751235062212 30.31496062992126
    endloop
  endfacet
  facet normal -0.6343932883100776 0.7730104499598479 0
    outer loop
      vertex -12.831186999192857 12.87488494831042 30.31496062992126
      vertex -12.807288864172818 12.894497641076253 31.023622047244093
      vertex -12.807288864172818 12.894497641076253 30.31496062992126
    endloop
  endfacet
  facet normal -0.6835923039409373 0.7298640709013708 0
    outer loop
      vertex -12.853751235062212 12.853751235062212 30.31496062992126
      vertex -12.831186999192857 12.87488494831042 31.023622047244093
      vertex -12.831186999192857 12.87488494831042 30.31496062992126
    endloop
  endfacet
  facet normal -0.5824776945923181 0.812846686222204 0
    outer loop
      vertex -12.807288864172818 12.894497641076253 30.31496062992126
      vertex -12.782159165193246 12.912505328596577 31.023622047244093
      vertex -12.782159165193246 12.912505328596577 30.31496062992126
    endloop
  endfacet
  facet normal -0.812846686222204 0.5824776945923181 0
    outer loop
      vertex -12.912505328596577 12.782159165193246 30.31496062992126
      vertex -12.912505328596577 12.782159165193246 31.023622047244093
      vertex -12.894497641076253 12.807288864172818 31.023622047244093
    endloop
  endfacet
  facet normal -0.7298640709013708 0.6835923039409373 0
    outer loop
      vertex -12.87488494831042 12.831186999192857 30.31496062992126
      vertex -12.87488494831042 12.831186999192857 31.023622047244093
      vertex -12.853751235062212 12.853751235062212 31.023622047244093
    endloop
  endfacet
  facet normal -0.7730104499598479 0.6343932883100776 0
    outer loop
      vertex -12.894497641076253 12.807288864172818 30.31496062992126
      vertex -12.894497641076253 12.807288864172818 31.023622047244093
      vertex -12.87488494831042 12.831186999192857 31.023622047244093
    endloop
  endfacet
  facet normal -0.6835923039409373 0.7298640709013708 0
    outer loop
      vertex -12.853751235062212 12.853751235062212 30.31496062992126
      vertex -12.853751235062212 12.853751235062212 31.023622047244093
      vertex -12.831186999192857 12.87488494831042 31.023622047244093
    endloop
  endfacet
  facet normal -0.6343932883100776 0.7730104499598479 0
    outer loop
      vertex -12.831186999192857 12.87488494831042 30.31496062992126
      vertex -12.831186999192857 12.87488494831042 31.023622047244093
      vertex -12.807288864172818 12.894497641076253 31.023622047244093
    endloop
  endfacet
  facet normal -0.5824776945923181 0.812846686222204 0
    outer loop
      vertex -12.807288864172818 12.894497641076253 30.31496062992126
      vertex -12.807288864172818 12.894497641076253 31.023622047244093
      vertex -12.782159165193246 12.912505328596577 31.023622047244093
    endloop
  endfacet
  facet normal -0.5280678517723407 0.8492021808288914 0
    outer loop
      vertex -12.782159165193246 12.912505328596577 30.31496062992126
      vertex -12.755905511811024 12.928830899415523 31.023622047244093
      vertex -12.755905511811024 12.928830899415523 30.31496062992126
    endloop
  endfacet
  facet normal -0.4713967346675319 0.881921265502079 0
    outer loop
      vertex -12.755905511811024 12.928830899415523 30.31496062992126
      vertex -12.72864032595411 12.943404444794016 31.023622047244093
      vertex -12.72864032595411 12.943404444794016 30.31496062992126
    endloop
  endfacet
  facet normal -0.41270703521364716 0.9108638224702754 0
    outer loop
      vertex -12.72864032595411 12.943404444794016 30.31496062992126
      vertex -12.70048036174042 12.95616355878631 31.023622047244093
      vertex -12.70048036174042 12.95616355878631 30.31496062992126
    endloop
  endfacet
  facet normal -0.3522500484062079 0.9359059265747943 0
    outer loop
      vertex -12.70048036174042 12.95616355878631 30.31496062992126
      vertex -12.671546204176943 12.96705360458357 31.023622047244093
      vertex -12.671546204176943 12.96705360458357 30.31496062992126
    endloop
  endfacet
  facet normal -0.29028467382064377 0.9569403367738464 0
    outer loop
      vertex -12.671546204176943 12.96705360458357 30.31496062992126
      vertex -12.64196175348571 12.976027949471174 31.023622047244093
      vertex -12.64196175348571 12.976027949471174 30.31496062992126
    endloop
  endfacet
  facet normal -0.22707626272693646 0.9738769793490178 0
    outer loop
      vertex -12.64196175348571 12.976027949471174 30.31496062992126
      vertex -12.6118536953499 12.983048163999722 31.023622047244093
      vertex -12.6118536953499 12.983048163999722 30.31496062992126
    endloop
  endfacet
  facet normal -0.1628954757060371 0.9866433317032574 0
    outer loop
      vertex -12.6118536953499 12.983048163999722 30.31496062992126
      vertex -12.581350957080135 12.98808418654316 31.023622047244093
      vertex -12.581350957080135 12.98808418654316 30.31496062992126
    endloop
  endfacet
  facet normal -0.5280678517723407 0.8492021808288914 0
    outer loop
      vertex -12.782159165193246 12.912505328596577 30.31496062992126
      vertex -12.782159165193246 12.912505328596577 31.023622047244093
      vertex -12.755905511811024 12.928830899415523 31.023622047244093
    endloop
  endfacet
  facet normal -0.4713967346675319 0.881921265502079 0
    outer loop
      vertex -12.755905511811024 12.928830899415523 30.31496062992126
      vertex -12.755905511811024 12.928830899415523 31.023622047244093
      vertex -12.72864032595411 12.943404444794016 31.023622047244093
    endloop
  endfacet
  facet normal -0.41270703521364716 0.9108638224702754 0
    outer loop
      vertex -12.72864032595411 12.943404444794016 30.31496062992126
      vertex -12.72864032595411 12.943404444794016 31.023622047244093
      vertex -12.70048036174042 12.95616355878631 31.023622047244093
    endloop
  endfacet
  facet normal -0.3522500484062079 0.9359059265747943 0
    outer loop
      vertex -12.70048036174042 12.95616355878631 30.31496062992126
      vertex -12.70048036174042 12.95616355878631 31.023622047244093
      vertex -12.671546204176943 12.96705360458357 31.023622047244093
    endloop
  endfacet
  facet normal -0.29028467382064377 0.9569403367738464 0
    outer loop
      vertex -12.671546204176943 12.96705360458357 30.31496062992126
      vertex -12.671546204176943 12.96705360458357 31.023622047244093
      vertex -12.64196175348571 12.976027949471174 31.023622047244093
    endloop
  endfacet
  facet normal -0.22707626272693646 0.9738769793490178 0
    outer loop
      vertex -12.64196175348571 12.976027949471174 30.31496062992126
      vertex -12.64196175348571 12.976027949471174 31.023622047244093
      vertex -12.6118536953499 12.983048163999722 31.023622047244093
    endloop
  endfacet
  facet normal -0.1628954757060371 0.9866433317032574 0
    outer loop
      vertex -12.6118536953499 12.983048163999722 30.31496062992126
      vertex -12.6118536953499 12.983048163999722 31.023622047244093
      vertex -12.581350957080135 12.98808418654316 31.023622047244093
    endloop
  endfacet
  facet normal -1 0 0
    outer loop
      vertex -12.559055118110235 12.314300425263173 29.84251968503937
      vertex -12.559055118110235 12.314300425263173 30.31496062992126
      vertex -12.559055118110235 12.48031496062992 30.31496062992126
    endloop
  endfacet
  facet normal 0.9108638224703053 -0.41270703521358104 0
    outer loop
      vertex -12.559055118110235 12.314300425263173 29.84251968503937
      vertex -12.549703657392442 12.334939538552536 30.62992125984252
      vertex -12.559055118110235 12.314300425263173 30.31496062992126
    endloop
  endfacet
  facet normal 0.9569403367738624 -0.29028467382059114 0
    outer loop
      vertex -12.582327162069598 12.248260966084136 30.31496062992126
      vertex -12.573352817181997 12.277845416775369 30.31496062992126
      vertex -12.582327162069598 12.248260966084136 30.62992125984252
    endloop
  endfacet
  facet normal 0.9738769793490082 -0.22707626272697826 0
    outer loop
      vertex -12.589347376598148 12.218152907948324 30.62992125984252
      vertex -12.582327162069598 12.248260966084136 30.31496062992126
      vertex -12.582327162069598 12.248260966084136 30.62992125984252
    endloop
  endfacet
  facet normal 0.9569403367738624 -0.29028467382059114 0
    outer loop
      vertex -12.573352817181997 12.277845416775369 30.31496062992126
      vertex -12.573352817181997 12.277845416775369 30.62992125984252
      vertex -12.582327162069598 12.248260966084136 30.62992125984252
    endloop
  endfacet
  facet normal 0.9359059265747753 -0.3522500484062581 0
    outer loop
      vertex -12.573352817181997 12.277845416775369 30.31496062992126
      vertex -12.562462771384734 12.306779574338846 30.31496062992126
      vertex -12.573352817181997 12.277845416775369 30.62992125984252
    endloop
  endfacet
  facet normal 0.910863822470274 -0.41270703521365026 0
    outer loop
      vertex -12.562462771384734 12.306779574338846 30.31496062992126
      vertex -12.559055118110235 12.314300425263173 30.31496062992126
      vertex -12.562462771384734 12.306779574338846 30.62992125984252
    endloop
  endfacet
  facet normal 0.9359059265747753 -0.3522500484062581 0
    outer loop
      vertex -12.562462771384734 12.306779574338846 30.31496062992126
      vertex -12.562462771384734 12.306779574338846 30.62992125984252
      vertex -12.573352817181997 12.277845416775369 30.62992125984252
    endloop
  endfacet
  facet normal 0.910863822470297 -0.4127070352135996 1.460026903991015e-15
    outer loop
      vertex -12.559055118110235 12.314300425263173 30.31496062992126
      vertex -12.549703657392442 12.334939538552536 30.62992125984252
      vertex -12.562462771384734 12.306779574338846 30.62992125984252
    endloop
  endfacet
  facet normal -0.9994645873324828 0.032719087216940966 0
    outer loop
      vertex -12.559055118110235 12.48031496062992 29.84251968503937
      vertex -12.559055118110235 12.48031496062992 30.31496062992126
      vertex -12.558886529364454 12.485464813378382 30.31496062992126
    endloop
  endfacet
  facet normal -0.9866433370333504 0.16289544342213602 0
    outer loop
      vertex -12.558381485012102 12.490592613581597 29.84251968503937
      vertex -12.558381485012102 12.490592613581597 30.31496062992126
      vertex -12.557542148068196 12.495676403439889 30.31496062992126
    endloop
  endfacet
  facet normal -0.9951847245102207 0.09801716228047182 0
    outer loop
      vertex -12.558886529364454 12.485464813378382 29.84251968503937
      vertex -12.558886529364454 12.485464813378382 30.31496062992126
      vertex -12.558381485012102 12.490592613581597 30.31496062992126
    endloop
  endfacet
  facet normal -0.935905941845087 0.3522500078340109 0
    outer loop
      vertex -12.554876388116615 12.505625154617734 29.84251968503937
      vertex -12.554876388116615 12.505625154617734 30.31496062992126
      vertex -12.553061380630403 12.510447514456088 30.31496062992126
    endloop
  endfacet
  facet normal -0.9569403280673617 0.29028470252207583 0
    outer loop
      vertex -12.556372112411214 12.50069441288475 29.84251968503937
      vertex -12.556372112411214 12.50069441288475 30.31496062992126
      vertex -12.554876388116615 12.505625154617734 30.31496062992126
    endloop
  endfacet
  facet normal -0.9738769810992919 0.22707625522042016 0
    outer loop
      vertex -12.557542148068196 12.495676403439889 29.84251968503937
      vertex -12.557542148068196 12.495676403439889 30.31496062992126
      vertex -12.556372112411214 12.50069441288475 30.31496062992126
    endloop
  endfacet
  facet normal -0.8819212715548262 0.4713967233436382 0
    outer loop
      vertex -12.550934861436135 12.515140841678372 29.84251968503937
      vertex -12.550934861436135 12.515140841678372 30.31496062992126
      vertex -12.548505937255273 12.519685039370078 30.31496062992126
    endloop
  endfacet
  facet normal -0.910863803355096 0.41270707740174406 0
    outer loop
      vertex -12.553061380630403 12.510447514456088 29.84251968503937
      vertex -12.553061380630403 12.510447514456088 30.31496062992126
      vertex -12.550934861436135 12.515140841678372 30.31496062992126
    endloop
  endfacet
  facet normal -0.8492022004940118 0.5280678201482535 0
    outer loop
      vertex -12.548505937255273 12.519685039370078 29.84251968503937
      vertex -12.548505937255273 12.519685039370078 30.31496062992126
      vertex -12.545785008981003 12.524060648316004 30.31496062992126
    endloop
  endfacet
  facet normal -0.7298640342309303 0.683592343093566 0
    outer loop
      vertex -12.539514945599976 12.532231954080382 29.84251968503937
      vertex -12.539514945599976 12.532231954080382 30.31496062992126
      vertex -12.535992659863055 12.535992659863055 30.31496062992126
    endloop
  endfacet
  facet normal -0.7730104622496882 0.634393273334864 0
    outer loop
      vertex -12.542783727678726 12.528248931479267 29.84251968503937
      vertex -12.542783727678726 12.528248931479267 30.31496062992126
      vertex -12.539514945599976 12.532231954080382 30.31496062992126
    endloop
  endfacet
  facet normal -0.8128466817298681 0.5824777008613659 0
    outer loop
      vertex -12.545785008981003 12.524060648316004 29.84251968503937
      vertex -12.545785008981003 12.524060648316004 30.31496062992126
      vertex -12.542783727678726 12.528248931479267 30.31496062992126
    endloop
  endfacet
  facet normal -0.683592343093566 0.7298640342309303 0
    outer loop
      vertex -12.535992659863055 12.535992659863055 29.84251968503937
      vertex -12.535992659863055 12.535992659863055 30.31496062992126
      vertex -12.532231954080382 12.539514945599976 30.31496062992126
    endloop
  endfacet
  facet normal -0.5280678201482535 0.8492022004940118 0
    outer loop
      vertex -12.524060648316004 12.545785008981003 29.84251968503937
      vertex -12.524060648316004 12.545785008981003 30.31496062992126
      vertex -12.519685039370078 12.548505937255273 30.31496062992126
    endloop
  endfacet
  facet normal -0.5824777008613659 0.8128466817298681 0
    outer loop
      vertex -12.528248931479267 12.542783727678726 29.84251968503937
      vertex -12.528248931479267 12.542783727678726 30.31496062992126
      vertex -12.524060648316004 12.545785008981003 30.31496062992126
    endloop
  endfacet
  facet normal -0.634393273334864 0.7730104622496882 0
    outer loop
      vertex -12.532231954080382 12.539514945599976 29.84251968503937
      vertex -12.532231954080382 12.539514945599976 30.31496062992126
      vertex -12.528248931479267 12.542783727678726 30.31496062992126
    endloop
  endfacet
  facet normal -0.41270707740174406 0.910863803355096 0
    outer loop
      vertex -12.515140841678372 12.550934861436135 29.84251968503937
      vertex -12.515140841678372 12.550934861436135 30.31496062992126
      vertex -12.510447514456088 12.553061380630403 30.31496062992126
    endloop
  endfacet
  facet normal -0.4713967233436382 0.8819212715548262 0
    outer loop
      vertex -12.519685039370078 12.548505937255273 29.84251968503937
      vertex -12.519685039370078 12.548505937255273 30.31496062992126
      vertex -12.515140841678372 12.550934861436135 30.31496062992126
    endloop
  endfacet
  facet normal -0.22707625522042016 0.9738769810992919 0
    outer loop
      vertex -12.50069441288475 12.556372112411214 29.84251968503937
      vertex -12.50069441288475 12.556372112411214 30.31496062992126
      vertex -12.495676403439889 12.557542148068196 30.31496062992126
    endloop
  endfacet
  facet normal -0.29028470252207583 0.9569403280673617 0
    outer loop
      vertex -12.505625154617734 12.554876388116615 29.84251968503937
      vertex -12.505625154617734 12.554876388116615 30.31496062992126
      vertex -12.50069441288475 12.556372112411214 30.31496062992126
    endloop
  endfacet
  facet normal -0.3522500078340109 0.935905941845087 0
    outer loop
      vertex -12.510447514456088 12.553061380630403 29.84251968503937
      vertex -12.510447514456088 12.553061380630403 30.31496062992126
      vertex -12.505625154617734 12.554876388116615 30.31496062992126
    endloop
  endfacet
  facet normal -0.09801716228047182 0.9951847245102207 0
    outer loop
      vertex -12.490592613581597 12.558381485012102 29.84251968503937
      vertex -12.490592613581597 12.558381485012102 30.31496062992126
      vertex -12.485464813378382 12.558886529364454 30.31496062992126
    endloop
  endfacet
  facet normal -0.16289544342213602 0.9866433370333504 0
    outer loop
      vertex -12.495676403439889 12.557542148068196 29.84251968503937
      vertex -12.495676403439889 12.557542148068196 30.31496062992126
      vertex -12.490592613581597 12.558381485012102 30.31496062992126
    endloop
  endfacet
  facet normal -0.032719087216940966 0.9994645873324828 0
    outer loop
      vertex -12.485464813378382 12.558886529364454 29.84251968503937
      vertex -12.485464813378382 12.558886529364454 30.31496062992126
      vertex -12.48031496062992 12.559055118110235 30.31496062992126
    endloop
  endfacet
  facet normal 0 1 0
    outer loop
      vertex -12.48031496062992 12.559055118110235 29.84251968503937
      vertex -12.48031496062992 12.559055118110235 30.31496062992126
      vertex -12.314300425263173 12.559055118110235 30.31496062992126
    endloop
  endfacet
  facet normal 0 0 -1
    outer loop
      vertex -12.48031496062992 12.559055118110235 30.31496062992126
      vertex -12.306779574338846 12.562462771384734 30.31496062992126
      vertex -12.314300425263173 12.559055118110235 30.31496062992126
    endloop
  endfacet
  facet normal 0 0 -1
    outer loop
      vertex -12.48031496062992 12.559055118110235 30.31496062992126
      vertex -12.277845416775369 12.573352817181997 30.31496062992126
      vertex -12.306779574338846 12.562462771384734 30.31496062992126
    endloop
  endfacet
  facet normal 0.41270703521365026 -0.910863822470274 0
    outer loop
      vertex -12.314300425263173 12.559055118110235 30.31496062992126
      vertex -12.306779574338846 12.562462771384734 30.31496062992126
      vertex -12.306779574338846 12.562462771384734 30.62992125984252
    endloop
  endfacet
  facet normal 0.3522500484062581 -0.9359059265747753 0
    outer loop
      vertex -12.306779574338846 12.562462771384734 30.31496062992126
      vertex -12.277845416775369 12.573352817181997 30.31496062992126
      vertex -12.306779574338846 12.562462771384734 30.62992125984252
    endloop
  endfacet
  facet normal 0.4127070352135996 -0.910863822470297 1.460026903991015e-15
    outer loop
      vertex -12.314300425263173 12.559055118110235 30.31496062992126
      vertex -12.306779574338846 12.562462771384734 30.62992125984252
      vertex -12.334939538552536 12.549703657392442 30.62992125984252
    endloop
  endfacet
  facet normal 0.3522500484062581 -0.9359059265747753 0
    outer loop
      vertex -12.277845416775369 12.573352817181997 30.31496062992126
      vertex -12.277845416775369 12.573352817181997 30.62992125984252
      vertex -12.306779574338846 12.562462771384734 30.62992125984252
    endloop
  endfacet
  facet normal 0.29028467382059114 -0.9569403367738624 0
    outer loop
      vertex -12.277845416775369 12.573352817181997 30.31496062992126
      vertex -12.248260966084136 12.582327162069598 30.31496062992126
      vertex -12.277845416775369 12.573352817181997 30.62992125984252
    endloop
  endfacet
  facet normal 0.22707626272697826 -0.9738769793490082 0
    outer loop
      vertex -12.248260966084136 12.582327162069598 30.31496062992126
      vertex -12.218152907948324 12.589347376598148 30.31496062992126
      vertex -12.248260966084136 12.582327162069598 30.62992125984252
    endloop
  endfacet
  facet normal 0.29028467382059114 -0.9569403367738624 0
    outer loop
      vertex -12.248260966084136 12.582327162069598 30.31496062992126
      vertex -12.248260966084136 12.582327162069598 30.62992125984252
      vertex -12.277845416775369 12.573352817181997 30.62992125984252
    endloop
  endfacet
  facet normal 0 0 -1
    outer loop
      vertex -12.853751235062212 12.853751235062212 30.31496062992126
      vertex -12.277845416775369 12.573352817181997 30.31496062992126
      vertex -12.48031496062992 12.559055118110235 30.31496062992126
    endloop
  endfacet
  facet normal 0 0 -1
    outer loop
      vertex -12.853751235062212 12.853751235062212 30.31496062992126
      vertex -12.248260966084136 12.582327162069598 30.31496062992126
      vertex -12.277845416775369 12.573352817181997 30.31496062992126
    endloop
  endfacet
  facet normal 0 0 -1
    outer loop
      vertex -12.853751235062212 12.853751235062212 30.31496062992126
      vertex -12.218152907948324 12.589347376598148 30.31496062992126
      vertex -12.248260966084136 12.582327162069598 30.31496062992126
    endloop
  endfacet
  facet normal 0 0 -1
    outer loop
      vertex -12.853751235062212 12.853751235062212 30.31496062992126
      vertex -12.18765016967856 12.594383399141586 30.31496062992126
      vertex -12.218152907948324 12.589347376598148 30.31496062992126
    endloop
  endfacet
  facet normal 0 0 -1
    outer loop
      vertex -12.853751235062212 12.853751235062212 30.31496062992126
      vertex -12.156883368165943 12.597413664375702 30.31496062992126
      vertex -12.18765016967856 12.594383399141586 30.31496062992126
    endloop
  endfacet
  facet normal 0 0 -1
    outer loop
      vertex -12.807288864172818 12.894497641076253 30.31496062992126
      vertex -12.782159165193246 12.912505328596577 30.31496062992126
      vertex -12.125984251968504 12.598425196850393 30.31496062992126
    endloop
  endfacet
  facet normal 0 0 -1
    outer loop
      vertex -12.782159165193246 12.912505328596577 30.31496062992126
      vertex -12.755905511811024 12.928830899415523 30.31496062992126
      vertex -12.125984251968504 12.598425196850393 30.31496062992126
    endloop
  endfacet
  facet normal 0 0 -1
    outer loop
      vertex -12.755905511811024 12.928830899415523 30.31496062992126
      vertex -12.72864032595411 12.943404444794016 30.31496062992126
      vertex -12.125984251968504 12.598425196850393 30.31496062992126
    endloop
  endfacet
  facet normal 0 0 -1
    outer loop
      vertex -12.6118536953499 12.983048163999722 30.31496062992126
      vertex -12.581350957080135 12.98808418654316 30.31496062992126
      vertex -12.519685039370078 12.992125984251969 30.31496062992126
    endloop
  endfacet
  facet normal 0 0 -1
    outer loop
      vertex -12.581350957080135 12.98808418654316 30.31496062992126
      vertex -12.550584155567519 12.991114451777278 30.31496062992126
      vertex -12.519685039370078 12.992125984251969 30.31496062992126
    endloop
  endfacet
  facet normal 0 0 -1
    outer loop
      vertex -12.853751235062212 12.853751235062212 30.31496062992126
      vertex -12.125984251968504 12.598425196850393 30.31496062992126
      vertex -12.156883368165943 12.597413664375702 30.31496062992126
    endloop
  endfacet
  facet normal 0.16289547570604634 -0.9866433317032558 0
    outer loop
      vertex -12.218152907948324 12.589347376598148 30.31496062992126
      vertex -12.18765016967856 12.594383399141586 30.31496062992126
      vertex -12.218152907948324 12.589347376598148 30.62992125984252
    endloop
  endfacet
  facet normal 0.22707626272697826 -0.9738769793490082 0
    outer loop
      vertex -12.248260966084136 12.582327162069598 30.62992125984252
      vertex -12.218152907948324 12.589347376598148 30.31496062992126
      vertex -12.218152907948324 12.589347376598148 30.62992125984252
    endloop
  endfacet
  facet normal 0.16289547570604634 -0.9866433317032558 0
    outer loop
      vertex -12.18765016967856 12.594383399141586 30.31496062992126
      vertex -12.18765016967856 12.594383399141586 30.62992125984252
      vertex -12.218152907948324 12.589347376598148 30.62992125984252
    endloop
  endfacet
  facet normal -0.09801713316420019 0.9951847273779233 0
    outer loop
      vertex -12.581350957080135 12.98808418654316 30.31496062992126
      vertex -12.550584155567519 12.991114451777278 31.023622047244093
      vertex -12.550584155567519 12.991114451777278 30.31496062992126
    endloop
  endfacet
  facet normal -0.03271908752727102 0.9994645873223237 0
    outer loop
      vertex -12.550584155567519 12.991114451777278 30.31496062992126
      vertex -12.519685039370078 12.992125984251969 31.023622047244093
      vertex -12.519685039370078 12.992125984251969 30.31496062992126
    endloop
  endfacet
  facet normal -0.09801713316420019 0.9951847273779233 0
    outer loop
      vertex -12.581350957080135 12.98808418654316 30.31496062992126
      vertex -12.581350957080135 12.98808418654316 31.023622047244093
      vertex -12.550584155567519 12.991114451777278 31.023622047244093
    endloop
  endfacet
  facet normal -0.03271908752727102 0.9994645873223237 0
    outer loop
      vertex -12.550584155567519 12.991114451777278 30.31496062992126
      vertex -12.550584155567519 12.991114451777278 31.023622047244093
      vertex -12.519685039370078 12.992125984251969 31.023622047244093
    endloop
  endfacet
  facet normal 0 0 1
    outer loop
      vertex -12.581350957080135 12.98808418654316 31.023622047244093
      vertex -12.519685039370078 12.992125984251969 31.023622047244093
      vertex -12.550584155567519 12.991114451777278 31.023622047244093
    endloop
  endfacet
  facet normal 0.09801713316413768 -0.9951847273779295 0
    outer loop
      vertex -12.18765016967856 12.594383399141586 30.31496062992126
      vertex -12.156883368165943 12.597413664375702 30.31496062992126
      vertex -12.18765016967856 12.594383399141586 30.62992125984252
    endloop
  endfacet
  facet normal 0.03271908752727289 -0.9994645873223237 0
    outer loop
      vertex -12.156883368165943 12.597413664375702 30.31496062992126
      vertex -12.125984251968504 12.598425196850393 30.31496062992126
      vertex -12.156883368165943 12.597413664375702 30.62992125984252
    endloop
  endfacet
  facet normal 0.09801713316413768 -0.9951847273779295 0
    outer loop
      vertex -12.18765016967856 12.594383399141586 30.62992125984252
      vertex -12.156883368165943 12.597413664375702 30.31496062992126
      vertex -12.156883368165943 12.597413664375702 30.62992125984252
    endloop
  endfacet
  facet normal 0.03271908752727289 -0.9994645873223237 0
    outer loop
      vertex -12.125984251968504 12.598425196850393 30.31496062992126
      vertex -12.125984251968504 12.598425196850393 30.62992125984252
      vertex -12.156883368165943 12.597413664375702 30.62992125984252
    endloop
  endfacet
  facet normal 0 0 -1
    outer loop
      vertex -12.18765016967856 12.594383399141586 30.62992125984252
      vertex -12.156883368165943 12.597413664375702 30.62992125984252
      vertex -12.125984251968504 12.598425196850393 30.62992125984252
    endloop
  endfacet
  facet normal 0 0 1
    outer loop
      vertex -12.992125984251969 -12.519685039370078 31.023622047244093
      vertex 12.98808418654316 12.581350957080135 31.023622047244093
      vertex -12.992125984251969 12.519685039370078 31.023622047244093
    endloop
  endfacet
  facet normal 0 0 -1
    outer loop
      vertex -12.598425196850393 -12.125984251968504 30.62992125984252
      vertex -12.598425196850393 12.125984251968504 30.62992125984252
      vertex 12.594383399141586 12.18765016967856 30.62992125984252
    endloop
  endfacet
  facet normal 0 1 0
    outer loop
      vertex -12.519685039370078 12.992125984251969 2.677165354330709
      vertex -12.519685039370078 12.992125984251969 29.84251968503937
      vertex 12.519685039370078 12.992125984251969 29.84251968503937
    endloop
  endfacet
  facet normal 0 0 -1
    outer loop
      vertex -12.598425196850393 12.125984251968504 30.62992125984252
      vertex -12.597413664375702 12.156883368165943 30.62992125984252
      vertex 12.589347376598148 12.218152907948324 30.62992125984252
    endloop
  endfacet
  facet normal 0 0 1
    outer loop
      vertex -12.70048036174042 12.95616355878631 29.84251968503937
      vertex -12.125984251968504 12.598425196850393 29.84251968503937
      vertex 12.125984251968504 12.598425196850393 29.84251968503937
    endloop
  endfacet
  facet normal 0 0 1
    outer loop
      vertex -12.70048036174042 12.95616355878631 29.84251968503937
      vertex 12.671546204176943 12.96705360458357 29.84251968503937
      vertex -12.671546204176943 12.96705360458357 29.84251968503937
    endloop
  endfacet
  facet normal 0 0 1
    outer loop
      vertex -12.671546204176943 12.96705360458357 29.84251968503937
      vertex 12.64196175348571 12.976027949471174 29.84251968503937
      vertex -12.64196175348571 12.976027949471174 29.84251968503937
    endloop
  endfacet
  facet normal 0 0 1
    outer loop
      vertex -12.64196175348571 12.976027949471174 29.84251968503937
      vertex 12.6118536953499 12.983048163999722 29.84251968503937
      vertex -12.6118536953499 12.983048163999722 29.84251968503937
    endloop
  endfacet
  facet normal 0 0 1
    outer loop
      vertex -12.6118536953499 12.983048163999722 29.84251968503937
      vertex 12.519685039370078 12.992125984251969 29.84251968503937
      vertex -12.581350957080135 12.98808418654316 29.84251968503937
    endloop
  endfacet
  facet normal 0 0 1
    outer loop
      vertex -12.581350957080135 12.98808418654316 29.84251968503937
      vertex 12.519685039370078 12.992125984251969 29.84251968503937
      vertex -12.550584155567519 12.991114451777278 29.84251968503937
    endloop
  endfacet
  facet normal 0 0 1
    outer loop
      vertex -12.550584155567519 12.991114451777278 29.84251968503937
      vertex 12.519685039370078 12.992125984251969 29.84251968503937
      vertex -12.519685039370078 12.992125984251969 29.84251968503937
    endloop
  endfacet
  facet normal 0 0 1
    outer loop
      vertex -12.992125984251969 12.519685039370078 31.023622047244093
      vertex 12.983048163999722 12.6118536953499 31.023622047244093
      vertex -12.991114451777278 12.550584155567519 31.023622047244093
    endloop
  endfacet
  facet normal 0 0 -1
    outer loop
      vertex -12.597413664375702 12.156883368165943 30.62992125984252
      vertex -12.594383399141586 12.18765016967856 30.62992125984252
      vertex 12.582327162069598 12.248260966084136 30.62992125984252
    endloop
  endfacet
  facet normal 0 0 -1
    outer loop
      vertex -12.594383399141586 12.18765016967856 30.62992125984252
      vertex -12.589347376598148 12.218152907948324 30.62992125984252
      vertex 12.573352817181997 12.277845416775369 30.62992125984252
    endloop
  endfacet
  facet normal 0 0 -1
    outer loop
      vertex -12.589347376598148 12.218152907948324 30.62992125984252
      vertex -12.582327162069598 12.248260966084136 30.62992125984252
      vertex 12.562462771384734 12.306779574338846 30.62992125984252
    endloop
  endfacet
  facet normal 0 0 -1
    outer loop
      vertex -12.582327162069598 12.248260966084136 30.62992125984252
      vertex -12.573352817181997 12.277845416775369 30.62992125984252
      vertex 12.549703657392442 12.334939538552536 30.62992125984252
    endloop
  endfacet
  facet normal 0 0 -1
    outer loop
      vertex -12.573352817181997 12.277845416775369 30.62992125984252
      vertex -12.562462771384734 12.306779574338846 30.62992125984252
      vertex 12.535130112013949 12.362204724409448 30.62992125984252
    endloop
  endfacet
  facet normal 0 0 -1
    outer loop
      vertex -12.562462771384734 12.306779574338846 30.62992125984252
      vertex -12.549703657392442 12.334939538552536 30.62992125984252
      vertex 12.518804541195001 12.388458377791672 30.62992125984252
    endloop
  endfacet
  facet normal 0 0 -1
    outer loop
      vertex -12.549703657392442 12.334939538552536 30.62992125984252
      vertex -12.535130112013949 12.362204724409448 30.62992125984252
      vertex 12.500796853674679 12.413588076771244 30.62992125984252
    endloop
  endfacet
  facet normal 0 0 -1
    outer loop
      vertex -12.535130112013949 12.362204724409448 30.62992125984252
      vertex -12.518804541195001 12.388458377791672 30.62992125984252
      vertex 12.481184160908846 12.437486211791283 30.62992125984252
    endloop
  endfacet
  facet normal 0 0 -1
    outer loop
      vertex -12.518804541195001 12.388458377791672 30.62992125984252
      vertex -12.500796853674679 12.413588076771244 30.62992125984252
      vertex 12.460050447660638 12.460050447660638 30.62992125984252
    endloop
  endfacet
  facet normal 0 0 -1
    outer loop
      vertex -12.500796853674679 12.413588076771244 30.62992125984252
      vertex -12.481184160908846 12.437486211791283 30.62992125984252
      vertex 12.437486211791283 12.481184160908846 30.62992125984252
    endloop
  endfacet
  facet normal 0 0 -1
    outer loop
      vertex -12.481184160908846 12.437486211791283 30.62992125984252
      vertex -12.460050447660638 12.460050447660638 30.62992125984252
      vertex 12.413588076771244 12.500796853674679 30.62992125984252
    endloop
  endfacet
  facet normal 0 0 -1
    outer loop
      vertex -12.460050447660638 12.460050447660638 30.62992125984252
      vertex -12.437486211791283 12.481184160908846 30.62992125984252
      vertex 12.388458377791672 12.518804541195001 30.62992125984252
    endloop
  endfacet
  facet normal 0 0 -1
    outer loop
      vertex -12.437486211791283 12.481184160908846 30.62992125984252
      vertex -12.413588076771244 12.500796853674679 30.62992125984252
      vertex 12.362204724409448 12.535130112013949 30.62992125984252
    endloop
  endfacet
  facet normal 0 0 -1
    outer loop
      vertex -12.413588076771244 12.500796853674679 30.62992125984252
      vertex -12.388458377791672 12.518804541195001 30.62992125984252
      vertex 12.334939538552536 12.549703657392442 30.62992125984252
    endloop
  endfacet
  facet normal 0 0 -1
    outer loop
      vertex -12.388458377791672 12.518804541195001 30.62992125984252
      vertex -12.362204724409448 12.535130112013949 30.62992125984252
      vertex 12.306779574338846 12.562462771384734 30.62992125984252
    endloop
  endfacet
  facet normal 0 0 -1
    outer loop
      vertex -12.362204724409448 12.535130112013949 30.62992125984252
      vertex -12.334939538552536 12.549703657392442 30.62992125984252
      vertex 12.277845416775369 12.573352817181997 30.62992125984252
    endloop
  endfacet
  facet normal 0 0 -1
    outer loop
      vertex -12.334939538552536 12.549703657392442 30.62992125984252
      vertex -12.306779574338846 12.562462771384734 30.62992125984252
      vertex 12.248260966084136 12.582327162069598 30.62992125984252
    endloop
  endfacet
  facet normal 0 0 -1
    outer loop
      vertex -12.306779574338846 12.562462771384734 30.62992125984252
      vertex -12.277845416775369 12.573352817181997 30.62992125984252
      vertex 12.218152907948324 12.589347376598148 30.62992125984252
    endloop
  endfacet
  facet normal 0 0 -1
    outer loop
      vertex -12.277845416775369 12.573352817181997 30.62992125984252
      vertex -12.248260966084136 12.582327162069598 30.62992125984252
      vertex 12.18765016967856 12.594383399141586 30.62992125984252
    endloop
  endfacet
  facet normal 0 0 -1
    outer loop
      vertex -12.72864032595411 12.943404444794016 30.31496062992126
      vertex 12.125984251968504 12.598425196850393 30.31496062992126
      vertex -12.125984251968504 12.598425196850393 30.31496062992126
    endloop
  endfacet
  facet normal 0 0 -1
    outer loop
      vertex -12.72864032595411 12.943404444794016 30.31496062992126
      vertex -12.70048036174042 12.95616355878631 30.31496062992126
      vertex 12.64196175348571 12.976027949471174 30.31496062992126
    endloop
  endfacet
  facet normal 0 0 -1
    outer loop
      vertex -12.70048036174042 12.95616355878631 30.31496062992126
      vertex -12.671546204176943 12.96705360458357 30.31496062992126
      vertex 12.6118536953499 12.983048163999722 30.31496062992126
    endloop
  endfacet
  facet normal 0 0 -1
    outer loop
      vertex -12.671546204176943 12.96705360458357 30.31496062992126
      vertex -12.64196175348571 12.976027949471174 30.31496062992126
      vertex 12.581350957080135 12.98808418654316 30.31496062992126
    endloop
  endfacet
  facet normal 0 0 -1
    outer loop
      vertex -12.64196175348571 12.976027949471174 30.31496062992126
      vertex -12.519685039370078 12.992125984251969 30.31496062992126
      vertex 12.519685039370078 12.992125984251969 30.31496062992126
    endloop
  endfacet
  facet normal 0 0 1
    outer loop
      vertex -12.991114451777278 12.550584155567519 31.023622047244093
      vertex 12.976027949471174 12.64196175348571 31.023622047244093
      vertex -12.98808418654316 12.581350957080135 31.023622047244093
    endloop
  endfacet
  facet normal 0 0 1
    outer loop
      vertex -12.98808418654316 12.581350957080135 31.023622047244093
      vertex 12.96705360458357 12.671546204176943 31.023622047244093
      vertex -12.983048163999722 12.6118536953499 31.023622047244093
    endloop
  endfacet
  facet normal 0 0 1
    outer loop
      vertex -12.983048163999722 12.6118536953499 31.023622047244093
      vertex 12.95616355878631 12.70048036174042 31.023622047244093
      vertex -12.976027949471174 12.64196175348571 31.023622047244093
    endloop
  endfacet
  facet normal 0 0 1
    outer loop
      vertex -12.976027949471174 12.64196175348571 31.023622047244093
      vertex 12.943404444794016 12.72864032595411 31.023622047244093
      vertex -12.96705360458357 12.671546204176943 31.023622047244093
    endloop
  endfacet
  facet normal 0 0 1
    outer loop
      vertex -12.96705360458357 12.671546204176943 31.023622047244093
      vertex 12.928830899415523 12.755905511811024 31.023622047244093
      vertex -12.95616355878631 12.70048036174042 31.023622047244093
    endloop
  endfacet
  facet normal 0 0 1
    outer loop
      vertex -12.95616355878631 12.70048036174042 31.023622047244093
      vertex 12.912505328596577 12.782159165193246 31.023622047244093
      vertex -12.943404444794016 12.72864032595411 31.023622047244093
    endloop
  endfacet
  facet normal 0 0 1
    outer loop
      vertex -12.943404444794016 12.72864032595411 31.023622047244093
      vertex 12.894497641076253 12.807288864172818 31.023622047244093
      vertex -12.928830899415523 12.755905511811024 31.023622047244093
    endloop
  endfacet
  facet normal 0 0 1
    outer loop
      vertex -12.928830899415523 12.755905511811024 31.023622047244093
      vertex 12.87488494831042 12.831186999192857 31.023622047244093
      vertex -12.912505328596577 12.782159165193246 31.023622047244093
    endloop
  endfacet
  facet normal 0 0 1
    outer loop
      vertex -12.912505328596577 12.782159165193246 31.023622047244093
      vertex 12.853751235062212 12.853751235062212 31.023622047244093
      vertex -12.894497641076253 12.807288864172818 31.023622047244093
    endloop
  endfacet
  facet normal 0 0 1
    outer loop
      vertex -12.894497641076253 12.807288864172818 31.023622047244093
      vertex 12.831186999192857 12.87488494831042 31.023622047244093
      vertex -12.87488494831042 12.831186999192857 31.023622047244093
    endloop
  endfacet
  facet normal 0 0 1
    outer loop
      vertex -12.87488494831042 12.831186999192857 31.023622047244093
      vertex 12.807288864172818 12.894497641076253 31.023622047244093
      vertex -12.853751235062212 12.853751235062212 31.023622047244093
    endloop
  endfacet
  facet normal 0 0 1
    outer loop
      vertex -12.853751235062212 12.853751235062212 31.023622047244093
      vertex 12.782159165193246 12.912505328596577 31.023622047244093
      vertex -12.831186999192857 12.87488494831042 31.023622047244093
    endloop
  endfacet
  facet normal 0 0 1
    outer loop
      vertex -12.831186999192857 12.87488494831042 31.023622047244093
      vertex 12.755905511811024 12.928830899415523 31.023622047244093
      vertex -12.807288864172818 12.894497641076253 31.023622047244093
    endloop
  endfacet
  facet normal 0 0 1
    outer loop
      vertex -12.807288864172818 12.894497641076253 31.023622047244093
      vertex 12.72864032595411 12.943404444794016 31.023622047244093
      vertex -12.782159165193246 12.912505328596577 31.023622047244093
    endloop
  endfacet
  facet normal 0 0 1
    outer loop
      vertex -12.782159165193246 12.912505328596577 31.023622047244093
      vertex 12.70048036174042 12.95616355878631 31.023622047244093
      vertex -12.755905511811024 12.928830899415523 31.023622047244093
    endloop
  endfacet
  facet normal 0 0 1
    outer loop
      vertex -12.755905511811024 12.928830899415523 31.023622047244093
      vertex 12.671546204176943 12.96705360458357 31.023622047244093
      vertex -12.72864032595411 12.943404444794016 31.023622047244093
    endloop
  endfacet
  facet normal 0 0 -1
    outer loop
      vertex -12.248260966084136 12.582327162069598 30.62992125984252
      vertex -12.218152907948324 12.589347376598148 30.62992125984252
      vertex 12.156883368165943 12.597413664375702 30.62992125984252
    endloop
  endfacet
  facet normal 0 0 -1
    outer loop
      vertex -12.218152907948324 12.589347376598148 30.62992125984252
      vertex -12.18765016967856 12.594383399141586 30.62992125984252
      vertex 12.125984251968504 12.598425196850393 30.62992125984252
    endloop
  endfacet
  facet normal 0 0 -1
    outer loop
      vertex -12.18765016967856 12.594383399141586 30.62992125984252
      vertex -12.125984251968504 12.598425196850393 30.62992125984252
      vertex 12.125984251968504 12.598425196850393 30.62992125984252
    endloop
  endfacet
  facet normal 0 1 0
    outer loop
      vertex -12.519685039370078 12.992125984251969 30.31496062992126
      vertex -12.519685039370078 12.992125984251969 31.023622047244093
      vertex 12.519685039370078 12.992125984251969 31.023622047244093
    endloop
  endfacet
  facet normal 0 0 1
    outer loop
      vertex -12.72864032595411 12.943404444794016 31.023622047244093
      vertex 12.64196175348571 12.976027949471174 31.023622047244093
      vertex -12.70048036174042 12.95616355878631 31.023622047244093
    endloop
  endfacet
  facet normal 0 0 1
    outer loop
      vertex -12.70048036174042 12.95616355878631 31.023622047244093
      vertex 12.6118536953499 12.983048163999722 31.023622047244093
      vertex -12.671546204176943 12.96705360458357 31.023622047244093
    endloop
  endfacet
  facet normal 0 0 1
    outer loop
      vertex -12.671546204176943 12.96705360458357 31.023622047244093
      vertex 12.581350957080135 12.98808418654316 31.023622047244093
      vertex -12.64196175348571 12.976027949471174 31.023622047244093
    endloop
  endfacet
  facet normal 0 0 1
    outer loop
      vertex -12.64196175348571 12.976027949471174 31.023622047244093
      vertex 12.550584155567519 12.991114451777278 31.023622047244093
      vertex -12.6118536953499 12.983048163999722 31.023622047244093
    endloop
  endfacet
  facet normal 0 0 1
    outer loop
      vertex -12.6118536953499 12.983048163999722 31.023622047244093
      vertex 12.519685039370078 12.992125984251969 31.023622047244093
      vertex -12.581350957080135 12.98808418654316 31.023622047244093
    endloop
  endfacet
  facet normal 0 0 1
    outer loop
      vertex -12.581350957080135 12.98808418654316 31.023622047244093
      vertex 12.519685039370078 12.992125984251969 31.023622047244093
      vertex -12.519685039370078 12.992125984251969 31.023622047244093
    endloop
  endfacet
  facet normal 0 -1 0
    outer loop
      vertex -12.125984251968504 12.598425196850393 30.31496062992126
      vertex 12.125984251968504 12.598425196850393 30.31496062992126
      vertex -12.125984251968504 12.598425196850393 30.62992125984252
    endloop
  endfacet
  facet normal 0 0 -1
    outer loop
      vertex -12.519685039370078 -12.992125984251969 2.677165354330709
      vertex 12.581350957080135 -12.98808418654316 2.677165354330709
      vertex 12.519685039370078 -12.992125984251969 2.677165354330709
    endloop
  endfacet
  facet normal 0 0 -1
    outer loop
      vertex -12.519685039370078 -12.992125984251969 2.677165354330709
      vertex 12.6118536953499 -12.983048163999722 2.677165354330709
      vertex 12.581350957080135 -12.98808418654316 2.677165354330709
    endloop
  endfacet
  facet normal 0 0 -1
    outer loop
      vertex -12.550584155567519 -12.991114451777278 2.677165354330709
      vertex 12.64196175348571 -12.976027949471174 2.677165354330709
      vertex 12.6118536953499 -12.983048163999722 2.677165354330709
    endloop
  endfacet
  facet normal 0 0 -1
    outer loop
      vertex -12.581350957080135 -12.98808418654316 2.677165354330709
      vertex 12.671546204176943 -12.96705360458357 2.677165354330709
      vertex 12.64196175348571 -12.976027949471174 2.677165354330709
    endloop
  endfacet
  facet normal 0 0 -1
    outer loop
      vertex -12.6118536953499 -12.983048163999722 2.677165354330709
      vertex 12.70048036174042 -12.95616355878631 2.677165354330709
      vertex 12.671546204176943 -12.96705360458357 2.677165354330709
    endloop
  endfacet
  facet normal 0 0 -1
    outer loop
      vertex -12.64196175348571 -12.976027949471174 2.677165354330709
      vertex 12.72864032595411 -12.943404444794016 2.677165354330709
      vertex 12.70048036174042 -12.95616355878631 2.677165354330709
    endloop
  endfacet
  facet normal 0 0 -1
    outer loop
      vertex -12.95616355878631 -12.70048036174042 2.677165354330709
      vertex 12.5 -12.618110236220472 2.677165354330709
      vertex 12.976027949471174 -12.64196175348571 2.677165354330709
    endloop
  endfacet
  facet normal 0 0 -1
    outer loop
      vertex -12.671546204176943 -12.96705360458357 2.677165354330709
      vertex 12.755905511811024 -12.928830899415523 2.677165354330709
      vertex 12.72864032595411 -12.943404444794016 2.677165354330709
    endloop
  endfacet
  facet normal 0 0 -1
    outer loop
      vertex -12.70048036174042 -12.95616355878631 2.677165354330709
      vertex 12.782159165193246 -12.912505328596577 2.677165354330709
      vertex 12.755905511811024 -12.928830899415523 2.677165354330709
    endloop
  endfacet
  facet normal 0 0 -1
    outer loop
      vertex -12.72864032595411 -12.943404444794016 2.677165354330709
      vertex 12.807288864172818 -12.894497641076253 2.677165354330709
      vertex 12.782159165193246 -12.912505328596577 2.677165354330709
    endloop
  endfacet
  facet normal 0 0 -1
    outer loop
      vertex -12.755905511811024 -12.928830899415523 2.677165354330709
      vertex 12.831186999192857 -12.87488494831042 2.677165354330709
      vertex 12.807288864172818 -12.894497641076253 2.677165354330709
    endloop
  endfacet
  facet normal 0 0 -1
    outer loop
      vertex -12.782159165193246 -12.912505328596577 2.677165354330709
      vertex 12.853751235062212 -12.853751235062212 2.677165354330709
      vertex 12.831186999192857 -12.87488494831042 2.677165354330709
    endloop
  endfacet
  facet normal 0 0 -1
    outer loop
      vertex -12.807288864172818 -12.894497641076253 2.677165354330709
      vertex 12.87488494831042 -12.831186999192857 2.677165354330709
      vertex 12.853751235062212 -12.853751235062212 2.677165354330709
    endloop
  endfacet
  facet normal 0 0 -1
    outer loop
      vertex -12.831186999192857 -12.87488494831042 2.677165354330709
      vertex 12.894497641076253 -12.807288864172818 2.677165354330709
      vertex 12.87488494831042 -12.831186999192857 2.677165354330709
    endloop
  endfacet
  facet normal 0 0 -1
    outer loop
      vertex -12.853751235062212 -12.853751235062212 2.677165354330709
      vertex 12.912505328596577 -12.782159165193246 2.677165354330709
      vertex 12.894497641076253 -12.807288864172818 2.677165354330709
    endloop
  endfacet
  facet normal 0 0 -1
    outer loop
      vertex -12.87488494831042 -12.831186999192857 2.677165354330709
      vertex 12.928830899415523 -12.755905511811024 2.677165354330709
      vertex 12.912505328596577 -12.782159165193246 2.677165354330709
    endloop
  endfacet
  facet normal 0 0 -1
    outer loop
      vertex -12.894497641076253 -12.807288864172818 2.677165354330709
      vertex 12.943404444794016 -12.72864032595411 2.677165354330709
      vertex 12.928830899415523 -12.755905511811024 2.677165354330709
    endloop
  endfacet
  facet normal 0 0 -1
    outer loop
      vertex -12.912505328596577 -12.782159165193246 2.677165354330709
      vertex 12.95616355878631 -12.70048036174042 2.677165354330709
      vertex 12.943404444794016 -12.72864032595411 2.677165354330709
    endloop
  endfacet
  facet normal 0 0 -1
    outer loop
      vertex -12.928830899415523 -12.755905511811024 2.677165354330709
      vertex 12.96705360458357 -12.671546204176943 2.677165354330709
      vertex 12.95616355878631 -12.70048036174042 2.677165354330709
    endloop
  endfacet
  facet normal 0 0 -1
    outer loop
      vertex -12.943404444794016 -12.72864032595411 2.677165354330709
      vertex 12.976027949471174 -12.64196175348571 2.677165354330709
      vertex 12.96705360458357 -12.671546204176943 2.677165354330709
    endloop
  endfacet
  facet normal 0 1 0
    outer loop
      vertex -12.5 -12.618110236220472 3.1102362204724407
      vertex 12.5 -12.618110236220472 3.1102362204724407
      vertex 12.5 -12.618110236220472 2.677165354330709
    endloop
  endfacet
  facet normal 0 0 -1
    outer loop
      vertex -12.5 -12.618110236220472 3.1102362204724407
      vertex 12.515416479427515 -12.617099786719939 3.1102362204724407
      vertex 12.5 -12.618110236220472 3.1102362204724407
    endloop
  endfacet
  facet normal 0 0 -1
    outer loop
      vertex -12.5 -12.618110236220472 3.1102362204724407
      vertex 12.523042163921623 -12.615840781157411 3.1102362204724407
      vertex 12.515416479427515 -12.617099786719939 3.1102362204724407
    endloop
  endfacet
  facet normal 0 0 -1
    outer loop
      vertex -12.507724778976026 -12.617857353248464 3.1102362204724407
      vertex 12.530569178675572 -12.614085727378608 3.1102362204724407
      vertex 12.523042163921623 -12.615840781157411 3.1102362204724407
    endloop
  endfacet
  facet normal 0 0 -1
    outer loop
      vertex -12.515416479427515 -12.617099786719939 3.1102362204724407
      vertex 12.537965291128383 -12.611842141376705 3.1102362204724407
      vertex 12.530569178675572 -12.614085727378608 3.1102362204724407
    endloop
  endfacet
  facet normal 0 0 -1
    outer loop
      vertex -12.523042163921623 -12.615840781157411 3.1102362204724407
      vertex 12.54519883073925 -12.609119629707392 3.1102362204724407
      vertex 12.537965291128383 -12.611842141376705 3.1102362204724407
    endloop
  endfacet
  facet normal 0 0 -1
    outer loop
      vertex -12.125984251968504 -12.598425196850393 3.1102362204724407
      vertex 12.125984251968504 -12.598425196850393 3.1102362204724407
      vertex 12.559055118110235 -12.602286464938029 3.1102362204724407
    endloop
  endfacet
  facet normal 0 0 -1
    outer loop
      vertex -12.530569178675572 -12.614085727378608 3.1102362204724407
      vertex 12.552238821572676 -12.605929851355985 3.1102362204724407
      vertex 12.54519883073925 -12.609119629707392 3.1102362204724407
    endloop
  endfacet
  facet normal 0 0 -1
    outer loop
      vertex -12.537965291128383 -12.611842141376705 3.1102362204724407
      vertex 12.559055118110235 -12.602286464938029 3.1102362204724407
      vertex 12.552238821572676 -12.605929851355985 3.1102362204724407
    endloop
  endfacet
  facet normal 0 -1 0
    outer loop
      vertex -10.54330708649684 -10.826771653543307 2.677165354330709
      vertex 10.54330708649684 -10.826771653543307 2.677165354330709
      vertex 10.708661417322835 -10.826771653543307 3.0708661417322833
    endloop
  endfacet
  facet normal 0 1 0
    outer loop
      vertex -12.125984251968504 -12.598425196850393 3.1102362204724407
      vertex 12.125984251968504 -12.598425196850393 29.84251968503937
      vertex 12.125984251968504 -12.598425196850393 3.1102362204724407
    endloop
  endfacet
  facet normal 0 0 1
    outer loop
      vertex -10.708661417322835 -10.826771653543307 3.0708661417322833
      vertex 10.708661417322835 -10.826771653543307 3.0708661417322833
      vertex 10.826771653543307 10.708661417322835 3.0708661417322833
    endloop
  endfacet
  facet normal 0 0 -1
    outer loop
      vertex 10.716386196298862 -10.8265187705713 2.677165354330709
      vertex 10.54330708649684 -10.826771653543307 2.677165354330709
      vertex 10.56184655627397 -10.82616473394116 2.677165354330709
    endloop
  endfacet
  facet normal 0 0 -1
    outer loop
      vertex 10.731703581244457 -10.824502198480246 2.677165354330709
      vertex 10.56184655627397 -10.82616473394116 2.677165354330709
      vertex 10.580306637181542 -10.824346574624693 2.677165354330709
    endloop
  endfacet
  facet normal 0 0 -1
    outer loop
      vertex 10.708661417322835 -10.826771653543307 2.677165354330709
      vertex 10.54330708649684 -10.826771653543307 2.677165354330709
      vertex 10.716386196298862 -10.8265187705713 2.677165354330709
    endloop
  endfacet
  facet normal 0 0 -1
    outer loop
      vertex 10.753860248062084 -10.817781047030227 2.677165354330709
      vertex 10.598608280026069 -10.821324961157295 2.677165354330709
      vertex 10.61667311496622 -10.817112832616164 2.677165354330709
    endloop
  endfacet
  facet normal 0 0 -1
    outer loop
      vertex 10.739230595998407 -10.822747144701443 2.677165354330709
      vertex 10.580306637181542 -10.824346574624693 2.677165354330709
      vertex 10.598608280026069 -10.821324961157295 2.677165354330709
    endloop
  endfacet
  facet normal 0 -1 0
    outer loop
      vertex 10.54330708649684 -10.826771653543307 2.677165354330709
      vertex 10.708661417322835 -10.826771653543307 2.677165354330709
      vertex 10.708661417322835 -10.826771653543307 3.0708661417322833
    endloop
  endfacet
  facet normal 0 0 -1
    outer loop
      vertex 10.716386196298862 -10.8265187705713 2.677165354330709
      vertex 10.56184655627397 -10.82616473394116 2.677165354330709
      vertex 10.724077896750348 -10.825761204042772 2.677165354330709
    endloop
  endfacet
  facet normal 0 0 -1
    outer loop
      vertex 10.724077896750348 -10.825761204042772 2.677165354330709
      vertex 10.56184655627397 -10.82616473394116 2.677165354330709
      vertex 10.731703581244457 -10.824502198480246 2.677165354330709
    endloop
  endfacet
  facet normal 0 0 -1
    outer loop
      vertex 10.76090023889551 -10.81459126867882 2.677165354330709
      vertex 10.61667311496622 -10.817112832616164 2.677165354330709
      vertex 10.634423785322294 -10.81172822556627 2.677165354330709
    endloop
  endfacet
  facet normal 0 0 -1
    outer loop
      vertex 10.746626708451219 -10.82050355869954 2.677165354330709
      vertex 10.598608280026069 -10.821324961157295 2.677165354330709
      vertex 10.753860248062084 -10.817781047030227 2.677165354330709
    endloop
  endfacet
  facet normal 0 0 -1
    outer loop
      vertex 10.739230595998407 -10.822747144701443 2.677165354330709
      vertex 10.598608280026069 -10.821324961157295 2.677165354330709
      vertex 10.746626708451219 -10.82050355869954 2.677165354330709
    endloop
  endfacet
  facet normal 0 0 -1
    outer loop
      vertex 10.731703581244457 -10.824502198480246 2.677165354330709
      vertex 10.580306637181542 -10.824346574624693 2.677165354330709
      vertex 10.739230595998407 -10.822747144701443 2.677165354330709
    endloop
  endfacet
  facet normal 0 0 -1
    outer loop
      vertex 10.774279948705294 -10.806866489702792 2.677165354330709
      vertex 10.634423785322294 -10.81172822556627 2.677165354330709
      vertex 10.651784279919045 -10.805194198087914 2.677165354330709
    endloop
  endfacet
  facet normal 0 0 -1
    outer loop
      vertex 10.786536907351861 -10.797461394484587 2.677165354330709
      vertex 10.651784279919045 -10.805194198087914 2.677165354330709
      vertex 10.668680258388594 -10.797538729751205 2.677165354330709
    endloop
  endfacet
  facet normal 0 0 -1
    outer loop
      vertex 10.753860248062084 -10.817781047030227 2.677165354330709
      vertex 10.61667311496622 -10.817112832616164 2.677165354330709
      vertex 10.76090023889551 -10.81459126867882 2.677165354330709
    endloop
  endfacet
  facet normal 0 0 -1
    outer loop
      vertex 10.76090023889551 -10.81459126867882 2.677165354330709
      vertex 10.634423785322294 -10.81172822556627 2.677165354330709
      vertex 10.76771653543307 -10.810947882260862 2.677165354330709
    endloop
  endfacet
  facet normal 0 0 -1
    outer loop
      vertex 10.76771653543307 -10.810947882260862 2.677165354330709
      vertex 10.634423785322294 -10.81172822556627 2.677165354330709
      vertex 10.774279948705294 -10.806866489702792 2.677165354330709
    endloop
  endfacet
  facet normal 0 0 -1
    outer loop
      vertex 10.792177966319201 -10.792177966319201 2.677165354330709
      vertex 10.668680258388594 -10.797538729751205 2.677165354330709
      vertex 10.685039370020075 -10.788794602524108 2.677165354330709
    endloop
  endfacet
  facet normal 0 0 -1
    outer loop
      vertex 10.802364567896044 -10.780562373596853 2.677165354330709
      vertex 10.685039370020075 -10.788794602524108 2.677165354330709
      vertex 10.700791562049407 -10.778999259974073 2.677165354330709
    endloop
  endfacet
  facet normal 0 0 -1
    outer loop
      vertex 10.774279948705294 -10.806866489702792 2.677165354330709
      vertex 10.651784279919045 -10.805194198087914 2.677165354330709
      vertex 10.780562373596853 -10.802364567896044 2.677165354330709
    endloop
  endfacet
  facet normal 0 0 -1
    outer loop
      vertex 10.792177966319201 -10.792177966319201 2.677165354330709
      vertex 10.685039370020075 -10.788794602524108 2.677165354330709
      vertex 10.797461394484587 -10.786536907351861 2.677165354330709
    endloop
  endfacet
  facet normal 0 0 -1
    outer loop
      vertex 10.786536907351861 -10.797461394484587 2.677165354330709
      vertex 10.668680258388594 -10.797538729751205 2.677165354330709
      vertex 10.792177966319201 -10.792177966319201 2.677165354330709
    endloop
  endfacet
  facet normal 0 0 -1
    outer loop
      vertex 10.780562373596853 -10.802364567896044 2.677165354330709
      vertex 10.651784279919045 -10.805194198087914 2.677165354330709
      vertex 10.786536907351861 -10.797461394484587 2.677165354330709
    endloop
  endfacet
  facet normal 0 0 -1
    outer loop
      vertex 10.806866489702792 -10.774279948705294 2.677165354330709
      vertex 10.700791562049407 -10.778999259974073 2.677165354330709
      vertex 10.715869381202488 -10.768194647403213 2.677165354330709
    endloop
  endfacet
  facet normal 0 0 -1
    outer loop
      vertex 10.81459126867882 -10.76090023889551 2.677165354330709
      vertex 10.715869381202488 -10.768194647403213 2.677165354330709
      vertex 10.730208262331843 -10.756427032037044 2.677165354330709
    endloop
  endfacet
  facet normal 0.03271906888179763 -0.9994645879327131 0
    outer loop
      vertex 10.708661417322835 -10.826771653543307 2.677165354330709
      vertex 10.716386196298862 -10.8265187705713 2.677165354330709
      vertex 10.716386196298862 -10.8265187705713 3.0708661417322833
    endloop
  endfacet
  facet normal 0.09801716042946464 -0.9951847246925289 0
    outer loop
      vertex 10.716386196298862 -10.8265187705713 2.677165354330709
      vertex 10.724077896750348 -10.825761204042772 2.677165354330709
      vertex 10.724077896750348 -10.825761204042772 3.0708661417322833
    endloop
  endfacet
  facet normal 0.16289546799449972 -0.9866433329764372 0
    outer loop
      vertex 10.724077896750348 -10.825761204042772 2.677165354330709
      vertex 10.731703581244457 -10.824502198480246 2.677165354330709
      vertex 10.731703581244457 -10.824502198480246 3.0708661417322833
    endloop
  endfacet
  facet normal 0.227076274429973 -0.9738769766202525 0
    outer loop
      vertex 10.731703581244457 -10.824502198480246 2.677165354330709
      vertex 10.739230595998407 -10.822747144701443 2.677165354330709
      vertex 10.739230595998407 -10.822747144701443 3.0708661417322833
    endloop
  endfacet
  facet normal 0.2902846556618544 -0.9569403422822546 0
    outer loop
      vertex 10.739230595998407 -10.822747144701443 2.677165354330709
      vertex 10.746626708451219 -10.82050355869954 2.677165354330709
      vertex 10.746626708451219 -10.82050355869954 3.0708661417322833
    endloop
  endfacet
  facet normal 0.35225006395482306 -0.9359059207227097 0
    outer loop
      vertex 10.746626708451219 -10.82050355869954 2.677165354330709
      vertex 10.753860248062084 -10.817781047030227 2.677165354330709
      vertex 10.753860248062084 -10.817781047030227 3.0708661417322833
    endloop
  endfacet
  facet normal 0.4127070301697171 -0.9108638247556503 0
    outer loop
      vertex 10.753860248062084 -10.817781047030227 2.677165354330709
      vertex 10.76090023889551 -10.81459126867882 2.677165354330709
      vertex 10.76090023889551 -10.81459126867882 3.0708661417322833
    endloop
  endfacet
  facet normal 0 0 -1
    outer loop
      vertex 10.797461394484587 -10.786536907351861 2.677165354330709
      vertex 10.685039370020075 -10.788794602524108 2.677165354330709
      vertex 10.802364567896044 -10.780562373596853 2.677165354330709
    endloop
  endfacet
  facet normal 0 0 -1
    outer loop
      vertex 10.810947882260862 -10.76771653543307 2.677165354330709
      vertex 10.715869381202488 -10.768194647403213 2.677165354330709
      vertex 10.81459126867882 -10.76090023889551 2.677165354330709
    endloop
  endfacet
  facet normal 0 0 -1
    outer loop
      vertex 10.806866489702792 -10.774279948705294 2.677165354330709
      vertex 10.715869381202488 -10.768194647403213 2.677165354330709
      vertex 10.810947882260862 -10.76771653543307 2.677165354330709
    endloop
  endfacet
  facet normal 0 0 -1
    outer loop
      vertex 10.802364567896044 -10.780562373596853 2.677165354330709
      vertex 10.700791562049407 -10.778999259974073 2.677165354330709
      vertex 10.806866489702792 -10.774279948705294 2.677165354330709
    endloop
  endfacet
  facet normal 0.4713967381029383 -0.881921263665816 0
    outer loop
      vertex 10.76090023889551 -10.81459126867882 2.677165354330709
      vertex 10.76771653543307 -10.810947882260862 2.677165354330709
      vertex 10.76771653543307 -10.810947882260862 3.0708661417322833
    endloop
  endfacet
  facet normal 0.5280678423424987 -0.8492021866927439 0
    outer loop
      vertex 10.76771653543307 -10.810947882260862 2.677165354330709
      vertex 10.774279948705294 -10.806866489702792 2.677165354330709
      vertex 10.774279948705294 -10.806866489702792 3.0708661417322833
    endloop
  endfacet
  facet normal 0.5824776793387051 -0.8128466971527881 0
    outer loop
      vertex 10.774279948705294 -10.806866489702792 2.677165354330709
      vertex 10.780562373596853 -10.802364567896044 2.677165354330709
      vertex 10.780562373596853 -10.802364567896044 3.0708661417322833
    endloop
  endfacet
  facet normal 0.6343933053188682 -0.7730104360010939 0
    outer loop
      vertex 10.780562373596853 -10.802364567896044 2.677165354330709
      vertex 10.786536907351861 -10.797461394484587 2.677165354330709
      vertex 10.786536907351861 -10.797461394484587 3.0708661417322833
    endloop
  endfacet
  facet normal 0.6835922938321781 -0.7298640803692568 0
    outer loop
      vertex 10.786536907351861 -10.797461394484587 2.677165354330709
      vertex 10.792177966319201 -10.792177966319201 2.677165354330709
      vertex 10.792177966319201 -10.792177966319201 3.0708661417322833
    endloop
  endfacet
  facet normal 0.7298640803692568 -0.6835922938321781 0
    outer loop
      vertex 10.792177966319201 -10.792177966319201 2.677165354330709
      vertex 10.797461394484587 -10.786536907351861 2.677165354330709
      vertex 10.797461394484587 -10.786536907351861 3.0708661417322833
    endloop
  endfacet
  facet normal 0.7730104360010939 -0.6343933053188682 0
    outer loop
      vertex 10.797461394484587 -10.786536907351861 2.677165354330709
      vertex 10.802364567896044 -10.780562373596853 2.677165354330709
      vertex 10.802364567896044 -10.780562373596853 3.0708661417322833
    endloop
  endfacet
  facet normal 0.8128466971527881 -0.5824776793387051 0
    outer loop
      vertex 10.802364567896044 -10.780562373596853 2.677165354330709
      vertex 10.806866489702792 -10.774279948705294 2.677165354330709
      vertex 10.806866489702792 -10.774279948705294 3.0708661417322833
    endloop
  endfacet
  facet normal 0.8492021866927439 -0.5280678423424987 0
    outer loop
      vertex 10.806866489702792 -10.774279948705294 2.677165354330709
      vertex 10.810947882260862 -10.76771653543307 2.677165354330709
      vertex 10.810947882260862 -10.76771653543307 3.0708661417322833
    endloop
  endfacet
  facet normal 0.881921263665816 -0.4713967381029383 0
    outer loop
      vertex 10.810947882260862 -10.76771653543307 2.677165354330709
      vertex 10.81459126867882 -10.76090023889551 2.677165354330709
      vertex 10.81459126867882 -10.76090023889551 3.0708661417322833
    endloop
  endfacet
  facet normal 0 0 -1
    outer loop
      vertex 10.824502198480246 -10.731703581244457 2.677165354330709
      vertex 10.743746803853455 -10.743746803853455 2.677165354330709
      vertex 10.756427032037044 -10.730208262331843 2.677165354330709
    endloop
  endfacet
  facet normal 0 0 -1
    outer loop
      vertex 10.82050355869954 -10.746626708451219 2.677165354330709
      vertex 10.730208262331843 -10.756427032037044 2.677165354330709
      vertex 10.743746803853455 -10.743746803853455 2.677165354330709
    endloop
  endfacet
  facet normal 0 0 -1
    outer loop
      vertex 10.8265187705713 -10.716386196298862 2.677165354330709
      vertex 10.756427032037044 -10.730208262331843 2.677165354330709
      vertex 10.768194647403213 -10.715869381202488 2.677165354330709
    endloop
  endfacet
  facet normal 0 0 -1
    outer loop
      vertex 10.822747144701443 -10.739230595998407 2.677165354330709
      vertex 10.743746803853455 -10.743746803853455 2.677165354330709
      vertex 10.824502198480246 -10.731703581244457 2.677165354330709
    endloop
  endfacet
  facet normal 0 0 -1
    outer loop
      vertex 10.82050355869954 -10.746626708451219 2.677165354330709
      vertex 10.743746803853455 -10.743746803853455 2.677165354330709
      vertex 10.822747144701443 -10.739230595998407 2.677165354330709
    endloop
  endfacet
  facet normal 0 0 -1
    outer loop
      vertex 10.817781047030227 -10.753860248062084 2.677165354330709
      vertex 10.730208262331843 -10.756427032037044 2.677165354330709
      vertex 10.82050355869954 -10.746626708451219 2.677165354330709
    endloop
  endfacet
  facet normal 0 0 -1
    outer loop
      vertex 10.81459126867882 -10.76090023889551 2.677165354330709
      vertex 10.730208262331843 -10.756427032037044 2.677165354330709
      vertex 10.817781047030227 -10.753860248062084 2.677165354330709
    endloop
  endfacet
  facet normal 0 0 -1
    outer loop
      vertex 10.826771653543307 -10.708661417322835 2.677165354330709
      vertex 10.768194647403213 -10.715869381202488 2.677165354330709
      vertex 10.778999259974073 -10.700791562049407 2.677165354330709
    endloop
  endfacet
  facet normal 0 0 -1
    outer loop
      vertex 10.824502198480246 -10.731703581244457 2.677165354330709
      vertex 10.756427032037044 -10.730208262331843 2.677165354330709
      vertex 10.825761204042772 -10.724077896750348 2.677165354330709
    endloop
  endfacet
  facet normal 0 0 -1
    outer loop
      vertex 10.8265187705713 -10.716386196298862 2.677165354330709
      vertex 10.768194647403213 -10.715869381202488 2.677165354330709
      vertex 10.826771653543307 -10.708661417322835 2.677165354330709
    endloop
  endfacet
  facet normal 0 0 -1
    outer loop
      vertex 10.825761204042772 -10.724077896750348 2.677165354330709
      vertex 10.756427032037044 -10.730208262331843 2.677165354330709
      vertex 10.8265187705713 -10.716386196298862 2.677165354330709
    endloop
  endfacet
  facet normal 0 0 -1
    outer loop
      vertex 10.826771653543307 -10.708661417322835 2.677165354330709
      vertex 10.778999259974073 -10.700791562049407 2.677165354330709
      vertex 10.788794602524108 -10.685039370020075 2.677165354330709
    endloop
  endfacet
  facet normal 0 0 -1
    outer loop
      vertex 10.826771653543307 -10.708661417322835 2.677165354330709
      vertex 10.788794602524108 -10.685039370020075 2.677165354330709
      vertex 10.797538729751205 -10.668680258388594 2.677165354330709
    endloop
  endfacet
  facet normal 0 0 -1
    outer loop
      vertex 10.826771653543307 -10.708661417322835 2.677165354330709
      vertex 10.797538729751205 -10.668680258388594 2.677165354330709
      vertex 10.805194198087914 -10.651784279919045 2.677165354330709
    endloop
  endfacet
  facet normal 0 0 -1
    outer loop
      vertex 10.826771653543307 -10.708661417322835 2.677165354330709
      vertex 10.805194198087914 -10.651784279919045 2.677165354330709
      vertex 10.81172822556627 -10.634423785322294 2.677165354330709
    endloop
  endfacet
  facet normal 0.9108638247556503 -0.4127070301697171 0
    outer loop
      vertex 10.81459126867882 -10.76090023889551 2.677165354330709
      vertex 10.817781047030227 -10.753860248062084 2.677165354330709
      vertex 10.817781047030227 -10.753860248062084 3.0708661417322833
    endloop
  endfacet
  facet normal 0.9359059207227097 -0.35225006395482306 0
    outer loop
      vertex 10.817781047030227 -10.753860248062084 2.677165354330709
      vertex 10.82050355869954 -10.746626708451219 2.677165354330709
      vertex 10.82050355869954 -10.746626708451219 3.0708661417322833
    endloop
  endfacet
  facet normal 0.9569403422822546 -0.2902846556618544 0
    outer loop
      vertex 10.82050355869954 -10.746626708451219 2.677165354330709
      vertex 10.822747144701443 -10.739230595998407 2.677165354330709
      vertex 10.822747144701443 -10.739230595998407 3.0708661417322833
    endloop
  endfacet
  facet normal 0.9738769766202525 -0.227076274429973 0
    outer loop
      vertex 10.822747144701443 -10.739230595998407 2.677165354330709
      vertex 10.824502198480246 -10.731703581244457 2.677165354330709
      vertex 10.824502198480246 -10.731703581244457 3.0708661417322833
    endloop
  endfacet
  facet normal 0.9866433329764372 -0.16289546799449972 0
    outer loop
      vertex 10.824502198480246 -10.731703581244457 2.677165354330709
      vertex 10.825761204042772 -10.724077896750348 2.677165354330709
      vertex 10.825761204042772 -10.724077896750348 3.0708661417322833
    endloop
  endfacet
  facet normal 0.9951847246925289 -0.09801716042946464 0
    outer loop
      vertex 10.825761204042772 -10.724077896750348 2.677165354330709
      vertex 10.8265187705713 -10.716386196298862 2.677165354330709
      vertex 10.8265187705713 -10.716386196298862 3.0708661417322833
    endloop
  endfacet
  facet normal 0.9994645879327131 -0.03271906888179763 0
    outer loop
      vertex 10.8265187705713 -10.716386196298862 2.677165354330709
      vertex 10.826771653543307 -10.708661417322835 2.677165354330709
      vertex 10.826771653543307 -10.708661417322835 3.0708661417322833
    endloop
  endfacet
  facet normal 0 0 -1
    outer loop
      vertex 10.826771653543307 -10.708661417322835 2.677165354330709
      vertex 10.81172822556627 -10.634423785322294 2.677165354330709
      vertex 10.817112832616164 -10.61667311496622 2.677165354330709
    endloop
  endfacet
  facet normal 0 0 -1
    outer loop
      vertex 10.826771653543307 -10.708661417322835 2.677165354330709
      vertex 10.817112832616164 -10.61667311496622 2.677165354330709
      vertex 10.821324961157295 -10.598608280026069 2.677165354330709
    endloop
  endfacet
  facet normal 0 0 -1
    outer loop
      vertex 10.826771653543307 -10.708661417322835 2.677165354330709
      vertex 10.824346574624693 -10.580306637181542 2.677165354330709
      vertex 10.82616473394116 -10.56184655627397 2.677165354330709
    endloop
  endfacet
  facet normal 0 0 -1
    outer loop
      vertex 10.826771653543307 -10.708661417322835 2.677165354330709
      vertex 10.821324961157295 -10.598608280026069 2.677165354330709
      vertex 10.824346574624693 -10.580306637181542 2.677165354330709
    endloop
  endfacet
  facet normal 0 0 -1
    outer loop
      vertex 10.826771653543307 -10.708661417322835 2.677165354330709
      vertex 10.82616473394116 -10.56184655627397 2.677165354330709
      vertex 10.826771653543307 -10.54330708649684 2.677165354330709
    endloop
  endfacet
  facet normal 0.03271906888179763 -0.9994645879327131 0
    outer loop
      vertex 10.708661417322835 -10.826771653543307 2.677165354330709
      vertex 10.716386196298862 -10.8265187705713 3.0708661417322833
      vertex 10.708661417322835 -10.826771653543307 3.0708661417322833
    endloop
  endfacet
  facet normal 0.09801716042946464 -0.9951847246925289 0
    outer loop
      vertex 10.716386196298862 -10.8265187705713 2.677165354330709
      vertex 10.724077896750348 -10.825761204042772 3.0708661417322833
      vertex 10.716386196298862 -10.8265187705713 3.0708661417322833
    endloop
  endfacet
  facet normal 0.16289546799449972 -0.9866433329764372 0
    outer loop
      vertex 10.724077896750348 -10.825761204042772 2.677165354330709
      vertex 10.731703581244457 -10.824502198480246 3.0708661417322833
      vertex 10.724077896750348 -10.825761204042772 3.0708661417322833
    endloop
  endfacet
  facet normal 0.227076274429973 -0.9738769766202525 0
    outer loop
      vertex 10.731703581244457 -10.824502198480246 2.677165354330709
      vertex 10.739230595998407 -10.822747144701443 3.0708661417322833
      vertex 10.731703581244457 -10.824502198480246 3.0708661417322833
    endloop
  endfacet
  facet normal 0.2902846556618544 -0.9569403422822546 0
    outer loop
      vertex 10.739230595998407 -10.822747144701443 2.677165354330709
      vertex 10.746626708451219 -10.82050355869954 3.0708661417322833
      vertex 10.739230595998407 -10.822747144701443 3.0708661417322833
    endloop
  endfacet
  facet normal 0.35225006395482306 -0.9359059207227097 0
    outer loop
      vertex 10.746626708451219 -10.82050355869954 2.677165354330709
      vertex 10.753860248062084 -10.817781047030227 3.0708661417322833
      vertex 10.746626708451219 -10.82050355869954 3.0708661417322833
    endloop
  endfacet
  facet normal 0.4127070301697171 -0.9108638247556503 0
    outer loop
      vertex 10.753860248062084 -10.817781047030227 2.677165354330709
      vertex 10.76090023889551 -10.81459126867882 3.0708661417322833
      vertex 10.753860248062084 -10.817781047030227 3.0708661417322833
    endloop
  endfacet
  facet normal 0 0 1
    outer loop
      vertex 10.708661417322835 -10.826771653543307 3.0708661417322833
      vertex 10.739230595998407 -10.822747144701443 3.0708661417322833
      vertex 10.746626708451219 -10.82050355869954 3.0708661417322833
    endloop
  endfacet
  facet normal 0 0 1
    outer loop
      vertex 10.708661417322835 -10.826771653543307 3.0708661417322833
      vertex 10.731703581244457 -10.824502198480246 3.0708661417322833
      vertex 10.739230595998407 -10.822747144701443 3.0708661417322833
    endloop
  endfacet
  facet normal 0 0 1
    outer loop
      vertex 10.708661417322835 -10.826771653543307 3.0708661417322833
      vertex 10.724077896750348 -10.825761204042772 3.0708661417322833
      vertex 10.731703581244457 -10.824502198480246 3.0708661417322833
    endloop
  endfacet
  facet normal 0 0 1
    outer loop
      vertex 10.708661417322835 -10.826771653543307 3.0708661417322833
      vertex 10.716386196298862 -10.8265187705713 3.0708661417322833
      vertex 10.724077896750348 -10.825761204042772 3.0708661417322833
    endloop
  endfacet
  facet normal 0 0 1
    outer loop
      vertex 10.708661417322835 -10.826771653543307 3.0708661417322833
      vertex 10.746626708451219 -10.82050355869954 3.0708661417322833
      vertex 10.753860248062084 -10.817781047030227 3.0708661417322833
    endloop
  endfacet
  facet normal 0 0 1
    outer loop
      vertex 10.708661417322835 -10.826771653543307 3.0708661417322833
      vertex 10.76090023889551 -10.81459126867882 3.0708661417322833
      vertex 10.76771653543307 -10.810947882260862 3.0708661417322833
    endloop
  endfacet
  facet normal 0 0 1
    outer loop
      vertex 10.708661417322835 -10.826771653543307 3.0708661417322833
      vertex 10.753860248062084 -10.817781047030227 3.0708661417322833
      vertex 10.76090023889551 -10.81459126867882 3.0708661417322833
    endloop
  endfacet
  facet normal 0 0 1
    outer loop
      vertex 10.708661417322835 -10.826771653543307 3.0708661417322833
      vertex 10.774279948705294 -10.806866489702792 3.0708661417322833
      vertex 10.780562373596853 -10.802364567896044 3.0708661417322833
    endloop
  endfacet
  facet normal 0 0 1
    outer loop
      vertex 10.708661417322835 -10.826771653543307 3.0708661417322833
      vertex 10.76771653543307 -10.810947882260862 3.0708661417322833
      vertex 10.774279948705294 -10.806866489702792 3.0708661417322833
    endloop
  endfacet
  facet normal 0 0 1
    outer loop
      vertex 10.708661417322835 -10.826771653543307 3.0708661417322833
      vertex 10.780562373596853 -10.802364567896044 3.0708661417322833
      vertex 10.786536907351861 -10.797461394484587 3.0708661417322833
    endloop
  endfacet
  facet normal 0.4713967381029383 -0.881921263665816 0
    outer loop
      vertex 10.76090023889551 -10.81459126867882 2.677165354330709
      vertex 10.76771653543307 -10.810947882260862 3.0708661417322833
      vertex 10.76090023889551 -10.81459126867882 3.0708661417322833
    endloop
  endfacet
  facet normal 0.5280678423424987 -0.8492021866927439 0
    outer loop
      vertex 10.76771653543307 -10.810947882260862 2.677165354330709
      vertex 10.774279948705294 -10.806866489702792 3.0708661417322833
      vertex 10.76771653543307 -10.810947882260862 3.0708661417322833
    endloop
  endfacet
  facet normal 0.5824776793387051 -0.8128466971527881 0
    outer loop
      vertex 10.774279948705294 -10.806866489702792 2.677165354330709
      vertex 10.780562373596853 -10.802364567896044 3.0708661417322833
      vertex 10.774279948705294 -10.806866489702792 3.0708661417322833
    endloop
  endfacet
  facet normal 0.6343933053188682 -0.7730104360010939 0
    outer loop
      vertex 10.780562373596853 -10.802364567896044 2.677165354330709
      vertex 10.786536907351861 -10.797461394484587 3.0708661417322833
      vertex 10.780562373596853 -10.802364567896044 3.0708661417322833
    endloop
  endfacet
  facet normal 0.6835922938321781 -0.7298640803692568 0
    outer loop
      vertex 10.786536907351861 -10.797461394484587 2.677165354330709
      vertex 10.792177966319201 -10.792177966319201 3.0708661417322833
      vertex 10.786536907351861 -10.797461394484587 3.0708661417322833
    endloop
  endfacet
  facet normal 0.7298640803692568 -0.6835922938321781 0
    outer loop
      vertex 10.792177966319201 -10.792177966319201 2.677165354330709
      vertex 10.797461394484587 -10.786536907351861 3.0708661417322833
      vertex 10.792177966319201 -10.792177966319201 3.0708661417322833
    endloop
  endfacet
  facet normal 0.7730104360010939 -0.6343933053188682 0
    outer loop
      vertex 10.797461394484587 -10.786536907351861 2.677165354330709
      vertex 10.802364567896044 -10.780562373596853 3.0708661417322833
      vertex 10.797461394484587 -10.786536907351861 3.0708661417322833
    endloop
  endfacet
  facet normal 0.8128466971527881 -0.5824776793387051 0
    outer loop
      vertex 10.802364567896044 -10.780562373596853 2.677165354330709
      vertex 10.806866489702792 -10.774279948705294 3.0708661417322833
      vertex 10.802364567896044 -10.780562373596853 3.0708661417322833
    endloop
  endfacet
  facet normal 0.8492021866927439 -0.5280678423424987 0
    outer loop
      vertex 10.806866489702792 -10.774279948705294 2.677165354330709
      vertex 10.810947882260862 -10.76771653543307 3.0708661417322833
      vertex 10.806866489702792 -10.774279948705294 3.0708661417322833
    endloop
  endfacet
  facet normal 0.881921263665816 -0.4713967381029383 0
    outer loop
      vertex 10.810947882260862 -10.76771653543307 2.677165354330709
      vertex 10.81459126867882 -10.76090023889551 3.0708661417322833
      vertex 10.810947882260862 -10.76771653543307 3.0708661417322833
    endloop
  endfacet
  facet normal 0 0 1
    outer loop
      vertex 10.708661417322835 -10.826771653543307 3.0708661417322833
      vertex 10.792177966319201 -10.792177966319201 3.0708661417322833
      vertex 10.797461394484587 -10.786536907351861 3.0708661417322833
    endloop
  endfacet
  facet normal 0 0 1
    outer loop
      vertex 10.708661417322835 -10.826771653543307 3.0708661417322833
      vertex 10.786536907351861 -10.797461394484587 3.0708661417322833
      vertex 10.792177966319201 -10.792177966319201 3.0708661417322833
    endloop
  endfacet
  facet normal 0 0 1
    outer loop
      vertex 10.708661417322835 -10.826771653543307 3.0708661417322833
      vertex 10.802364567896044 -10.780562373596853 3.0708661417322833
      vertex 10.806866489702792 -10.774279948705294 3.0708661417322833
    endloop
  endfacet
  facet normal 0 0 1
    outer loop
      vertex 10.708661417322835 -10.826771653543307 3.0708661417322833
      vertex 10.797461394484587 -10.786536907351861 3.0708661417322833
      vertex 10.802364567896044 -10.780562373596853 3.0708661417322833
    endloop
  endfacet
  facet normal 0 0 1
    outer loop
      vertex 10.708661417322835 -10.826771653543307 3.0708661417322833
      vertex 10.810947882260862 -10.76771653543307 3.0708661417322833
      vertex 10.81459126867882 -10.76090023889551 3.0708661417322833
    endloop
  endfacet
  facet normal 0 0 1
    outer loop
      vertex 10.708661417322835 -10.826771653543307 3.0708661417322833
      vertex 10.806866489702792 -10.774279948705294 3.0708661417322833
      vertex 10.810947882260862 -10.76771653543307 3.0708661417322833
    endloop
  endfacet
  facet normal 0 0 1
    outer loop
      vertex 10.708661417322835 -10.826771653543307 3.0708661417322833
      vertex 10.82050355869954 -10.746626708451219 3.0708661417322833
      vertex 10.822747144701443 -10.739230595998407 3.0708661417322833
    endloop
  endfacet
  facet normal 0 0 1
    outer loop
      vertex 10.708661417322835 -10.826771653543307 3.0708661417322833
      vertex 10.817781047030227 -10.753860248062084 3.0708661417322833
      vertex 10.82050355869954 -10.746626708451219 3.0708661417322833
    endloop
  endfacet
  facet normal 0 0 1
    outer loop
      vertex 10.708661417322835 -10.826771653543307 3.0708661417322833
      vertex 10.81459126867882 -10.76090023889551 3.0708661417322833
      vertex 10.817781047030227 -10.753860248062084 3.0708661417322833
    endloop
  endfacet
  facet normal 0 0 1
    outer loop
      vertex 10.708661417322835 -10.826771653543307 3.0708661417322833
      vertex 10.824502198480246 -10.731703581244457 3.0708661417322833
      vertex 10.825761204042772 -10.724077896750348 3.0708661417322833
    endloop
  endfacet
  facet normal 0 0 1
    outer loop
      vertex 10.708661417322835 -10.826771653543307 3.0708661417322833
      vertex 10.822747144701443 -10.739230595998407 3.0708661417322833
      vertex 10.824502198480246 -10.731703581244457 3.0708661417322833
    endloop
  endfacet
  facet normal 0.9108638247556503 -0.4127070301697171 0
    outer loop
      vertex 10.81459126867882 -10.76090023889551 2.677165354330709
      vertex 10.817781047030227 -10.753860248062084 3.0708661417322833
      vertex 10.81459126867882 -10.76090023889551 3.0708661417322833
    endloop
  endfacet
  facet normal 0.9359059207227097 -0.35225006395482306 0
    outer loop
      vertex 10.817781047030227 -10.753860248062084 2.677165354330709
      vertex 10.82050355869954 -10.746626708451219 3.0708661417322833
      vertex 10.817781047030227 -10.753860248062084 3.0708661417322833
    endloop
  endfacet
  facet normal 0.9569403422822546 -0.2902846556618544 0
    outer loop
      vertex 10.82050355869954 -10.746626708451219 2.677165354330709
      vertex 10.822747144701443 -10.739230595998407 3.0708661417322833
      vertex 10.82050355869954 -10.746626708451219 3.0708661417322833
    endloop
  endfacet
  facet normal 0.9738769766202525 -0.227076274429973 0
    outer loop
      vertex 10.822747144701443 -10.739230595998407 2.677165354330709
      vertex 10.824502198480246 -10.731703581244457 3.0708661417322833
      vertex 10.822747144701443 -10.739230595998407 3.0708661417322833
    endloop
  endfacet
  facet normal 0.9866433329764372 -0.16289546799449972 0
    outer loop
      vertex 10.824502198480246 -10.731703581244457 2.677165354330709
      vertex 10.825761204042772 -10.724077896750348 3.0708661417322833
      vertex 10.824502198480246 -10.731703581244457 3.0708661417322833
    endloop
  endfacet
  facet normal 0.9951847246925289 -0.09801716042946464 0
    outer loop
      vertex 10.825761204042772 -10.724077896750348 2.677165354330709
      vertex 10.8265187705713 -10.716386196298862 3.0708661417322833
      vertex 10.825761204042772 -10.724077896750348 3.0708661417322833
    endloop
  endfacet
  facet normal 0.9994645879327131 -0.03271906888179763 0
    outer loop
      vertex 10.8265187705713 -10.716386196298862 2.677165354330709
      vertex 10.826771653543307 -10.708661417322835 3.0708661417322833
      vertex 10.8265187705713 -10.716386196298862 3.0708661417322833
    endloop
  endfacet
  facet normal 0 0 1
    outer loop
      vertex 10.708661417322835 -10.826771653543307 3.0708661417322833
      vertex 10.8265187705713 -10.716386196298862 3.0708661417322833
      vertex 10.826771653543307 -10.708661417322835 3.0708661417322833
    endloop
  endfacet
  facet normal 0 0 1
    outer loop
      vertex 10.708661417322835 -10.826771653543307 3.0708661417322833
      vertex 10.825761204042772 -10.724077896750348 3.0708661417322833
      vertex 10.8265187705713 -10.716386196298862 3.0708661417322833
    endloop
  endfacet
  facet normal 0 0 -1
    outer loop
      vertex 12.519685039370078 -12.992125984251969 2.677165354330709
      vertex 12.581350957080135 -12.98808418654316 2.677165354330709
      vertex 12.550584155567519 -12.991114451777278 2.677165354330709
    endloop
  endfacet
  facet normal -0.03271906888179764 0.9994645879327132 0
    outer loop
      vertex 12.5 -12.618110236220472 2.677165354330709
      vertex 12.5 -12.618110236220472 3.1102362204724407
      vertex 12.507724778976026 -12.617857353248464 2.677165354330709
    endloop
  endfacet
  facet normal -0.09801716042921459 0.9951847246925535 0
    outer loop
      vertex 12.507724778976026 -12.617857353248464 2.677165354330709
      vertex 12.507724778976026 -12.617857353248464 3.1102362204724407
      vertex 12.515416479427515 -12.617099786719939 2.677165354330709
    endloop
  endfacet
  facet normal -0.16289546799472346 0.9866433329764003 0
    outer loop
      vertex 12.515416479427515 -12.617099786719939 2.677165354330709
      vertex 12.515416479427515 -12.617099786719939 3.1102362204724407
      vertex 12.523042163921623 -12.615840781157411 2.677165354330709
    endloop
  endfacet
  facet normal -0.22707627443002382 0.9738769766202405 0
    outer loop
      vertex 12.523042163921623 -12.615840781157411 2.677165354330709
      vertex 12.523042163921623 -12.615840781157411 3.1102362204724407
      vertex 12.530569178675572 -12.614085727378608 2.677165354330709
    endloop
  endfacet
  facet normal -0.29028465566185435 0.9569403422822546 0
    outer loop
      vertex 12.530569178675572 -12.614085727378608 2.677165354330709
      vertex 12.530569178675572 -12.614085727378608 3.1102362204724407
      vertex 12.537965291128383 -12.611842141376705 2.677165354330709
    endloop
  endfacet
  facet normal -0.35225006395474734 0.9359059207227383 0
    outer loop
      vertex 12.537965291128383 -12.611842141376705 2.677165354330709
      vertex 12.537965291128383 -12.611842141376705 3.1102362204724407
      vertex 12.54519883073925 -12.609119629707392 2.677165354330709
    endloop
  endfacet
  facet normal -0.4127070301698035 0.9108638247556112 0
    outer loop
      vertex 12.54519883073925 -12.609119629707392 2.677165354330709
      vertex 12.54519883073925 -12.609119629707392 3.1102362204724407
      vertex 12.552238821572676 -12.605929851355985 2.677165354330709
    endloop
  endfacet
  facet normal -0.47139673810275956 0.8819212636659116 0
    outer loop
      vertex 12.552238821572676 -12.605929851355985 2.677165354330709
      vertex 12.552238821572676 -12.605929851355985 3.1102362204724407
      vertex 12.559055118110235 -12.602286464938029 2.677165354330709
    endloop
  endfacet
  facet normal -0.5280678423426645 0.8492021866926409 0
    outer loop
      vertex 12.559055118110235 -12.602286464938029 2.677165354330709
      vertex 12.559055118110235 -12.602286464938029 3.1102362204724407
      vertex 12.565618531382459 -12.598205072379956 2.677165354330709
    endloop
  endfacet
  facet normal -0.5824776793387052 0.8128466971527882 0
    outer loop
      vertex 12.565618531382459 -12.598205072379956 2.677165354330709
      vertex 12.565618531382459 -12.598205072379956 3.1102362204724407
      vertex 12.571900956274018 -12.593703150573209 2.677165354330709
    endloop
  endfacet
  facet normal -0.6343933053187555 0.7730104360011864 0
    outer loop
      vertex 12.571900956274018 -12.593703150573209 2.677165354330709
      vertex 12.571900956274018 -12.593703150573209 3.1102362204724407
      vertex 12.577875490029028 -12.588799977161752 2.677165354330709
    endloop
  endfacet
  facet normal -0.6835922938322928 0.7298640803691494 0
    outer loop
      vertex 12.577875490029028 -12.588799977161752 2.677165354330709
      vertex 12.577875490029028 -12.588799977161752 3.1102362204724407
      vertex 12.583516548996366 -12.583516548996366 2.677165354330709
    endloop
  endfacet
  facet normal -0.7298640803691494 0.6835922938322928 0
    outer loop
      vertex 12.583516548996366 -12.583516548996366 2.677165354330709
      vertex 12.583516548996366 -12.583516548996366 3.1102362204724407
      vertex 12.588799977161752 -12.577875490029028 2.677165354330709
    endloop
  endfacet
  facet normal 0 0 -1
    outer loop
      vertex 12.5 -12.618110236220472 2.677165354330709
      vertex 12.507724778976026 -12.617857353248464 2.677165354330709
      vertex 12.976027949471174 -12.64196175348571 2.677165354330709
    endloop
  endfacet
  facet normal 0 0 -1
    outer loop
      vertex 12.507724778976026 -12.617857353248464 2.677165354330709
      vertex 12.515416479427515 -12.617099786719939 2.677165354330709
      vertex 12.976027949471174 -12.64196175348571 2.677165354330709
    endloop
  endfacet
  facet normal 0 0 -1
    outer loop
      vertex 12.515416479427515 -12.617099786719939 2.677165354330709
      vertex 12.523042163921623 -12.615840781157411 2.677165354330709
      vertex 12.976027949471174 -12.64196175348571 2.677165354330709
    endloop
  endfacet
  facet normal 0 0 -1
    outer loop
      vertex 12.523042163921623 -12.615840781157411 2.677165354330709
      vertex 12.530569178675572 -12.614085727378608 2.677165354330709
      vertex 12.976027949471174 -12.64196175348571 2.677165354330709
    endloop
  endfacet
  facet normal 0 0 -1
    outer loop
      vertex 12.530569178675572 -12.614085727378608 2.677165354330709
      vertex 12.537965291128383 -12.611842141376705 2.677165354330709
      vertex 12.976027949471174 -12.64196175348571 2.677165354330709
    endloop
  endfacet
  facet normal 0 0 -1
    outer loop
      vertex 12.537965291128383 -12.611842141376705 2.677165354330709
      vertex 12.54519883073925 -12.609119629707392 2.677165354330709
      vertex 12.983048163999722 -12.6118536953499 2.677165354330709
    endloop
  endfacet
  facet normal 0 0 -1
    outer loop
      vertex 12.54519883073925 -12.609119629707392 2.677165354330709
      vertex 12.552238821572676 -12.605929851355985 2.677165354330709
      vertex 12.983048163999722 -12.6118536953499 2.677165354330709
    endloop
  endfacet
  facet normal 0 0 -1
    outer loop
      vertex 12.552238821572676 -12.605929851355985 2.677165354330709
      vertex 12.559055118110235 -12.602286464938029 2.677165354330709
      vertex 12.983048163999722 -12.6118536953499 2.677165354330709
    endloop
  endfacet
  facet normal 0 0 -1
    outer loop
      vertex 12.559055118110235 -12.602286464938029 2.677165354330709
      vertex 12.565618531382459 -12.598205072379956 2.677165354330709
      vertex 12.983048163999722 -12.6118536953499 2.677165354330709
    endloop
  endfacet
  facet normal 0 0 -1
    outer loop
      vertex 12.565618531382459 -12.598205072379956 2.677165354330709
      vertex 12.571900956274018 -12.593703150573209 2.677165354330709
      vertex 12.983048163999722 -12.6118536953499 2.677165354330709
    endloop
  endfacet
  facet normal 0 0 -1
    outer loop
      vertex 12.571900956274018 -12.593703150573209 2.677165354330709
      vertex 12.577875490029028 -12.588799977161752 2.677165354330709
      vertex 12.983048163999722 -12.6118536953499 2.677165354330709
    endloop
  endfacet
  facet normal 0 0 -1
    outer loop
      vertex 12.577875490029028 -12.588799977161752 2.677165354330709
      vertex 12.583516548996366 -12.583516548996366 2.677165354330709
      vertex 12.983048163999722 -12.6118536953499 2.677165354330709
    endloop
  endfacet
  facet normal 0 0 -1
    outer loop
      vertex 12.583516548996366 -12.583516548996366 2.677165354330709
      vertex 12.588799977161752 -12.577875490029028 2.677165354330709
      vertex 12.983048163999722 -12.6118536953499 2.677165354330709
    endloop
  endfacet
  facet normal 0 0 -1
    outer loop
      vertex 12.537965291128383 -12.611842141376705 2.677165354330709
      vertex 12.983048163999722 -12.6118536953499 2.677165354330709
      vertex 12.976027949471174 -12.64196175348571 2.677165354330709
    endloop
  endfacet
  facet normal 0 0 -1
    outer loop
      vertex 12.983048163999722 -12.6118536953499 2.677165354330709
      vertex 12.588799977161752 -12.577875490029028 2.677165354330709
      vertex 12.98808418654316 -12.581350957080135 2.677165354330709
    endloop
  endfacet
  facet normal -0.7730104360011864 0.6343933053187555 0
    outer loop
      vertex 12.588799977161752 -12.577875490029028 2.677165354330709
      vertex 12.588799977161752 -12.577875490029028 3.1102362204724407
      vertex 12.593703150573209 -12.571900956274018 2.677165354330709
    endloop
  endfacet
  facet normal -0.8128466971527882 0.5824776793387052 0
    outer loop
      vertex 12.593703150573209 -12.571900956274018 2.677165354330709
      vertex 12.593703150573209 -12.571900956274018 3.1102362204724407
      vertex 12.598205072379956 -12.565618531382459 2.677165354330709
    endloop
  endfacet
  facet normal -0.8492021866926409 0.5280678423426645 0
    outer loop
      vertex 12.598205072379956 -12.565618531382459 2.677165354330709
      vertex 12.598205072379956 -12.565618531382459 3.1102362204724407
      vertex 12.602286464938029 -12.559055118110235 2.677165354330709
    endloop
  endfacet
  facet normal -0.8819212636659116 0.47139673810275956 0
    outer loop
      vertex 12.602286464938029 -12.559055118110235 2.677165354330709
      vertex 12.602286464938029 -12.559055118110235 3.1102362204724407
      vertex 12.605929851355985 -12.552238821572676 2.677165354330709
    endloop
  endfacet
  facet normal -0.9108638247556112 0.4127070301698035 0
    outer loop
      vertex 12.605929851355985 -12.552238821572676 2.677165354330709
      vertex 12.605929851355985 -12.552238821572676 3.1102362204724407
      vertex 12.609119629707392 -12.54519883073925 2.677165354330709
    endloop
  endfacet
  facet normal -0.9359059207227383 0.35225006395474734 0
    outer loop
      vertex 12.609119629707392 -12.54519883073925 2.677165354330709
      vertex 12.609119629707392 -12.54519883073925 3.1102362204724407
      vertex 12.611842141376705 -12.537965291128383 2.677165354330709
    endloop
  endfacet
  facet normal -0.9569403422822546 0.29028465566185435 0
    outer loop
      vertex 12.611842141376705 -12.537965291128383 2.677165354330709
      vertex 12.611842141376705 -12.537965291128383 3.1102362204724407
      vertex 12.614085727378608 -12.530569178675572 2.677165354330709
    endloop
  endfacet
  facet normal -0.9738769766202405 0.22707627443002382 0
    outer loop
      vertex 12.614085727378608 -12.530569178675572 2.677165354330709
      vertex 12.614085727378608 -12.530569178675572 3.1102362204724407
      vertex 12.615840781157411 -12.523042163921623 2.677165354330709
    endloop
  endfacet
  facet normal -0.9866433329764003 0.16289546799472346 0
    outer loop
      vertex 12.615840781157411 -12.523042163921623 2.677165354330709
      vertex 12.615840781157411 -12.523042163921623 3.1102362204724407
      vertex 12.617099786719939 -12.515416479427515 2.677165354330709
    endloop
  endfacet
  facet normal -0.9951847246925535 0.09801716042921459 0
    outer loop
      vertex 12.617099786719939 -12.515416479427515 2.677165354330709
      vertex 12.617099786719939 -12.515416479427515 3.1102362204724407
      vertex 12.617857353248464 -12.507724778976026 2.677165354330709
    endloop
  endfacet
  facet normal -0.9994645879327132 0.03271906888179764 0
    outer loop
      vertex 12.617857353248464 -12.507724778976026 2.677165354330709
      vertex 12.617857353248464 -12.507724778976026 3.1102362204724407
      vertex 12.618110236220472 -12.5 2.677165354330709
    endloop
  endfacet
  facet normal 0 0 -1
    outer loop
      vertex 12.588799977161752 -12.577875490029028 2.677165354330709
      vertex 12.593703150573209 -12.571900956274018 2.677165354330709
      vertex 12.98808418654316 -12.581350957080135 2.677165354330709
    endloop
  endfacet
  facet normal 0 0 -1
    outer loop
      vertex 12.593703150573209 -12.571900956274018 2.677165354330709
      vertex 12.598205072379956 -12.565618531382459 2.677165354330709
      vertex 12.98808418654316 -12.581350957080135 2.677165354330709
    endloop
  endfacet
  facet normal 0 0 -1
    outer loop
      vertex 12.598205072379956 -12.565618531382459 2.677165354330709
      vertex 12.602286464938029 -12.559055118110235 2.677165354330709
      vertex 12.98808418654316 -12.581350957080135 2.677165354330709
    endloop
  endfacet
  facet normal 0 0 -1
    outer loop
      vertex 12.602286464938029 -12.559055118110235 2.677165354330709
      vertex 12.605929851355985 -12.552238821572676 2.677165354330709
      vertex 12.98808418654316 -12.581350957080135 2.677165354330709
    endloop
  endfacet
  facet normal 0 0 -1
    outer loop
      vertex 12.605929851355985 -12.552238821572676 2.677165354330709
      vertex 12.609119629707392 -12.54519883073925 2.677165354330709
      vertex 12.98808418654316 -12.581350957080135 2.677165354330709
    endloop
  endfacet
  facet normal 0 0 -1
    outer loop
      vertex 12.609119629707392 -12.54519883073925 2.677165354330709
      vertex 12.611842141376705 -12.537965291128383 2.677165354330709
      vertex 12.991114451777278 -12.550584155567519 2.677165354330709
    endloop
  endfacet
  facet normal 0 0 -1
    outer loop
      vertex 12.611842141376705 -12.537965291128383 2.677165354330709
      vertex 12.614085727378608 -12.530569178675572 2.677165354330709
      vertex 12.991114451777278 -12.550584155567519 2.677165354330709
    endloop
  endfacet
  facet normal 0 0 -1
    outer loop
      vertex 12.614085727378608 -12.530569178675572 2.677165354330709
      vertex 12.615840781157411 -12.523042163921623 2.677165354330709
      vertex 12.991114451777278 -12.550584155567519 2.677165354330709
    endloop
  endfacet
  facet normal 0 0 -1
    outer loop
      vertex 12.615840781157411 -12.523042163921623 2.677165354330709
      vertex 12.617099786719939 -12.515416479427515 2.677165354330709
      vertex 12.991114451777278 -12.550584155567519 2.677165354330709
    endloop
  endfacet
  facet normal 0 0 -1
    outer loop
      vertex 12.617099786719939 -12.515416479427515 2.677165354330709
      vertex 12.617857353248464 -12.507724778976026 2.677165354330709
      vertex 12.992125984251969 -12.519685039370078 2.677165354330709
    endloop
  endfacet
  facet normal 0 0 -1
    outer loop
      vertex 12.617857353248464 -12.507724778976026 2.677165354330709
      vertex 12.618110236220472 -12.5 2.677165354330709
      vertex 12.992125984251969 -12.519685039370078 2.677165354330709
    endloop
  endfacet
  facet normal 0 0 -1
    outer loop
      vertex 12.609119629707392 -12.54519883073925 2.677165354330709
      vertex 12.991114451777278 -12.550584155567519 2.677165354330709
      vertex 12.98808418654316 -12.581350957080135 2.677165354330709
    endloop
  endfacet
  facet normal 0 0 -1
    outer loop
      vertex 12.617099786719939 -12.515416479427515 2.677165354330709
      vertex 12.992125984251969 -12.519685039370078 2.677165354330709
      vertex 12.991114451777278 -12.550584155567519 2.677165354330709
    endloop
  endfacet
  facet normal 0 0 -1
    outer loop
      vertex 12.125984251968504 -12.598425196850393 3.1102362204724407
      vertex 12.156883368165943 -12.597413664375702 3.1102362204724407
      vertex 12.565618531382459 -12.598205072379956 3.1102362204724407
    endloop
  endfacet
  facet normal 0 0 -1
    outer loop
      vertex 12.156883368165943 -12.597413664375702 3.1102362204724407
      vertex 12.18765016967856 -12.594383399141586 3.1102362204724407
      vertex 12.565618531382459 -12.598205072379956 3.1102362204724407
    endloop
  endfacet
  facet normal 0 0 -1
    outer loop
      vertex 12.18765016967856 -12.594383399141586 3.1102362204724407
      vertex 12.218152907948324 -12.589347376598148 3.1102362204724407
      vertex 12.571900956274018 -12.593703150573209 3.1102362204724407
    endloop
  endfacet
  facet normal 0 0 -1
    outer loop
      vertex 12.125984251968504 -12.598425196850393 3.1102362204724407
      vertex 12.565618531382459 -12.598205072379956 3.1102362204724407
      vertex 12.559055118110235 -12.602286464938029 3.1102362204724407
    endloop
  endfacet
  facet normal 0 0 -1
    outer loop
      vertex 12.18765016967856 -12.594383399141586 3.1102362204724407
      vertex 12.571900956274018 -12.593703150573209 3.1102362204724407
      vertex 12.565618531382459 -12.598205072379956 3.1102362204724407
    endloop
  endfacet
  facet normal 0 0 -1
    outer loop
      vertex 12.218152907948324 -12.589347376598148 3.1102362204724407
      vertex 12.577875490029028 -12.588799977161752 3.1102362204724407
      vertex 12.571900956274018 -12.593703150573209 3.1102362204724407
    endloop
  endfacet
  facet normal 0 0 -1
    outer loop
      vertex 12.218152907948324 -12.589347376598148 3.1102362204724407
      vertex 12.583516548996366 -12.583516548996366 3.1102362204724407
      vertex 12.577875490029028 -12.588799977161752 3.1102362204724407
    endloop
  endfacet
  facet normal -0.03271906888179764 0.9994645879327132 0
    outer loop
      vertex 12.507724778976026 -12.617857353248464 2.677165354330709
      vertex 12.5 -12.618110236220472 3.1102362204724407
      vertex 12.507724778976026 -12.617857353248464 3.1102362204724407
    endloop
  endfacet
  facet normal -0.09801716042921459 0.9951847246925535 0
    outer loop
      vertex 12.515416479427515 -12.617099786719939 2.677165354330709
      vertex 12.507724778976026 -12.617857353248464 3.1102362204724407
      vertex 12.515416479427515 -12.617099786719939 3.1102362204724407
    endloop
  endfacet
  facet normal -0.16289546799472346 0.9866433329764003 0
    outer loop
      vertex 12.523042163921623 -12.615840781157411 2.677165354330709
      vertex 12.515416479427515 -12.617099786719939 3.1102362204724407
      vertex 12.523042163921623 -12.615840781157411 3.1102362204724407
    endloop
  endfacet
  facet normal -0.22707627443002382 0.9738769766202405 0
    outer loop
      vertex 12.530569178675572 -12.614085727378608 2.677165354330709
      vertex 12.523042163921623 -12.615840781157411 3.1102362204724407
      vertex 12.530569178675572 -12.614085727378608 3.1102362204724407
    endloop
  endfacet
  facet normal -0.29028465566185435 0.9569403422822546 0
    outer loop
      vertex 12.537965291128383 -12.611842141376705 2.677165354330709
      vertex 12.530569178675572 -12.614085727378608 3.1102362204724407
      vertex 12.537965291128383 -12.611842141376705 3.1102362204724407
    endloop
  endfacet
  facet normal -0.35225006395474734 0.9359059207227383 0
    outer loop
      vertex 12.54519883073925 -12.609119629707392 2.677165354330709
      vertex 12.537965291128383 -12.611842141376705 3.1102362204724407
      vertex 12.54519883073925 -12.609119629707392 3.1102362204724407
    endloop
  endfacet
  facet normal -0.4127070301698035 0.9108638247556112 0
    outer loop
      vertex 12.552238821572676 -12.605929851355985 2.677165354330709
      vertex 12.54519883073925 -12.609119629707392 3.1102362204724407
      vertex 12.552238821572676 -12.605929851355985 3.1102362204724407
    endloop
  endfacet
  facet normal -0.47139673810275956 0.8819212636659116 0
    outer loop
      vertex 12.559055118110235 -12.602286464938029 2.677165354330709
      vertex 12.552238821572676 -12.605929851355985 3.1102362204724407
      vertex 12.559055118110235 -12.602286464938029 3.1102362204724407
    endloop
  endfacet
  facet normal -0.5280678423426645 0.8492021866926409 0
    outer loop
      vertex 12.565618531382459 -12.598205072379956 2.677165354330709
      vertex 12.559055118110235 -12.602286464938029 3.1102362204724407
      vertex 12.565618531382459 -12.598205072379956 3.1102362204724407
    endloop
  endfacet
  facet normal -0.5824776793387052 0.8128466971527882 0
    outer loop
      vertex 12.571900956274018 -12.593703150573209 2.677165354330709
      vertex 12.565618531382459 -12.598205072379956 3.1102362204724407
      vertex 12.571900956274018 -12.593703150573209 3.1102362204724407
    endloop
  endfacet
  facet normal -0.6343933053187555 0.7730104360011864 0
    outer loop
      vertex 12.577875490029028 -12.588799977161752 2.677165354330709
      vertex 12.571900956274018 -12.593703150573209 3.1102362204724407
      vertex 12.577875490029028 -12.588799977161752 3.1102362204724407
    endloop
  endfacet
  facet normal 0 0 -1
    outer loop
      vertex 12.507724778976026 -12.617857353248464 3.1102362204724407
      vertex 12.5 -12.618110236220472 3.1102362204724407
      vertex 12.515416479427515 -12.617099786719939 3.1102362204724407
    endloop
  endfacet
  facet normal 0 0 -1
    outer loop
      vertex 12.218152907948324 -12.589347376598148 3.1102362204724407
      vertex 12.248260966084136 -12.582327162069598 3.1102362204724407
      vertex 12.583516548996366 -12.583516548996366 3.1102362204724407
    endloop
  endfacet
  facet normal 0 0 -1
    outer loop
      vertex 12.248260966084136 -12.582327162069598 3.1102362204724407
      vertex 12.277845416775369 -12.573352817181997 3.1102362204724407
      vertex 12.588799977161752 -12.577875490029028 3.1102362204724407
    endloop
  endfacet
  facet normal 0 0 -1
    outer loop
      vertex 12.277845416775369 -12.573352817181997 3.1102362204724407
      vertex 12.306779574338846 -12.562462771384734 3.1102362204724407
      vertex 12.598205072379956 -12.565618531382459 3.1102362204724407
    endloop
  endfacet
  facet normal 0 0 -1
    outer loop
      vertex 12.306779574338846 -12.562462771384734 3.1102362204724407
      vertex 12.334939538552536 -12.549703657392442 3.1102362204724407
      vertex 12.605929851355985 -12.552238821572676 3.1102362204724407
    endloop
  endfacet
  facet normal 0 0 -1
    outer loop
      vertex 12.334939538552536 -12.549703657392442 3.1102362204724407
      vertex 12.362204724409448 -12.535130112013949 3.1102362204724407
      vertex 12.611842141376705 -12.537965291128383 3.1102362204724407
    endloop
  endfacet
  facet normal 0 0 -1
    outer loop
      vertex 12.248260966084136 -12.582327162069598 3.1102362204724407
      vertex 12.588799977161752 -12.577875490029028 3.1102362204724407
      vertex 12.583516548996366 -12.583516548996366 3.1102362204724407
    endloop
  endfacet
  facet normal 0 0 -1
    outer loop
      vertex 12.362204724409448 -12.535130112013949 3.1102362204724407
      vertex 12.388458377791672 -12.518804541195001 3.1102362204724407
      vertex 12.615840781157411 -12.523042163921623 3.1102362204724407
    endloop
  endfacet
  facet normal 0 0 -1
    outer loop
      vertex 12.388458377791672 -12.518804541195001 3.1102362204724407
      vertex 12.413588076771244 -12.500796853674679 3.1102362204724407
      vertex 12.617857353248464 -12.507724778976026 3.1102362204724407
    endloop
  endfacet
  facet normal -0.6835922938322928 0.7298640803691494 0
    outer loop
      vertex 12.577875490029028 -12.588799977161752 3.1102362204724407
      vertex 12.583516548996366 -12.583516548996366 3.1102362204724407
      vertex 12.583516548996366 -12.583516548996366 2.677165354330709
    endloop
  endfacet
  facet normal 0 0 -1
    outer loop
      vertex 12.277845416775369 -12.573352817181997 3.1102362204724407
      vertex 12.593703150573209 -12.571900956274018 3.1102362204724407
      vertex 12.588799977161752 -12.577875490029028 3.1102362204724407
    endloop
  endfacet
  facet normal 0 0 -1
    outer loop
      vertex 12.277845416775369 -12.573352817181997 3.1102362204724407
      vertex 12.598205072379956 -12.565618531382459 3.1102362204724407
      vertex 12.593703150573209 -12.571900956274018 3.1102362204724407
    endloop
  endfacet
  facet normal 0 0 -1
    outer loop
      vertex 12.306779574338846 -12.562462771384734 3.1102362204724407
      vertex 12.602286464938029 -12.559055118110235 3.1102362204724407
      vertex 12.598205072379956 -12.565618531382459 3.1102362204724407
    endloop
  endfacet
  facet normal 0 0 -1
    outer loop
      vertex 12.306779574338846 -12.562462771384734 3.1102362204724407
      vertex 12.605929851355985 -12.552238821572676 3.1102362204724407
      vertex 12.602286464938029 -12.559055118110235 3.1102362204724407
    endloop
  endfacet
  facet normal 0 0 -1
    outer loop
      vertex 12.334939538552536 -12.549703657392442 3.1102362204724407
      vertex 12.609119629707392 -12.54519883073925 3.1102362204724407
      vertex 12.605929851355985 -12.552238821572676 3.1102362204724407
    endloop
  endfacet
  facet normal 0 0 -1
    outer loop
      vertex 12.334939538552536 -12.549703657392442 3.1102362204724407
      vertex 12.611842141376705 -12.537965291128383 3.1102362204724407
      vertex 12.609119629707392 -12.54519883073925 3.1102362204724407
    endloop
  endfacet
  facet normal 0 0 -1
    outer loop
      vertex 12.413588076771244 -12.500796853674679 3.1102362204724407
      vertex 12.437486211791283 -12.481184160908846 3.1102362204724407
      vertex 12.618110236220472 -12.5 3.1102362204724407
    endloop
  endfacet
  facet normal 0 0 -1
    outer loop
      vertex 12.362204724409448 -12.535130112013949 3.1102362204724407
      vertex 12.614085727378608 -12.530569178675572 3.1102362204724407
      vertex 12.611842141376705 -12.537965291128383 3.1102362204724407
    endloop
  endfacet
  facet normal 0 0 -1
    outer loop
      vertex 12.362204724409448 -12.535130112013949 3.1102362204724407
      vertex 12.615840781157411 -12.523042163921623 3.1102362204724407
      vertex 12.614085727378608 -12.530569178675572 3.1102362204724407
    endloop
  endfacet
  facet normal 0 0 -1
    outer loop
      vertex 12.388458377791672 -12.518804541195001 3.1102362204724407
      vertex 12.617099786719939 -12.515416479427515 3.1102362204724407
      vertex 12.615840781157411 -12.523042163921623 3.1102362204724407
    endloop
  endfacet
  facet normal 0 0 -1
    outer loop
      vertex 12.388458377791672 -12.518804541195001 3.1102362204724407
      vertex 12.617857353248464 -12.507724778976026 3.1102362204724407
      vertex 12.617099786719939 -12.515416479427515 3.1102362204724407
    endloop
  endfacet
  facet normal 0 0 -1
    outer loop
      vertex 12.413588076771244 -12.500796853674679 3.1102362204724407
      vertex 12.618110236220472 -12.5 3.1102362204724407
      vertex 12.617857353248464 -12.507724778976026 3.1102362204724407
    endloop
  endfacet
  facet normal 0 0 -1
    outer loop
      vertex 12.437486211791283 -12.481184160908846 3.1102362204724407
      vertex 12.460050447660638 -12.460050447660638 3.1102362204724407
      vertex 12.618110236220472 -12.5 3.1102362204724407
    endloop
  endfacet
  facet normal 0 0 -1
    outer loop
      vertex 12.460050447660638 -12.460050447660638 3.1102362204724407
      vertex 12.481184160908846 -12.437486211791283 3.1102362204724407
      vertex 12.618110236220472 -12.5 3.1102362204724407
    endloop
  endfacet
  facet normal 0 0 -1
    outer loop
      vertex 12.481184160908846 -12.437486211791283 3.1102362204724407
      vertex 12.500796853674679 -12.413588076771244 3.1102362204724407
      vertex 12.618110236220472 -12.5 3.1102362204724407
    endloop
  endfacet
  facet normal 0 0 -1
    outer loop
      vertex 12.500796853674679 -12.413588076771244 3.1102362204724407
      vertex 12.518804541195001 -12.388458377791672 3.1102362204724407
      vertex 12.618110236220472 -12.5 3.1102362204724407
    endloop
  endfacet
  facet normal 0 0 -1
    outer loop
      vertex 12.518804541195001 -12.388458377791672 3.1102362204724407
      vertex 12.535130112013949 -12.362204724409448 3.1102362204724407
      vertex 12.618110236220472 -12.5 3.1102362204724407
    endloop
  endfacet
  facet normal 0 0 -1
    outer loop
      vertex 12.535130112013949 -12.362204724409448 3.1102362204724407
      vertex 12.549703657392442 -12.334939538552536 3.1102362204724407
      vertex 12.618110236220472 -12.5 3.1102362204724407
    endloop
  endfacet
  facet normal 0 0 -1
    outer loop
      vertex 12.549703657392442 -12.334939538552536 3.1102362204724407
      vertex 12.562462771384734 -12.306779574338846 3.1102362204724407
      vertex 12.618110236220472 -12.5 3.1102362204724407
    endloop
  endfacet
  facet normal 0 0 -1
    outer loop
      vertex 12.562462771384734 -12.306779574338846 3.1102362204724407
      vertex 12.573352817181997 -12.277845416775369 3.1102362204724407
      vertex 12.618110236220472 -12.5 3.1102362204724407
    endloop
  endfacet
  facet normal -0.7298640803691494 0.6835922938322928 0
    outer loop
      vertex 12.583516548996366 -12.583516548996366 3.1102362204724407
      vertex 12.588799977161752 -12.577875490029028 3.1102362204724407
      vertex 12.588799977161752 -12.577875490029028 2.677165354330709
    endloop
  endfacet
  facet normal -0.7730104360011864 0.6343933053187555 0
    outer loop
      vertex 12.593703150573209 -12.571900956274018 2.677165354330709
      vertex 12.588799977161752 -12.577875490029028 3.1102362204724407
      vertex 12.593703150573209 -12.571900956274018 3.1102362204724407
    endloop
  endfacet
  facet normal -0.8128466971527882 0.5824776793387052 0
    outer loop
      vertex 12.598205072379956 -12.565618531382459 2.677165354330709
      vertex 12.593703150573209 -12.571900956274018 3.1102362204724407
      vertex 12.598205072379956 -12.565618531382459 3.1102362204724407
    endloop
  endfacet
  facet normal -0.8492021866926409 0.5280678423426645 0
    outer loop
      vertex 12.602286464938029 -12.559055118110235 2.677165354330709
      vertex 12.598205072379956 -12.565618531382459 3.1102362204724407
      vertex 12.602286464938029 -12.559055118110235 3.1102362204724407
    endloop
  endfacet
  facet normal -0.8819212636659116 0.47139673810275956 0
    outer loop
      vertex 12.605929851355985 -12.552238821572676 2.677165354330709
      vertex 12.602286464938029 -12.559055118110235 3.1102362204724407
      vertex 12.605929851355985 -12.552238821572676 3.1102362204724407
    endloop
  endfacet
  facet normal -0.9108638247556112 0.4127070301698035 0
    outer loop
      vertex 12.609119629707392 -12.54519883073925 2.677165354330709
      vertex 12.605929851355985 -12.552238821572676 3.1102362204724407
      vertex 12.609119629707392 -12.54519883073925 3.1102362204724407
    endloop
  endfacet
  facet normal -0.9359059207227383 0.35225006395474734 0
    outer loop
      vertex 12.611842141376705 -12.537965291128383 2.677165354330709
      vertex 12.609119629707392 -12.54519883073925 3.1102362204724407
      vertex 12.611842141376705 -12.537965291128383 3.1102362204724407
    endloop
  endfacet
  facet normal -0.9569403422822546 0.29028465566185435 0
    outer loop
      vertex 12.614085727378608 -12.530569178675572 2.677165354330709
      vertex 12.611842141376705 -12.537965291128383 3.1102362204724407
      vertex 12.614085727378608 -12.530569178675572 3.1102362204724407
    endloop
  endfacet
  facet normal -0.9738769766202405 0.22707627443002382 0
    outer loop
      vertex 12.615840781157411 -12.523042163921623 2.677165354330709
      vertex 12.614085727378608 -12.530569178675572 3.1102362204724407
      vertex 12.615840781157411 -12.523042163921623 3.1102362204724407
    endloop
  endfacet
  facet normal -0.9866433329764003 0.16289546799472346 0
    outer loop
      vertex 12.617099786719939 -12.515416479427515 2.677165354330709
      vertex 12.615840781157411 -12.523042163921623 3.1102362204724407
      vertex 12.617099786719939 -12.515416479427515 3.1102362204724407
    endloop
  endfacet
  facet normal -0.9951847246925535 0.09801716042921459 0
    outer loop
      vertex 12.617857353248464 -12.507724778976026 2.677165354330709
      vertex 12.617099786719939 -12.515416479427515 3.1102362204724407
      vertex 12.617857353248464 -12.507724778976026 3.1102362204724407
    endloop
  endfacet
  facet normal -0.9994645879327132 0.03271906888179764 0
    outer loop
      vertex 12.618110236220472 -12.5 2.677165354330709
      vertex 12.617857353248464 -12.507724778976026 3.1102362204724407
      vertex 12.618110236220472 -12.5 3.1102362204724407
    endloop
  endfacet
  facet normal 0 0 -1
    outer loop
      vertex 12.573352817181997 -12.277845416775369 3.1102362204724407
      vertex 12.582327162069598 -12.248260966084136 3.1102362204724407
      vertex 12.618110236220472 -12.5 3.1102362204724407
    endloop
  endfacet
  facet normal 0 0 -1
    outer loop
      vertex 12.582327162069598 -12.248260966084136 3.1102362204724407
      vertex 12.589347376598148 -12.218152907948324 3.1102362204724407
      vertex 12.618110236220472 -12.5 3.1102362204724407
    endloop
  endfacet
  facet normal 0 0 -1
    outer loop
      vertex 12.618110236220472 -12.5 3.1102362204724407
      vertex 12.589347376598148 -12.218152907948324 3.1102362204724407
      vertex 12.594383399141586 -12.18765016967856 3.1102362204724407
    endloop
  endfacet
  facet normal 0 0 -1
    outer loop
      vertex 12.618110236220472 -12.5 3.1102362204724407
      vertex 12.594383399141586 -12.18765016967856 3.1102362204724407
      vertex 12.597413664375702 -12.156883368165943 3.1102362204724407
    endloop
  endfacet
  facet normal 0 0 -1
    outer loop
      vertex 12.618110236220472 -12.5 3.1102362204724407
      vertex 12.597413664375702 -12.156883368165943 3.1102362204724407
      vertex 12.598425196850393 -12.125984251968504 3.1102362204724407
    endloop
  endfacet
  facet normal -0.0327190875272729 0.9994645873223237 0
    outer loop
      vertex 12.125984251968504 -12.598425196850393 3.1102362204724407
      vertex 12.156883368165943 -12.597413664375702 29.84251968503937
      vertex 12.156883368165943 -12.597413664375702 3.1102362204724407
    endloop
  endfacet
  facet normal -0.09801713316413767 0.9951847273779294 0
    outer loop
      vertex 12.156883368165943 -12.597413664375702 3.1102362204724407
      vertex 12.18765016967856 -12.594383399141586 29.84251968503937
      vertex 12.18765016967856 -12.594383399141586 3.1102362204724407
    endloop
  endfacet
  facet normal -0.16289547570604634 0.9866433317032558 0
    outer loop
      vertex 12.18765016967856 -12.594383399141586 3.1102362204724407
      vertex 12.218152907948324 -12.589347376598148 29.84251968503937
      vertex 12.218152907948324 -12.589347376598148 3.1102362204724407
    endloop
  endfacet
  facet normal 0.03271908752727102 -0.9994645873223238 0
    outer loop
      vertex 12.519685039370078 -12.992125984251969 2.677165354330709
      vertex 12.550584155567519 -12.991114451777278 2.677165354330709
      vertex 12.519685039370078 -12.992125984251969 29.84251968503937
    endloop
  endfacet
  facet normal 0.09801713316420017 -0.9951847273779233 0
    outer loop
      vertex 12.550584155567519 -12.991114451777278 2.677165354330709
      vertex 12.581350957080135 -12.98808418654316 2.677165354330709
      vertex 12.550584155567519 -12.991114451777278 29.84251968503937
    endloop
  endfacet
  facet normal -0.22707626272697828 0.9738769793490082 0
    outer loop
      vertex 12.218152907948324 -12.589347376598148 3.1102362204724407
      vertex 12.248260966084136 -12.582327162069598 29.84251968503937
      vertex 12.248260966084136 -12.582327162069598 3.1102362204724407
    endloop
  endfacet
  facet normal -0.2902846738205911 0.9569403367738624 0
    outer loop
      vertex 12.248260966084136 -12.582327162069598 3.1102362204724407
      vertex 12.277845416775369 -12.573352817181997 29.84251968503937
      vertex 12.277845416775369 -12.573352817181997 3.1102362204724407
    endloop
  endfacet
  facet normal -0.3522500484062582 0.9359059265747753 0
    outer loop
      vertex 12.277845416775369 -12.573352817181997 3.1102362204724407
      vertex 12.306779574338846 -12.562462771384734 29.84251968503937
      vertex 12.306779574338846 -12.562462771384734 3.1102362204724407
    endloop
  endfacet
  facet normal -0.41270703521359947 0.9108638224702968 -1.7185685733464713e-17
    outer loop
      vertex 12.306779574338846 -12.562462771384734 3.1102362204724407
      vertex 12.314300425263173 -12.559055118110235 29.84251968503937
      vertex 12.334939538552536 -12.549703657392442 3.1102362204724407
    endloop
  endfacet
  facet normal -0.9108638224702968 0.41270703521359947 0
    outer loop
      vertex 12.549703657392442 -12.334939538552536 3.1102362204724407
      vertex 12.562462771384734 -12.306779574338846 29.84251968503937
      vertex 12.562462771384734 -12.306779574338846 3.1102362204724407
    endloop
  endfacet
  facet normal -0.9359059265747753 0.3522500484062582 0
    outer loop
      vertex 12.562462771384734 -12.306779574338846 3.1102362204724407
      vertex 12.573352817181997 -12.277845416775369 29.84251968503937
      vertex 12.573352817181997 -12.277845416775369 3.1102362204724407
    endloop
  endfacet
  facet normal -0.9569403367738624 0.2902846738205911 0
    outer loop
      vertex 12.573352817181997 -12.277845416775369 3.1102362204724407
      vertex 12.582327162069598 -12.248260966084136 29.84251968503937
      vertex 12.582327162069598 -12.248260966084136 3.1102362204724407
    endloop
  endfacet
  facet normal -0.4713967346675557 0.8819212655020662 0
    outer loop
      vertex 12.334939538552536 -12.549703657392442 3.1102362204724407
      vertex 12.362204724409448 -12.535130112013949 30.62992125984252
      vertex 12.362204724409448 -12.535130112013949 3.1102362204724407
    endloop
  endfacet
  facet normal -0.5280678517723564 0.8492021808288817 0
    outer loop
      vertex 12.362204724409448 -12.535130112013949 3.1102362204724407
      vertex 12.388458377791672 -12.518804541195001 30.62992125984252
      vertex 12.388458377791672 -12.518804541195001 3.1102362204724407
    endloop
  endfacet
  facet normal -0.5824776945922802 0.8128466862222312 0
    outer loop
      vertex 12.388458377791672 -12.518804541195001 3.1102362204724407
      vertex 12.413588076771244 -12.500796853674679 30.62992125984252
      vertex 12.413588076771244 -12.500796853674679 3.1102362204724407
    endloop
  endfacet
  facet normal -0.6343932883100777 0.7730104499598481 0
    outer loop
      vertex 12.413588076771244 -12.500796853674679 3.1102362204724407
      vertex 12.437486211791283 -12.481184160908846 30.62992125984252
      vertex 12.437486211791283 -12.481184160908846 3.1102362204724407
    endloop
  endfacet
  facet normal -0.6835923039409372 0.7298640709013708 0
    outer loop
      vertex 12.437486211791283 -12.481184160908846 3.1102362204724407
      vertex 12.460050447660638 -12.460050447660638 30.62992125984252
      vertex 12.460050447660638 -12.460050447660638 3.1102362204724407
    endloop
  endfacet
  facet normal -0.7298640709013708 0.6835923039409372 0
    outer loop
      vertex 12.460050447660638 -12.460050447660638 3.1102362204724407
      vertex 12.481184160908846 -12.437486211791283 30.62992125984252
      vertex 12.481184160908846 -12.437486211791283 3.1102362204724407
    endloop
  endfacet
  facet normal -0.7730104499598481 0.6343932883100777 0
    outer loop
      vertex 12.481184160908846 -12.437486211791283 3.1102362204724407
      vertex 12.500796853674679 -12.413588076771244 30.62992125984252
      vertex 12.500796853674679 -12.413588076771244 3.1102362204724407
    endloop
  endfacet
  facet normal -0.8128466862222312 0.5824776945922802 0
    outer loop
      vertex 12.500796853674679 -12.413588076771244 3.1102362204724407
      vertex 12.518804541195001 -12.388458377791672 30.62992125984252
      vertex 12.518804541195001 -12.388458377791672 3.1102362204724407
    endloop
  endfacet
  facet normal -0.8492021808288817 0.5280678517723564 0
    outer loop
      vertex 12.518804541195001 -12.388458377791672 3.1102362204724407
      vertex 12.535130112013949 -12.362204724409448 30.62992125984252
      vertex 12.535130112013949 -12.362204724409448 3.1102362204724407
    endloop
  endfacet
  facet normal -0.8819212655020662 0.4713967346675557 0
    outer loop
      vertex 12.535130112013949 -12.362204724409448 3.1102362204724407
      vertex 12.549703657392442 -12.334939538552536 30.62992125984252
      vertex 12.549703657392442 -12.334939538552536 3.1102362204724407
    endloop
  endfacet
  facet normal 0.1628954757060371 -0.9866433317032574 0
    outer loop
      vertex 12.581350957080135 -12.98808418654316 2.677165354330709
      vertex 12.6118536953499 -12.983048163999722 2.677165354330709
      vertex 12.581350957080135 -12.98808418654316 29.84251968503937
    endloop
  endfacet
  facet normal 0.22707626272693648 -0.9738769793490178 0
    outer loop
      vertex 12.6118536953499 -12.983048163999722 2.677165354330709
      vertex 12.64196175348571 -12.976027949471174 2.677165354330709
      vertex 12.6118536953499 -12.983048163999722 29.84251968503937
    endloop
  endfacet
  facet normal 0.2902846738206437 -0.9569403367738464 0
    outer loop
      vertex 12.64196175348571 -12.976027949471174 2.677165354330709
      vertex 12.671546204176943 -12.96705360458357 2.677165354330709
      vertex 12.64196175348571 -12.976027949471174 29.84251968503937
    endloop
  endfacet
  facet normal 0.3522500484062078 -0.9359059265747943 0
    outer loop
      vertex 12.671546204176943 -12.96705360458357 2.677165354330709
      vertex 12.70048036174042 -12.95616355878631 2.677165354330709
      vertex 12.671546204176943 -12.96705360458357 29.84251968503937
    endloop
  endfacet
  facet normal 0.41270703521364716 -0.9108638224702754 0
    outer loop
      vertex 12.70048036174042 -12.95616355878631 2.677165354330709
      vertex 12.72864032595411 -12.943404444794016 2.677165354330709
      vertex 12.70048036174042 -12.95616355878631 29.84251968503937
    endloop
  endfacet
  facet normal 0.4713967346675319 -0.881921265502079 0
    outer loop
      vertex 12.72864032595411 -12.943404444794016 2.677165354330709
      vertex 12.755905511811024 -12.928830899415523 2.677165354330709
      vertex 12.72864032595411 -12.943404444794016 29.84251968503937
    endloop
  endfacet
  facet normal 0.5280678517723407 -0.8492021808288914 0
    outer loop
      vertex 12.755905511811024 -12.928830899415523 2.677165354330709
      vertex 12.782159165193246 -12.912505328596577 2.677165354330709
      vertex 12.755905511811024 -12.928830899415523 29.84251968503937
    endloop
  endfacet
  facet normal 0.5824776945923182 -0.812846686222204 0
    outer loop
      vertex 12.782159165193246 -12.912505328596577 2.677165354330709
      vertex 12.807288864172818 -12.894497641076253 2.677165354330709
      vertex 12.782159165193246 -12.912505328596577 29.84251968503937
    endloop
  endfacet
  facet normal 0.6343932883100777 -0.7730104499598481 0
    outer loop
      vertex 12.807288864172818 -12.894497641076253 2.677165354330709
      vertex 12.831186999192857 -12.87488494831042 2.677165354330709
      vertex 12.807288864172818 -12.894497641076253 29.84251968503937
    endloop
  endfacet
  facet normal 0.6835923039409372 -0.7298640709013708 0
    outer loop
      vertex 12.831186999192857 -12.87488494831042 2.677165354330709
      vertex 12.853751235062212 -12.853751235062212 2.677165354330709
      vertex 12.831186999192857 -12.87488494831042 29.84251968503937
    endloop
  endfacet
  facet normal 0.7298640709013708 -0.6835923039409372 0
    outer loop
      vertex 12.853751235062212 -12.853751235062212 2.677165354330709
      vertex 12.87488494831042 -12.831186999192857 2.677165354330709
      vertex 12.853751235062212 -12.853751235062212 29.84251968503937
    endloop
  endfacet
  facet normal 0.7730104499598481 -0.6343932883100777 0
    outer loop
      vertex 12.87488494831042 -12.831186999192857 2.677165354330709
      vertex 12.894497641076253 -12.807288864172818 2.677165354330709
      vertex 12.87488494831042 -12.831186999192857 29.84251968503937
    endloop
  endfacet
  facet normal 0.812846686222204 -0.5824776945923182 0
    outer loop
      vertex 12.894497641076253 -12.807288864172818 2.677165354330709
      vertex 12.912505328596577 -12.782159165193246 2.677165354330709
      vertex 12.894497641076253 -12.807288864172818 29.84251968503937
    endloop
  endfacet
  facet normal 0.8492021808288914 -0.5280678517723407 0
    outer loop
      vertex 12.912505328596577 -12.782159165193246 2.677165354330709
      vertex 12.928830899415523 -12.755905511811024 2.677165354330709
      vertex 12.912505328596577 -12.782159165193246 29.84251968503937
    endloop
  endfacet
  facet normal 0.881921265502079 -0.4713967346675319 0
    outer loop
      vertex 12.928830899415523 -12.755905511811024 2.677165354330709
      vertex 12.943404444794016 -12.72864032595411 2.677165354330709
      vertex 12.928830899415523 -12.755905511811024 29.84251968503937
    endloop
  endfacet
  facet normal 0.9108638224702754 -0.41270703521364716 0
    outer loop
      vertex 12.943404444794016 -12.72864032595411 2.677165354330709
      vertex 12.95616355878631 -12.70048036174042 2.677165354330709
      vertex 12.943404444794016 -12.72864032595411 29.84251968503937
    endloop
  endfacet
  facet normal 0.9359059265747943 -0.3522500484062078 0
    outer loop
      vertex 12.95616355878631 -12.70048036174042 2.677165354330709
      vertex 12.96705360458357 -12.671546204176943 2.677165354330709
      vertex 12.95616355878631 -12.70048036174042 29.84251968503937
    endloop
  endfacet
  facet normal 0.9569403367738464 -0.2902846738206437 0
    outer loop
      vertex 12.96705360458357 -12.671546204176943 2.677165354330709
      vertex 12.976027949471174 -12.64196175348571 2.677165354330709
      vertex 12.96705360458357 -12.671546204176943 29.84251968503937
    endloop
  endfacet
  facet normal 0.9738769793490178 -0.22707626272693648 0
    outer loop
      vertex 12.976027949471174 -12.64196175348571 2.677165354330709
      vertex 12.983048163999722 -12.6118536953499 2.677165354330709
      vertex 12.976027949471174 -12.64196175348571 29.84251968503937
    endloop
  endfacet
  facet normal 0.9866433317032574 -0.1628954757060371 0
    outer loop
      vertex 12.983048163999722 -12.6118536953499 2.677165354330709
      vertex 12.98808418654316 -12.581350957080135 2.677165354330709
      vertex 12.983048163999722 -12.6118536953499 29.84251968503937
    endloop
  endfacet
  facet normal -0.9738769793490082 0.22707626272697828 0
    outer loop
      vertex 12.582327162069598 -12.248260966084136 3.1102362204724407
      vertex 12.589347376598148 -12.218152907948324 29.84251968503937
      vertex 12.589347376598148 -12.218152907948324 3.1102362204724407
    endloop
  endfacet
  facet normal -0.9866433317032558 0.16289547570604634 0
    outer loop
      vertex 12.589347376598148 -12.218152907948324 3.1102362204724407
      vertex 12.594383399141586 -12.18765016967856 29.84251968503937
      vertex 12.594383399141586 -12.18765016967856 3.1102362204724407
    endloop
  endfacet
  facet normal 0.9951847273779233 -0.09801713316420017 0
    outer loop
      vertex 12.98808418654316 -12.581350957080135 2.677165354330709
      vertex 12.991114451777278 -12.550584155567519 2.677165354330709
      vertex 12.98808418654316 -12.581350957080135 29.84251968503937
    endloop
  endfacet
  facet normal 0.9994645873223238 -0.03271908752727102 0
    outer loop
      vertex 12.991114451777278 -12.550584155567519 2.677165354330709
      vertex 12.992125984251969 -12.519685039370078 2.677165354330709
      vertex 12.991114451777278 -12.550584155567519 29.84251968503937
    endloop
  endfacet
  facet normal -0.9951847273779294 0.09801713316413767 0
    outer loop
      vertex 12.594383399141586 -12.18765016967856 3.1102362204724407
      vertex 12.597413664375702 -12.156883368165943 29.84251968503937
      vertex 12.597413664375702 -12.156883368165943 3.1102362204724407
    endloop
  endfacet
  facet normal -0.9994645873223237 0.0327190875272729 0
    outer loop
      vertex 12.597413664375702 -12.156883368165943 3.1102362204724407
      vertex 12.598425196850393 -12.125984251968504 29.84251968503937
      vertex 12.598425196850393 -12.125984251968504 3.1102362204724407
    endloop
  endfacet
  facet normal 1 0 0
    outer loop
      vertex 10.826771653543307 -10.708661417322835 2.677165354330709
      vertex 10.826771653543307 -10.54330708649684 2.677165354330709
      vertex 10.826771653543307 10.708661417322835 3.0708661417322833
    endloop
  endfacet
  facet normal 1 0 0
    outer loop
      vertex 10.826771653543307 -10.708661417322835 2.677165354330709
      vertex 10.826771653543307 10.708661417322835 3.0708661417322833
      vertex 10.826771653543307 -10.708661417322835 3.0708661417322833
    endloop
  endfacet
  facet normal 0 0 1
    outer loop
      vertex 10.708661417322835 -10.826771653543307 3.0708661417322833
      vertex 10.826771653543307 -10.708661417322835 3.0708661417322833
      vertex 10.826771653543307 10.708661417322835 3.0708661417322833
    endloop
  endfacet
  facet normal -1 0 0
    outer loop
      vertex 12.618110236220472 -12.5 2.677165354330709
      vertex 12.618110236220472 -12.5 3.1102362204724407
      vertex 12.618110236220472 12.5 2.677165354330709
    endloop
  endfacet
  facet normal 0 0 -1
    outer loop
      vertex 12.618110236220472 -12.5 2.677165354330709
      vertex 12.618110236220472 12.5 2.677165354330709
      vertex 12.992125984251969 -12.519685039370078 2.677165354330709
    endloop
  endfacet
  facet normal 0 0 -1
    outer loop
      vertex 12.618110236220472 -12.5 3.1102362204724407
      vertex 12.598425196850393 -12.125984251968504 3.1102362204724407
      vertex 12.598425196850393 12.125984251968504 3.1102362204724407
    endloop
  endfacet
  facet normal 1 0 0
    outer loop
      vertex 12.992125984251969 -12.519685039370078 2.677165354330709
      vertex 12.992125984251969 12.519685039370078 2.677165354330709
      vertex 12.992125984251969 -12.519685039370078 29.84251968503937
    endloop
  endfacet
  facet normal 0 -1 0
    outer loop
      vertex -12.519685039370078 -12.992125984251969 29.84251968503937
      vertex 12.519685039370078 -12.992125984251969 2.677165354330709
      vertex 12.519685039370078 -12.992125984251969 29.84251968503937
    endloop
  endfacet
  facet normal 0 1 0
    outer loop
      vertex -12.125984251968504 -12.598425196850393 30.31496062992126
      vertex 12.125984251968504 -12.598425196850393 30.62992125984252
      vertex 12.125984251968504 -12.598425196850393 30.31496062992126
    endloop
  endfacet
  facet normal 0 0 1
    outer loop
      vertex -12.519685039370078 -12.992125984251969 29.84251968503937
      vertex 12.519685039370078 -12.992125984251969 29.84251968503937
      vertex 12.550584155567519 -12.991114451777278 29.84251968503937
    endloop
  endfacet
  facet normal 0 0 1
    outer loop
      vertex -12.519685039370078 -12.992125984251969 29.84251968503937
      vertex 12.550584155567519 -12.991114451777278 29.84251968503937
      vertex 12.581350957080135 -12.98808418654316 29.84251968503937
    endloop
  endfacet
  facet normal 0 0 1
    outer loop
      vertex -12.519685039370078 -12.992125984251969 29.84251968503937
      vertex 12.581350957080135 -12.98808418654316 29.84251968503937
      vertex 12.6118536953499 -12.983048163999722 29.84251968503937
    endloop
  endfacet
  facet normal 0 0 1
    outer loop
      vertex -12.6118536953499 -12.983048163999722 29.84251968503937
      vertex 12.6118536953499 -12.983048163999722 29.84251968503937
      vertex 12.64196175348571 -12.976027949471174 29.84251968503937
    endloop
  endfacet
  facet normal 0 0 1
    outer loop
      vertex -12.64196175348571 -12.976027949471174 29.84251968503937
      vertex 12.64196175348571 -12.976027949471174 29.84251968503937
      vertex 12.671546204176943 -12.96705360458357 29.84251968503937
    endloop
  endfacet
  facet normal 0 0 1
    outer loop
      vertex -12.671546204176943 -12.96705360458357 29.84251968503937
      vertex 12.671546204176943 -12.96705360458357 29.84251968503937
      vertex 12.70048036174042 -12.95616355878631 29.84251968503937
    endloop
  endfacet
  facet normal 0 0 1
    outer loop
      vertex -12.125984251968504 -12.598425196850393 29.84251968503937
      vertex 12.70048036174042 -12.95616355878631 29.84251968503937
      vertex 12.125984251968504 -12.598425196850393 29.84251968503937
    endloop
  endfacet
  facet normal 0 0 -1
    outer loop
      vertex -12.519685039370078 -12.992125984251969 30.31496062992126
      vertex 12.64196175348571 -12.976027949471174 30.31496062992126
      vertex 12.519685039370078 -12.992125984251969 30.31496062992126
    endloop
  endfacet
  facet normal 0 0 -1
    outer loop
      vertex -12.581350957080135 -12.98808418654316 30.31496062992126
      vertex 12.671546204176943 -12.96705360458357 30.31496062992126
      vertex 12.64196175348571 -12.976027949471174 30.31496062992126
    endloop
  endfacet
  facet normal 0 0 -1
    outer loop
      vertex -12.6118536953499 -12.983048163999722 30.31496062992126
      vertex 12.70048036174042 -12.95616355878631 30.31496062992126
      vertex 12.671546204176943 -12.96705360458357 30.31496062992126
    endloop
  endfacet
  facet normal 0 0 -1
    outer loop
      vertex -12.64196175348571 -12.976027949471174 30.31496062992126
      vertex 12.72864032595411 -12.943404444794016 30.31496062992126
      vertex 12.70048036174042 -12.95616355878631 30.31496062992126
    endloop
  endfacet
  facet normal 0 0 -1
    outer loop
      vertex -12.125984251968504 -12.598425196850393 30.31496062992126
      vertex 12.125984251968504 -12.598425196850393 30.31496062992126
      vertex 12.72864032595411 -12.943404444794016 30.31496062992126
    endloop
  endfacet
  facet normal 0 -1 0
    outer loop
      vertex -12.519685039370078 -12.992125984251969 31.023622047244093
      vertex 12.519685039370078 -12.992125984251969 30.31496062992126
      vertex 12.519685039370078 -12.992125984251969 31.023622047244093
    endloop
  endfacet
  facet normal 0 0 1
    outer loop
      vertex -12.519685039370078 -12.992125984251969 31.023622047244093
      vertex 12.519685039370078 -12.992125984251969 31.023622047244093
      vertex 12.581350957080135 -12.98808418654316 31.023622047244093
    endloop
  endfacet
  facet normal 0 0 1
    outer loop
      vertex -12.519685039370078 -12.992125984251969 31.023622047244093
      vertex 12.581350957080135 -12.98808418654316 31.023622047244093
      vertex 12.6118536953499 -12.983048163999722 31.023622047244093
    endloop
  endfacet
  facet normal 0 0 1
    outer loop
      vertex -12.550584155567519 -12.991114451777278 31.023622047244093
      vertex 12.6118536953499 -12.983048163999722 31.023622047244093
      vertex 12.64196175348571 -12.976027949471174 31.023622047244093
    endloop
  endfacet
  facet normal 0 0 1
    outer loop
      vertex -12.581350957080135 -12.98808418654316 31.023622047244093
      vertex 12.64196175348571 -12.976027949471174 31.023622047244093
      vertex 12.671546204176943 -12.96705360458357 31.023622047244093
    endloop
  endfacet
  facet normal 0 0 1
    outer loop
      vertex -12.6118536953499 -12.983048163999722 31.023622047244093
      vertex 12.671546204176943 -12.96705360458357 31.023622047244093
      vertex 12.70048036174042 -12.95616355878631 31.023622047244093
    endloop
  endfacet
  facet normal 0 0 1
    outer loop
      vertex -12.64196175348571 -12.976027949471174 31.023622047244093
      vertex 12.70048036174042 -12.95616355878631 31.023622047244093
      vertex 12.72864032595411 -12.943404444794016 31.023622047244093
    endloop
  endfacet
  facet normal 0 0 -1
    outer loop
      vertex -12.125984251968504 -12.598425196850393 30.62992125984252
      vertex 12.18765016967856 -12.594383399141586 30.62992125984252
      vertex 12.125984251968504 -12.598425196850393 30.62992125984252
    endloop
  endfacet
  facet normal 0 0 -1
    outer loop
      vertex -12.125984251968504 -12.598425196850393 30.62992125984252
      vertex 12.218152907948324 -12.589347376598148 30.62992125984252
      vertex 12.18765016967856 -12.594383399141586 30.62992125984252
    endloop
  endfacet
  facet normal 0 0 -1
    outer loop
      vertex -12.156883368165943 -12.597413664375702 30.62992125984252
      vertex 12.248260966084136 -12.582327162069598 30.62992125984252
      vertex 12.218152907948324 -12.589347376598148 30.62992125984252
    endloop
  endfacet
  facet normal 0 0 1
    outer loop
      vertex -12.671546204176943 -12.96705360458357 31.023622047244093
      vertex 12.72864032595411 -12.943404444794016 31.023622047244093
      vertex 12.755905511811024 -12.928830899415523 31.023622047244093
    endloop
  endfacet
  facet normal 0 0 1
    outer loop
      vertex -12.70048036174042 -12.95616355878631 31.023622047244093
      vertex 12.755905511811024 -12.928830899415523 31.023622047244093
      vertex 12.782159165193246 -12.912505328596577 31.023622047244093
    endloop
  endfacet
  facet normal 0 0 1
    outer loop
      vertex -12.72864032595411 -12.943404444794016 31.023622047244093
      vertex 12.782159165193246 -12.912505328596577 31.023622047244093
      vertex 12.807288864172818 -12.894497641076253 31.023622047244093
    endloop
  endfacet
  facet normal 0 0 1
    outer loop
      vertex -12.755905511811024 -12.928830899415523 31.023622047244093
      vertex 12.807288864172818 -12.894497641076253 31.023622047244093
      vertex 12.831186999192857 -12.87488494831042 31.023622047244093
    endloop
  endfacet
  facet normal 0 0 1
    outer loop
      vertex -12.782159165193246 -12.912505328596577 31.023622047244093
      vertex 12.831186999192857 -12.87488494831042 31.023622047244093
      vertex 12.853751235062212 -12.853751235062212 31.023622047244093
    endloop
  endfacet
  facet normal 0 0 1
    outer loop
      vertex -12.807288864172818 -12.894497641076253 31.023622047244093
      vertex 12.853751235062212 -12.853751235062212 31.023622047244093
      vertex 12.87488494831042 -12.831186999192857 31.023622047244093
    endloop
  endfacet
  facet normal 0 0 1
    outer loop
      vertex -12.831186999192857 -12.87488494831042 31.023622047244093
      vertex 12.87488494831042 -12.831186999192857 31.023622047244093
      vertex 12.894497641076253 -12.807288864172818 31.023622047244093
    endloop
  endfacet
  facet normal 0 0 1
    outer loop
      vertex -12.853751235062212 -12.853751235062212 31.023622047244093
      vertex 12.894497641076253 -12.807288864172818 31.023622047244093
      vertex 12.912505328596577 -12.782159165193246 31.023622047244093
    endloop
  endfacet
  facet normal 0 0 1
    outer loop
      vertex -12.87488494831042 -12.831186999192857 31.023622047244093
      vertex 12.912505328596577 -12.782159165193246 31.023622047244093
      vertex 12.928830899415523 -12.755905511811024 31.023622047244093
    endloop
  endfacet
  facet normal 0 0 1
    outer loop
      vertex -12.894497641076253 -12.807288864172818 31.023622047244093
      vertex 12.928830899415523 -12.755905511811024 31.023622047244093
      vertex 12.943404444794016 -12.72864032595411 31.023622047244093
    endloop
  endfacet
  facet normal 0 0 1
    outer loop
      vertex -12.912505328596577 -12.782159165193246 31.023622047244093
      vertex 12.943404444794016 -12.72864032595411 31.023622047244093
      vertex 12.95616355878631 -12.70048036174042 31.023622047244093
    endloop
  endfacet
  facet normal 0 0 1
    outer loop
      vertex -12.928830899415523 -12.755905511811024 31.023622047244093
      vertex 12.95616355878631 -12.70048036174042 31.023622047244093
      vertex 12.96705360458357 -12.671546204176943 31.023622047244093
    endloop
  endfacet
  facet normal 0 0 1
    outer loop
      vertex -12.943404444794016 -12.72864032595411 31.023622047244093
      vertex 12.96705360458357 -12.671546204176943 31.023622047244093
      vertex 12.976027949471174 -12.64196175348571 31.023622047244093
    endloop
  endfacet
  facet normal 0 0 1
    outer loop
      vertex -12.95616355878631 -12.70048036174042 31.023622047244093
      vertex 12.976027949471174 -12.64196175348571 31.023622047244093
      vertex 12.983048163999722 -12.6118536953499 31.023622047244093
    endloop
  endfacet
  facet normal 0 0 1
    outer loop
      vertex -12.96705360458357 -12.671546204176943 31.023622047244093
      vertex 12.983048163999722 -12.6118536953499 31.023622047244093
      vertex 12.98808418654316 -12.581350957080135 31.023622047244093
    endloop
  endfacet
  facet normal 0 0 1
    outer loop
      vertex -12.976027949471174 -12.64196175348571 31.023622047244093
      vertex 12.98808418654316 -12.581350957080135 31.023622047244093
      vertex 12.991114451777278 -12.550584155567519 31.023622047244093
    endloop
  endfacet
  facet normal 0 0 -1
    outer loop
      vertex -12.18765016967856 -12.594383399141586 30.62992125984252
      vertex 12.277845416775369 -12.573352817181997 30.62992125984252
      vertex 12.248260966084136 -12.582327162069598 30.62992125984252
    endloop
  endfacet
  facet normal 0 0 -1
    outer loop
      vertex -12.218152907948324 -12.589347376598148 30.62992125984252
      vertex 12.306779574338846 -12.562462771384734 30.62992125984252
      vertex 12.277845416775369 -12.573352817181997 30.62992125984252
    endloop
  endfacet
  facet normal 0 0 -1
    outer loop
      vertex -12.248260966084136 -12.582327162069598 30.62992125984252
      vertex 12.334939538552536 -12.549703657392442 30.62992125984252
      vertex 12.306779574338846 -12.562462771384734 30.62992125984252
    endloop
  endfacet
  facet normal 0 0 -1
    outer loop
      vertex -12.277845416775369 -12.573352817181997 30.62992125984252
      vertex 12.362204724409448 -12.535130112013949 30.62992125984252
      vertex 12.334939538552536 -12.549703657392442 30.62992125984252
    endloop
  endfacet
  facet normal 0 0 -1
    outer loop
      vertex -12.306779574338846 -12.562462771384734 30.62992125984252
      vertex 12.388458377791672 -12.518804541195001 30.62992125984252
      vertex 12.362204724409448 -12.535130112013949 30.62992125984252
    endloop
  endfacet
  facet normal 0 0 -1
    outer loop
      vertex -12.334939538552536 -12.549703657392442 30.62992125984252
      vertex 12.413588076771244 -12.500796853674679 30.62992125984252
      vertex 12.388458377791672 -12.518804541195001 30.62992125984252
    endloop
  endfacet
  facet normal 0 0 -1
    outer loop
      vertex -12.362204724409448 -12.535130112013949 30.62992125984252
      vertex 12.437486211791283 -12.481184160908846 30.62992125984252
      vertex 12.413588076771244 -12.500796853674679 30.62992125984252
    endloop
  endfacet
  facet normal 0 0 -1
    outer loop
      vertex -12.388458377791672 -12.518804541195001 30.62992125984252
      vertex 12.460050447660638 -12.460050447660638 30.62992125984252
      vertex 12.437486211791283 -12.481184160908846 30.62992125984252
    endloop
  endfacet
  facet normal 0 0 -1
    outer loop
      vertex -12.413588076771244 -12.500796853674679 30.62992125984252
      vertex 12.481184160908846 -12.437486211791283 30.62992125984252
      vertex 12.460050447660638 -12.460050447660638 30.62992125984252
    endloop
  endfacet
  facet normal 0 0 -1
    outer loop
      vertex -12.437486211791283 -12.481184160908846 30.62992125984252
      vertex 12.500796853674679 -12.413588076771244 30.62992125984252
      vertex 12.481184160908846 -12.437486211791283 30.62992125984252
    endloop
  endfacet
  facet normal 0 0 -1
    outer loop
      vertex -12.460050447660638 -12.460050447660638 30.62992125984252
      vertex 12.518804541195001 -12.388458377791672 30.62992125984252
      vertex 12.500796853674679 -12.413588076771244 30.62992125984252
    endloop
  endfacet
  facet normal 0 0 -1
    outer loop
      vertex -12.481184160908846 -12.437486211791283 30.62992125984252
      vertex 12.535130112013949 -12.362204724409448 30.62992125984252
      vertex 12.518804541195001 -12.388458377791672 30.62992125984252
    endloop
  endfacet
  facet normal 0 0 -1
    outer loop
      vertex -12.500796853674679 -12.413588076771244 30.62992125984252
      vertex 12.549703657392442 -12.334939538552536 30.62992125984252
      vertex 12.535130112013949 -12.362204724409448 30.62992125984252
    endloop
  endfacet
  facet normal 0 0 -1
    outer loop
      vertex -12.518804541195001 -12.388458377791672 30.62992125984252
      vertex 12.562462771384734 -12.306779574338846 30.62992125984252
      vertex 12.549703657392442 -12.334939538552536 30.62992125984252
    endloop
  endfacet
  facet normal 0 0 -1
    outer loop
      vertex -12.535130112013949 -12.362204724409448 30.62992125984252
      vertex 12.573352817181997 -12.277845416775369 30.62992125984252
      vertex 12.562462771384734 -12.306779574338846 30.62992125984252
    endloop
  endfacet
  facet normal 0 0 -1
    outer loop
      vertex -12.549703657392442 -12.334939538552536 30.62992125984252
      vertex 12.582327162069598 -12.248260966084136 30.62992125984252
      vertex 12.573352817181997 -12.277845416775369 30.62992125984252
    endloop
  endfacet
  facet normal 0 0 -1
    outer loop
      vertex -12.562462771384734 -12.306779574338846 30.62992125984252
      vertex 12.589347376598148 -12.218152907948324 30.62992125984252
      vertex 12.582327162069598 -12.248260966084136 30.62992125984252
    endloop
  endfacet
  facet normal 0 0 -1
    outer loop
      vertex -12.573352817181997 -12.277845416775369 30.62992125984252
      vertex 12.594383399141586 -12.18765016967856 30.62992125984252
      vertex 12.589347376598148 -12.218152907948324 30.62992125984252
    endloop
  endfacet
  facet normal 0 0 -1
    outer loop
      vertex -12.582327162069598 -12.248260966084136 30.62992125984252
      vertex 12.597413664375702 -12.156883368165943 30.62992125984252
      vertex 12.594383399141586 -12.18765016967856 30.62992125984252
    endloop
  endfacet
  facet normal 0 0 1
    outer loop
      vertex -12.983048163999722 -12.6118536953499 31.023622047244093
      vertex 12.991114451777278 -12.550584155567519 31.023622047244093
      vertex 12.992125984251969 -12.519685039370078 31.023622047244093
    endloop
  endfacet
  facet normal 0 0 -1
    outer loop
      vertex -12.589347376598148 -12.218152907948324 30.62992125984252
      vertex 12.598425196850393 -12.125984251968504 30.62992125984252
      vertex 12.597413664375702 -12.156883368165943 30.62992125984252
    endloop
  endfacet
  facet normal 0 0 -1
    outer loop
      vertex -12.594383399141586 -12.18765016967856 30.62992125984252
      vertex 12.598425196850393 12.125984251968504 30.62992125984252
      vertex 12.598425196850393 -12.125984251968504 30.62992125984252
    endloop
  endfacet
  facet normal 0 0 1
    outer loop
      vertex -12.98808418654316 -12.581350957080135 31.023622047244093
      vertex 12.992125984251969 -12.519685039370078 31.023622047244093
      vertex 12.992125984251969 12.519685039370078 31.023622047244093
    endloop
  endfacet
  facet normal -0.0327190875272729 0.9994645873223237 0
    outer loop
      vertex 12.125984251968504 -12.598425196850393 3.1102362204724407
      vertex 12.125984251968504 -12.598425196850393 29.84251968503937
      vertex 12.156883368165943 -12.597413664375702 29.84251968503937
    endloop
  endfacet
  facet normal -0.09801713316413767 0.9951847273779294 0
    outer loop
      vertex 12.156883368165943 -12.597413664375702 3.1102362204724407
      vertex 12.156883368165943 -12.597413664375702 29.84251968503937
      vertex 12.18765016967856 -12.594383399141586 29.84251968503937
    endloop
  endfacet
  facet normal 0.03271908752727102 -0.9994645873223238 0
    outer loop
      vertex 12.550584155567519 -12.991114451777278 2.677165354330709
      vertex 12.550584155567519 -12.991114451777278 29.84251968503937
      vertex 12.519685039370078 -12.992125984251969 29.84251968503937
    endloop
  endfacet
  facet normal 0.09801713316420017 -0.9951847273779233 0
    outer loop
      vertex 12.581350957080135 -12.98808418654316 2.677165354330709
      vertex 12.581350957080135 -12.98808418654316 29.84251968503937
      vertex 12.550584155567519 -12.991114451777278 29.84251968503937
    endloop
  endfacet
  facet normal -0.16289547570604634 0.9866433317032558 0
    outer loop
      vertex 12.18765016967856 -12.594383399141586 3.1102362204724407
      vertex 12.18765016967856 -12.594383399141586 29.84251968503937
      vertex 12.218152907948324 -12.589347376598148 29.84251968503937
    endloop
  endfacet
  facet normal -0.22707626272697828 0.9738769793490082 0
    outer loop
      vertex 12.218152907948324 -12.589347376598148 3.1102362204724407
      vertex 12.218152907948324 -12.589347376598148 29.84251968503937
      vertex 12.248260966084136 -12.582327162069598 29.84251968503937
    endloop
  endfacet
  facet normal -0.2902846738205911 0.9569403367738624 0
    outer loop
      vertex 12.248260966084136 -12.582327162069598 3.1102362204724407
      vertex 12.248260966084136 -12.582327162069598 29.84251968503937
      vertex 12.277845416775369 -12.573352817181997 29.84251968503937
    endloop
  endfacet
  facet normal -0.3522500484062582 0.9359059265747753 0
    outer loop
      vertex 12.277845416775369 -12.573352817181997 3.1102362204724407
      vertex 12.277845416775369 -12.573352817181997 29.84251968503937
      vertex 12.306779574338846 -12.562462771384734 29.84251968503937
    endloop
  endfacet
  facet normal -0.4127070352136502 0.910863822470274 0
    outer loop
      vertex 12.306779574338846 -12.562462771384734 3.1102362204724407
      vertex 12.306779574338846 -12.562462771384734 29.84251968503937
      vertex 12.314300425263173 -12.559055118110235 29.84251968503937
    endloop
  endfacet
  facet normal -0.41270703521358265 0.9108638224703046 0
    outer loop
      vertex 12.334939538552536 -12.549703657392442 3.1102362204724407
      vertex 12.314300425263173 -12.559055118110235 29.84251968503937
      vertex 12.314300425263173 -12.559055118110235 30.31496062992126
    endloop
  endfacet
  facet normal -0.910863822470274 0.4127070352136502 -6.459314657714419e-17
    outer loop
      vertex 12.549703657392442 -12.334939538552536 3.1102362204724407
      vertex 12.559055118110235 -12.314300425263173 29.84251968503937
      vertex 12.562462771384734 -12.306779574338846 29.84251968503937
    endloop
  endfacet
  facet normal -0.9359059265747753 0.3522500484062582 0
    outer loop
      vertex 12.562462771384734 -12.306779574338846 3.1102362204724407
      vertex 12.562462771384734 -12.306779574338846 29.84251968503937
      vertex 12.573352817181997 -12.277845416775369 29.84251968503937
    endloop
  endfacet
  facet normal -0.9569403367738624 0.2902846738205911 0
    outer loop
      vertex 12.573352817181997 -12.277845416775369 3.1102362204724407
      vertex 12.573352817181997 -12.277845416775369 29.84251968503937
      vertex 12.582327162069598 -12.248260966084136 29.84251968503937
    endloop
  endfacet
  facet normal -0.9738769793490082 0.22707626272697828 0
    outer loop
      vertex 12.582327162069598 -12.248260966084136 3.1102362204724407
      vertex 12.582327162069598 -12.248260966084136 29.84251968503937
      vertex 12.589347376598148 -12.218152907948324 29.84251968503937
    endloop
  endfacet
  facet normal -0.9108638224703054 0.4127070352135811 0
    outer loop
      vertex 12.549703657392442 -12.334939538552536 3.1102362204724407
      vertex 12.549703657392442 -12.334939538552536 30.62992125984252
      vertex 12.559055118110235 -12.314300425263173 29.84251968503937
    endloop
  endfacet
  facet normal 0.1628954757060371 -0.9866433317032574 0
    outer loop
      vertex 12.6118536953499 -12.983048163999722 2.677165354330709
      vertex 12.6118536953499 -12.983048163999722 29.84251968503937
      vertex 12.581350957080135 -12.98808418654316 29.84251968503937
    endloop
  endfacet
  facet normal 0.22707626272693648 -0.9738769793490178 0
    outer loop
      vertex 12.64196175348571 -12.976027949471174 2.677165354330709
      vertex 12.64196175348571 -12.976027949471174 29.84251968503937
      vertex 12.6118536953499 -12.983048163999722 29.84251968503937
    endloop
  endfacet
  facet normal 0.2902846738206437 -0.9569403367738464 0
    outer loop
      vertex 12.671546204176943 -12.96705360458357 2.677165354330709
      vertex 12.671546204176943 -12.96705360458357 29.84251968503937
      vertex 12.64196175348571 -12.976027949471174 29.84251968503937
    endloop
  endfacet
  facet normal 0.3522500484062078 -0.9359059265747943 0
    outer loop
      vertex 12.70048036174042 -12.95616355878631 2.677165354330709
      vertex 12.70048036174042 -12.95616355878631 29.84251968503937
      vertex 12.671546204176943 -12.96705360458357 29.84251968503937
    endloop
  endfacet
  facet normal 0.41270703521364716 -0.9108638224702754 0
    outer loop
      vertex 12.72864032595411 -12.943404444794016 2.677165354330709
      vertex 12.72864032595411 -12.943404444794016 29.84251968503937
      vertex 12.70048036174042 -12.95616355878631 29.84251968503937
    endloop
  endfacet
  facet normal 0.4713967346675319 -0.881921265502079 0
    outer loop
      vertex 12.755905511811024 -12.928830899415523 2.677165354330709
      vertex 12.755905511811024 -12.928830899415523 29.84251968503937
      vertex 12.72864032595411 -12.943404444794016 29.84251968503937
    endloop
  endfacet
  facet normal 0.5280678517723407 -0.8492021808288914 0
    outer loop
      vertex 12.782159165193246 -12.912505328596577 2.677165354330709
      vertex 12.782159165193246 -12.912505328596577 29.84251968503937
      vertex 12.755905511811024 -12.928830899415523 29.84251968503937
    endloop
  endfacet
  facet normal 0.5824776945923182 -0.812846686222204 0
    outer loop
      vertex 12.807288864172818 -12.894497641076253 2.677165354330709
      vertex 12.807288864172818 -12.894497641076253 29.84251968503937
      vertex 12.782159165193246 -12.912505328596577 29.84251968503937
    endloop
  endfacet
  facet normal 0.6343932883100777 -0.7730104499598481 0
    outer loop
      vertex 12.831186999192857 -12.87488494831042 2.677165354330709
      vertex 12.831186999192857 -12.87488494831042 29.84251968503937
      vertex 12.807288864172818 -12.894497641076253 29.84251968503937
    endloop
  endfacet
  facet normal 0.6835923039409372 -0.7298640709013708 0
    outer loop
      vertex 12.853751235062212 -12.853751235062212 2.677165354330709
      vertex 12.853751235062212 -12.853751235062212 29.84251968503937
      vertex 12.831186999192857 -12.87488494831042 29.84251968503937
    endloop
  endfacet
  facet normal 0.7298640709013708 -0.6835923039409372 0
    outer loop
      vertex 12.87488494831042 -12.831186999192857 2.677165354330709
      vertex 12.87488494831042 -12.831186999192857 29.84251968503937
      vertex 12.853751235062212 -12.853751235062212 29.84251968503937
    endloop
  endfacet
  facet normal 0.7730104499598481 -0.6343932883100777 0
    outer loop
      vertex 12.894497641076253 -12.807288864172818 2.677165354330709
      vertex 12.894497641076253 -12.807288864172818 29.84251968503937
      vertex 12.87488494831042 -12.831186999192857 29.84251968503937
    endloop
  endfacet
  facet normal 0.812846686222204 -0.5824776945923182 0
    outer loop
      vertex 12.912505328596577 -12.782159165193246 2.677165354330709
      vertex 12.912505328596577 -12.782159165193246 29.84251968503937
      vertex 12.894497641076253 -12.807288864172818 29.84251968503937
    endloop
  endfacet
  facet normal 0.8492021808288914 -0.5280678517723407 0
    outer loop
      vertex 12.928830899415523 -12.755905511811024 2.677165354330709
      vertex 12.928830899415523 -12.755905511811024 29.84251968503937
      vertex 12.912505328596577 -12.782159165193246 29.84251968503937
    endloop
  endfacet
  facet normal 0.881921265502079 -0.4713967346675319 0
    outer loop
      vertex 12.943404444794016 -12.72864032595411 2.677165354330709
      vertex 12.943404444794016 -12.72864032595411 29.84251968503937
      vertex 12.928830899415523 -12.755905511811024 29.84251968503937
    endloop
  endfacet
  facet normal 0.9108638224702754 -0.41270703521364716 0
    outer loop
      vertex 12.95616355878631 -12.70048036174042 2.677165354330709
      vertex 12.95616355878631 -12.70048036174042 29.84251968503937
      vertex 12.943404444794016 -12.72864032595411 29.84251968503937
    endloop
  endfacet
  facet normal 0.9359059265747943 -0.3522500484062078 0
    outer loop
      vertex 12.96705360458357 -12.671546204176943 2.677165354330709
      vertex 12.96705360458357 -12.671546204176943 29.84251968503937
      vertex 12.95616355878631 -12.70048036174042 29.84251968503937
    endloop
  endfacet
  facet normal 0.9569403367738464 -0.2902846738206437 0
    outer loop
      vertex 12.976027949471174 -12.64196175348571 2.677165354330709
      vertex 12.976027949471174 -12.64196175348571 29.84251968503937
      vertex 12.96705360458357 -12.671546204176943 29.84251968503937
    endloop
  endfacet
  facet normal 0.9738769793490178 -0.22707626272693648 0
    outer loop
      vertex 12.983048163999722 -12.6118536953499 2.677165354330709
      vertex 12.983048163999722 -12.6118536953499 29.84251968503937
      vertex 12.976027949471174 -12.64196175348571 29.84251968503937
    endloop
  endfacet
  facet normal 0.9866433317032574 -0.1628954757060371 0
    outer loop
      vertex 12.98808418654316 -12.581350957080135 2.677165354330709
      vertex 12.98808418654316 -12.581350957080135 29.84251968503937
      vertex 12.983048163999722 -12.6118536953499 29.84251968503937
    endloop
  endfacet
  facet normal 0.9951847273779233 -0.09801713316420017 0
    outer loop
      vertex 12.991114451777278 -12.550584155567519 2.677165354330709
      vertex 12.991114451777278 -12.550584155567519 29.84251968503937
      vertex 12.98808418654316 -12.581350957080135 29.84251968503937
    endloop
  endfacet
  facet normal 0.9994645873223238 -0.03271908752727102 0
    outer loop
      vertex 12.992125984251969 -12.519685039370078 2.677165354330709
      vertex 12.992125984251969 -12.519685039370078 29.84251968503937
      vertex 12.991114451777278 -12.550584155567519 29.84251968503937
    endloop
  endfacet
  facet normal -0.9866433317032558 0.16289547570604634 0
    outer loop
      vertex 12.589347376598148 -12.218152907948324 3.1102362204724407
      vertex 12.589347376598148 -12.218152907948324 29.84251968503937
      vertex 12.594383399141586 -12.18765016967856 29.84251968503937
    endloop
  endfacet
  facet normal -0.9951847273779294 0.09801713316413767 0
    outer loop
      vertex 12.594383399141586 -12.18765016967856 3.1102362204724407
      vertex 12.594383399141586 -12.18765016967856 29.84251968503937
      vertex 12.597413664375702 -12.156883368165943 29.84251968503937
    endloop
  endfacet
  facet normal -0.9994645873223237 0.0327190875272729 0
    outer loop
      vertex 12.597413664375702 -12.156883368165943 3.1102362204724407
      vertex 12.597413664375702 -12.156883368165943 29.84251968503937
      vertex 12.598425196850393 -12.125984251968504 29.84251968503937
    endloop
  endfacet
  facet normal -0.4127070352135811 0.9108638224703054 0
    outer loop
      vertex 12.334939538552536 -12.549703657392442 3.1102362204724407
      vertex 12.314300425263173 -12.559055118110235 30.31496062992126
      vertex 12.334939538552536 -12.549703657392442 30.62992125984252
    endloop
  endfacet
  facet normal -0.4713967346675557 0.8819212655020662 0
    outer loop
      vertex 12.334939538552536 -12.549703657392442 3.1102362204724407
      vertex 12.334939538552536 -12.549703657392442 30.62992125984252
      vertex 12.362204724409448 -12.535130112013949 30.62992125984252
    endloop
  endfacet
  facet normal -0.5280678517723564 0.8492021808288817 0
    outer loop
      vertex 12.362204724409448 -12.535130112013949 3.1102362204724407
      vertex 12.362204724409448 -12.535130112013949 30.62992125984252
      vertex 12.388458377791672 -12.518804541195001 30.62992125984252
    endloop
  endfacet
  facet normal -0.5824776945922802 0.8128466862222312 0
    outer loop
      vertex 12.388458377791672 -12.518804541195001 3.1102362204724407
      vertex 12.388458377791672 -12.518804541195001 30.62992125984252
      vertex 12.413588076771244 -12.500796853674679 30.62992125984252
    endloop
  endfacet
  facet normal -0.6343932883100777 0.7730104499598481 0
    outer loop
      vertex 12.413588076771244 -12.500796853674679 3.1102362204724407
      vertex 12.413588076771244 -12.500796853674679 30.62992125984252
      vertex 12.437486211791283 -12.481184160908846 30.62992125984252
    endloop
  endfacet
  facet normal -0.6835923039409372 0.7298640709013708 0
    outer loop
      vertex 12.437486211791283 -12.481184160908846 3.1102362204724407
      vertex 12.437486211791283 -12.481184160908846 30.62992125984252
      vertex 12.460050447660638 -12.460050447660638 30.62992125984252
    endloop
  endfacet
  facet normal -0.7298640709013708 0.6835923039409372 0
    outer loop
      vertex 12.460050447660638 -12.460050447660638 3.1102362204724407
      vertex 12.460050447660638 -12.460050447660638 30.62992125984252
      vertex 12.481184160908846 -12.437486211791283 30.62992125984252
    endloop
  endfacet
  facet normal -0.7730104499598481 0.6343932883100777 0
    outer loop
      vertex 12.481184160908846 -12.437486211791283 3.1102362204724407
      vertex 12.481184160908846 -12.437486211791283 30.62992125984252
      vertex 12.500796853674679 -12.413588076771244 30.62992125984252
    endloop
  endfacet
  facet normal -0.8128466862222312 0.5824776945922802 0
    outer loop
      vertex 12.500796853674679 -12.413588076771244 3.1102362204724407
      vertex 12.500796853674679 -12.413588076771244 30.62992125984252
      vertex 12.518804541195001 -12.388458377791672 30.62992125984252
    endloop
  endfacet
  facet normal -0.8492021808288817 0.5280678517723564 0
    outer loop
      vertex 12.518804541195001 -12.388458377791672 3.1102362204724407
      vertex 12.518804541195001 -12.388458377791672 30.62992125984252
      vertex 12.535130112013949 -12.362204724409448 30.62992125984252
    endloop
  endfacet
  facet normal -0.8819212655020662 0.4713967346675557 0
    outer loop
      vertex 12.535130112013949 -12.362204724409448 3.1102362204724407
      vertex 12.535130112013949 -12.362204724409448 30.62992125984252
      vertex 12.549703657392442 -12.334939538552536 30.62992125984252
    endloop
  endfacet
  facet normal -0.03271908752727289 0.9994645873223237 0
    outer loop
      vertex 12.125984251968504 -12.598425196850393 30.31496062992126
      vertex 12.156883368165943 -12.597413664375702 30.62992125984252
      vertex 12.156883368165943 -12.597413664375702 30.31496062992126
    endloop
  endfacet
  facet normal -0.09801713316413768 0.9951847273779295 0
    outer loop
      vertex 12.156883368165943 -12.597413664375702 30.31496062992126
      vertex 12.18765016967856 -12.594383399141586 30.62992125984252
      vertex 12.18765016967856 -12.594383399141586 30.31496062992126
    endloop
  endfacet
  facet normal -0.03271908752727289 0.9994645873223237 0
    outer loop
      vertex 12.125984251968504 -12.598425196850393 30.31496062992126
      vertex 12.125984251968504 -12.598425196850393 30.62992125984252
      vertex 12.156883368165943 -12.597413664375702 30.62992125984252
    endloop
  endfacet
  facet normal -0.09801713316413768 0.9951847273779295 0
    outer loop
      vertex 12.156883368165943 -12.597413664375702 30.31496062992126
      vertex 12.156883368165943 -12.597413664375702 30.62992125984252
      vertex 12.18765016967856 -12.594383399141586 30.62992125984252
    endloop
  endfacet
  facet normal 0 0 -1
    outer loop
      vertex 12.125984251968504 -12.598425196850393 30.62992125984252
      vertex 12.18765016967856 -12.594383399141586 30.62992125984252
      vertex 12.156883368165943 -12.597413664375702 30.62992125984252
    endloop
  endfacet
  facet normal 0 0 1
    outer loop
      vertex 12.125984251968504 -12.598425196850393 29.84251968503937
      vertex 12.831186999192857 -12.87488494831042 29.84251968503937
      vertex 12.156883368165943 -12.597413664375702 29.84251968503937
    endloop
  endfacet
  facet normal 0 0 1
    outer loop
      vertex 12.125984251968504 -12.598425196850393 29.84251968503937
      vertex 12.70048036174042 -12.95616355878631 29.84251968503937
      vertex 12.72864032595411 -12.943404444794016 29.84251968503937
    endloop
  endfacet
  facet normal 0 0 1
    outer loop
      vertex 12.125984251968504 -12.598425196850393 29.84251968503937
      vertex 12.72864032595411 -12.943404444794016 29.84251968503937
      vertex 12.755905511811024 -12.928830899415523 29.84251968503937
    endloop
  endfacet
  facet normal 0 0 1
    outer loop
      vertex 12.125984251968504 -12.598425196850393 29.84251968503937
      vertex 12.755905511811024 -12.928830899415523 29.84251968503937
      vertex 12.782159165193246 -12.912505328596577 29.84251968503937
    endloop
  endfacet
  facet normal 0 0 1
    outer loop
      vertex 12.125984251968504 -12.598425196850393 29.84251968503937
      vertex 12.782159165193246 -12.912505328596577 29.84251968503937
      vertex 12.807288864172818 -12.894497641076253 29.84251968503937
    endloop
  endfacet
  facet normal 0 0 1
    outer loop
      vertex 12.156883368165943 -12.597413664375702 29.84251968503937
      vertex 12.831186999192857 -12.87488494831042 29.84251968503937
      vertex 12.18765016967856 -12.594383399141586 29.84251968503937
    endloop
  endfacet
  facet normal 0 0 1
    outer loop
      vertex 12.18765016967856 -12.594383399141586 29.84251968503937
      vertex 12.831186999192857 -12.87488494831042 29.84251968503937
      vertex 12.218152907948324 -12.589347376598148 29.84251968503937
    endloop
  endfacet
  facet normal 0 0 1
    outer loop
      vertex 12.218152907948324 -12.589347376598148 29.84251968503937
      vertex 12.831186999192857 -12.87488494831042 29.84251968503937
      vertex 12.248260966084136 -12.582327162069598 29.84251968503937
    endloop
  endfacet
  facet normal 0 0 1
    outer loop
      vertex 12.248260966084136 -12.582327162069598 29.84251968503937
      vertex 12.831186999192857 -12.87488494831042 29.84251968503937
      vertex 12.277845416775369 -12.573352817181997 29.84251968503937
    endloop
  endfacet
  facet normal 0 0 1
    outer loop
      vertex 12.277845416775369 -12.573352817181997 29.84251968503937
      vertex 12.831186999192857 -12.87488494831042 29.84251968503937
      vertex 12.48031496062992 -12.559055118110235 29.84251968503937
    endloop
  endfacet
  facet normal 0 0 1
    outer loop
      vertex 12.277845416775369 -12.573352817181997 29.84251968503937
      vertex 12.48031496062992 -12.559055118110235 29.84251968503937
      vertex 12.306779574338846 -12.562462771384734 29.84251968503937
    endloop
  endfacet
  facet normal 0 0 1
    outer loop
      vertex 12.306779574338846 -12.562462771384734 29.84251968503937
      vertex 12.48031496062992 -12.559055118110235 29.84251968503937
      vertex 12.314300425263173 -12.559055118110235 29.84251968503937
    endloop
  endfacet
  facet normal 0 -1 0
    outer loop
      vertex 12.314300425263173 -12.559055118110235 29.84251968503937
      vertex 12.48031496062992 -12.559055118110235 29.84251968503937
      vertex 12.314300425263173 -12.559055118110235 30.31496062992126
    endloop
  endfacet
  facet normal 0.032719087216940966 -0.9994645873324828 0
    outer loop
      vertex 12.48031496062992 -12.559055118110235 29.84251968503937
      vertex 12.485464813378382 -12.558886529364454 29.84251968503937
      vertex 12.48031496062992 -12.559055118110235 30.31496062992126
    endloop
  endfacet
  facet normal 0.09801716228047182 -0.9951847245102207 0
    outer loop
      vertex 12.485464813378382 -12.558886529364454 29.84251968503937
      vertex 12.490592613581597 -12.558381485012102 29.84251968503937
      vertex 12.485464813378382 -12.558886529364454 30.31496062992126
    endloop
  endfacet
  facet normal 0.16289544342213602 -0.9866433370333504 0
    outer loop
      vertex 12.490592613581597 -12.558381485012102 29.84251968503937
      vertex 12.495676403439889 -12.557542148068196 29.84251968503937
      vertex 12.490592613581597 -12.558381485012102 30.31496062992126
    endloop
  endfacet
  facet normal 0.22707625522042016 -0.9738769810992919 0
    outer loop
      vertex 12.495676403439889 -12.557542148068196 29.84251968503937
      vertex 12.50069441288475 -12.556372112411214 29.84251968503937
      vertex 12.495676403439889 -12.557542148068196 30.31496062992126
    endloop
  endfacet
  facet normal 0.29028470252207583 -0.9569403280673617 0
    outer loop
      vertex 12.50069441288475 -12.556372112411214 29.84251968503937
      vertex 12.505625154617734 -12.554876388116615 29.84251968503937
      vertex 12.50069441288475 -12.556372112411214 30.31496062992126
    endloop
  endfacet
  facet normal 0.3522500078340109 -0.935905941845087 0
    outer loop
      vertex 12.505625154617734 -12.554876388116615 29.84251968503937
      vertex 12.510447514456088 -12.553061380630403 29.84251968503937
      vertex 12.505625154617734 -12.554876388116615 30.31496062992126
    endloop
  endfacet
  facet normal 0.41270707740174406 -0.910863803355096 0
    outer loop
      vertex 12.510447514456088 -12.553061380630403 29.84251968503937
      vertex 12.515140841678372 -12.550934861436135 29.84251968503937
      vertex 12.510447514456088 -12.553061380630403 30.31496062992126
    endloop
  endfacet
  facet normal 0.4713967233436382 -0.8819212715548262 0
    outer loop
      vertex 12.515140841678372 -12.550934861436135 29.84251968503937
      vertex 12.519685039370078 -12.548505937255273 29.84251968503937
      vertex 12.515140841678372 -12.550934861436135 30.31496062992126
    endloop
  endfacet
  facet normal 0.5280678201482535 -0.8492022004940118 0
    outer loop
      vertex 12.519685039370078 -12.548505937255273 29.84251968503937
      vertex 12.524060648316004 -12.545785008981003 29.84251968503937
      vertex 12.519685039370078 -12.548505937255273 30.31496062992126
    endloop
  endfacet
  facet normal 0.5824777008613659 -0.8128466817298681 0
    outer loop
      vertex 12.524060648316004 -12.545785008981003 29.84251968503937
      vertex 12.528248931479267 -12.542783727678726 29.84251968503937
      vertex 12.524060648316004 -12.545785008981003 30.31496062992126
    endloop
  endfacet
  facet normal 0.634393273334864 -0.7730104622496882 0
    outer loop
      vertex 12.528248931479267 -12.542783727678726 29.84251968503937
      vertex 12.532231954080382 -12.539514945599976 29.84251968503937
      vertex 12.528248931479267 -12.542783727678726 30.31496062992126
    endloop
  endfacet
  facet normal 0.683592343093566 -0.7298640342309303 0
    outer loop
      vertex 12.532231954080382 -12.539514945599976 29.84251968503937
      vertex 12.535992659863055 -12.535992659863055 29.84251968503937
      vertex 12.532231954080382 -12.539514945599976 30.31496062992126
    endloop
  endfacet
  facet normal 0.7298640342309303 -0.683592343093566 0
    outer loop
      vertex 12.535992659863055 -12.535992659863055 29.84251968503937
      vertex 12.539514945599976 -12.532231954080382 29.84251968503937
      vertex 12.535992659863055 -12.535992659863055 30.31496062992126
    endloop
  endfacet
  facet normal 0.7730104622496882 -0.634393273334864 0
    outer loop
      vertex 12.539514945599976 -12.532231954080382 29.84251968503937
      vertex 12.542783727678726 -12.528248931479267 29.84251968503937
      vertex 12.539514945599976 -12.532231954080382 30.31496062992126
    endloop
  endfacet
  facet normal 0.8128466817298681 -0.5824777008613659 0
    outer loop
      vertex 12.542783727678726 -12.528248931479267 29.84251968503937
      vertex 12.545785008981003 -12.524060648316004 29.84251968503937
      vertex 12.542783727678726 -12.528248931479267 30.31496062992126
    endloop
  endfacet
  facet normal 0.8492022004940118 -0.5280678201482535 0
    outer loop
      vertex 12.545785008981003 -12.524060648316004 29.84251968503937
      vertex 12.548505937255273 -12.519685039370078 29.84251968503937
      vertex 12.545785008981003 -12.524060648316004 30.31496062992126
    endloop
  endfacet
  facet normal 0.8819212715548262 -0.4713967233436382 0
    outer loop
      vertex 12.548505937255273 -12.519685039370078 29.84251968503937
      vertex 12.550934861436135 -12.515140841678372 29.84251968503937
      vertex 12.548505937255273 -12.519685039370078 30.31496062992126
    endloop
  endfacet
  facet normal 0.910863803355096 -0.41270707740174406 0
    outer loop
      vertex 12.550934861436135 -12.515140841678372 29.84251968503937
      vertex 12.553061380630403 -12.510447514456088 29.84251968503937
      vertex 12.550934861436135 -12.515140841678372 30.31496062992126
    endloop
  endfacet
  facet normal 0.935905941845087 -0.3522500078340109 0
    outer loop
      vertex 12.553061380630403 -12.510447514456088 29.84251968503937
      vertex 12.554876388116615 -12.505625154617734 29.84251968503937
      vertex 12.553061380630403 -12.510447514456088 30.31496062992126
    endloop
  endfacet
  facet normal 0.9569403280673617 -0.29028470252207583 0
    outer loop
      vertex 12.554876388116615 -12.505625154617734 29.84251968503937
      vertex 12.556372112411214 -12.50069441288475 29.84251968503937
      vertex 12.554876388116615 -12.505625154617734 30.31496062992126
    endloop
  endfacet
  facet normal 0.9738769810992919 -0.22707625522042016 0
    outer loop
      vertex 12.556372112411214 -12.50069441288475 29.84251968503937
      vertex 12.557542148068196 -12.495676403439889 29.84251968503937
      vertex 12.556372112411214 -12.50069441288475 30.31496062992126
    endloop
  endfacet
  facet normal 0.9866433370333504 -0.16289544342213602 0
    outer loop
      vertex 12.557542148068196 -12.495676403439889 29.84251968503937
      vertex 12.558381485012102 -12.490592613581597 29.84251968503937
      vertex 12.557542148068196 -12.495676403439889 30.31496062992126
    endloop
  endfacet
  facet normal 0.9951847245102207 -0.09801716228047182 0
    outer loop
      vertex 12.558381485012102 -12.490592613581597 29.84251968503937
      vertex 12.558886529364454 -12.485464813378382 29.84251968503937
      vertex 12.558381485012102 -12.490592613581597 30.31496062992126
    endloop
  endfacet
  facet normal 0.9994645873324828 -0.032719087216940966 0
    outer loop
      vertex 12.558886529364454 -12.485464813378382 29.84251968503937
      vertex 12.559055118110235 -12.48031496062992 29.84251968503937
      vertex 12.558886529364454 -12.485464813378382 30.31496062992126
    endloop
  endfacet
  facet normal 1 0 0
    outer loop
      vertex 12.559055118110235 -12.48031496062992 29.84251968503937
      vertex 12.559055118110235 -12.314300425263173 29.84251968503937
      vertex 12.559055118110235 -12.48031496062992 30.31496062992126
    endloop
  endfacet
  facet normal 0 0 1
    outer loop
      vertex 12.125984251968504 -12.598425196850393 29.84251968503937
      vertex 12.807288864172818 -12.894497641076253 29.84251968503937
      vertex 12.831186999192857 -12.87488494831042 29.84251968503937
    endloop
  endfacet
  facet normal 0 0 1
    outer loop
      vertex 12.485464813378382 -12.558886529364454 29.84251968503937
      vertex 12.853751235062212 -12.853751235062212 29.84251968503937
      vertex 12.490592613581597 -12.558381485012102 29.84251968503937
    endloop
  endfacet
  facet normal 0 0 1
    outer loop
      vertex 12.48031496062992 -12.559055118110235 29.84251968503937
      vertex 12.853751235062212 -12.853751235062212 29.84251968503937
      vertex 12.485464813378382 -12.558886529364454 29.84251968503937
    endloop
  endfacet
  facet normal 0 0 1
    outer loop
      vertex 12.490592613581597 -12.558381485012102 29.84251968503937
      vertex 12.853751235062212 -12.853751235062212 29.84251968503937
      vertex 12.495676403439889 -12.557542148068196 29.84251968503937
    endloop
  endfacet
  facet normal 0 0 1
    outer loop
      vertex 12.515140841678372 -12.550934861436135 29.84251968503937
      vertex 12.87488494831042 -12.831186999192857 29.84251968503937
      vertex 12.519685039370078 -12.548505937255273 29.84251968503937
    endloop
  endfacet
  facet normal 0 0 1
    outer loop
      vertex 12.510447514456088 -12.553061380630403 29.84251968503937
      vertex 12.853751235062212 -12.853751235062212 29.84251968503937
      vertex 12.515140841678372 -12.550934861436135 29.84251968503937
    endloop
  endfacet
  facet normal 0 0 1
    outer loop
      vertex 12.505625154617734 -12.554876388116615 29.84251968503937
      vertex 12.853751235062212 -12.853751235062212 29.84251968503937
      vertex 12.510447514456088 -12.553061380630403 29.84251968503937
    endloop
  endfacet
  facet normal 0 0 1
    outer loop
      vertex 12.50069441288475 -12.556372112411214 29.84251968503937
      vertex 12.853751235062212 -12.853751235062212 29.84251968503937
      vertex 12.505625154617734 -12.554876388116615 29.84251968503937
    endloop
  endfacet
  facet normal 0 0 1
    outer loop
      vertex 12.495676403439889 -12.557542148068196 29.84251968503937
      vertex 12.853751235062212 -12.853751235062212 29.84251968503937
      vertex 12.50069441288475 -12.556372112411214 29.84251968503937
    endloop
  endfacet
  facet normal 0 0 1
    outer loop
      vertex 12.528248931479267 -12.542783727678726 29.84251968503937
      vertex 12.87488494831042 -12.831186999192857 29.84251968503937
      vertex 12.532231954080382 -12.539514945599976 29.84251968503937
    endloop
  endfacet
  facet normal 0 0 1
    outer loop
      vertex 12.524060648316004 -12.545785008981003 29.84251968503937
      vertex 12.87488494831042 -12.831186999192857 29.84251968503937
      vertex 12.528248931479267 -12.542783727678726 29.84251968503937
    endloop
  endfacet
  facet normal 0 0 1
    outer loop
      vertex 12.519685039370078 -12.548505937255273 29.84251968503937
      vertex 12.87488494831042 -12.831186999192857 29.84251968503937
      vertex 12.524060648316004 -12.545785008981003 29.84251968503937
    endloop
  endfacet
  facet normal 0 0 1
    outer loop
      vertex 12.532231954080382 -12.539514945599976 29.84251968503937
      vertex 12.87488494831042 -12.831186999192857 29.84251968503937
      vertex 12.535992659863055 -12.535992659863055 29.84251968503937
    endloop
  endfacet
  facet normal 0 0 1
    outer loop
      vertex 12.554876388116615 -12.505625154617734 29.84251968503937
      vertex 12.87488494831042 -12.831186999192857 29.84251968503937
      vertex 12.556372112411214 -12.50069441288475 29.84251968503937
    endloop
  endfacet
  facet normal 0 0 1
    outer loop
      vertex 12.553061380630403 -12.510447514456088 29.84251968503937
      vertex 12.87488494831042 -12.831186999192857 29.84251968503937
      vertex 12.554876388116615 -12.505625154617734 29.84251968503937
    endloop
  endfacet
  facet normal 0 0 1
    outer loop
      vertex 12.550934861436135 -12.515140841678372 29.84251968503937
      vertex 12.87488494831042 -12.831186999192857 29.84251968503937
      vertex 12.553061380630403 -12.510447514456088 29.84251968503937
    endloop
  endfacet
  facet normal 0 0 1
    outer loop
      vertex 12.548505937255273 -12.519685039370078 29.84251968503937
      vertex 12.87488494831042 -12.831186999192857 29.84251968503937
      vertex 12.550934861436135 -12.515140841678372 29.84251968503937
    endloop
  endfacet
  facet normal 0 0 1
    outer loop
      vertex 12.545785008981003 -12.524060648316004 29.84251968503937
      vertex 12.87488494831042 -12.831186999192857 29.84251968503937
      vertex 12.548505937255273 -12.519685039370078 29.84251968503937
    endloop
  endfacet
  facet normal 0 0 1
    outer loop
      vertex 12.542783727678726 -12.528248931479267 29.84251968503937
      vertex 12.87488494831042 -12.831186999192857 29.84251968503937
      vertex 12.545785008981003 -12.524060648316004 29.84251968503937
    endloop
  endfacet
  facet normal 0 0 1
    outer loop
      vertex 12.539514945599976 -12.532231954080382 29.84251968503937
      vertex 12.87488494831042 -12.831186999192857 29.84251968503937
      vertex 12.542783727678726 -12.528248931479267 29.84251968503937
    endloop
  endfacet
  facet normal 0 0 1
    outer loop
      vertex 12.535992659863055 -12.535992659863055 29.84251968503937
      vertex 12.87488494831042 -12.831186999192857 29.84251968503937
      vertex 12.539514945599976 -12.532231954080382 29.84251968503937
    endloop
  endfacet
  facet normal 0 0 1
    outer loop
      vertex 12.558886529364454 -12.485464813378382 29.84251968503937
      vertex 12.87488494831042 -12.831186999192857 29.84251968503937
      vertex 12.559055118110235 -12.48031496062992 29.84251968503937
    endloop
  endfacet
  facet normal 0 0 1
    outer loop
      vertex 12.558381485012102 -12.490592613581597 29.84251968503937
      vertex 12.87488494831042 -12.831186999192857 29.84251968503937
      vertex 12.558886529364454 -12.485464813378382 29.84251968503937
    endloop
  endfacet
  facet normal 0 0 1
    outer loop
      vertex 12.557542148068196 -12.495676403439889 29.84251968503937
      vertex 12.87488494831042 -12.831186999192857 29.84251968503937
      vertex 12.558381485012102 -12.490592613581597 29.84251968503937
    endloop
  endfacet
  facet normal 0 0 1
    outer loop
      vertex 12.556372112411214 -12.50069441288475 29.84251968503937
      vertex 12.87488494831042 -12.831186999192857 29.84251968503937
      vertex 12.557542148068196 -12.495676403439889 29.84251968503937
    endloop
  endfacet
  facet normal 0 0 1
    outer loop
      vertex 12.48031496062992 -12.559055118110235 29.84251968503937
      vertex 12.831186999192857 -12.87488494831042 29.84251968503937
      vertex 12.853751235062212 -12.853751235062212 29.84251968503937
    endloop
  endfacet
  facet normal 0 0 1
    outer loop
      vertex 12.515140841678372 -12.550934861436135 29.84251968503937
      vertex 12.853751235062212 -12.853751235062212 29.84251968503937
      vertex 12.87488494831042 -12.831186999192857 29.84251968503937
    endloop
  endfacet
  facet normal 0 0 1
    outer loop
      vertex 12.559055118110235 -12.48031496062992 29.84251968503937
      vertex 12.87488494831042 -12.831186999192857 29.84251968503937
      vertex 12.894497641076253 -12.807288864172818 29.84251968503937
    endloop
  endfacet
  facet normal 0 0 1
    outer loop
      vertex 12.562462771384734 -12.306779574338846 29.84251968503937
      vertex 12.894497641076253 -12.807288864172818 29.84251968503937
      vertex 12.912505328596577 -12.782159165193246 29.84251968503937
    endloop
  endfacet
  facet normal 0 0 1
    outer loop
      vertex 12.559055118110235 -12.48031496062992 29.84251968503937
      vertex 12.894497641076253 -12.807288864172818 29.84251968503937
      vertex 12.559055118110235 -12.314300425263173 29.84251968503937
    endloop
  endfacet
  facet normal 0 0 1
    outer loop
      vertex 12.559055118110235 -12.314300425263173 29.84251968503937
      vertex 12.894497641076253 -12.807288864172818 29.84251968503937
      vertex 12.562462771384734 -12.306779574338846 29.84251968503937
    endloop
  endfacet
  facet normal 0 0 1
    outer loop
      vertex 12.562462771384734 -12.306779574338846 29.84251968503937
      vertex 12.912505328596577 -12.782159165193246 29.84251968503937
      vertex 12.573352817181997 -12.277845416775369 29.84251968503937
    endloop
  endfacet
  facet normal 0 0 1
    outer loop
      vertex 12.573352817181997 -12.277845416775369 29.84251968503937
      vertex 12.912505328596577 -12.782159165193246 29.84251968503937
      vertex 12.582327162069598 -12.248260966084136 29.84251968503937
    endloop
  endfacet
  facet normal 0 0 1
    outer loop
      vertex 12.582327162069598 -12.248260966084136 29.84251968503937
      vertex 12.912505328596577 -12.782159165193246 29.84251968503937
      vertex 12.589347376598148 -12.218152907948324 29.84251968503937
    endloop
  endfacet
  facet normal 0 0 1
    outer loop
      vertex 12.912505328596577 -12.782159165193246 29.84251968503937
      vertex 12.594383399141586 -12.18765016967856 29.84251968503937
      vertex 12.589347376598148 -12.218152907948324 29.84251968503937
    endloop
  endfacet
  facet normal 0 0 1
    outer loop
      vertex 12.912505328596577 -12.782159165193246 29.84251968503937
      vertex 12.597413664375702 -12.156883368165943 29.84251968503937
      vertex 12.594383399141586 -12.18765016967856 29.84251968503937
    endloop
  endfacet
  facet normal 0 0 1
    outer loop
      vertex 12.912505328596577 -12.782159165193246 29.84251968503937
      vertex 12.598425196850393 -12.125984251968504 29.84251968503937
      vertex 12.597413664375702 -12.156883368165943 29.84251968503937
    endloop
  endfacet
  facet normal 0 0 1
    outer loop
      vertex 12.912505328596577 -12.782159165193246 29.84251968503937
      vertex 12.928830899415523 -12.755905511811024 29.84251968503937
      vertex 12.598425196850393 -12.125984251968504 29.84251968503937
    endloop
  endfacet
  facet normal 0 0 1
    outer loop
      vertex 12.928830899415523 -12.755905511811024 29.84251968503937
      vertex 12.943404444794016 -12.72864032595411 29.84251968503937
      vertex 12.598425196850393 -12.125984251968504 29.84251968503937
    endloop
  endfacet
  facet normal 0 0 1
    outer loop
      vertex 12.943404444794016 -12.72864032595411 29.84251968503937
      vertex 12.95616355878631 -12.70048036174042 29.84251968503937
      vertex 12.598425196850393 -12.125984251968504 29.84251968503937
    endloop
  endfacet
  facet normal 0 0 1
    outer loop
      vertex 12.95616355878631 -12.70048036174042 29.84251968503937
      vertex 12.96705360458357 -12.671546204176943 29.84251968503937
      vertex 12.598425196850393 -12.125984251968504 29.84251968503937
    endloop
  endfacet
  facet normal 0 0 1
    outer loop
      vertex 12.96705360458357 -12.671546204176943 29.84251968503937
      vertex 12.976027949471174 -12.64196175348571 29.84251968503937
      vertex 12.598425196850393 -12.125984251968504 29.84251968503937
    endloop
  endfacet
  facet normal 0 0 1
    outer loop
      vertex 12.976027949471174 -12.64196175348571 29.84251968503937
      vertex 12.983048163999722 -12.6118536953499 29.84251968503937
      vertex 12.598425196850393 -12.125984251968504 29.84251968503937
    endloop
  endfacet
  facet normal 0 0 1
    outer loop
      vertex 12.983048163999722 -12.6118536953499 29.84251968503937
      vertex 12.98808418654316 -12.581350957080135 29.84251968503937
      vertex 12.598425196850393 -12.125984251968504 29.84251968503937
    endloop
  endfacet
  facet normal 0 0 1
    outer loop
      vertex 12.98808418654316 -12.581350957080135 29.84251968503937
      vertex 12.991114451777278 -12.550584155567519 29.84251968503937
      vertex 12.598425196850393 -12.125984251968504 29.84251968503937
    endloop
  endfacet
  facet normal 0 0 1
    outer loop
      vertex 12.991114451777278 -12.550584155567519 29.84251968503937
      vertex 12.992125984251969 -12.519685039370078 29.84251968503937
      vertex 12.598425196850393 -12.125984251968504 29.84251968503937
    endloop
  endfacet
  facet normal -0.16289547570604634 0.9866433317032558 0
    outer loop
      vertex 12.18765016967856 -12.594383399141586 30.31496062992126
      vertex 12.218152907948324 -12.589347376598148 30.62992125984252
      vertex 12.218152907948324 -12.589347376598148 30.31496062992126
    endloop
  endfacet
  facet normal -0.16289547570604634 0.9866433317032558 0
    outer loop
      vertex 12.18765016967856 -12.594383399141586 30.31496062992126
      vertex 12.18765016967856 -12.594383399141586 30.62992125984252
      vertex 12.218152907948324 -12.589347376598148 30.62992125984252
    endloop
  endfacet
  facet normal -0.22707626272697826 0.9738769793490082 0
    outer loop
      vertex 12.218152907948324 -12.589347376598148 30.31496062992126
      vertex 12.218152907948324 -12.589347376598148 30.62992125984252
      vertex 12.248260966084136 -12.582327162069598 30.62992125984252
    endloop
  endfacet
  facet normal 0 0 -1
    outer loop
      vertex 12.125984251968504 -12.598425196850393 30.31496062992126
      vertex 12.156883368165943 -12.597413664375702 30.31496062992126
      vertex 12.853751235062212 -12.853751235062212 30.31496062992126
    endloop
  endfacet
  facet normal 0 0 -1
    outer loop
      vertex 12.519685039370078 -12.992125984251969 30.31496062992126
      vertex 12.581350957080135 -12.98808418654316 30.31496062992126
      vertex 12.550584155567519 -12.991114451777278 30.31496062992126
    endloop
  endfacet
  facet normal 0 0 -1
    outer loop
      vertex 12.519685039370078 -12.992125984251969 30.31496062992126
      vertex 12.6118536953499 -12.983048163999722 30.31496062992126
      vertex 12.581350957080135 -12.98808418654316 30.31496062992126
    endloop
  endfacet
  facet normal 0 0 -1
    outer loop
      vertex 12.125984251968504 -12.598425196850393 30.31496062992126
      vertex 12.755905511811024 -12.928830899415523 30.31496062992126
      vertex 12.72864032595411 -12.943404444794016 30.31496062992126
    endloop
  endfacet
  facet normal 0 0 -1
    outer loop
      vertex 12.125984251968504 -12.598425196850393 30.31496062992126
      vertex 12.782159165193246 -12.912505328596577 30.31496062992126
      vertex 12.755905511811024 -12.928830899415523 30.31496062992126
    endloop
  endfacet
  facet normal 0 0 -1
    outer loop
      vertex 12.125984251968504 -12.598425196850393 30.31496062992126
      vertex 12.807288864172818 -12.894497641076253 30.31496062992126
      vertex 12.782159165193246 -12.912505328596577 30.31496062992126
    endloop
  endfacet
  facet normal 0 0 -1
    outer loop
      vertex 12.156883368165943 -12.597413664375702 30.31496062992126
      vertex 12.18765016967856 -12.594383399141586 30.31496062992126
      vertex 12.853751235062212 -12.853751235062212 30.31496062992126
    endloop
  endfacet
  facet normal 0 0 -1
    outer loop
      vertex 12.18765016967856 -12.594383399141586 30.31496062992126
      vertex 12.218152907948324 -12.589347376598148 30.31496062992126
      vertex 12.853751235062212 -12.853751235062212 30.31496062992126
    endloop
  endfacet
  facet normal 0 0 -1
    outer loop
      vertex 12.218152907948324 -12.589347376598148 30.31496062992126
      vertex 12.248260966084136 -12.582327162069598 30.31496062992126
      vertex 12.853751235062212 -12.853751235062212 30.31496062992126
    endloop
  endfacet
  facet normal 0 0 -1
    outer loop
      vertex 12.248260966084136 -12.582327162069598 30.31496062992126
      vertex 12.277845416775369 -12.573352817181997 30.31496062992126
      vertex 12.853751235062212 -12.853751235062212 30.31496062992126
    endloop
  endfacet
  facet normal 0 0 -1
    outer loop
      vertex 12.277845416775369 -12.573352817181997 30.31496062992126
      vertex 12.48031496062992 -12.559055118110235 30.31496062992126
      vertex 12.853751235062212 -12.853751235062212 30.31496062992126
    endloop
  endfacet
  facet normal 0.03271908752727102 -0.9994645873223237 0
    outer loop
      vertex 12.519685039370078 -12.992125984251969 30.31496062992126
      vertex 12.550584155567519 -12.991114451777278 30.31496062992126
      vertex 12.519685039370078 -12.992125984251969 31.023622047244093
    endloop
  endfacet
  facet normal 0.09801713316420019 -0.9951847273779233 0
    outer loop
      vertex 12.550584155567519 -12.991114451777278 30.31496062992126
      vertex 12.581350957080135 -12.98808418654316 30.31496062992126
      vertex 12.550584155567519 -12.991114451777278 31.023622047244093
    endloop
  endfacet
  facet normal 0.03271908752727102 -0.9994645873223237 0
    outer loop
      vertex 12.550584155567519 -12.991114451777278 30.31496062992126
      vertex 12.550584155567519 -12.991114451777278 31.023622047244093
      vertex 12.519685039370078 -12.992125984251969 31.023622047244093
    endloop
  endfacet
  facet normal 0.09801713316420019 -0.9951847273779233 0
    outer loop
      vertex 12.581350957080135 -12.98808418654316 30.31496062992126
      vertex 12.581350957080135 -12.98808418654316 31.023622047244093
      vertex 12.550584155567519 -12.991114451777278 31.023622047244093
    endloop
  endfacet
  facet normal 0 0 1
    outer loop
      vertex 12.519685039370078 -12.992125984251969 31.023622047244093
      vertex 12.550584155567519 -12.991114451777278 31.023622047244093
      vertex 12.581350957080135 -12.98808418654316 31.023622047244093
    endloop
  endfacet
  facet normal -0.22707626272697826 0.9738769793490082 0
    outer loop
      vertex 12.218152907948324 -12.589347376598148 30.31496062992126
      vertex 12.248260966084136 -12.582327162069598 30.62992125984252
      vertex 12.248260966084136 -12.582327162069598 30.31496062992126
    endloop
  endfacet
  facet normal -0.29028467382059114 0.9569403367738624 0
    outer loop
      vertex 12.248260966084136 -12.582327162069598 30.31496062992126
      vertex 12.277845416775369 -12.573352817181997 30.62992125984252
      vertex 12.277845416775369 -12.573352817181997 30.31496062992126
    endloop
  endfacet
  facet normal -0.29028467382059114 0.9569403367738624 0
    outer loop
      vertex 12.248260966084136 -12.582327162069598 30.31496062992126
      vertex 12.248260966084136 -12.582327162069598 30.62992125984252
      vertex 12.277845416775369 -12.573352817181997 30.62992125984252
    endloop
  endfacet
  facet normal 0 0 -1
    outer loop
      vertex 12.277845416775369 -12.573352817181997 30.31496062992126
      vertex 12.306779574338846 -12.562462771384734 30.31496062992126
      vertex 12.48031496062992 -12.559055118110235 30.31496062992126
    endloop
  endfacet
  facet normal 0 0 -1
    outer loop
      vertex 12.306779574338846 -12.562462771384734 30.31496062992126
      vertex 12.314300425263173 -12.559055118110235 30.31496062992126
      vertex 12.48031496062992 -12.559055118110235 30.31496062992126
    endloop
  endfacet
  facet normal -0.3522500484062581 0.9359059265747753 0
    outer loop
      vertex 12.277845416775369 -12.573352817181997 30.31496062992126
      vertex 12.306779574338846 -12.562462771384734 30.62992125984252
      vertex 12.306779574338846 -12.562462771384734 30.31496062992126
    endloop
  endfacet
  facet normal -0.41270703521365026 0.910863822470274 0
    outer loop
      vertex 12.306779574338846 -12.562462771384734 30.31496062992126
      vertex 12.306779574338846 -12.562462771384734 30.62992125984252
      vertex 12.314300425263173 -12.559055118110235 30.31496062992126
    endloop
  endfacet
  facet normal -0.3522500484062581 0.9359059265747753 0
    outer loop
      vertex 12.277845416775369 -12.573352817181997 30.31496062992126
      vertex 12.277845416775369 -12.573352817181997 30.62992125984252
      vertex 12.306779574338846 -12.562462771384734 30.62992125984252
    endloop
  endfacet
  facet normal -0.4127070352135996 0.910863822470297 1.460026903991015e-15
    outer loop
      vertex 12.314300425263173 -12.559055118110235 30.31496062992126
      vertex 12.306779574338846 -12.562462771384734 30.62992125984252
      vertex 12.334939538552536 -12.549703657392442 30.62992125984252
    endloop
  endfacet
  facet normal 0 -1 0
    outer loop
      vertex 12.48031496062992 -12.559055118110235 29.84251968503937
      vertex 12.48031496062992 -12.559055118110235 30.31496062992126
      vertex 12.314300425263173 -12.559055118110235 30.31496062992126
    endloop
  endfacet
  facet normal 0.032719087216940966 -0.9994645873324828 0
    outer loop
      vertex 12.485464813378382 -12.558886529364454 29.84251968503937
      vertex 12.485464813378382 -12.558886529364454 30.31496062992126
      vertex 12.48031496062992 -12.559055118110235 30.31496062992126
    endloop
  endfacet
  facet normal 0.09801716228047182 -0.9951847245102207 0
    outer loop
      vertex 12.490592613581597 -12.558381485012102 29.84251968503937
      vertex 12.490592613581597 -12.558381485012102 30.31496062992126
      vertex 12.485464813378382 -12.558886529364454 30.31496062992126
    endloop
  endfacet
  facet normal 0.16289544342213602 -0.9866433370333504 0
    outer loop
      vertex 12.495676403439889 -12.557542148068196 29.84251968503937
      vertex 12.495676403439889 -12.557542148068196 30.31496062992126
      vertex 12.490592613581597 -12.558381485012102 30.31496062992126
    endloop
  endfacet
  facet normal 0.22707625522042016 -0.9738769810992919 0
    outer loop
      vertex 12.50069441288475 -12.556372112411214 29.84251968503937
      vertex 12.50069441288475 -12.556372112411214 30.31496062992126
      vertex 12.495676403439889 -12.557542148068196 30.31496062992126
    endloop
  endfacet
  facet normal 0.29028470252207583 -0.9569403280673617 0
    outer loop
      vertex 12.505625154617734 -12.554876388116615 29.84251968503937
      vertex 12.505625154617734 -12.554876388116615 30.31496062992126
      vertex 12.50069441288475 -12.556372112411214 30.31496062992126
    endloop
  endfacet
  facet normal 0.3522500078340109 -0.935905941845087 0
    outer loop
      vertex 12.510447514456088 -12.553061380630403 29.84251968503937
      vertex 12.510447514456088 -12.553061380630403 30.31496062992126
      vertex 12.505625154617734 -12.554876388116615 30.31496062992126
    endloop
  endfacet
  facet normal 0.41270707740174406 -0.910863803355096 0
    outer loop
      vertex 12.515140841678372 -12.550934861436135 29.84251968503937
      vertex 12.515140841678372 -12.550934861436135 30.31496062992126
      vertex 12.510447514456088 -12.553061380630403 30.31496062992126
    endloop
  endfacet
  facet normal 0.4713967233436382 -0.8819212715548262 0
    outer loop
      vertex 12.519685039370078 -12.548505937255273 29.84251968503937
      vertex 12.519685039370078 -12.548505937255273 30.31496062992126
      vertex 12.515140841678372 -12.550934861436135 30.31496062992126
    endloop
  endfacet
  facet normal 0.5280678201482535 -0.8492022004940118 0
    outer loop
      vertex 12.524060648316004 -12.545785008981003 29.84251968503937
      vertex 12.524060648316004 -12.545785008981003 30.31496062992126
      vertex 12.519685039370078 -12.548505937255273 30.31496062992126
    endloop
  endfacet
  facet normal 0.5824777008613659 -0.8128466817298681 0
    outer loop
      vertex 12.528248931479267 -12.542783727678726 29.84251968503937
      vertex 12.528248931479267 -12.542783727678726 30.31496062992126
      vertex 12.524060648316004 -12.545785008981003 30.31496062992126
    endloop
  endfacet
  facet normal 0.634393273334864 -0.7730104622496882 0
    outer loop
      vertex 12.532231954080382 -12.539514945599976 29.84251968503937
      vertex 12.532231954080382 -12.539514945599976 30.31496062992126
      vertex 12.528248931479267 -12.542783727678726 30.31496062992126
    endloop
  endfacet
  facet normal 0.683592343093566 -0.7298640342309303 0
    outer loop
      vertex 12.535992659863055 -12.535992659863055 29.84251968503937
      vertex 12.535992659863055 -12.535992659863055 30.31496062992126
      vertex 12.532231954080382 -12.539514945599976 30.31496062992126
    endloop
  endfacet
  facet normal 0.7298640342309303 -0.683592343093566 0
    outer loop
      vertex 12.539514945599976 -12.532231954080382 29.84251968503937
      vertex 12.539514945599976 -12.532231954080382 30.31496062992126
      vertex 12.535992659863055 -12.535992659863055 30.31496062992126
    endloop
  endfacet
  facet normal 0.7730104622496882 -0.634393273334864 0
    outer loop
      vertex 12.542783727678726 -12.528248931479267 29.84251968503937
      vertex 12.542783727678726 -12.528248931479267 30.31496062992126
      vertex 12.539514945599976 -12.532231954080382 30.31496062992126
    endloop
  endfacet
  facet normal 0.8128466817298681 -0.5824777008613659 0
    outer loop
      vertex 12.545785008981003 -12.524060648316004 29.84251968503937
      vertex 12.545785008981003 -12.524060648316004 30.31496062992126
      vertex 12.542783727678726 -12.528248931479267 30.31496062992126
    endloop
  endfacet
  facet normal 0.8492022004940118 -0.5280678201482535 0
    outer loop
      vertex 12.548505937255273 -12.519685039370078 29.84251968503937
      vertex 12.548505937255273 -12.519685039370078 30.31496062992126
      vertex 12.545785008981003 -12.524060648316004 30.31496062992126
    endloop
  endfacet
  facet normal 0.8819212715548262 -0.4713967233436382 0
    outer loop
      vertex 12.550934861436135 -12.515140841678372 29.84251968503937
      vertex 12.550934861436135 -12.515140841678372 30.31496062992126
      vertex 12.548505937255273 -12.519685039370078 30.31496062992126
    endloop
  endfacet
  facet normal 0.910863803355096 -0.41270707740174406 0
    outer loop
      vertex 12.553061380630403 -12.510447514456088 29.84251968503937
      vertex 12.553061380630403 -12.510447514456088 30.31496062992126
      vertex 12.550934861436135 -12.515140841678372 30.31496062992126
    endloop
  endfacet
  facet normal 0.935905941845087 -0.3522500078340109 0
    outer loop
      vertex 12.554876388116615 -12.505625154617734 29.84251968503937
      vertex 12.554876388116615 -12.505625154617734 30.31496062992126
      vertex 12.553061380630403 -12.510447514456088 30.31496062992126
    endloop
  endfacet
  facet normal 0.9569403280673617 -0.29028470252207583 0
    outer loop
      vertex 12.556372112411214 -12.50069441288475 29.84251968503937
      vertex 12.556372112411214 -12.50069441288475 30.31496062992126
      vertex 12.554876388116615 -12.505625154617734 30.31496062992126
    endloop
  endfacet
  facet normal 0.9738769810992919 -0.22707625522042016 0
    outer loop
      vertex 12.557542148068196 -12.495676403439889 29.84251968503937
      vertex 12.557542148068196 -12.495676403439889 30.31496062992126
      vertex 12.556372112411214 -12.50069441288475 30.31496062992126
    endloop
  endfacet
  facet normal 0.9866433370333504 -0.16289544342213602 0
    outer loop
      vertex 12.558381485012102 -12.490592613581597 29.84251968503937
      vertex 12.558381485012102 -12.490592613581597 30.31496062992126
      vertex 12.557542148068196 -12.495676403439889 30.31496062992126
    endloop
  endfacet
  facet normal 0.9951847245102207 -0.09801716228047182 0
    outer loop
      vertex 12.558886529364454 -12.485464813378382 29.84251968503937
      vertex 12.558886529364454 -12.485464813378382 30.31496062992126
      vertex 12.558381485012102 -12.490592613581597 30.31496062992126
    endloop
  endfacet
  facet normal 0.9994645873324828 -0.032719087216940966 0
    outer loop
      vertex 12.559055118110235 -12.48031496062992 29.84251968503937
      vertex 12.559055118110235 -12.48031496062992 30.31496062992126
      vertex 12.558886529364454 -12.485464813378382 30.31496062992126
    endloop
  endfacet
  facet normal 1 0 0
    outer loop
      vertex 12.559055118110235 -12.314300425263173 29.84251968503937
      vertex 12.559055118110235 -12.314300425263173 30.31496062992126
      vertex 12.559055118110235 -12.48031496062992 30.31496062992126
    endloop
  endfacet
  facet normal -0.9108638224703053 0.41270703521358104 0
    outer loop
      vertex 12.559055118110235 -12.314300425263173 29.84251968503937
      vertex 12.549703657392442 -12.334939538552536 30.62992125984252
      vertex 12.559055118110235 -12.314300425263173 30.31496062992126
    endloop
  endfacet
  facet normal -0.910863822470274 0.41270703521365026 0
    outer loop
      vertex 12.559055118110235 -12.314300425263173 30.31496062992126
      vertex 12.562462771384734 -12.306779574338846 30.62992125984252
      vertex 12.562462771384734 -12.306779574338846 30.31496062992126
    endloop
  endfacet
  facet normal -0.9359059265747753 0.3522500484062581 0
    outer loop
      vertex 12.562462771384734 -12.306779574338846 30.31496062992126
      vertex 12.573352817181997 -12.277845416775369 30.62992125984252
      vertex 12.573352817181997 -12.277845416775369 30.31496062992126
    endloop
  endfacet
  facet normal -0.910863822470297 0.4127070352135996 1.460026903991015e-15
    outer loop
      vertex 12.559055118110235 -12.314300425263173 30.31496062992126
      vertex 12.549703657392442 -12.334939538552536 30.62992125984252
      vertex 12.562462771384734 -12.306779574338846 30.62992125984252
    endloop
  endfacet
  facet normal -0.9359059265747753 0.3522500484062581 0
    outer loop
      vertex 12.562462771384734 -12.306779574338846 30.31496062992126
      vertex 12.562462771384734 -12.306779574338846 30.62992125984252
      vertex 12.573352817181997 -12.277845416775369 30.62992125984252
    endloop
  endfacet
  facet normal -0.9569403367738624 0.29028467382059114 0
    outer loop
      vertex 12.573352817181997 -12.277845416775369 30.31496062992126
      vertex 12.582327162069598 -12.248260966084136 30.62992125984252
      vertex 12.582327162069598 -12.248260966084136 30.31496062992126
    endloop
  endfacet
  facet normal -0.9569403367738624 0.29028467382059114 0
    outer loop
      vertex 12.573352817181997 -12.277845416775369 30.31496062992126
      vertex 12.573352817181997 -12.277845416775369 30.62992125984252
      vertex 12.582327162069598 -12.248260966084136 30.62992125984252
    endloop
  endfacet
  facet normal -0.9738769793490082 0.22707626272697826 0
    outer loop
      vertex 12.582327162069598 -12.248260966084136 30.31496062992126
      vertex 12.582327162069598 -12.248260966084136 30.62992125984252
      vertex 12.589347376598148 -12.218152907948324 30.62992125984252
    endloop
  endfacet
  facet normal 0 0 -1
    outer loop
      vertex 12.519685039370078 -12.992125984251969 30.31496062992126
      vertex 12.64196175348571 -12.976027949471174 30.31496062992126
      vertex 12.6118536953499 -12.983048163999722 30.31496062992126
    endloop
  endfacet
  facet normal 0 0 -1
    outer loop
      vertex 12.125984251968504 -12.598425196850393 30.31496062992126
      vertex 12.831186999192857 -12.87488494831042 30.31496062992126
      vertex 12.807288864172818 -12.894497641076253 30.31496062992126
    endloop
  endfacet
  facet normal 0 0 -1
    outer loop
      vertex 12.125984251968504 -12.598425196850393 30.31496062992126
      vertex 12.853751235062212 -12.853751235062212 30.31496062992126
      vertex 12.831186999192857 -12.87488494831042 30.31496062992126
    endloop
  endfacet
  facet normal 0 0 -1
    outer loop
      vertex 12.490592613581597 -12.558381485012102 30.31496062992126
      vertex 12.495676403439889 -12.557542148068196 30.31496062992126
      vertex 12.87488494831042 -12.831186999192857 30.31496062992126
    endloop
  endfacet
  facet normal 0 0 -1
    outer loop
      vertex 12.485464813378382 -12.558886529364454 30.31496062992126
      vertex 12.490592613581597 -12.558381485012102 30.31496062992126
      vertex 12.87488494831042 -12.831186999192857 30.31496062992126
    endloop
  endfacet
  facet normal 0 0 -1
    outer loop
      vertex 12.48031496062992 -12.559055118110235 30.31496062992126
      vertex 12.485464813378382 -12.558886529364454 30.31496062992126
      vertex 12.87488494831042 -12.831186999192857 30.31496062992126
    endloop
  endfacet
  facet normal 0 0 -1
    outer loop
      vertex 12.510447514456088 -12.553061380630403 30.31496062992126
      vertex 12.515140841678372 -12.550934861436135 30.31496062992126
      vertex 12.87488494831042 -12.831186999192857 30.31496062992126
    endloop
  endfacet
  facet normal 0 0 -1
    outer loop
      vertex 12.505625154617734 -12.554876388116615 30.31496062992126
      vertex 12.510447514456088 -12.553061380630403 30.31496062992126
      vertex 12.87488494831042 -12.831186999192857 30.31496062992126
    endloop
  endfacet
  facet normal 0 0 -1
    outer loop
      vertex 12.50069441288475 -12.556372112411214 30.31496062992126
      vertex 12.505625154617734 -12.554876388116615 30.31496062992126
      vertex 12.87488494831042 -12.831186999192857 30.31496062992126
    endloop
  endfacet
  facet normal 0 0 -1
    outer loop
      vertex 12.495676403439889 -12.557542148068196 30.31496062992126
      vertex 12.50069441288475 -12.556372112411214 30.31496062992126
      vertex 12.87488494831042 -12.831186999192857 30.31496062992126
    endloop
  endfacet
  facet normal 0 0 -1
    outer loop
      vertex 12.532231954080382 -12.539514945599976 30.31496062992126
      vertex 12.535992659863055 -12.535992659863055 30.31496062992126
      vertex 12.894497641076253 -12.807288864172818 30.31496062992126
    endloop
  endfacet
  facet normal 0 0 -1
    outer loop
      vertex 12.528248931479267 -12.542783727678726 30.31496062992126
      vertex 12.532231954080382 -12.539514945599976 30.31496062992126
      vertex 12.894497641076253 -12.807288864172818 30.31496062992126
    endloop
  endfacet
  facet normal 0 0 -1
    outer loop
      vertex 12.524060648316004 -12.545785008981003 30.31496062992126
      vertex 12.528248931479267 -12.542783727678726 30.31496062992126
      vertex 12.894497641076253 -12.807288864172818 30.31496062992126
    endloop
  endfacet
  facet normal 0 0 -1
    outer loop
      vertex 12.519685039370078 -12.548505937255273 30.31496062992126
      vertex 12.524060648316004 -12.545785008981003 30.31496062992126
      vertex 12.894497641076253 -12.807288864172818 30.31496062992126
    endloop
  endfacet
  facet normal 0 0 -1
    outer loop
      vertex 12.515140841678372 -12.550934861436135 30.31496062992126
      vertex 12.519685039370078 -12.548505937255273 30.31496062992126
      vertex 12.894497641076253 -12.807288864172818 30.31496062992126
    endloop
  endfacet
  facet normal 0 0 -1
    outer loop
      vertex 12.542783727678726 -12.528248931479267 30.31496062992126
      vertex 12.545785008981003 -12.524060648316004 30.31496062992126
      vertex 12.894497641076253 -12.807288864172818 30.31496062992126
    endloop
  endfacet
  facet normal 0 0 -1
    outer loop
      vertex 12.539514945599976 -12.532231954080382 30.31496062992126
      vertex 12.542783727678726 -12.528248931479267 30.31496062992126
      vertex 12.894497641076253 -12.807288864172818 30.31496062992126
    endloop
  endfacet
  facet normal 0 0 -1
    outer loop
      vertex 12.535992659863055 -12.535992659863055 30.31496062992126
      vertex 12.539514945599976 -12.532231954080382 30.31496062992126
      vertex 12.894497641076253 -12.807288864172818 30.31496062992126
    endloop
  endfacet
  facet normal 0 0 -1
    outer loop
      vertex 12.548505937255273 -12.519685039370078 30.31496062992126
      vertex 12.550934861436135 -12.515140841678372 30.31496062992126
      vertex 12.894497641076253 -12.807288864172818 30.31496062992126
    endloop
  endfacet
  facet normal 0 0 -1
    outer loop
      vertex 12.545785008981003 -12.524060648316004 30.31496062992126
      vertex 12.548505937255273 -12.519685039370078 30.31496062992126
      vertex 12.894497641076253 -12.807288864172818 30.31496062992126
    endloop
  endfacet
  facet normal 0 0 -1
    outer loop
      vertex 12.554876388116615 -12.505625154617734 30.31496062992126
      vertex 12.556372112411214 -12.50069441288475 30.31496062992126
      vertex 12.894497641076253 -12.807288864172818 30.31496062992126
    endloop
  endfacet
  facet normal 0 0 -1
    outer loop
      vertex 12.553061380630403 -12.510447514456088 30.31496062992126
      vertex 12.554876388116615 -12.505625154617734 30.31496062992126
      vertex 12.894497641076253 -12.807288864172818 30.31496062992126
    endloop
  endfacet
  facet normal 0 0 -1
    outer loop
      vertex 12.550934861436135 -12.515140841678372 30.31496062992126
      vertex 12.553061380630403 -12.510447514456088 30.31496062992126
      vertex 12.894497641076253 -12.807288864172818 30.31496062992126
    endloop
  endfacet
  facet normal 0 0 -1
    outer loop
      vertex 12.558886529364454 -12.485464813378382 30.31496062992126
      vertex 12.559055118110235 -12.48031496062992 30.31496062992126
      vertex 12.894497641076253 -12.807288864172818 30.31496062992126
    endloop
  endfacet
  facet normal 0 0 -1
    outer loop
      vertex 12.558381485012102 -12.490592613581597 30.31496062992126
      vertex 12.558886529364454 -12.485464813378382 30.31496062992126
      vertex 12.894497641076253 -12.807288864172818 30.31496062992126
    endloop
  endfacet
  facet normal 0 0 -1
    outer loop
      vertex 12.557542148068196 -12.495676403439889 30.31496062992126
      vertex 12.558381485012102 -12.490592613581597 30.31496062992126
      vertex 12.894497641076253 -12.807288864172818 30.31496062992126
    endloop
  endfacet
  facet normal 0 0 -1
    outer loop
      vertex 12.556372112411214 -12.50069441288475 30.31496062992126
      vertex 12.557542148068196 -12.495676403439889 30.31496062992126
      vertex 12.894497641076253 -12.807288864172818 30.31496062992126
    endloop
  endfacet
  facet normal 0 0 -1
    outer loop
      vertex 12.48031496062992 -12.559055118110235 30.31496062992126
      vertex 12.87488494831042 -12.831186999192857 30.31496062992126
      vertex 12.853751235062212 -12.853751235062212 30.31496062992126
    endloop
  endfacet
  facet normal 0 0 -1
    outer loop
      vertex 12.515140841678372 -12.550934861436135 30.31496062992126
      vertex 12.894497641076253 -12.807288864172818 30.31496062992126
      vertex 12.87488494831042 -12.831186999192857 30.31496062992126
    endloop
  endfacet
  facet normal 0 0 -1
    outer loop
      vertex 12.559055118110235 -12.48031496062992 30.31496062992126
      vertex 12.912505328596577 -12.782159165193246 30.31496062992126
      vertex 12.894497641076253 -12.807288864172818 30.31496062992126
    endloop
  endfacet
  facet normal 0 0 -1
    outer loop
      vertex 12.562462771384734 -12.306779574338846 30.31496062992126
      vertex 12.928830899415523 -12.755905511811024 30.31496062992126
      vertex 12.912505328596577 -12.782159165193246 30.31496062992126
    endloop
  endfacet
  facet normal 0.1628954757060371 -0.9866433317032574 0
    outer loop
      vertex 12.581350957080135 -12.98808418654316 30.31496062992126
      vertex 12.6118536953499 -12.983048163999722 30.31496062992126
      vertex 12.581350957080135 -12.98808418654316 31.023622047244093
    endloop
  endfacet
  facet normal 0.22707626272693646 -0.9738769793490178 0
    outer loop
      vertex 12.6118536953499 -12.983048163999722 30.31496062992126
      vertex 12.64196175348571 -12.976027949471174 30.31496062992126
      vertex 12.6118536953499 -12.983048163999722 31.023622047244093
    endloop
  endfacet
  facet normal 0.29028467382064377 -0.9569403367738464 0
    outer loop
      vertex 12.64196175348571 -12.976027949471174 30.31496062992126
      vertex 12.671546204176943 -12.96705360458357 30.31496062992126
      vertex 12.64196175348571 -12.976027949471174 31.023622047244093
    endloop
  endfacet
  facet normal 0.3522500484062079 -0.9359059265747943 0
    outer loop
      vertex 12.671546204176943 -12.96705360458357 30.31496062992126
      vertex 12.70048036174042 -12.95616355878631 30.31496062992126
      vertex 12.671546204176943 -12.96705360458357 31.023622047244093
    endloop
  endfacet
  facet normal 0.41270703521364716 -0.9108638224702754 0
    outer loop
      vertex 12.70048036174042 -12.95616355878631 30.31496062992126
      vertex 12.72864032595411 -12.943404444794016 30.31496062992126
      vertex 12.70048036174042 -12.95616355878631 31.023622047244093
    endloop
  endfacet
  facet normal 0.4713967346675319 -0.881921265502079 0
    outer loop
      vertex 12.72864032595411 -12.943404444794016 30.31496062992126
      vertex 12.755905511811024 -12.928830899415523 30.31496062992126
      vertex 12.72864032595411 -12.943404444794016 31.023622047244093
    endloop
  endfacet
  facet normal 0.5280678517723407 -0.8492021808288914 0
    outer loop
      vertex 12.755905511811024 -12.928830899415523 30.31496062992126
      vertex 12.782159165193246 -12.912505328596577 30.31496062992126
      vertex 12.755905511811024 -12.928830899415523 31.023622047244093
    endloop
  endfacet
  facet normal 0.1628954757060371 -0.9866433317032574 0
    outer loop
      vertex 12.581350957080135 -12.98808418654316 31.023622047244093
      vertex 12.6118536953499 -12.983048163999722 30.31496062992126
      vertex 12.6118536953499 -12.983048163999722 31.023622047244093
    endloop
  endfacet
  facet normal 0.22707626272693646 -0.9738769793490178 0
    outer loop
      vertex 12.64196175348571 -12.976027949471174 30.31496062992126
      vertex 12.64196175348571 -12.976027949471174 31.023622047244093
      vertex 12.6118536953499 -12.983048163999722 31.023622047244093
    endloop
  endfacet
  facet normal 0.29028467382064377 -0.9569403367738464 0
    outer loop
      vertex 12.671546204176943 -12.96705360458357 30.31496062992126
      vertex 12.671546204176943 -12.96705360458357 31.023622047244093
      vertex 12.64196175348571 -12.976027949471174 31.023622047244093
    endloop
  endfacet
  facet normal 0.3522500484062079 -0.9359059265747943 0
    outer loop
      vertex 12.70048036174042 -12.95616355878631 30.31496062992126
      vertex 12.70048036174042 -12.95616355878631 31.023622047244093
      vertex 12.671546204176943 -12.96705360458357 31.023622047244093
    endloop
  endfacet
  facet normal 0.41270703521364716 -0.9108638224702754 0
    outer loop
      vertex 12.72864032595411 -12.943404444794016 30.31496062992126
      vertex 12.72864032595411 -12.943404444794016 31.023622047244093
      vertex 12.70048036174042 -12.95616355878631 31.023622047244093
    endloop
  endfacet
  facet normal 0.4713967346675319 -0.881921265502079 0
    outer loop
      vertex 12.755905511811024 -12.928830899415523 30.31496062992126
      vertex 12.755905511811024 -12.928830899415523 31.023622047244093
      vertex 12.72864032595411 -12.943404444794016 31.023622047244093
    endloop
  endfacet
  facet normal 0.5280678517723407 -0.8492021808288914 0
    outer loop
      vertex 12.782159165193246 -12.912505328596577 30.31496062992126
      vertex 12.782159165193246 -12.912505328596577 31.023622047244093
      vertex 12.755905511811024 -12.928830899415523 31.023622047244093
    endloop
  endfacet
  facet normal 0.5824776945923181 -0.812846686222204 0
    outer loop
      vertex 12.782159165193246 -12.912505328596577 30.31496062992126
      vertex 12.807288864172818 -12.894497641076253 30.31496062992126
      vertex 12.782159165193246 -12.912505328596577 31.023622047244093
    endloop
  endfacet
  facet normal 0.6343932883100776 -0.7730104499598479 0
    outer loop
      vertex 12.807288864172818 -12.894497641076253 30.31496062992126
      vertex 12.831186999192857 -12.87488494831042 30.31496062992126
      vertex 12.807288864172818 -12.894497641076253 31.023622047244093
    endloop
  endfacet
  facet normal 0.6835923039409373 -0.7298640709013708 0
    outer loop
      vertex 12.831186999192857 -12.87488494831042 30.31496062992126
      vertex 12.853751235062212 -12.853751235062212 30.31496062992126
      vertex 12.831186999192857 -12.87488494831042 31.023622047244093
    endloop
  endfacet
  facet normal 0.7298640709013708 -0.6835923039409373 0
    outer loop
      vertex 12.853751235062212 -12.853751235062212 30.31496062992126
      vertex 12.87488494831042 -12.831186999192857 30.31496062992126
      vertex 12.853751235062212 -12.853751235062212 31.023622047244093
    endloop
  endfacet
  facet normal 0.7730104499598479 -0.6343932883100776 0
    outer loop
      vertex 12.87488494831042 -12.831186999192857 30.31496062992126
      vertex 12.894497641076253 -12.807288864172818 30.31496062992126
      vertex 12.87488494831042 -12.831186999192857 31.023622047244093
    endloop
  endfacet
  facet normal 0.812846686222204 -0.5824776945923181 0
    outer loop
      vertex 12.894497641076253 -12.807288864172818 30.31496062992126
      vertex 12.912505328596577 -12.782159165193246 30.31496062992126
      vertex 12.894497641076253 -12.807288864172818 31.023622047244093
    endloop
  endfacet
  facet normal 0.5824776945923181 -0.812846686222204 0
    outer loop
      vertex 12.807288864172818 -12.894497641076253 30.31496062992126
      vertex 12.807288864172818 -12.894497641076253 31.023622047244093
      vertex 12.782159165193246 -12.912505328596577 31.023622047244093
    endloop
  endfacet
  facet normal 0.6343932883100776 -0.7730104499598479 0
    outer loop
      vertex 12.831186999192857 -12.87488494831042 30.31496062992126
      vertex 12.831186999192857 -12.87488494831042 31.023622047244093
      vertex 12.807288864172818 -12.894497641076253 31.023622047244093
    endloop
  endfacet
  facet normal 0.6835923039409373 -0.7298640709013708 0
    outer loop
      vertex 12.853751235062212 -12.853751235062212 30.31496062992126
      vertex 12.853751235062212 -12.853751235062212 31.023622047244093
      vertex 12.831186999192857 -12.87488494831042 31.023622047244093
    endloop
  endfacet
  facet normal 0.7298640709013708 -0.6835923039409373 0
    outer loop
      vertex 12.87488494831042 -12.831186999192857 30.31496062992126
      vertex 12.87488494831042 -12.831186999192857 31.023622047244093
      vertex 12.853751235062212 -12.853751235062212 31.023622047244093
    endloop
  endfacet
  facet normal 0.7730104499598479 -0.6343932883100776 0
    outer loop
      vertex 12.894497641076253 -12.807288864172818 30.31496062992126
      vertex 12.894497641076253 -12.807288864172818 31.023622047244093
      vertex 12.87488494831042 -12.831186999192857 31.023622047244093
    endloop
  endfacet
  facet normal 0.812846686222204 -0.5824776945923181 0
    outer loop
      vertex 12.912505328596577 -12.782159165193246 30.31496062992126
      vertex 12.912505328596577 -12.782159165193246 31.023622047244093
      vertex 12.894497641076253 -12.807288864172818 31.023622047244093
    endloop
  endfacet
  facet normal 0.8492021808288914 -0.5280678517723407 0
    outer loop
      vertex 12.912505328596577 -12.782159165193246 30.31496062992126
      vertex 12.928830899415523 -12.755905511811024 30.31496062992126
      vertex 12.912505328596577 -12.782159165193246 31.023622047244093
    endloop
  endfacet
  facet normal 0.881921265502079 -0.4713967346675319 0
    outer loop
      vertex 12.928830899415523 -12.755905511811024 30.31496062992126
      vertex 12.943404444794016 -12.72864032595411 30.31496062992126
      vertex 12.928830899415523 -12.755905511811024 31.023622047244093
    endloop
  endfacet
  facet normal 0.9108638224702754 -0.41270703521364716 0
    outer loop
      vertex 12.943404444794016 -12.72864032595411 30.31496062992126
      vertex 12.95616355878631 -12.70048036174042 30.31496062992126
      vertex 12.943404444794016 -12.72864032595411 31.023622047244093
    endloop
  endfacet
  facet normal 0.9359059265747943 -0.3522500484062079 0
    outer loop
      vertex 12.95616355878631 -12.70048036174042 30.31496062992126
      vertex 12.96705360458357 -12.671546204176943 30.31496062992126
      vertex 12.95616355878631 -12.70048036174042 31.023622047244093
    endloop
  endfacet
  facet normal 0.9569403367738464 -0.29028467382064377 0
    outer loop
      vertex 12.96705360458357 -12.671546204176943 30.31496062992126
      vertex 12.976027949471174 -12.64196175348571 30.31496062992126
      vertex 12.96705360458357 -12.671546204176943 31.023622047244093
    endloop
  endfacet
  facet normal 0.9738769793490178 -0.22707626272693646 0
    outer loop
      vertex 12.976027949471174 -12.64196175348571 30.31496062992126
      vertex 12.983048163999722 -12.6118536953499 30.31496062992126
      vertex 12.976027949471174 -12.64196175348571 31.023622047244093
    endloop
  endfacet
  facet normal 0.9866433317032574 -0.1628954757060371 0
    outer loop
      vertex 12.983048163999722 -12.6118536953499 30.31496062992126
      vertex 12.98808418654316 -12.581350957080135 30.31496062992126
      vertex 12.983048163999722 -12.6118536953499 31.023622047244093
    endloop
  endfacet
  facet normal 0.8492021808288914 -0.5280678517723407 0
    outer loop
      vertex 12.928830899415523 -12.755905511811024 30.31496062992126
      vertex 12.928830899415523 -12.755905511811024 31.023622047244093
      vertex 12.912505328596577 -12.782159165193246 31.023622047244093
    endloop
  endfacet
  facet normal 0.881921265502079 -0.4713967346675319 0
    outer loop
      vertex 12.943404444794016 -12.72864032595411 30.31496062992126
      vertex 12.943404444794016 -12.72864032595411 31.023622047244093
      vertex 12.928830899415523 -12.755905511811024 31.023622047244093
    endloop
  endfacet
  facet normal 0.9108638224702754 -0.41270703521364716 0
    outer loop
      vertex 12.95616355878631 -12.70048036174042 30.31496062992126
      vertex 12.95616355878631 -12.70048036174042 31.023622047244093
      vertex 12.943404444794016 -12.72864032595411 31.023622047244093
    endloop
  endfacet
  facet normal 0.9359059265747943 -0.3522500484062079 0
    outer loop
      vertex 12.96705360458357 -12.671546204176943 30.31496062992126
      vertex 12.96705360458357 -12.671546204176943 31.023622047244093
      vertex 12.95616355878631 -12.70048036174042 31.023622047244093
    endloop
  endfacet
  facet normal 0.9569403367738464 -0.29028467382064377 0
    outer loop
      vertex 12.976027949471174 -12.64196175348571 30.31496062992126
      vertex 12.976027949471174 -12.64196175348571 31.023622047244093
      vertex 12.96705360458357 -12.671546204176943 31.023622047244093
    endloop
  endfacet
  facet normal 0.9738769793490178 -0.22707626272693646 0
    outer loop
      vertex 12.983048163999722 -12.6118536953499 30.31496062992126
      vertex 12.983048163999722 -12.6118536953499 31.023622047244093
      vertex 12.976027949471174 -12.64196175348571 31.023622047244093
    endloop
  endfacet
  facet normal 0.9866433317032574 -0.1628954757060371 0
    outer loop
      vertex 12.983048163999722 -12.6118536953499 31.023622047244093
      vertex 12.98808418654316 -12.581350957080135 30.31496062992126
      vertex 12.98808418654316 -12.581350957080135 31.023622047244093
    endloop
  endfacet
  facet normal 0 0 -1
    outer loop
      vertex 12.559055118110235 -12.48031496062992 30.31496062992126
      vertex 12.559055118110235 -12.314300425263173 30.31496062992126
      vertex 12.912505328596577 -12.782159165193246 30.31496062992126
    endloop
  endfacet
  facet normal 0 0 -1
    outer loop
      vertex 12.559055118110235 -12.314300425263173 30.31496062992126
      vertex 12.562462771384734 -12.306779574338846 30.31496062992126
      vertex 12.912505328596577 -12.782159165193246 30.31496062992126
    endloop
  endfacet
  facet normal 0 0 -1
    outer loop
      vertex 12.562462771384734 -12.306779574338846 30.31496062992126
      vertex 12.573352817181997 -12.277845416775369 30.31496062992126
      vertex 12.928830899415523 -12.755905511811024 30.31496062992126
    endloop
  endfacet
  facet normal 0 0 -1
    outer loop
      vertex 12.573352817181997 -12.277845416775369 30.31496062992126
      vertex 12.582327162069598 -12.248260966084136 30.31496062992126
      vertex 12.928830899415523 -12.755905511811024 30.31496062992126
    endloop
  endfacet
  facet normal 0 0 -1
    outer loop
      vertex 12.582327162069598 -12.248260966084136 30.31496062992126
      vertex 12.589347376598148 -12.218152907948324 30.31496062992126
      vertex 12.928830899415523 -12.755905511811024 30.31496062992126
    endloop
  endfacet
  facet normal 0 0 -1
    outer loop
      vertex 12.928830899415523 -12.755905511811024 30.31496062992126
      vertex 12.589347376598148 -12.218152907948324 30.31496062992126
      vertex 12.594383399141586 -12.18765016967856 30.31496062992126
    endloop
  endfacet
  facet normal -0.9738769793490082 0.22707626272697826 0
    outer loop
      vertex 12.582327162069598 -12.248260966084136 30.31496062992126
      vertex 12.589347376598148 -12.218152907948324 30.62992125984252
      vertex 12.589347376598148 -12.218152907948324 30.31496062992126
    endloop
  endfacet
  facet normal -0.9866433317032558 0.16289547570604634 0
    outer loop
      vertex 12.589347376598148 -12.218152907948324 30.31496062992126
      vertex 12.594383399141586 -12.18765016967856 30.62992125984252
      vertex 12.594383399141586 -12.18765016967856 30.31496062992126
    endloop
  endfacet
  facet normal -0.9866433317032558 0.16289547570604634 0
    outer loop
      vertex 12.589347376598148 -12.218152907948324 30.31496062992126
      vertex 12.589347376598148 -12.218152907948324 30.62992125984252
      vertex 12.594383399141586 -12.18765016967856 30.62992125984252
    endloop
  endfacet
  facet normal 0 0 -1
    outer loop
      vertex 12.928830899415523 -12.755905511811024 30.31496062992126
      vertex 12.594383399141586 -12.18765016967856 30.31496062992126
      vertex 12.597413664375702 -12.156883368165943 30.31496062992126
    endloop
  endfacet
  facet normal 0 0 -1
    outer loop
      vertex 12.928830899415523 -12.755905511811024 30.31496062992126
      vertex 12.597413664375702 -12.156883368165943 30.31496062992126
      vertex 12.598425196850393 -12.125984251968504 30.31496062992126
    endloop
  endfacet
  facet normal 0 0 -1
    outer loop
      vertex 12.928830899415523 -12.755905511811024 30.31496062992126
      vertex 12.598425196850393 -12.125984251968504 30.31496062992126
      vertex 12.943404444794016 -12.72864032595411 30.31496062992126
    endloop
  endfacet
  facet normal 0 0 -1
    outer loop
      vertex 12.943404444794016 -12.72864032595411 30.31496062992126
      vertex 12.598425196850393 -12.125984251968504 30.31496062992126
      vertex 12.95616355878631 -12.70048036174042 30.31496062992126
    endloop
  endfacet
  facet normal 0 0 -1
    outer loop
      vertex 12.95616355878631 -12.70048036174042 30.31496062992126
      vertex 12.598425196850393 -12.125984251968504 30.31496062992126
      vertex 12.96705360458357 -12.671546204176943 30.31496062992126
    endloop
  endfacet
  facet normal 0 0 -1
    outer loop
      vertex 12.96705360458357 -12.671546204176943 30.31496062992126
      vertex 12.598425196850393 -12.125984251968504 30.31496062992126
      vertex 12.976027949471174 -12.64196175348571 30.31496062992126
    endloop
  endfacet
  facet normal 0 0 -1
    outer loop
      vertex 12.976027949471174 -12.64196175348571 30.31496062992126
      vertex 12.598425196850393 -12.125984251968504 30.31496062992126
      vertex 12.983048163999722 -12.6118536953499 30.31496062992126
    endloop
  endfacet
  facet normal 0 0 -1
    outer loop
      vertex 12.983048163999722 -12.6118536953499 30.31496062992126
      vertex 12.598425196850393 -12.125984251968504 30.31496062992126
      vertex 12.98808418654316 -12.581350957080135 30.31496062992126
    endloop
  endfacet
  facet normal 0 0 -1
    outer loop
      vertex 12.98808418654316 -12.581350957080135 30.31496062992126
      vertex 12.598425196850393 -12.125984251968504 30.31496062992126
      vertex 12.991114451777278 -12.550584155567519 30.31496062992126
    endloop
  endfacet
  facet normal 0 0 -1
    outer loop
      vertex 12.991114451777278 -12.550584155567519 30.31496062992126
      vertex 12.598425196850393 -12.125984251968504 30.31496062992126
      vertex 12.992125984251969 -12.519685039370078 30.31496062992126
    endloop
  endfacet
  facet normal 0.9951847273779233 -0.09801713316420019 0
    outer loop
      vertex 12.98808418654316 -12.581350957080135 30.31496062992126
      vertex 12.991114451777278 -12.550584155567519 30.31496062992126
      vertex 12.98808418654316 -12.581350957080135 31.023622047244093
    endloop
  endfacet
  facet normal 0.9994645873223237 -0.03271908752727102 0
    outer loop
      vertex 12.991114451777278 -12.550584155567519 30.31496062992126
      vertex 12.992125984251969 -12.519685039370078 30.31496062992126
      vertex 12.991114451777278 -12.550584155567519 31.023622047244093
    endloop
  endfacet
  facet normal 0.9951847273779233 -0.09801713316420019 0
    outer loop
      vertex 12.991114451777278 -12.550584155567519 30.31496062992126
      vertex 12.991114451777278 -12.550584155567519 31.023622047244093
      vertex 12.98808418654316 -12.581350957080135 31.023622047244093
    endloop
  endfacet
  facet normal 0.9994645873223237 -0.03271908752727102 0
    outer loop
      vertex 12.992125984251969 -12.519685039370078 30.31496062992126
      vertex 12.992125984251969 -12.519685039370078 31.023622047244093
      vertex 12.991114451777278 -12.550584155567519 31.023622047244093
    endloop
  endfacet
  facet normal -0.9951847273779295 0.09801713316413768 0
    outer loop
      vertex 12.594383399141586 -12.18765016967856 30.31496062992126
      vertex 12.597413664375702 -12.156883368165943 30.62992125984252
      vertex 12.597413664375702 -12.156883368165943 30.31496062992126
    endloop
  endfacet
  facet normal -0.9994645873223237 0.03271908752727289 0
    outer loop
      vertex 12.597413664375702 -12.156883368165943 30.31496062992126
      vertex 12.598425196850393 -12.125984251968504 30.62992125984252
      vertex 12.598425196850393 -12.125984251968504 30.31496062992126
    endloop
  endfacet
  facet normal -0.9951847273779295 0.09801713316413768 0
    outer loop
      vertex 12.594383399141586 -12.18765016967856 30.31496062992126
      vertex 12.594383399141586 -12.18765016967856 30.62992125984252
      vertex 12.597413664375702 -12.156883368165943 30.62992125984252
    endloop
  endfacet
  facet normal -0.9994645873223237 0.03271908752727289 0
    outer loop
      vertex 12.597413664375702 -12.156883368165943 30.31496062992126
      vertex 12.597413664375702 -12.156883368165943 30.62992125984252
      vertex 12.598425196850393 -12.125984251968504 30.62992125984252
    endloop
  endfacet
  facet normal -1 0 0
    outer loop
      vertex 12.598425196850393 -12.125984251968504 3.1102362204724407
      vertex 12.598425196850393 -12.125984251968504 29.84251968503937
      vertex 12.598425196850393 12.125984251968504 29.84251968503937
    endloop
  endfacet
  facet normal 0 0 1
    outer loop
      vertex 12.992125984251969 -12.519685039370078 29.84251968503937
      vertex 12.598425196850393 12.125984251968504 29.84251968503937
      vertex 12.598425196850393 -12.125984251968504 29.84251968503937
    endloop
  endfacet
  facet normal 1 0 0
    outer loop
      vertex 12.992125984251969 -12.519685039370078 30.31496062992126
      vertex 12.992125984251969 12.519685039370078 30.31496062992126
      vertex 12.992125984251969 -12.519685039370078 31.023622047244093
    endloop
  endfacet
  facet normal -1 0 0
    outer loop
      vertex 12.598425196850393 -12.125984251968504 30.31496062992126
      vertex 12.598425196850393 -12.125984251968504 30.62992125984252
      vertex 12.598425196850393 12.125984251968504 30.62992125984252
    endloop
  endfacet
  facet normal 0 0 -1
    outer loop
      vertex 12.992125984251969 -12.519685039370078 30.31496062992126
      vertex 12.598425196850393 -12.125984251968504 30.31496062992126
      vertex 12.992125984251969 12.519685039370078 30.31496062992126
    endloop
  endfacet
  facet normal 0 0 1
    outer loop
      vertex -10.826771653543307 -10.708661417322835 3.0708661417322833
      vertex 10.716386196298862 10.8265187705713 3.0708661417322833
      vertex 10.708661417322835 10.826771653543307 3.0708661417322833
    endloop
  endfacet
  facet normal 0 0 1
    outer loop
      vertex -10.826771653543307 -10.708661417322835 3.0708661417322833
      vertex 10.739230595998407 10.822747144701443 3.0708661417322833
      vertex 10.731703581244457 10.824502198480246 3.0708661417322833
    endloop
  endfacet
  facet normal 0 0 1
    outer loop
      vertex -10.826771653543307 -10.708661417322835 3.0708661417322833
      vertex 10.731703581244457 10.824502198480246 3.0708661417322833
      vertex 10.724077896750348 10.825761204042772 3.0708661417322833
    endloop
  endfacet
  facet normal 0 0 1
    outer loop
      vertex -10.826771653543307 -10.708661417322835 3.0708661417322833
      vertex 10.724077896750348 10.825761204042772 3.0708661417322833
      vertex 10.716386196298862 10.8265187705713 3.0708661417322833
    endloop
  endfacet
  facet normal 0 0 1
    outer loop
      vertex -10.826771653543307 -10.708661417322835 3.0708661417322833
      vertex 10.817781047030227 10.753860248062084 3.0708661417322833
      vertex 10.81459126867882 10.76090023889551 3.0708661417322833
    endloop
  endfacet
  facet normal 0 0 1
    outer loop
      vertex -10.826771653543307 -10.708661417322835 3.0708661417322833
      vertex 10.76090023889551 10.81459126867882 3.0708661417322833
      vertex 10.753860248062084 10.817781047030227 3.0708661417322833
    endloop
  endfacet
  facet normal 0 0 1
    outer loop
      vertex -10.826771653543307 -10.708661417322835 3.0708661417322833
      vertex 10.753860248062084 10.817781047030227 3.0708661417322833
      vertex 10.746626708451219 10.82050355869954 3.0708661417322833
    endloop
  endfacet
  facet normal 0 0 1
    outer loop
      vertex -10.826771653543307 -10.708661417322835 3.0708661417322833
      vertex 10.746626708451219 10.82050355869954 3.0708661417322833
      vertex 10.739230595998407 10.822747144701443 3.0708661417322833
    endloop
  endfacet
  facet normal 0 0 1
    outer loop
      vertex -10.826771653543307 -10.708661417322835 3.0708661417322833
      vertex 10.780562373596853 10.802364567896044 3.0708661417322833
      vertex 10.774279948705294 10.806866489702792 3.0708661417322833
    endloop
  endfacet
  facet normal 0 0 1
    outer loop
      vertex -10.826771653543307 -10.708661417322835 3.0708661417322833
      vertex 10.774279948705294 10.806866489702792 3.0708661417322833
      vertex 10.76771653543307 10.810947882260862 3.0708661417322833
    endloop
  endfacet
  facet normal 0 0 1
    outer loop
      vertex -10.826771653543307 -10.708661417322835 3.0708661417322833
      vertex 10.76771653543307 10.810947882260862 3.0708661417322833
      vertex 10.76090023889551 10.81459126867882 3.0708661417322833
    endloop
  endfacet
  facet normal 0 0 1
    outer loop
      vertex -10.826771653543307 -10.708661417322835 3.0708661417322833
      vertex 10.81459126867882 10.76090023889551 3.0708661417322833
      vertex 10.810947882260862 10.76771653543307 3.0708661417322833
    endloop
  endfacet
  facet normal 0 0 1
    outer loop
      vertex -10.826771653543307 -10.708661417322835 3.0708661417322833
      vertex 10.810947882260862 10.76771653543307 3.0708661417322833
      vertex 10.806866489702792 10.774279948705294 3.0708661417322833
    endloop
  endfacet
  facet normal 0 0 1
    outer loop
      vertex -10.826771653543307 -10.708661417322835 3.0708661417322833
      vertex 10.797461394484587 10.786536907351861 3.0708661417322833
      vertex 10.792177966319201 10.792177966319201 3.0708661417322833
    endloop
  endfacet
  facet normal 0 0 1
    outer loop
      vertex -10.826771653543307 -10.708661417322835 3.0708661417322833
      vertex 10.792177966319201 10.792177966319201 3.0708661417322833
      vertex 10.786536907351861 10.797461394484587 3.0708661417322833
    endloop
  endfacet
  facet normal 0 0 1
    outer loop
      vertex -10.826771653543307 -10.708661417322835 3.0708661417322833
      vertex 10.806866489702792 10.774279948705294 3.0708661417322833
      vertex 10.802364567896044 10.780562373596853 3.0708661417322833
    endloop
  endfacet
  facet normal 0 0 1
    outer loop
      vertex -10.826771653543307 -10.708661417322835 3.0708661417322833
      vertex 10.802364567896044 10.780562373596853 3.0708661417322833
      vertex 10.797461394484587 10.786536907351861 3.0708661417322833
    endloop
  endfacet
  facet normal 0 0 1
    outer loop
      vertex -10.826771653543307 -10.708661417322835 3.0708661417322833
      vertex 10.786536907351861 10.797461394484587 3.0708661417322833
      vertex 10.780562373596853 10.802364567896044 3.0708661417322833
    endloop
  endfacet
  facet normal 0 0 1
    outer loop
      vertex -10.826771653543307 -10.708661417322835 3.0708661417322833
      vertex 10.826771653543307 10.708661417322835 3.0708661417322833
      vertex 10.8265187705713 10.716386196298862 3.0708661417322833
    endloop
  endfacet
  facet normal 0 0 1
    outer loop
      vertex -10.826771653543307 -10.708661417322835 3.0708661417322833
      vertex 10.8265187705713 10.716386196298862 3.0708661417322833
      vertex 10.825761204042772 10.724077896750348 3.0708661417322833
    endloop
  endfacet
  facet normal 0 0 1
    outer loop
      vertex -10.826771653543307 -10.708661417322835 3.0708661417322833
      vertex 10.825761204042772 10.724077896750348 3.0708661417322833
      vertex 10.824502198480246 10.731703581244457 3.0708661417322833
    endloop
  endfacet
  facet normal 0 0 1
    outer loop
      vertex -10.826771653543307 -10.708661417322835 3.0708661417322833
      vertex 10.824502198480246 10.731703581244457 3.0708661417322833
      vertex 10.822747144701443 10.739230595998407 3.0708661417322833
    endloop
  endfacet
  facet normal 0 0 1
    outer loop
      vertex -10.826771653543307 -10.708661417322835 3.0708661417322833
      vertex 10.822747144701443 10.739230595998407 3.0708661417322833
      vertex 10.82050355869954 10.746626708451219 3.0708661417322833
    endloop
  endfacet
  facet normal 0 0 1
    outer loop
      vertex -10.826771653543307 -10.708661417322835 3.0708661417322833
      vertex 10.82050355869954 10.746626708451219 3.0708661417322833
      vertex 10.817781047030227 10.753860248062084 3.0708661417322833
    endloop
  endfacet
  facet normal 0 1 0
    outer loop
      vertex 10.708661417322835 10.826771653543307 2.677165354330709
      vertex 10.54330708649684 10.826771653543307 2.677165354330709
      vertex -10.708661417322835 10.826771653543307 3.0708661417322833
    endloop
  endfacet
  facet normal 0 1 0
    outer loop
      vertex -10.708661417322835 10.826771653543307 3.0708661417322833
      vertex 10.708661417322835 10.826771653543307 3.0708661417322833
      vertex 10.708661417322835 10.826771653543307 2.677165354330709
    endloop
  endfacet
  facet normal 0 0 -1
    outer loop
      vertex -12.559055118110235 12.602286464938029 3.1102362204724407
      vertex 12.54519883073925 12.609119629707392 3.1102362204724407
      vertex 12.125984251968504 12.598425196850393 3.1102362204724407
    endloop
  endfacet
  facet normal 0 -1 0
    outer loop
      vertex -12.5 12.618110236220472 2.677165354330709
      vertex 12.5 12.618110236220472 2.677165354330709
      vertex 12.5 12.618110236220472 3.1102362204724407
    endloop
  endfacet
  facet normal 0 0 -1
    outer loop
      vertex -12.6118536953499 12.983048163999722 2.677165354330709
      vertex 12.519685039370078 12.992125984251969 2.677165354330709
      vertex 12.550584155567519 12.991114451777278 2.677165354330709
    endloop
  endfacet
  facet normal 0 0 -1
    outer loop
      vertex -12.87488494831042 12.831186999192857 2.677165354330709
      vertex 12.807288864172818 12.894497641076253 2.677165354330709
      vertex 12.831186999192857 12.87488494831042 2.677165354330709
    endloop
  endfacet
  facet normal 0 0 -1
    outer loop
      vertex -12.853751235062212 12.853751235062212 2.677165354330709
      vertex 12.782159165193246 12.912505328596577 2.677165354330709
      vertex 12.807288864172818 12.894497641076253 2.677165354330709
    endloop
  endfacet
  facet normal 0 0 -1
    outer loop
      vertex -12.70048036174042 12.95616355878631 2.677165354330709
      vertex 12.6118536953499 12.983048163999722 2.677165354330709
      vertex 12.64196175348571 12.976027949471174 2.677165354330709
    endloop
  endfacet
  facet normal 0 0 -1
    outer loop
      vertex -12.671546204176943 12.96705360458357 2.677165354330709
      vertex 12.581350957080135 12.98808418654316 2.677165354330709
      vertex 12.6118536953499 12.983048163999722 2.677165354330709
    endloop
  endfacet
  facet normal 0 0 -1
    outer loop
      vertex -12.64196175348571 12.976027949471174 2.677165354330709
      vertex 12.550584155567519 12.991114451777278 2.677165354330709
      vertex 12.581350957080135 12.98808418654316 2.677165354330709
    endloop
  endfacet
  facet normal 0 0 -1
    outer loop
      vertex -12.755905511811024 12.928830899415523 2.677165354330709
      vertex 12.671546204176943 12.96705360458357 2.677165354330709
      vertex 12.70048036174042 12.95616355878631 2.677165354330709
    endloop
  endfacet
  facet normal 0 0 -1
    outer loop
      vertex -12.72864032595411 12.943404444794016 2.677165354330709
      vertex 12.64196175348571 12.976027949471174 2.677165354330709
      vertex 12.671546204176943 12.96705360458357 2.677165354330709
    endloop
  endfacet
  facet normal 0 0 -1
    outer loop
      vertex -12.831186999192857 12.87488494831042 2.677165354330709
      vertex 12.755905511811024 12.928830899415523 2.677165354330709
      vertex 12.782159165193246 12.912505328596577 2.677165354330709
    endloop
  endfacet
  facet normal 0 0 -1
    outer loop
      vertex -12.807288864172818 12.894497641076253 2.677165354330709
      vertex 12.72864032595411 12.943404444794016 2.677165354330709
      vertex 12.755905511811024 12.928830899415523 2.677165354330709
    endloop
  endfacet
  facet normal 0 0 -1
    outer loop
      vertex -12.782159165193246 12.912505328596577 2.677165354330709
      vertex 12.70048036174042 12.95616355878631 2.677165354330709
      vertex 12.72864032595411 12.943404444794016 2.677165354330709
    endloop
  endfacet
  facet normal 0 0 -1
    outer loop
      vertex -12.5 12.618110236220472 2.677165354330709
      vertex 12.976027949471174 12.64196175348571 2.677165354330709
      vertex 12.5 12.618110236220472 2.677165354330709
    endloop
  endfacet
  facet normal 0 0 -1
    outer loop
      vertex -12.976027949471174 12.64196175348571 2.677165354330709
      vertex 12.943404444794016 12.72864032595411 2.677165354330709
      vertex 12.95616355878631 12.70048036174042 2.677165354330709
    endloop
  endfacet
  facet normal 0 0 -1
    outer loop
      vertex -12.96705360458357 12.671546204176943 2.677165354330709
      vertex 12.928830899415523 12.755905511811024 2.677165354330709
      vertex 12.943404444794016 12.72864032595411 2.677165354330709
    endloop
  endfacet
  facet normal 0 0 -1
    outer loop
      vertex -12.943404444794016 12.72864032595411 2.677165354330709
      vertex 12.894497641076253 12.807288864172818 2.677165354330709
      vertex 12.912505328596577 12.782159165193246 2.677165354330709
    endloop
  endfacet
  facet normal 0 0 -1
    outer loop
      vertex -12.95616355878631 12.70048036174042 2.677165354330709
      vertex 12.912505328596577 12.782159165193246 2.677165354330709
      vertex 12.928830899415523 12.755905511811024 2.677165354330709
    endloop
  endfacet
  facet normal 0 0 -1
    outer loop
      vertex -12.928830899415523 12.755905511811024 2.677165354330709
      vertex 12.87488494831042 12.831186999192857 2.677165354330709
      vertex 12.894497641076253 12.807288864172818 2.677165354330709
    endloop
  endfacet
  facet normal 0 0 -1
    outer loop
      vertex -12.912505328596577 12.782159165193246 2.677165354330709
      vertex 12.853751235062212 12.853751235062212 2.677165354330709
      vertex 12.87488494831042 12.831186999192857 2.677165354330709
    endloop
  endfacet
  facet normal 0 0 -1
    outer loop
      vertex -12.894497641076253 12.807288864172818 2.677165354330709
      vertex 12.831186999192857 12.87488494831042 2.677165354330709
      vertex 12.853751235062212 12.853751235062212 2.677165354330709
    endloop
  endfacet
  facet normal 0 0 -1
    outer loop
      vertex -12.5 12.618110236220472 2.677165354330709
      vertex 12.96705360458357 12.671546204176943 2.677165354330709
      vertex 12.976027949471174 12.64196175348571 2.677165354330709
    endloop
  endfacet
  facet normal 0 0 -1
    outer loop
      vertex -12.5 12.618110236220472 2.677165354330709
      vertex 12.95616355878631 12.70048036174042 2.677165354330709
      vertex 12.96705360458357 12.671546204176943 2.677165354330709
    endloop
  endfacet
  facet normal 0 0 -1
    outer loop
      vertex -12.552238821572676 12.605929851355985 3.1102362204724407
      vertex 12.530569178675572 12.614085727378608 3.1102362204724407
      vertex 12.537965291128383 12.611842141376705 3.1102362204724407
    endloop
  endfacet
  facet normal 0 0 -1
    outer loop
      vertex -12.559055118110235 12.602286464938029 3.1102362204724407
      vertex 12.537965291128383 12.611842141376705 3.1102362204724407
      vertex 12.54519883073925 12.609119629707392 3.1102362204724407
    endloop
  endfacet
  facet normal 0 0 -1
    outer loop
      vertex -12.530569178675572 12.614085727378608 3.1102362204724407
      vertex 12.507724778976026 12.617857353248464 3.1102362204724407
      vertex 12.515416479427515 12.617099786719939 3.1102362204724407
    endloop
  endfacet
  facet normal 0 0 -1
    outer loop
      vertex -12.523042163921623 12.615840781157411 3.1102362204724407
      vertex 12.5 12.618110236220472 3.1102362204724407
      vertex 12.507724778976026 12.617857353248464 3.1102362204724407
    endloop
  endfacet
  facet normal 0 0 -1
    outer loop
      vertex -12.54519883073925 12.609119629707392 3.1102362204724407
      vertex 12.523042163921623 12.615840781157411 3.1102362204724407
      vertex 12.530569178675572 12.614085727378608 3.1102362204724407
    endloop
  endfacet
  facet normal 0 0 -1
    outer loop
      vertex -12.537965291128383 12.611842141376705 3.1102362204724407
      vertex 12.515416479427515 12.617099786719939 3.1102362204724407
      vertex 12.523042163921623 12.615840781157411 3.1102362204724407
    endloop
  endfacet
  facet normal 0 1 0
    outer loop
      vertex -12.519685039370078 12.992125984251969 2.677165354330709
      vertex 12.519685039370078 12.992125984251969 29.84251968503937
      vertex 12.519685039370078 12.992125984251969 2.677165354330709
    endloop
  endfacet
  facet normal 1 0 0
    outer loop
      vertex 10.826771653543307 10.708661417322835 3.0708661417322833
      vertex 10.826771653543307 -10.54330708649684 2.677165354330709
      vertex 10.826771653543307 10.54330708649684 2.677165354330709
    endloop
  endfacet
  facet normal 0 0 -1
    outer loop
      vertex 12.618110236220472 -12.5 3.1102362204724407
      vertex 12.598425196850393 12.125984251968504 3.1102362204724407
      vertex 12.618110236220472 12.5 3.1102362204724407
    endloop
  endfacet
  facet normal 0 0 -1
    outer loop
      vertex 12.992125984251969 -12.519685039370078 2.677165354330709
      vertex 12.618110236220472 12.5 2.677165354330709
      vertex 12.992125984251969 12.519685039370078 2.677165354330709
    endloop
  endfacet
  facet normal -1 0 0
    outer loop
      vertex 12.618110236220472 -12.5 3.1102362204724407
      vertex 12.618110236220472 12.5 3.1102362204724407
      vertex 12.618110236220472 12.5 2.677165354330709
    endloop
  endfacet
  facet normal -1 0 0
    outer loop
      vertex 12.598425196850393 -12.125984251968504 3.1102362204724407
      vertex 12.598425196850393 12.125984251968504 29.84251968503937
      vertex 12.598425196850393 12.125984251968504 3.1102362204724407
    endloop
  endfacet
  facet normal 0 0 -1
    outer loop
      vertex 10.708661417322835 10.826771653543307 2.677165354330709
      vertex 10.56184655627397 10.82616473394116 2.677165354330709
      vertex 10.54330708649684 10.826771653543307 2.677165354330709
    endloop
  endfacet
  facet normal 0 0 -1
    outer loop
      vertex 10.708661417322835 10.826771653543307 2.677165354330709
      vertex 10.580306637181542 10.824346574624693 2.677165354330709
      vertex 10.56184655627397 10.82616473394116 2.677165354330709
    endloop
  endfacet
  facet normal 0 0 -1
    outer loop
      vertex 10.724077896750348 10.825761204042772 2.677165354330709
      vertex 10.598608280026069 10.821324961157295 2.677165354330709
      vertex 10.580306637181542 10.824346574624693 2.677165354330709
    endloop
  endfacet
  facet normal 0 0 -1
    outer loop
      vertex 10.739230595998407 10.822747144701443 2.677165354330709
      vertex 10.61667311496622 10.817112832616164 2.677165354330709
      vertex 10.598608280026069 10.821324961157295 2.677165354330709
    endloop
  endfacet
  facet normal 0 0 -1
    outer loop
      vertex 10.774279948705294 10.806866489702792 2.677165354330709
      vertex 10.668680258388594 10.797538729751205 2.677165354330709
      vertex 10.651784279919045 10.805194198087914 2.677165354330709
    endloop
  endfacet
  facet normal 0 0 -1
    outer loop
      vertex 10.716386196298862 10.8265187705713 2.677165354330709
      vertex 10.724077896750348 10.825761204042772 2.677165354330709
      vertex 10.580306637181542 10.824346574624693 2.677165354330709
    endloop
  endfacet
  facet normal 0 0 -1
    outer loop
      vertex 10.708661417322835 10.826771653543307 2.677165354330709
      vertex 10.716386196298862 10.8265187705713 2.677165354330709
      vertex 10.580306637181542 10.824346574624693 2.677165354330709
    endloop
  endfacet
  facet normal 0 0 -1
    outer loop
      vertex 10.76090023889551 10.81459126867882 2.677165354330709
      vertex 10.651784279919045 10.805194198087914 2.677165354330709
      vertex 10.634423785322294 10.81172822556627 2.677165354330709
    endloop
  endfacet
  facet normal 0 0 -1
    outer loop
      vertex 10.746626708451219 10.82050355869954 2.677165354330709
      vertex 10.634423785322294 10.81172822556627 2.677165354330709
      vertex 10.61667311496622 10.817112832616164 2.677165354330709
    endloop
  endfacet
  facet normal 0 0 -1
    outer loop
      vertex 10.731703581244457 10.824502198480246 2.677165354330709
      vertex 10.739230595998407 10.822747144701443 2.677165354330709
      vertex 10.598608280026069 10.821324961157295 2.677165354330709
    endloop
  endfacet
  facet normal 0 0 -1
    outer loop
      vertex 10.731703581244457 10.824502198480246 2.677165354330709
      vertex 10.598608280026069 10.821324961157295 2.677165354330709
      vertex 10.724077896750348 10.825761204042772 2.677165354330709
    endloop
  endfacet
  facet normal 0 0 -1
    outer loop
      vertex 10.739230595998407 10.822747144701443 2.677165354330709
      vertex 10.746626708451219 10.82050355869954 2.677165354330709
      vertex 10.61667311496622 10.817112832616164 2.677165354330709
    endloop
  endfacet
  facet normal 0 0 -1
    outer loop
      vertex 10.774279948705294 10.806866489702792 2.677165354330709
      vertex 10.651784279919045 10.805194198087914 2.677165354330709
      vertex 10.76771653543307 10.810947882260862 2.677165354330709
    endloop
  endfacet
  facet normal 0 0 -1
    outer loop
      vertex 10.792177966319201 10.792177966319201 2.677165354330709
      vertex 10.700791562049407 10.778999259974073 2.677165354330709
      vertex 10.685039370020075 10.788794602524108 2.677165354330709
    endloop
  endfacet
  facet normal 0 0 -1
    outer loop
      vertex 10.780562373596853 10.802364567896044 2.677165354330709
      vertex 10.685039370020075 10.788794602524108 2.677165354330709
      vertex 10.668680258388594 10.797538729751205 2.677165354330709
    endloop
  endfacet
  facet normal 0 0 -1
    outer loop
      vertex 10.806866489702792 10.774279948705294 2.677165354330709
      vertex 10.730208262331843 10.756427032037044 2.677165354330709
      vertex 10.715869381202488 10.768194647403213 2.677165354330709
    endloop
  endfacet
  facet normal 0 0 -1
    outer loop
      vertex 10.802364567896044 10.780562373596853 2.677165354330709
      vertex 10.715869381202488 10.768194647403213 2.677165354330709
      vertex 10.700791562049407 10.778999259974073 2.677165354330709
    endloop
  endfacet
  facet normal 0 0 -1
    outer loop
      vertex 10.780562373596853 10.802364567896044 2.677165354330709
      vertex 10.668680258388594 10.797538729751205 2.677165354330709
      vertex 10.774279948705294 10.806866489702792 2.677165354330709
    endloop
  endfacet
  facet normal 0 0 -1
    outer loop
      vertex 10.792177966319201 10.792177966319201 2.677165354330709
      vertex 10.685039370020075 10.788794602524108 2.677165354330709
      vertex 10.786536907351861 10.797461394484587 2.677165354330709
    endloop
  endfacet
  facet normal 0 0 -1
    outer loop
      vertex 10.780562373596853 10.802364567896044 2.677165354330709
      vertex 10.786536907351861 10.797461394484587 2.677165354330709
      vertex 10.685039370020075 10.788794602524108 2.677165354330709
    endloop
  endfacet
  facet normal 0 0 -1
    outer loop
      vertex 10.76090023889551 10.81459126867882 2.677165354330709
      vertex 10.76771653543307 10.810947882260862 2.677165354330709
      vertex 10.651784279919045 10.805194198087914 2.677165354330709
    endloop
  endfacet
  facet normal 0 0 -1
    outer loop
      vertex 10.753860248062084 10.817781047030227 2.677165354330709
      vertex 10.76090023889551 10.81459126867882 2.677165354330709
      vertex 10.634423785322294 10.81172822556627 2.677165354330709
    endloop
  endfacet
  facet normal 0 0 -1
    outer loop
      vertex 10.746626708451219 10.82050355869954 2.677165354330709
      vertex 10.753860248062084 10.817781047030227 2.677165354330709
      vertex 10.634423785322294 10.81172822556627 2.677165354330709
    endloop
  endfacet
  facet normal 0.03271906888179763 0.9994645879327131 0
    outer loop
      vertex 10.708661417322835 10.826771653543307 2.677165354330709
      vertex 10.708661417322835 10.826771653543307 3.0708661417322833
      vertex 10.716386196298862 10.8265187705713 2.677165354330709
    endloop
  endfacet
  facet normal 0.16289546799449972 0.9866433329764372 0
    outer loop
      vertex 10.731703581244457 10.824502198480246 2.677165354330709
      vertex 10.724077896750348 10.825761204042772 2.677165354330709
      vertex 10.724077896750348 10.825761204042772 3.0708661417322833
    endloop
  endfacet
  facet normal 0.09801716042946464 0.9951847246925289 0
    outer loop
      vertex 10.716386196298862 10.8265187705713 2.677165354330709
      vertex 10.716386196298862 10.8265187705713 3.0708661417322833
      vertex 10.724077896750348 10.825761204042772 2.677165354330709
    endloop
  endfacet
  facet normal 0.227076274429973 0.9738769766202525 0
    outer loop
      vertex 10.731703581244457 10.824502198480246 2.677165354330709
      vertex 10.731703581244457 10.824502198480246 3.0708661417322833
      vertex 10.739230595998407 10.822747144701443 2.677165354330709
    endloop
  endfacet
  facet normal 0.4127070301697171 0.9108638247556503 0
    outer loop
      vertex 10.753860248062084 10.817781047030227 2.677165354330709
      vertex 10.753860248062084 10.817781047030227 3.0708661417322833
      vertex 10.76090023889551 10.81459126867882 2.677165354330709
    endloop
  endfacet
  facet normal 0.2902846556618544 0.9569403422822546 0
    outer loop
      vertex 10.739230595998407 10.822747144701443 2.677165354330709
      vertex 10.739230595998407 10.822747144701443 3.0708661417322833
      vertex 10.746626708451219 10.82050355869954 2.677165354330709
    endloop
  endfacet
  facet normal 0.35225006395482306 0.9359059207227097 0
    outer loop
      vertex 10.746626708451219 10.82050355869954 2.677165354330709
      vertex 10.746626708451219 10.82050355869954 3.0708661417322833
      vertex 10.753860248062084 10.817781047030227 2.677165354330709
    endloop
  endfacet
  facet normal 0 0 -1
    outer loop
      vertex 10.826771653543307 10.708661417322835 2.677165354330709
      vertex 10.826771653543307 10.54330708649684 2.677165354330709
      vertex 10.82616473394116 10.56184655627397 2.677165354330709
    endloop
  endfacet
  facet normal 0 0 -1
    outer loop
      vertex 10.826771653543307 10.708661417322835 2.677165354330709
      vertex 10.82616473394116 10.56184655627397 2.677165354330709
      vertex 10.824346574624693 10.580306637181542 2.677165354330709
    endloop
  endfacet
  facet normal 0 0 -1
    outer loop
      vertex 10.826771653543307 10.708661417322835 2.677165354330709
      vertex 10.824346574624693 10.580306637181542 2.677165354330709
      vertex 10.821324961157295 10.598608280026069 2.677165354330709
    endloop
  endfacet
  facet normal 0 0 -1
    outer loop
      vertex 10.826771653543307 10.708661417322835 2.677165354330709
      vertex 10.817112832616164 10.61667311496622 2.677165354330709
      vertex 10.81172822556627 10.634423785322294 2.677165354330709
    endloop
  endfacet
  facet normal 0 0 -1
    outer loop
      vertex 10.826771653543307 10.708661417322835 2.677165354330709
      vertex 10.821324961157295 10.598608280026069 2.677165354330709
      vertex 10.817112832616164 10.61667311496622 2.677165354330709
    endloop
  endfacet
  facet normal 1 0 0
    outer loop
      vertex 10.826771653543307 10.708661417322835 2.677165354330709
      vertex 10.826771653543307 10.708661417322835 3.0708661417322833
      vertex 10.826771653543307 10.54330708649684 2.677165354330709
    endloop
  endfacet
  facet normal 0 0 -1
    outer loop
      vertex 10.826771653543307 10.708661417322835 2.677165354330709
      vertex 10.805194198087914 10.651784279919045 2.677165354330709
      vertex 10.797538729751205 10.668680258388594 2.677165354330709
    endloop
  endfacet
  facet normal 0 0 -1
    outer loop
      vertex 10.826771653543307 10.708661417322835 2.677165354330709
      vertex 10.788794602524108 10.685039370020075 2.677165354330709
      vertex 10.778999259974073 10.700791562049407 2.677165354330709
    endloop
  endfacet
  facet normal 0 0 -1
    outer loop
      vertex 10.826771653543307 10.708661417322835 2.677165354330709
      vertex 10.797538729751205 10.668680258388594 2.677165354330709
      vertex 10.788794602524108 10.685039370020075 2.677165354330709
    endloop
  endfacet
  facet normal 0 0 -1
    outer loop
      vertex 10.824502198480246 10.731703581244457 2.677165354330709
      vertex 10.768194647403213 10.715869381202488 2.677165354330709
      vertex 10.756427032037044 10.730208262331843 2.677165354330709
    endloop
  endfacet
  facet normal 0 0 -1
    outer loop
      vertex 10.81459126867882 10.76090023889551 2.677165354330709
      vertex 10.743746803853455 10.743746803853455 2.677165354330709
      vertex 10.730208262331843 10.756427032037044 2.677165354330709
    endloop
  endfacet
  facet normal 0 0 -1
    outer loop
      vertex 10.82050355869954 10.746626708451219 2.677165354330709
      vertex 10.756427032037044 10.730208262331843 2.677165354330709
      vertex 10.743746803853455 10.743746803853455 2.677165354330709
    endloop
  endfacet
  facet normal 0 0 -1
    outer loop
      vertex 10.8265187705713 10.716386196298862 2.677165354330709
      vertex 10.778999259974073 10.700791562049407 2.677165354330709
      vertex 10.768194647403213 10.715869381202488 2.677165354330709
    endloop
  endfacet
  facet normal 0 0 -1
    outer loop
      vertex 10.8265187705713 10.716386196298862 2.677165354330709
      vertex 10.768194647403213 10.715869381202488 2.677165354330709
      vertex 10.825761204042772 10.724077896750348 2.677165354330709
    endloop
  endfacet
  facet normal 0 0 -1
    outer loop
      vertex 10.825761204042772 10.724077896750348 2.677165354330709
      vertex 10.768194647403213 10.715869381202488 2.677165354330709
      vertex 10.824502198480246 10.731703581244457 2.677165354330709
    endloop
  endfacet
  facet normal 0 0 -1
    outer loop
      vertex 10.824502198480246 10.731703581244457 2.677165354330709
      vertex 10.756427032037044 10.730208262331843 2.677165354330709
      vertex 10.822747144701443 10.739230595998407 2.677165354330709
    endloop
  endfacet
  facet normal 0 0 -1
    outer loop
      vertex 10.817781047030227 10.753860248062084 2.677165354330709
      vertex 10.743746803853455 10.743746803853455 2.677165354330709
      vertex 10.81459126867882 10.76090023889551 2.677165354330709
    endloop
  endfacet
  facet normal 0 0 -1
    outer loop
      vertex 10.822747144701443 10.739230595998407 2.677165354330709
      vertex 10.756427032037044 10.730208262331843 2.677165354330709
      vertex 10.82050355869954 10.746626708451219 2.677165354330709
    endloop
  endfacet
  facet normal 0 0 -1
    outer loop
      vertex 10.817781047030227 10.753860248062084 2.677165354330709
      vertex 10.82050355869954 10.746626708451219 2.677165354330709
      vertex 10.743746803853455 10.743746803853455 2.677165354330709
    endloop
  endfacet
  facet normal 0 0 -1
    outer loop
      vertex 10.826771653543307 10.708661417322835 2.677165354330709
      vertex 10.81172822556627 10.634423785322294 2.677165354330709
      vertex 10.805194198087914 10.651784279919045 2.677165354330709
    endloop
  endfacet
  facet normal 0 0 -1
    outer loop
      vertex 10.826771653543307 10.708661417322835 2.677165354330709
      vertex 10.778999259974073 10.700791562049407 2.677165354330709
      vertex 10.8265187705713 10.716386196298862 2.677165354330709
    endloop
  endfacet
  facet normal 0.9994645879327131 0.03271906888179763 0
    outer loop
      vertex 10.826771653543307 10.708661417322835 2.677165354330709
      vertex 10.8265187705713 10.716386196298862 2.677165354330709
      vertex 10.8265187705713 10.716386196298862 3.0708661417322833
    endloop
  endfacet
  facet normal 0.9951847246925289 0.09801716042946464 0
    outer loop
      vertex 10.8265187705713 10.716386196298862 2.677165354330709
      vertex 10.825761204042772 10.724077896750348 2.677165354330709
      vertex 10.825761204042772 10.724077896750348 3.0708661417322833
    endloop
  endfacet
  facet normal 0.9866433329764372 0.16289546799449972 0
    outer loop
      vertex 10.825761204042772 10.724077896750348 2.677165354330709
      vertex 10.824502198480246 10.731703581244457 2.677165354330709
      vertex 10.824502198480246 10.731703581244457 3.0708661417322833
    endloop
  endfacet
  facet normal 0.9738769766202525 0.227076274429973 0
    outer loop
      vertex 10.824502198480246 10.731703581244457 2.677165354330709
      vertex 10.822747144701443 10.739230595998407 2.677165354330709
      vertex 10.822747144701443 10.739230595998407 3.0708661417322833
    endloop
  endfacet
  facet normal 0.9108638247556503 0.4127070301697171 0
    outer loop
      vertex 10.817781047030227 10.753860248062084 2.677165354330709
      vertex 10.81459126867882 10.76090023889551 2.677165354330709
      vertex 10.81459126867882 10.76090023889551 3.0708661417322833
    endloop
  endfacet
  facet normal 0.9569403422822546 0.2902846556618544 0
    outer loop
      vertex 10.822747144701443 10.739230595998407 2.677165354330709
      vertex 10.82050355869954 10.746626708451219 2.677165354330709
      vertex 10.82050355869954 10.746626708451219 3.0708661417322833
    endloop
  endfacet
  facet normal 0.9359059207227097 0.35225006395482306 0
    outer loop
      vertex 10.817781047030227 10.753860248062084 2.677165354330709
      vertex 10.817781047030227 10.753860248062084 3.0708661417322833
      vertex 10.82050355869954 10.746626708451219 2.677165354330709
    endloop
  endfacet
  facet normal 0 0 -1
    outer loop
      vertex 10.806866489702792 10.774279948705294 2.677165354330709
      vertex 10.810947882260862 10.76771653543307 2.677165354330709
      vertex 10.730208262331843 10.756427032037044 2.677165354330709
    endloop
  endfacet
  facet normal 0 0 -1
    outer loop
      vertex 10.806866489702792 10.774279948705294 2.677165354330709
      vertex 10.715869381202488 10.768194647403213 2.677165354330709
      vertex 10.802364567896044 10.780562373596853 2.677165354330709
    endloop
  endfacet
  facet normal 0 0 -1
    outer loop
      vertex 10.802364567896044 10.780562373596853 2.677165354330709
      vertex 10.700791562049407 10.778999259974073 2.677165354330709
      vertex 10.797461394484587 10.786536907351861 2.677165354330709
    endloop
  endfacet
  facet normal 0 0 -1
    outer loop
      vertex 10.792177966319201 10.792177966319201 2.677165354330709
      vertex 10.797461394484587 10.786536907351861 2.677165354330709
      vertex 10.700791562049407 10.778999259974073 2.677165354330709
    endloop
  endfacet
  facet normal 0 0 -1
    outer loop
      vertex 10.81459126867882 10.76090023889551 2.677165354330709
      vertex 10.730208262331843 10.756427032037044 2.677165354330709
      vertex 10.810947882260862 10.76771653543307 2.677165354330709
    endloop
  endfacet
  facet normal 0.5824776793387051 0.8128466971527881 0
    outer loop
      vertex 10.780562373596853 10.802364567896044 2.677165354330709
      vertex 10.774279948705294 10.806866489702792 2.677165354330709
      vertex 10.774279948705294 10.806866489702792 3.0708661417322833
    endloop
  endfacet
  facet normal 0.5280678423424987 0.8492021866927439 0
    outer loop
      vertex 10.774279948705294 10.806866489702792 2.677165354330709
      vertex 10.76771653543307 10.810947882260862 2.677165354330709
      vertex 10.76771653543307 10.810947882260862 3.0708661417322833
    endloop
  endfacet
  facet normal 0.6343933053188682 0.7730104360010939 0
    outer loop
      vertex 10.780562373596853 10.802364567896044 2.677165354330709
      vertex 10.780562373596853 10.802364567896044 3.0708661417322833
      vertex 10.786536907351861 10.797461394484587 2.677165354330709
    endloop
  endfacet
  facet normal 0.8128466971527881 0.5824776793387051 0
    outer loop
      vertex 10.806866489702792 10.774279948705294 2.677165354330709
      vertex 10.802364567896044 10.780562373596853 2.677165354330709
      vertex 10.802364567896044 10.780562373596853 3.0708661417322833
    endloop
  endfacet
  facet normal 0.8492021866927439 0.5280678423424987 0
    outer loop
      vertex 10.806866489702792 10.774279948705294 2.677165354330709
      vertex 10.806866489702792 10.774279948705294 3.0708661417322833
      vertex 10.810947882260862 10.76771653543307 2.677165354330709
    endloop
  endfacet
  facet normal 0.6835922938321781 0.7298640803692568 0
    outer loop
      vertex 10.792177966319201 10.792177966319201 2.677165354330709
      vertex 10.786536907351861 10.797461394484587 2.677165354330709
      vertex 10.786536907351861 10.797461394484587 3.0708661417322833
    endloop
  endfacet
  facet normal 0.7730104360010939 0.6343933053188682 0
    outer loop
      vertex 10.802364567896044 10.780562373596853 2.677165354330709
      vertex 10.797461394484587 10.786536907351861 2.677165354330709
      vertex 10.797461394484587 10.786536907351861 3.0708661417322833
    endloop
  endfacet
  facet normal 0.7298640803692568 0.6835922938321781 0
    outer loop
      vertex 10.792177966319201 10.792177966319201 2.677165354330709
      vertex 10.792177966319201 10.792177966319201 3.0708661417322833
      vertex 10.797461394484587 10.786536907351861 2.677165354330709
    endloop
  endfacet
  facet normal 0.4713967381029383 0.881921263665816 0
    outer loop
      vertex 10.76090023889551 10.81459126867882 2.677165354330709
      vertex 10.76090023889551 10.81459126867882 3.0708661417322833
      vertex 10.76771653543307 10.810947882260862 2.677165354330709
    endloop
  endfacet
  facet normal 0.881921263665816 0.4713967381029383 0
    outer loop
      vertex 10.81459126867882 10.76090023889551 2.677165354330709
      vertex 10.810947882260862 10.76771653543307 2.677165354330709
      vertex 10.810947882260862 10.76771653543307 3.0708661417322833
    endloop
  endfacet
  facet normal 0.03271906888179763 0.9994645879327131 0
    outer loop
      vertex 10.716386196298862 10.8265187705713 2.677165354330709
      vertex 10.708661417322835 10.826771653543307 3.0708661417322833
      vertex 10.716386196298862 10.8265187705713 3.0708661417322833
    endloop
  endfacet
  facet normal 0.16289546799449972 0.9866433329764372 0
    outer loop
      vertex 10.731703581244457 10.824502198480246 2.677165354330709
      vertex 10.724077896750348 10.825761204042772 3.0708661417322833
      vertex 10.731703581244457 10.824502198480246 3.0708661417322833
    endloop
  endfacet
  facet normal 0.09801716042946464 0.9951847246925289 0
    outer loop
      vertex 10.724077896750348 10.825761204042772 2.677165354330709
      vertex 10.716386196298862 10.8265187705713 3.0708661417322833
      vertex 10.724077896750348 10.825761204042772 3.0708661417322833
    endloop
  endfacet
  facet normal 0.227076274429973 0.9738769766202525 0
    outer loop
      vertex 10.739230595998407 10.822747144701443 2.677165354330709
      vertex 10.731703581244457 10.824502198480246 3.0708661417322833
      vertex 10.739230595998407 10.822747144701443 3.0708661417322833
    endloop
  endfacet
  facet normal 0.4127070301697171 0.9108638247556503 0
    outer loop
      vertex 10.753860248062084 10.817781047030227 3.0708661417322833
      vertex 10.76090023889551 10.81459126867882 3.0708661417322833
      vertex 10.76090023889551 10.81459126867882 2.677165354330709
    endloop
  endfacet
  facet normal 0.2902846556618544 0.9569403422822546 0
    outer loop
      vertex 10.746626708451219 10.82050355869954 2.677165354330709
      vertex 10.739230595998407 10.822747144701443 3.0708661417322833
      vertex 10.746626708451219 10.82050355869954 3.0708661417322833
    endloop
  endfacet
  facet normal 0.35225006395482306 0.9359059207227097 0
    outer loop
      vertex 10.753860248062084 10.817781047030227 2.677165354330709
      vertex 10.746626708451219 10.82050355869954 3.0708661417322833
      vertex 10.753860248062084 10.817781047030227 3.0708661417322833
    endloop
  endfacet
  facet normal 0.9994645879327131 0.03271906888179763 0
    outer loop
      vertex 10.826771653543307 10.708661417322835 2.677165354330709
      vertex 10.8265187705713 10.716386196298862 3.0708661417322833
      vertex 10.826771653543307 10.708661417322835 3.0708661417322833
    endloop
  endfacet
  facet normal 0.9951847246925289 0.09801716042946464 0
    outer loop
      vertex 10.8265187705713 10.716386196298862 2.677165354330709
      vertex 10.825761204042772 10.724077896750348 3.0708661417322833
      vertex 10.8265187705713 10.716386196298862 3.0708661417322833
    endloop
  endfacet
  facet normal 0.9866433329764372 0.16289546799449972 0
    outer loop
      vertex 10.825761204042772 10.724077896750348 2.677165354330709
      vertex 10.824502198480246 10.731703581244457 3.0708661417322833
      vertex 10.825761204042772 10.724077896750348 3.0708661417322833
    endloop
  endfacet
  facet normal 0.9738769766202525 0.227076274429973 0
    outer loop
      vertex 10.824502198480246 10.731703581244457 2.677165354330709
      vertex 10.822747144701443 10.739230595998407 3.0708661417322833
      vertex 10.824502198480246 10.731703581244457 3.0708661417322833
    endloop
  endfacet
  facet normal 0.9108638247556503 0.4127070301697171 0
    outer loop
      vertex 10.817781047030227 10.753860248062084 2.677165354330709
      vertex 10.81459126867882 10.76090023889551 3.0708661417322833
      vertex 10.817781047030227 10.753860248062084 3.0708661417322833
    endloop
  endfacet
  facet normal 0.9569403422822546 0.2902846556618544 0
    outer loop
      vertex 10.822747144701443 10.739230595998407 2.677165354330709
      vertex 10.82050355869954 10.746626708451219 3.0708661417322833
      vertex 10.822747144701443 10.739230595998407 3.0708661417322833
    endloop
  endfacet
  facet normal 0.9359059207227097 0.35225006395482306 0
    outer loop
      vertex 10.82050355869954 10.746626708451219 2.677165354330709
      vertex 10.817781047030227 10.753860248062084 3.0708661417322833
      vertex 10.82050355869954 10.746626708451219 3.0708661417322833
    endloop
  endfacet
  facet normal 0.5824776793387051 0.8128466971527881 0
    outer loop
      vertex 10.780562373596853 10.802364567896044 2.677165354330709
      vertex 10.774279948705294 10.806866489702792 3.0708661417322833
      vertex 10.780562373596853 10.802364567896044 3.0708661417322833
    endloop
  endfacet
  facet normal 0.5280678423424987 0.8492021866927439 0
    outer loop
      vertex 10.774279948705294 10.806866489702792 2.677165354330709
      vertex 10.76771653543307 10.810947882260862 3.0708661417322833
      vertex 10.774279948705294 10.806866489702792 3.0708661417322833
    endloop
  endfacet
  facet normal 0.8128466971527881 0.5824776793387051 0
    outer loop
      vertex 10.806866489702792 10.774279948705294 2.677165354330709
      vertex 10.802364567896044 10.780562373596853 3.0708661417322833
      vertex 10.806866489702792 10.774279948705294 3.0708661417322833
    endloop
  endfacet
  facet normal 0.7730104360010939 0.6343933053188682 0
    outer loop
      vertex 10.802364567896044 10.780562373596853 2.677165354330709
      vertex 10.797461394484587 10.786536907351861 3.0708661417322833
      vertex 10.802364567896044 10.780562373596853 3.0708661417322833
    endloop
  endfacet
  facet normal 0.8492021866927439 0.5280678423424987 0
    outer loop
      vertex 10.810947882260862 10.76771653543307 2.677165354330709
      vertex 10.806866489702792 10.774279948705294 3.0708661417322833
      vertex 10.810947882260862 10.76771653543307 3.0708661417322833
    endloop
  endfacet
  facet normal 0.6835922938321781 0.7298640803692568 0
    outer loop
      vertex 10.792177966319201 10.792177966319201 2.677165354330709
      vertex 10.786536907351861 10.797461394484587 3.0708661417322833
      vertex 10.792177966319201 10.792177966319201 3.0708661417322833
    endloop
  endfacet
  facet normal 0.6343933053188682 0.7730104360010939 0
    outer loop
      vertex 10.786536907351861 10.797461394484587 2.677165354330709
      vertex 10.780562373596853 10.802364567896044 3.0708661417322833
      vertex 10.786536907351861 10.797461394484587 3.0708661417322833
    endloop
  endfacet
  facet normal 0.7298640803692568 0.6835922938321781 0
    outer loop
      vertex 10.797461394484587 10.786536907351861 2.677165354330709
      vertex 10.792177966319201 10.792177966319201 3.0708661417322833
      vertex 10.797461394484587 10.786536907351861 3.0708661417322833
    endloop
  endfacet
  facet normal 0.4713967381029383 0.881921263665816 0
    outer loop
      vertex 10.76771653543307 10.810947882260862 2.677165354330709
      vertex 10.76090023889551 10.81459126867882 3.0708661417322833
      vertex 10.76771653543307 10.810947882260862 3.0708661417322833
    endloop
  endfacet
  facet normal 0.881921263665816 0.4713967381029383 0
    outer loop
      vertex 10.81459126867882 10.76090023889551 2.677165354330709
      vertex 10.810947882260862 10.76771653543307 3.0708661417322833
      vertex 10.81459126867882 10.76090023889551 3.0708661417322833
    endloop
  endfacet
  facet normal -0.6835922938322928 -0.7298640803691494 0
    outer loop
      vertex 12.583516548996366 12.583516548996366 2.677165354330709
      vertex 12.583516548996366 12.583516548996366 3.1102362204724407
      vertex 12.577875490029028 12.588799977161752 2.677165354330709
    endloop
  endfacet
  facet normal -0.03271906888179764 -0.9994645879327132 0
    outer loop
      vertex 12.507724778976026 12.617857353248464 2.677165354330709
      vertex 12.507724778976026 12.617857353248464 3.1102362204724407
      vertex 12.5 12.618110236220472 2.677165354330709
    endloop
  endfacet
  facet normal -0.09801716042921459 -0.9951847246925535 0
    outer loop
      vertex 12.507724778976026 12.617857353248464 2.677165354330709
      vertex 12.515416479427515 12.617099786719939 2.677165354330709
      vertex 12.515416479427515 12.617099786719939 3.1102362204724407
    endloop
  endfacet
  facet normal -0.16289546799472346 -0.9866433329764003 0
    outer loop
      vertex 12.515416479427515 12.617099786719939 2.677165354330709
      vertex 12.523042163921623 12.615840781157411 2.677165354330709
      vertex 12.523042163921623 12.615840781157411 3.1102362204724407
    endloop
  endfacet
  facet normal -0.22707627443002382 -0.9738769766202405 0
    outer loop
      vertex 12.530569178675572 12.614085727378608 2.677165354330709
      vertex 12.530569178675572 12.614085727378608 3.1102362204724407
      vertex 12.523042163921623 12.615840781157411 2.677165354330709
    endloop
  endfacet
  facet normal -0.35225006395474734 -0.9359059207227383 0
    outer loop
      vertex 12.54519883073925 12.609119629707392 2.677165354330709
      vertex 12.54519883073925 12.609119629707392 3.1102362204724407
      vertex 12.537965291128383 12.611842141376705 2.677165354330709
    endloop
  endfacet
  facet normal -0.47139673810275956 -0.8819212636659116 0
    outer loop
      vertex 12.559055118110235 12.602286464938029 2.677165354330709
      vertex 12.559055118110235 12.602286464938029 3.1102362204724407
      vertex 12.552238821572676 12.605929851355985 2.677165354330709
    endloop
  endfacet
  facet normal -0.4127070301698035 -0.9108638247556112 0
    outer loop
      vertex 12.54519883073925 12.609119629707392 2.677165354330709
      vertex 12.552238821572676 12.605929851355985 2.677165354330709
      vertex 12.552238821572676 12.605929851355985 3.1102362204724407
    endloop
  endfacet
  facet normal -0.29028465566185435 -0.9569403422822546 0
    outer loop
      vertex 12.530569178675572 12.614085727378608 2.677165354330709
      vertex 12.537965291128383 12.611842141376705 2.677165354330709
      vertex 12.537965291128383 12.611842141376705 3.1102362204724407
    endloop
  endfacet
  facet normal -0.5824776793387052 -0.8128466971527882 0
    outer loop
      vertex 12.565618531382459 12.598205072379956 2.677165354330709
      vertex 12.571900956274018 12.593703150573209 2.677165354330709
      vertex 12.571900956274018 12.593703150573209 3.1102362204724407
    endloop
  endfacet
  facet normal -0.5280678423426645 -0.8492021866926409 0
    outer loop
      vertex 12.559055118110235 12.602286464938029 2.677165354330709
      vertex 12.565618531382459 12.598205072379956 2.677165354330709
      vertex 12.565618531382459 12.598205072379956 3.1102362204724407
    endloop
  endfacet
  facet normal -0.6343933053187555 -0.7730104360011864 0
    outer loop
      vertex 12.577875490029028 12.588799977161752 2.677165354330709
      vertex 12.577875490029028 12.588799977161752 3.1102362204724407
      vertex 12.571900956274018 12.593703150573209 2.677165354330709
    endloop
  endfacet
  facet normal -0.9994645879327132 -0.03271906888179764 0
    outer loop
      vertex 12.618110236220472 12.5 2.677165354330709
      vertex 12.618110236220472 12.5 3.1102362204724407
      vertex 12.617857353248464 12.507724778976026 2.677165354330709
    endloop
  endfacet
  facet normal -0.9951847246925535 -0.09801716042921459 0
    outer loop
      vertex 12.617857353248464 12.507724778976026 2.677165354330709
      vertex 12.617857353248464 12.507724778976026 3.1102362204724407
      vertex 12.617099786719939 12.515416479427515 2.677165354330709
    endloop
  endfacet
  facet normal -0.9866433329764003 -0.16289546799472346 0
    outer loop
      vertex 12.617099786719939 12.515416479427515 2.677165354330709
      vertex 12.617099786719939 12.515416479427515 3.1102362204724407
      vertex 12.615840781157411 12.523042163921623 2.677165354330709
    endloop
  endfacet
  facet normal -0.9738769766202405 -0.22707627443002382 0
    outer loop
      vertex 12.615840781157411 12.523042163921623 2.677165354330709
      vertex 12.615840781157411 12.523042163921623 3.1102362204724407
      vertex 12.614085727378608 12.530569178675572 2.677165354330709
    endloop
  endfacet
  facet normal -0.9569403422822546 -0.29028465566185435 0
    outer loop
      vertex 12.614085727378608 12.530569178675572 2.677165354330709
      vertex 12.614085727378608 12.530569178675572 3.1102362204724407
      vertex 12.611842141376705 12.537965291128383 2.677165354330709
    endloop
  endfacet
  facet normal -0.9359059207227383 -0.35225006395474734 0
    outer loop
      vertex 12.609119629707392 12.54519883073925 2.677165354330709
      vertex 12.611842141376705 12.537965291128383 2.677165354330709
      vertex 12.611842141376705 12.537965291128383 3.1102362204724407
    endloop
  endfacet
  facet normal -0.9108638247556112 -0.4127070301698035 0
    outer loop
      vertex 12.609119629707392 12.54519883073925 2.677165354330709
      vertex 12.609119629707392 12.54519883073925 3.1102362204724407
      vertex 12.605929851355985 12.552238821572676 2.677165354330709
    endloop
  endfacet
  facet normal -0.8819212636659116 -0.47139673810275956 0
    outer loop
      vertex 12.605929851355985 12.552238821572676 2.677165354330709
      vertex 12.605929851355985 12.552238821572676 3.1102362204724407
      vertex 12.602286464938029 12.559055118110235 2.677165354330709
    endloop
  endfacet
  facet normal -0.8128466971527882 -0.5824776793387052 0
    outer loop
      vertex 12.593703150573209 12.571900956274018 2.677165354330709
      vertex 12.598205072379956 12.565618531382459 2.677165354330709
      vertex 12.598205072379956 12.565618531382459 3.1102362204724407
    endloop
  endfacet
  facet normal -0.8492021866926409 -0.5280678423426645 0
    outer loop
      vertex 12.602286464938029 12.559055118110235 2.677165354330709
      vertex 12.602286464938029 12.559055118110235 3.1102362204724407
      vertex 12.598205072379956 12.565618531382459 2.677165354330709
    endloop
  endfacet
  facet normal -0.7730104360011864 -0.6343933053187555 0
    outer loop
      vertex 12.593703150573209 12.571900956274018 2.677165354330709
      vertex 12.593703150573209 12.571900956274018 3.1102362204724407
      vertex 12.588799977161752 12.577875490029028 2.677165354330709
    endloop
  endfacet
  facet normal -0.7298640803691494 -0.6835922938322928 0
    outer loop
      vertex 12.583516548996366 12.583516548996366 2.677165354330709
      vertex 12.588799977161752 12.577875490029028 2.677165354330709
      vertex 12.588799977161752 12.577875490029028 3.1102362204724407
    endloop
  endfacet
  facet normal 0 0 -1
    outer loop
      vertex 12.614085727378608 12.530569178675572 2.677165354330709
      vertex 12.611842141376705 12.537965291128383 2.677165354330709
      vertex 12.98808418654316 12.581350957080135 2.677165354330709
    endloop
  endfacet
  facet normal 0 0 -1
    outer loop
      vertex 12.609119629707392 12.54519883073925 2.677165354330709
      vertex 12.605929851355985 12.552238821572676 2.677165354330709
      vertex 12.98808418654316 12.581350957080135 2.677165354330709
    endloop
  endfacet
  facet normal 0 0 -1
    outer loop
      vertex 12.609119629707392 12.54519883073925 2.677165354330709
      vertex 12.98808418654316 12.581350957080135 2.677165354330709
      vertex 12.611842141376705 12.537965291128383 2.677165354330709
    endloop
  endfacet
  facet normal 0 0 -1
    outer loop
      vertex 12.583516548996366 12.583516548996366 2.677165354330709
      vertex 12.98808418654316 12.581350957080135 2.677165354330709
      vertex 12.588799977161752 12.577875490029028 2.677165354330709
    endloop
  endfacet
  facet normal 0 0 -1
    outer loop
      vertex 12.593703150573209 12.571900956274018 2.677165354330709
      vertex 12.588799977161752 12.577875490029028 2.677165354330709
      vertex 12.98808418654316 12.581350957080135 2.677165354330709
    endloop
  endfacet
  facet normal 0 0 -1
    outer loop
      vertex 12.593703150573209 12.571900956274018 2.677165354330709
      vertex 12.98808418654316 12.581350957080135 2.677165354330709
      vertex 12.598205072379956 12.565618531382459 2.677165354330709
    endloop
  endfacet
  facet normal 0 0 -1
    outer loop
      vertex 12.602286464938029 12.559055118110235 2.677165354330709
      vertex 12.598205072379956 12.565618531382459 2.677165354330709
      vertex 12.98808418654316 12.581350957080135 2.677165354330709
    endloop
  endfacet
  facet normal 0 0 -1
    outer loop
      vertex 12.605929851355985 12.552238821572676 2.677165354330709
      vertex 12.602286464938029 12.559055118110235 2.677165354330709
      vertex 12.98808418654316 12.581350957080135 2.677165354330709
    endloop
  endfacet
  facet normal 0 0 -1
    outer loop
      vertex 12.618110236220472 12.5 2.677165354330709
      vertex 12.617857353248464 12.507724778976026 2.677165354330709
      vertex 12.98808418654316 12.581350957080135 2.677165354330709
    endloop
  endfacet
  facet normal 0 0 -1
    outer loop
      vertex 12.617857353248464 12.507724778976026 2.677165354330709
      vertex 12.617099786719939 12.515416479427515 2.677165354330709
      vertex 12.98808418654316 12.581350957080135 2.677165354330709
    endloop
  endfacet
  facet normal 0 0 -1
    outer loop
      vertex 12.617099786719939 12.515416479427515 2.677165354330709
      vertex 12.615840781157411 12.523042163921623 2.677165354330709
      vertex 12.98808418654316 12.581350957080135 2.677165354330709
    endloop
  endfacet
  facet normal 0 0 -1
    outer loop
      vertex 12.615840781157411 12.523042163921623 2.677165354330709
      vertex 12.614085727378608 12.530569178675572 2.677165354330709
      vertex 12.98808418654316 12.581350957080135 2.677165354330709
    endloop
  endfacet
  facet normal 0 0 -1
    outer loop
      vertex 12.618110236220472 12.5 2.677165354330709
      vertex 12.991114451777278 12.550584155567519 2.677165354330709
      vertex 12.992125984251969 12.519685039370078 2.677165354330709
    endloop
  endfacet
  facet normal 0 0 -1
    outer loop
      vertex 12.618110236220472 12.5 2.677165354330709
      vertex 12.98808418654316 12.581350957080135 2.677165354330709
      vertex 12.991114451777278 12.550584155567519 2.677165354330709
    endloop
  endfacet
  facet normal 0 0 -1
    outer loop
      vertex 12.507724778976026 12.617857353248464 2.677165354330709
      vertex 12.5 12.618110236220472 2.677165354330709
      vertex 12.976027949471174 12.64196175348571 2.677165354330709
    endloop
  endfacet
  facet normal 0 0 -1
    outer loop
      vertex 12.507724778976026 12.617857353248464 2.677165354330709
      vertex 12.976027949471174 12.64196175348571 2.677165354330709
      vertex 12.515416479427515 12.617099786719939 2.677165354330709
    endloop
  endfacet
  facet normal 0 0 -1
    outer loop
      vertex 12.515416479427515 12.617099786719939 2.677165354330709
      vertex 12.976027949471174 12.64196175348571 2.677165354330709
      vertex 12.523042163921623 12.615840781157411 2.677165354330709
    endloop
  endfacet
  facet normal 0 0 -1
    outer loop
      vertex 12.530569178675572 12.614085727378608 2.677165354330709
      vertex 12.523042163921623 12.615840781157411 2.677165354330709
      vertex 12.976027949471174 12.64196175348571 2.677165354330709
    endloop
  endfacet
  facet normal 0 0 -1
    outer loop
      vertex 12.530569178675572 12.614085727378608 2.677165354330709
      vertex 12.976027949471174 12.64196175348571 2.677165354330709
      vertex 12.537965291128383 12.611842141376705 2.677165354330709
    endloop
  endfacet
  facet normal 0 0 -1
    outer loop
      vertex 12.54519883073925 12.609119629707392 2.677165354330709
      vertex 12.537965291128383 12.611842141376705 2.677165354330709
      vertex 12.983048163999722 12.6118536953499 2.677165354330709
    endloop
  endfacet
  facet normal 0 0 -1
    outer loop
      vertex 12.54519883073925 12.609119629707392 2.677165354330709
      vertex 12.983048163999722 12.6118536953499 2.677165354330709
      vertex 12.552238821572676 12.605929851355985 2.677165354330709
    endloop
  endfacet
  facet normal 0 0 -1
    outer loop
      vertex 12.559055118110235 12.602286464938029 2.677165354330709
      vertex 12.552238821572676 12.605929851355985 2.677165354330709
      vertex 12.983048163999722 12.6118536953499 2.677165354330709
    endloop
  endfacet
  facet normal 0 0 -1
    outer loop
      vertex 12.559055118110235 12.602286464938029 2.677165354330709
      vertex 12.983048163999722 12.6118536953499 2.677165354330709
      vertex 12.565618531382459 12.598205072379956 2.677165354330709
    endloop
  endfacet
  facet normal 0 0 -1
    outer loop
      vertex 12.565618531382459 12.598205072379956 2.677165354330709
      vertex 12.983048163999722 12.6118536953499 2.677165354330709
      vertex 12.571900956274018 12.593703150573209 2.677165354330709
    endloop
  endfacet
  facet normal 0 0 -1
    outer loop
      vertex 12.577875490029028 12.588799977161752 2.677165354330709
      vertex 12.571900956274018 12.593703150573209 2.677165354330709
      vertex 12.983048163999722 12.6118536953499 2.677165354330709
    endloop
  endfacet
  facet normal 0 0 -1
    outer loop
      vertex 12.583516548996366 12.583516548996366 2.677165354330709
      vertex 12.577875490029028 12.588799977161752 2.677165354330709
      vertex 12.983048163999722 12.6118536953499 2.677165354330709
    endloop
  endfacet
  facet normal 0 0 -1
    outer loop
      vertex 12.537965291128383 12.611842141376705 2.677165354330709
      vertex 12.976027949471174 12.64196175348571 2.677165354330709
      vertex 12.983048163999722 12.6118536953499 2.677165354330709
    endloop
  endfacet
  facet normal 0 0 -1
    outer loop
      vertex 12.583516548996366 12.583516548996366 2.677165354330709
      vertex 12.983048163999722 12.6118536953499 2.677165354330709
      vertex 12.98808418654316 12.581350957080135 2.677165354330709
    endloop
  endfacet
  facet normal 0 0 -1
    outer loop
      vertex 12.248260966084136 12.582327162069598 3.1102362204724407
      vertex 12.583516548996366 12.583516548996366 3.1102362204724407
      vertex 12.277845416775369 12.573352817181997 3.1102362204724407
    endloop
  endfacet
  facet normal 0 0 -1
    outer loop
      vertex 12.573352817181997 12.277845416775369 3.1102362204724407
      vertex 12.562462771384734 12.306779574338846 3.1102362204724407
      vertex 12.618110236220472 12.5 3.1102362204724407
    endloop
  endfacet
  facet normal 0 0 -1
    outer loop
      vertex 12.562462771384734 12.306779574338846 3.1102362204724407
      vertex 12.549703657392442 12.334939538552536 3.1102362204724407
      vertex 12.618110236220472 12.5 3.1102362204724407
    endloop
  endfacet
  facet normal 0 0 -1
    outer loop
      vertex 12.277845416775369 12.573352817181997 3.1102362204724407
      vertex 12.588799977161752 12.577875490029028 3.1102362204724407
      vertex 12.306779574338846 12.562462771384734 3.1102362204724407
    endloop
  endfacet
  facet normal 0 0 -1
    outer loop
      vertex 12.306779574338846 12.562462771384734 3.1102362204724407
      vertex 12.598205072379956 12.565618531382459 3.1102362204724407
      vertex 12.334939538552536 12.549703657392442 3.1102362204724407
    endloop
  endfacet
  facet normal 0 0 -1
    outer loop
      vertex 12.362204724409448 12.535130112013949 3.1102362204724407
      vertex 12.611842141376705 12.537965291128383 3.1102362204724407
      vertex 12.388458377791672 12.518804541195001 3.1102362204724407
    endloop
  endfacet
  facet normal 0 0 -1
    outer loop
      vertex 12.388458377791672 12.518804541195001 3.1102362204724407
      vertex 12.615840781157411 12.523042163921623 3.1102362204724407
      vertex 12.413588076771244 12.500796853674679 3.1102362204724407
    endloop
  endfacet
  facet normal 0 0 -1
    outer loop
      vertex 12.362204724409448 12.535130112013949 3.1102362204724407
      vertex 12.334939538552536 12.549703657392442 3.1102362204724407
      vertex 12.605929851355985 12.552238821572676 3.1102362204724407
    endloop
  endfacet
  facet normal 0 0 -1
    outer loop
      vertex 12.248260966084136 12.582327162069598 3.1102362204724407
      vertex 12.577875490029028 12.588799977161752 3.1102362204724407
      vertex 12.583516548996366 12.583516548996366 3.1102362204724407
    endloop
  endfacet
  facet normal 0 0 -1
    outer loop
      vertex 12.277845416775369 12.573352817181997 3.1102362204724407
      vertex 12.583516548996366 12.583516548996366 3.1102362204724407
      vertex 12.588799977161752 12.577875490029028 3.1102362204724407
    endloop
  endfacet
  facet normal 0 0 -1
    outer loop
      vertex 12.481184160908846 12.437486211791283 3.1102362204724407
      vertex 12.617099786719939 12.515416479427515 3.1102362204724407
      vertex 12.500796853674679 12.413588076771244 3.1102362204724407
    endloop
  endfacet
  facet normal 0 0 -1
    outer loop
      vertex 12.481184160908846 12.437486211791283 3.1102362204724407
      vertex 12.460050447660638 12.460050447660638 3.1102362204724407
      vertex 12.617099786719939 12.515416479427515 3.1102362204724407
    endloop
  endfacet
  facet normal 0 0 -1
    outer loop
      vertex 12.535130112013949 12.362204724409448 3.1102362204724407
      vertex 12.518804541195001 12.388458377791672 3.1102362204724407
      vertex 12.618110236220472 12.5 3.1102362204724407
    endloop
  endfacet
  facet normal 0 0 -1
    outer loop
      vertex 12.535130112013949 12.362204724409448 3.1102362204724407
      vertex 12.618110236220472 12.5 3.1102362204724407
      vertex 12.549703657392442 12.334939538552536 3.1102362204724407
    endloop
  endfacet
  facet normal 0 0 -1
    outer loop
      vertex 12.500796853674679 12.413588076771244 3.1102362204724407
      vertex 12.617099786719939 12.515416479427515 3.1102362204724407
      vertex 12.518804541195001 12.388458377791672 3.1102362204724407
    endloop
  endfacet
  facet normal 0 0 -1
    outer loop
      vertex 12.518804541195001 12.388458377791672 3.1102362204724407
      vertex 12.617857353248464 12.507724778976026 3.1102362204724407
      vertex 12.618110236220472 12.5 3.1102362204724407
    endloop
  endfacet
  facet normal 0 0 -1
    outer loop
      vertex 12.518804541195001 12.388458377791672 3.1102362204724407
      vertex 12.617099786719939 12.515416479427515 3.1102362204724407
      vertex 12.617857353248464 12.507724778976026 3.1102362204724407
    endloop
  endfacet
  facet normal -0.7298640803691494 -0.6835922938322928 0
    outer loop
      vertex 12.583516548996366 12.583516548996366 2.677165354330709
      vertex 12.588799977161752 12.577875490029028 3.1102362204724407
      vertex 12.583516548996366 12.583516548996366 3.1102362204724407
    endloop
  endfacet
  facet normal 0 0 -1
    outer loop
      vertex 12.437486211791283 12.481184160908846 3.1102362204724407
      vertex 12.413588076771244 12.500796853674679 3.1102362204724407
      vertex 12.617099786719939 12.515416479427515 3.1102362204724407
    endloop
  endfacet
  facet normal 0 0 -1
    outer loop
      vertex 12.437486211791283 12.481184160908846 3.1102362204724407
      vertex 12.617099786719939 12.515416479427515 3.1102362204724407
      vertex 12.460050447660638 12.460050447660638 3.1102362204724407
    endloop
  endfacet
  facet normal 0 0 -1
    outer loop
      vertex 12.306779574338846 12.562462771384734 3.1102362204724407
      vertex 12.588799977161752 12.577875490029028 3.1102362204724407
      vertex 12.593703150573209 12.571900956274018 3.1102362204724407
    endloop
  endfacet
  facet normal 0 0 -1
    outer loop
      vertex 12.306779574338846 12.562462771384734 3.1102362204724407
      vertex 12.593703150573209 12.571900956274018 3.1102362204724407
      vertex 12.598205072379956 12.565618531382459 3.1102362204724407
    endloop
  endfacet
  facet normal 0 0 -1
    outer loop
      vertex 12.334939538552536 12.549703657392442 3.1102362204724407
      vertex 12.602286464938029 12.559055118110235 3.1102362204724407
      vertex 12.605929851355985 12.552238821572676 3.1102362204724407
    endloop
  endfacet
  facet normal 0 0 -1
    outer loop
      vertex 12.334939538552536 12.549703657392442 3.1102362204724407
      vertex 12.598205072379956 12.565618531382459 3.1102362204724407
      vertex 12.602286464938029 12.559055118110235 3.1102362204724407
    endloop
  endfacet
  facet normal 0 0 -1
    outer loop
      vertex 12.362204724409448 12.535130112013949 3.1102362204724407
      vertex 12.609119629707392 12.54519883073925 3.1102362204724407
      vertex 12.611842141376705 12.537965291128383 3.1102362204724407
    endloop
  endfacet
  facet normal 0 0 -1
    outer loop
      vertex 12.362204724409448 12.535130112013949 3.1102362204724407
      vertex 12.605929851355985 12.552238821572676 3.1102362204724407
      vertex 12.609119629707392 12.54519883073925 3.1102362204724407
    endloop
  endfacet
  facet normal 0 0 -1
    outer loop
      vertex 12.413588076771244 12.500796853674679 3.1102362204724407
      vertex 12.615840781157411 12.523042163921623 3.1102362204724407
      vertex 12.617099786719939 12.515416479427515 3.1102362204724407
    endloop
  endfacet
  facet normal 0 0 -1
    outer loop
      vertex 12.388458377791672 12.518804541195001 3.1102362204724407
      vertex 12.614085727378608 12.530569178675572 3.1102362204724407
      vertex 12.615840781157411 12.523042163921623 3.1102362204724407
    endloop
  endfacet
  facet normal 0 0 -1
    outer loop
      vertex 12.388458377791672 12.518804541195001 3.1102362204724407
      vertex 12.611842141376705 12.537965291128383 3.1102362204724407
      vertex 12.614085727378608 12.530569178675572 3.1102362204724407
    endloop
  endfacet
  facet normal 0 0 -1
    outer loop
      vertex 12.125984251968504 12.598425196850393 3.1102362204724407
      vertex 12.559055118110235 12.602286464938029 3.1102362204724407
      vertex 12.156883368165943 12.597413664375702 3.1102362204724407
    endloop
  endfacet
  facet normal 0 0 -1
    outer loop
      vertex 12.156883368165943 12.597413664375702 3.1102362204724407
      vertex 12.565618531382459 12.598205072379956 3.1102362204724407
      vertex 12.18765016967856 12.594383399141586 3.1102362204724407
    endloop
  endfacet
  facet normal 0 0 -1
    outer loop
      vertex 12.18765016967856 12.594383399141586 3.1102362204724407
      vertex 12.565618531382459 12.598205072379956 3.1102362204724407
      vertex 12.218152907948324 12.589347376598148 3.1102362204724407
    endloop
  endfacet
  facet normal 0 0 -1
    outer loop
      vertex 12.248260966084136 12.582327162069598 3.1102362204724407
      vertex 12.218152907948324 12.589347376598148 3.1102362204724407
      vertex 12.571900956274018 12.593703150573209 3.1102362204724407
    endloop
  endfacet
  facet normal 0 0 -1
    outer loop
      vertex 12.125984251968504 12.598425196850393 3.1102362204724407
      vertex 12.54519883073925 12.609119629707392 3.1102362204724407
      vertex 12.552238821572676 12.605929851355985 3.1102362204724407
    endloop
  endfacet
  facet normal 0 0 -1
    outer loop
      vertex 12.125984251968504 12.598425196850393 3.1102362204724407
      vertex 12.552238821572676 12.605929851355985 3.1102362204724407
      vertex 12.559055118110235 12.602286464938029 3.1102362204724407
    endloop
  endfacet
  facet normal 0 0 -1
    outer loop
      vertex 12.156883368165943 12.597413664375702 3.1102362204724407
      vertex 12.559055118110235 12.602286464938029 3.1102362204724407
      vertex 12.565618531382459 12.598205072379956 3.1102362204724407
    endloop
  endfacet
  facet normal 0 0 -1
    outer loop
      vertex 12.218152907948324 12.589347376598148 3.1102362204724407
      vertex 12.565618531382459 12.598205072379956 3.1102362204724407
      vertex 12.571900956274018 12.593703150573209 3.1102362204724407
    endloop
  endfacet
  facet normal 0 0 -1
    outer loop
      vertex 12.248260966084136 12.582327162069598 3.1102362204724407
      vertex 12.571900956274018 12.593703150573209 3.1102362204724407
      vertex 12.577875490029028 12.588799977161752 3.1102362204724407
    endloop
  endfacet
  facet normal -0.03271906888179764 -0.9994645879327132 0
    outer loop
      vertex 12.5 12.618110236220472 2.677165354330709
      vertex 12.507724778976026 12.617857353248464 3.1102362204724407
      vertex 12.5 12.618110236220472 3.1102362204724407
    endloop
  endfacet
  facet normal -0.16289546799472346 -0.9866433329764003 0
    outer loop
      vertex 12.515416479427515 12.617099786719939 2.677165354330709
      vertex 12.523042163921623 12.615840781157411 3.1102362204724407
      vertex 12.515416479427515 12.617099786719939 3.1102362204724407
    endloop
  endfacet
  facet normal -0.09801716042921459 -0.9951847246925535 0
    outer loop
      vertex 12.507724778976026 12.617857353248464 2.677165354330709
      vertex 12.515416479427515 12.617099786719939 3.1102362204724407
      vertex 12.507724778976026 12.617857353248464 3.1102362204724407
    endloop
  endfacet
  facet normal -0.29028465566185435 -0.9569403422822546 0
    outer loop
      vertex 12.530569178675572 12.614085727378608 2.677165354330709
      vertex 12.537965291128383 12.611842141376705 3.1102362204724407
      vertex 12.530569178675572 12.614085727378608 3.1102362204724407
    endloop
  endfacet
  facet normal -0.22707627443002382 -0.9738769766202405 0
    outer loop
      vertex 12.523042163921623 12.615840781157411 2.677165354330709
      vertex 12.530569178675572 12.614085727378608 3.1102362204724407
      vertex 12.523042163921623 12.615840781157411 3.1102362204724407
    endloop
  endfacet
  facet normal -0.35225006395474734 -0.9359059207227383 0
    outer loop
      vertex 12.537965291128383 12.611842141376705 2.677165354330709
      vertex 12.54519883073925 12.609119629707392 3.1102362204724407
      vertex 12.537965291128383 12.611842141376705 3.1102362204724407
    endloop
  endfacet
  facet normal -0.4127070301698035 -0.9108638247556112 0
    outer loop
      vertex 12.54519883073925 12.609119629707392 2.677165354330709
      vertex 12.552238821572676 12.605929851355985 3.1102362204724407
      vertex 12.54519883073925 12.609119629707392 3.1102362204724407
    endloop
  endfacet
  facet normal -0.47139673810275956 -0.8819212636659116 0
    outer loop
      vertex 12.552238821572676 12.605929851355985 2.677165354330709
      vertex 12.559055118110235 12.602286464938029 3.1102362204724407
      vertex 12.552238821572676 12.605929851355985 3.1102362204724407
    endloop
  endfacet
  facet normal -0.5824776793387052 -0.8128466971527882 0
    outer loop
      vertex 12.565618531382459 12.598205072379956 2.677165354330709
      vertex 12.571900956274018 12.593703150573209 3.1102362204724407
      vertex 12.565618531382459 12.598205072379956 3.1102362204724407
    endloop
  endfacet
  facet normal -0.5280678423426645 -0.8492021866926409 0
    outer loop
      vertex 12.559055118110235 12.602286464938029 2.677165354330709
      vertex 12.565618531382459 12.598205072379956 3.1102362204724407
      vertex 12.559055118110235 12.602286464938029 3.1102362204724407
    endloop
  endfacet
  facet normal -0.6835922938322928 -0.7298640803691494 0
    outer loop
      vertex 12.583516548996366 12.583516548996366 3.1102362204724407
      vertex 12.577875490029028 12.588799977161752 3.1102362204724407
      vertex 12.577875490029028 12.588799977161752 2.677165354330709
    endloop
  endfacet
  facet normal -0.6343933053187555 -0.7730104360011864 0
    outer loop
      vertex 12.571900956274018 12.593703150573209 2.677165354330709
      vertex 12.577875490029028 12.588799977161752 3.1102362204724407
      vertex 12.571900956274018 12.593703150573209 3.1102362204724407
    endloop
  endfacet
  facet normal 0 0 -1
    outer loop
      vertex 12.598425196850393 12.125984251968504 3.1102362204724407
      vertex 12.597413664375702 12.156883368165943 3.1102362204724407
      vertex 12.618110236220472 12.5 3.1102362204724407
    endloop
  endfacet
  facet normal 0 0 -1
    outer loop
      vertex 12.597413664375702 12.156883368165943 3.1102362204724407
      vertex 12.594383399141586 12.18765016967856 3.1102362204724407
      vertex 12.618110236220472 12.5 3.1102362204724407
    endloop
  endfacet
  facet normal 0 0 -1
    outer loop
      vertex 12.594383399141586 12.18765016967856 3.1102362204724407
      vertex 12.589347376598148 12.218152907948324 3.1102362204724407
      vertex 12.618110236220472 12.5 3.1102362204724407
    endloop
  endfacet
  facet normal 0 0 -1
    outer loop
      vertex 12.582327162069598 12.248260966084136 3.1102362204724407
      vertex 12.618110236220472 12.5 3.1102362204724407
      vertex 12.589347376598148 12.218152907948324 3.1102362204724407
    endloop
  endfacet
  facet normal 0 0 -1
    outer loop
      vertex 12.582327162069598 12.248260966084136 3.1102362204724407
      vertex 12.573352817181997 12.277845416775369 3.1102362204724407
      vertex 12.618110236220472 12.5 3.1102362204724407
    endloop
  endfacet
  facet normal -0.9994645879327132 -0.03271906888179764 0
    outer loop
      vertex 12.617857353248464 12.507724778976026 2.677165354330709
      vertex 12.618110236220472 12.5 3.1102362204724407
      vertex 12.617857353248464 12.507724778976026 3.1102362204724407
    endloop
  endfacet
  facet normal -0.9951847246925535 -0.09801716042921459 0
    outer loop
      vertex 12.617099786719939 12.515416479427515 2.677165354330709
      vertex 12.617857353248464 12.507724778976026 3.1102362204724407
      vertex 12.617099786719939 12.515416479427515 3.1102362204724407
    endloop
  endfacet
  facet normal -0.9866433329764003 -0.16289546799472346 0
    outer loop
      vertex 12.615840781157411 12.523042163921623 2.677165354330709
      vertex 12.617099786719939 12.515416479427515 3.1102362204724407
      vertex 12.615840781157411 12.523042163921623 3.1102362204724407
    endloop
  endfacet
  facet normal -0.9738769766202405 -0.22707627443002382 0
    outer loop
      vertex 12.614085727378608 12.530569178675572 2.677165354330709
      vertex 12.615840781157411 12.523042163921623 3.1102362204724407
      vertex 12.614085727378608 12.530569178675572 3.1102362204724407
    endloop
  endfacet
  facet normal -0.9359059207227383 -0.35225006395474734 0
    outer loop
      vertex 12.609119629707392 12.54519883073925 2.677165354330709
      vertex 12.611842141376705 12.537965291128383 3.1102362204724407
      vertex 12.609119629707392 12.54519883073925 3.1102362204724407
    endloop
  endfacet
  facet normal -0.9108638247556112 -0.4127070301698035 0
    outer loop
      vertex 12.605929851355985 12.552238821572676 2.677165354330709
      vertex 12.609119629707392 12.54519883073925 3.1102362204724407
      vertex 12.605929851355985 12.552238821572676 3.1102362204724407
    endloop
  endfacet
  facet normal -0.8819212636659116 -0.47139673810275956 0
    outer loop
      vertex 12.602286464938029 12.559055118110235 2.677165354330709
      vertex 12.605929851355985 12.552238821572676 3.1102362204724407
      vertex 12.602286464938029 12.559055118110235 3.1102362204724407
    endloop
  endfacet
  facet normal -0.8128466971527882 -0.5824776793387052 0
    outer loop
      vertex 12.593703150573209 12.571900956274018 2.677165354330709
      vertex 12.598205072379956 12.565618531382459 3.1102362204724407
      vertex 12.593703150573209 12.571900956274018 3.1102362204724407
    endloop
  endfacet
  facet normal -0.8492021866926409 -0.5280678423426645 0
    outer loop
      vertex 12.598205072379956 12.565618531382459 2.677165354330709
      vertex 12.602286464938029 12.559055118110235 3.1102362204724407
      vertex 12.598205072379956 12.565618531382459 3.1102362204724407
    endloop
  endfacet
  facet normal -0.7730104360011864 -0.6343933053187555 0
    outer loop
      vertex 12.588799977161752 12.577875490029028 2.677165354330709
      vertex 12.593703150573209 12.571900956274018 3.1102362204724407
      vertex 12.588799977161752 12.577875490029028 3.1102362204724407
    endloop
  endfacet
  facet normal -0.9569403422822546 -0.29028465566185435 0
    outer loop
      vertex 12.611842141376705 12.537965291128383 2.677165354330709
      vertex 12.614085727378608 12.530569178675572 3.1102362204724407
      vertex 12.611842141376705 12.537965291128383 3.1102362204724407
    endloop
  endfacet
  facet normal -0.0327190875272729 -0.9994645873223237 0
    outer loop
      vertex 12.125984251968504 12.598425196850393 3.1102362204724407
      vertex 12.156883368165943 12.597413664375702 3.1102362204724407
      vertex 12.125984251968504 12.598425196850393 29.84251968503937
    endloop
  endfacet
  facet normal -0.09801713316413767 -0.9951847273779294 0
    outer loop
      vertex 12.156883368165943 12.597413664375702 3.1102362204724407
      vertex 12.18765016967856 12.594383399141586 3.1102362204724407
      vertex 12.156883368165943 12.597413664375702 29.84251968503937
    endloop
  endfacet
  facet normal -0.9994645873223237 -0.0327190875272729 0
    outer loop
      vertex 12.598425196850393 12.125984251968504 3.1102362204724407
      vertex 12.597413664375702 12.156883368165943 29.84251968503937
      vertex 12.597413664375702 12.156883368165943 3.1102362204724407
    endloop
  endfacet
  facet normal -0.9951847273779294 -0.09801713316413767 0
    outer loop
      vertex 12.597413664375702 12.156883368165943 3.1102362204724407
      vertex 12.594383399141586 12.18765016967856 29.84251968503937
      vertex 12.594383399141586 12.18765016967856 3.1102362204724407
    endloop
  endfacet
  facet normal -0.2902846738205911 -0.9569403367738624 0
    outer loop
      vertex 12.248260966084136 12.582327162069598 3.1102362204724407
      vertex 12.277845416775369 12.573352817181997 3.1102362204724407
      vertex 12.248260966084136 12.582327162069598 29.84251968503937
    endloop
  endfacet
  facet normal -0.3522500484062582 -0.9359059265747753 0
    outer loop
      vertex 12.277845416775369 12.573352817181997 3.1102362204724407
      vertex 12.306779574338846 12.562462771384734 3.1102362204724407
      vertex 12.277845416775369 12.573352817181997 29.84251968503937
    endloop
  endfacet
  facet normal -0.41270703521359947 -0.9108638224702968 0
    outer loop
      vertex 12.306779574338846 12.562462771384734 3.1102362204724407
      vertex 12.334939538552536 12.549703657392442 3.1102362204724407
      vertex 12.306779574338846 12.562462771384734 29.84251968503937
    endloop
  endfacet
  facet normal -0.9738769793490082 -0.22707626272697828 0
    outer loop
      vertex 12.582327162069598 12.248260966084136 3.1102362204724407
      vertex 12.589347376598148 12.218152907948324 3.1102362204724407
      vertex 12.582327162069598 12.248260966084136 29.84251968503937
    endloop
  endfacet
  facet normal -0.9569403367738624 -0.2902846738205911 0
    outer loop
      vertex 12.582327162069598 12.248260966084136 3.1102362204724407
      vertex 12.573352817181997 12.277845416775369 29.84251968503937
      vertex 12.573352817181997 12.277845416775369 3.1102362204724407
    endloop
  endfacet
  facet normal -0.9108638224702968 -0.41270703521359947 -1.7185685733464713e-17
    outer loop
      vertex 12.562462771384734 12.306779574338846 3.1102362204724407
      vertex 12.559055118110235 12.314300425263173 29.84251968503937
      vertex 12.549703657392442 12.334939538552536 3.1102362204724407
    endloop
  endfacet
  facet normal -0.9359059265747753 -0.3522500484062582 0
    outer loop
      vertex 12.573352817181997 12.277845416775369 3.1102362204724407
      vertex 12.562462771384734 12.306779574338846 29.84251968503937
      vertex 12.562462771384734 12.306779574338846 3.1102362204724407
    endloop
  endfacet
  facet normal -0.5280678517723564 -0.8492021808288817 0
    outer loop
      vertex 12.362204724409448 12.535130112013949 3.1102362204724407
      vertex 12.388458377791672 12.518804541195001 3.1102362204724407
      vertex 12.362204724409448 12.535130112013949 30.62992125984252
    endloop
  endfacet
  facet normal -0.4713967346675557 -0.8819212655020662 0
    outer loop
      vertex 12.362204724409448 12.535130112013949 3.1102362204724407
      vertex 12.334939538552536 12.549703657392442 30.62992125984252
      vertex 12.334939538552536 12.549703657392442 3.1102362204724407
    endloop
  endfacet
  facet normal -0.8492021808288817 -0.5280678517723564 0
    outer loop
      vertex 12.535130112013949 12.362204724409448 3.1102362204724407
      vertex 12.518804541195001 12.388458377791672 30.62992125984252
      vertex 12.518804541195001 12.388458377791672 3.1102362204724407
    endloop
  endfacet
  facet normal -0.8819212655020662 -0.4713967346675557 0
    outer loop
      vertex 12.535130112013949 12.362204724409448 3.1102362204724407
      vertex 12.549703657392442 12.334939538552536 3.1102362204724407
      vertex 12.535130112013949 12.362204724409448 30.62992125984252
    endloop
  endfacet
  facet normal -0.6835923039409372 -0.7298640709013708 0
    outer loop
      vertex 12.437486211791283 12.481184160908846 3.1102362204724407
      vertex 12.460050447660638 12.460050447660638 3.1102362204724407
      vertex 12.437486211791283 12.481184160908846 30.62992125984252
    endloop
  endfacet
  facet normal -0.7298640709013708 -0.6835923039409372 0
    outer loop
      vertex 12.481184160908846 12.437486211791283 3.1102362204724407
      vertex 12.460050447660638 12.460050447660638 30.62992125984252
      vertex 12.460050447660638 12.460050447660638 3.1102362204724407
    endloop
  endfacet
  facet normal -0.5824776945922802 -0.8128466862222312 0
    outer loop
      vertex 12.388458377791672 12.518804541195001 3.1102362204724407
      vertex 12.413588076771244 12.500796853674679 3.1102362204724407
      vertex 12.388458377791672 12.518804541195001 30.62992125984252
    endloop
  endfacet
  facet normal -0.6343932883100777 -0.7730104499598481 0
    outer loop
      vertex 12.437486211791283 12.481184160908846 3.1102362204724407
      vertex 12.413588076771244 12.500796853674679 30.62992125984252
      vertex 12.413588076771244 12.500796853674679 3.1102362204724407
    endloop
  endfacet
  facet normal -0.8128466862222312 -0.5824776945922802 0
    outer loop
      vertex 12.500796853674679 12.413588076771244 3.1102362204724407
      vertex 12.518804541195001 12.388458377791672 3.1102362204724407
      vertex 12.500796853674679 12.413588076771244 30.62992125984252
    endloop
  endfacet
  facet normal -0.7730104499598481 -0.6343932883100777 0
    outer loop
      vertex 12.481184160908846 12.437486211791283 3.1102362204724407
      vertex 12.500796853674679 12.413588076771244 3.1102362204724407
      vertex 12.481184160908846 12.437486211791283 30.62992125984252
    endloop
  endfacet
  facet normal -0.16289547570604634 -0.9866433317032558 0
    outer loop
      vertex 12.18765016967856 12.594383399141586 3.1102362204724407
      vertex 12.218152907948324 12.589347376598148 3.1102362204724407
      vertex 12.18765016967856 12.594383399141586 29.84251968503937
    endloop
  endfacet
  facet normal -0.22707626272697828 -0.9738769793490082 0
    outer loop
      vertex 12.248260966084136 12.582327162069598 3.1102362204724407
      vertex 12.218152907948324 12.589347376598148 29.84251968503937
      vertex 12.218152907948324 12.589347376598148 3.1102362204724407
    endloop
  endfacet
  facet normal 0.03271908752727102 0.9994645873223238 0
    outer loop
      vertex 12.519685039370078 12.992125984251969 2.677165354330709
      vertex 12.550584155567519 12.991114451777278 29.84251968503937
      vertex 12.550584155567519 12.991114451777278 2.677165354330709
    endloop
  endfacet
  facet normal 0.09801713316420017 0.9951847273779233 0
    outer loop
      vertex 12.550584155567519 12.991114451777278 2.677165354330709
      vertex 12.581350957080135 12.98808418654316 29.84251968503937
      vertex 12.581350957080135 12.98808418654316 2.677165354330709
    endloop
  endfacet
  facet normal -0.9866433317032558 -0.16289547570604634 0
    outer loop
      vertex 12.594383399141586 12.18765016967856 3.1102362204724407
      vertex 12.589347376598148 12.218152907948324 29.84251968503937
      vertex 12.589347376598148 12.218152907948324 3.1102362204724407
    endloop
  endfacet
  facet normal 0.9994645873223238 0.03271908752727102 0
    outer loop
      vertex 12.992125984251969 12.519685039370078 2.677165354330709
      vertex 12.991114451777278 12.550584155567519 2.677165354330709
      vertex 12.992125984251969 12.519685039370078 29.84251968503937
    endloop
  endfacet
  facet normal 0.9951847273779233 0.09801713316420017 0
    outer loop
      vertex 12.991114451777278 12.550584155567519 2.677165354330709
      vertex 12.98808418654316 12.581350957080135 2.677165354330709
      vertex 12.991114451777278 12.550584155567519 29.84251968503937
    endloop
  endfacet
  facet normal 0.1628954757060371 0.9866433317032574 0
    outer loop
      vertex 12.581350957080135 12.98808418654316 2.677165354330709
      vertex 12.6118536953499 12.983048163999722 29.84251968503937
      vertex 12.6118536953499 12.983048163999722 2.677165354330709
    endloop
  endfacet
  facet normal 0.22707626272693648 0.9738769793490178 0
    outer loop
      vertex 12.6118536953499 12.983048163999722 2.677165354330709
      vertex 12.64196175348571 12.976027949471174 29.84251968503937
      vertex 12.64196175348571 12.976027949471174 2.677165354330709
    endloop
  endfacet
  facet normal 0.2902846738206437 0.9569403367738464 0
    outer loop
      vertex 12.64196175348571 12.976027949471174 2.677165354330709
      vertex 12.671546204176943 12.96705360458357 29.84251968503937
      vertex 12.671546204176943 12.96705360458357 2.677165354330709
    endloop
  endfacet
  facet normal 0.3522500484062078 0.9359059265747943 0
    outer loop
      vertex 12.671546204176943 12.96705360458357 2.677165354330709
      vertex 12.70048036174042 12.95616355878631 29.84251968503937
      vertex 12.70048036174042 12.95616355878631 2.677165354330709
    endloop
  endfacet
  facet normal 0.41270703521364716 0.9108638224702754 0
    outer loop
      vertex 12.70048036174042 12.95616355878631 2.677165354330709
      vertex 12.72864032595411 12.943404444794016 29.84251968503937
      vertex 12.72864032595411 12.943404444794016 2.677165354330709
    endloop
  endfacet
  facet normal 0.4713967346675319 0.881921265502079 0
    outer loop
      vertex 12.72864032595411 12.943404444794016 2.677165354330709
      vertex 12.755905511811024 12.928830899415523 29.84251968503937
      vertex 12.755905511811024 12.928830899415523 2.677165354330709
    endloop
  endfacet
  facet normal 0.5280678517723407 0.8492021808288914 0
    outer loop
      vertex 12.755905511811024 12.928830899415523 2.677165354330709
      vertex 12.782159165193246 12.912505328596577 29.84251968503937
      vertex 12.782159165193246 12.912505328596577 2.677165354330709
    endloop
  endfacet
  facet normal 0.9866433317032574 0.1628954757060371 0
    outer loop
      vertex 12.98808418654316 12.581350957080135 2.677165354330709
      vertex 12.983048163999722 12.6118536953499 2.677165354330709
      vertex 12.98808418654316 12.581350957080135 29.84251968503937
    endloop
  endfacet
  facet normal 0.9738769793490178 0.22707626272693648 0
    outer loop
      vertex 12.983048163999722 12.6118536953499 2.677165354330709
      vertex 12.976027949471174 12.64196175348571 2.677165354330709
      vertex 12.983048163999722 12.6118536953499 29.84251968503937
    endloop
  endfacet
  facet normal 0.9359059265747943 0.3522500484062078 0
    outer loop
      vertex 12.96705360458357 12.671546204176943 2.677165354330709
      vertex 12.95616355878631 12.70048036174042 2.677165354330709
      vertex 12.96705360458357 12.671546204176943 29.84251968503937
    endloop
  endfacet
  facet normal 0.9569403367738464 0.2902846738206437 0
    outer loop
      vertex 12.976027949471174 12.64196175348571 2.677165354330709
      vertex 12.96705360458357 12.671546204176943 2.677165354330709
      vertex 12.976027949471174 12.64196175348571 29.84251968503937
    endloop
  endfacet
  facet normal 0.881921265502079 0.4713967346675319 0
    outer loop
      vertex 12.928830899415523 12.755905511811024 2.677165354330709
      vertex 12.943404444794016 12.72864032595411 29.84251968503937
      vertex 12.943404444794016 12.72864032595411 2.677165354330709
    endloop
  endfacet
  facet normal 0.8492021808288914 0.5280678517723407 0
    outer loop
      vertex 12.912505328596577 12.782159165193246 2.677165354330709
      vertex 12.928830899415523 12.755905511811024 29.84251968503937
      vertex 12.928830899415523 12.755905511811024 2.677165354330709
    endloop
  endfacet
  facet normal 0.9108638224702754 0.41270703521364716 0
    outer loop
      vertex 12.95616355878631 12.70048036174042 2.677165354330709
      vertex 12.943404444794016 12.72864032595411 2.677165354330709
      vertex 12.95616355878631 12.70048036174042 29.84251968503937
    endloop
  endfacet
  facet normal 0.6343932883100777 0.7730104499598481 0
    outer loop
      vertex 12.831186999192857 12.87488494831042 2.677165354330709
      vertex 12.807288864172818 12.894497641076253 2.677165354330709
      vertex 12.831186999192857 12.87488494831042 29.84251968503937
    endloop
  endfacet
  facet normal 0.7730104499598481 0.6343932883100777 0
    outer loop
      vertex 12.87488494831042 12.831186999192857 2.677165354330709
      vertex 12.894497641076253 12.807288864172818 29.84251968503937
      vertex 12.894497641076253 12.807288864172818 2.677165354330709
    endloop
  endfacet
  facet normal 0.7298640709013708 0.6835923039409372 0
    outer loop
      vertex 12.87488494831042 12.831186999192857 2.677165354330709
      vertex 12.853751235062212 12.853751235062212 2.677165354330709
      vertex 12.87488494831042 12.831186999192857 29.84251968503937
    endloop
  endfacet
  facet normal 0.6835923039409372 0.7298640709013708 0
    outer loop
      vertex 12.831186999192857 12.87488494831042 2.677165354330709
      vertex 12.853751235062212 12.853751235062212 29.84251968503937
      vertex 12.853751235062212 12.853751235062212 2.677165354330709
    endloop
  endfacet
  facet normal 0.5824776945923182 0.812846686222204 0
    outer loop
      vertex 12.782159165193246 12.912505328596577 2.677165354330709
      vertex 12.807288864172818 12.894497641076253 29.84251968503937
      vertex 12.807288864172818 12.894497641076253 2.677165354330709
    endloop
  endfacet
  facet normal 0.812846686222204 0.5824776945923182 0
    outer loop
      vertex 12.912505328596577 12.782159165193246 2.677165354330709
      vertex 12.894497641076253 12.807288864172818 2.677165354330709
      vertex 12.912505328596577 12.782159165193246 29.84251968503937
    endloop
  endfacet
  facet normal 0 0 -1
    outer loop
      vertex -12.597413664375702 -12.156883368165943 30.62992125984252
      vertex 12.597413664375702 12.156883368165943 30.62992125984252
      vertex 12.598425196850393 12.125984251968504 30.62992125984252
    endloop
  endfacet
  facet normal 0 0 -1
    outer loop
      vertex -12.598425196850393 -12.125984251968504 30.62992125984252
      vertex 12.594383399141586 12.18765016967856 30.62992125984252
      vertex 12.597413664375702 12.156883368165943 30.62992125984252
    endloop
  endfacet
  facet normal 0 0 1
    outer loop
      vertex -12.991114451777278 -12.550584155567519 31.023622047244093
      vertex 12.992125984251969 12.519685039370078 31.023622047244093
      vertex 12.991114451777278 12.550584155567519 31.023622047244093
    endloop
  endfacet
  facet normal 0 0 1
    outer loop
      vertex -12.992125984251969 -12.519685039370078 31.023622047244093
      vertex 12.991114451777278 12.550584155567519 31.023622047244093
      vertex 12.98808418654316 12.581350957080135 31.023622047244093
    endloop
  endfacet
  facet normal 0 -1 0
    outer loop
      vertex -12.125984251968504 12.598425196850393 29.84251968503937
      vertex 12.125984251968504 12.598425196850393 3.1102362204724407
      vertex 12.125984251968504 12.598425196850393 29.84251968503937
    endloop
  endfacet
  facet normal 0 0 1
    outer loop
      vertex -12.70048036174042 12.95616355878631 29.84251968503937
      vertex 12.125984251968504 12.598425196850393 29.84251968503937
      vertex 12.70048036174042 12.95616355878631 29.84251968503937
    endloop
  endfacet
  facet normal 0 0 -1
    outer loop
      vertex -12.277845416775369 12.573352817181997 30.62992125984252
      vertex 12.18765016967856 12.594383399141586 30.62992125984252
      vertex 12.218152907948324 12.589347376598148 30.62992125984252
    endloop
  endfacet
  facet normal 0 0 -1
    outer loop
      vertex -12.306779574338846 12.562462771384734 30.62992125984252
      vertex 12.218152907948324 12.589347376598148 30.62992125984252
      vertex 12.248260966084136 12.582327162069598 30.62992125984252
    endloop
  endfacet
  facet normal 0 -1 0
    outer loop
      vertex -12.125984251968504 12.598425196850393 30.62992125984252
      vertex 12.125984251968504 12.598425196850393 30.31496062992126
      vertex 12.125984251968504 12.598425196850393 30.62992125984252
    endloop
  endfacet
  facet normal 0 0 -1
    outer loop
      vertex -12.72864032595411 12.943404444794016 30.31496062992126
      vertex 12.671546204176943 12.96705360458357 30.31496062992126
      vertex 12.125984251968504 12.598425196850393 30.31496062992126
    endloop
  endfacet
  facet normal 0 0 -1
    outer loop
      vertex -12.248260966084136 12.582327162069598 30.62992125984252
      vertex 12.156883368165943 12.597413664375702 30.62992125984252
      vertex 12.18765016967856 12.594383399141586 30.62992125984252
    endloop
  endfacet
  facet normal 0 0 -1
    outer loop
      vertex -12.218152907948324 12.589347376598148 30.62992125984252
      vertex 12.125984251968504 12.598425196850393 30.62992125984252
      vertex 12.156883368165943 12.597413664375702 30.62992125984252
    endloop
  endfacet
  facet normal 0 0 -1
    outer loop
      vertex -12.598425196850393 12.125984251968504 30.62992125984252
      vertex 12.589347376598148 12.218152907948324 30.62992125984252
      vertex 12.594383399141586 12.18765016967856 30.62992125984252
    endloop
  endfacet
  facet normal 0 0 1
    outer loop
      vertex -12.6118536953499 12.983048163999722 29.84251968503937
      vertex 12.550584155567519 12.991114451777278 29.84251968503937
      vertex 12.519685039370078 12.992125984251969 29.84251968503937
    endloop
  endfacet
  facet normal 0 0 1
    outer loop
      vertex -12.6118536953499 12.983048163999722 29.84251968503937
      vertex 12.581350957080135 12.98808418654316 29.84251968503937
      vertex 12.550584155567519 12.991114451777278 29.84251968503937
    endloop
  endfacet
  facet normal 0 0 1
    outer loop
      vertex -12.64196175348571 12.976027949471174 29.84251968503937
      vertex 12.64196175348571 12.976027949471174 29.84251968503937
      vertex 12.6118536953499 12.983048163999722 29.84251968503937
    endloop
  endfacet
  facet normal 0 0 1
    outer loop
      vertex -12.6118536953499 12.983048163999722 29.84251968503937
      vertex 12.6118536953499 12.983048163999722 29.84251968503937
      vertex 12.581350957080135 12.98808418654316 29.84251968503937
    endloop
  endfacet
  facet normal 0 0 1
    outer loop
      vertex -12.70048036174042 12.95616355878631 29.84251968503937
      vertex 12.70048036174042 12.95616355878631 29.84251968503937
      vertex 12.671546204176943 12.96705360458357 29.84251968503937
    endloop
  endfacet
  facet normal 0 0 1
    outer loop
      vertex -12.671546204176943 12.96705360458357 29.84251968503937
      vertex 12.671546204176943 12.96705360458357 29.84251968503937
      vertex 12.64196175348571 12.976027949471174 29.84251968503937
    endloop
  endfacet
  facet normal 0 0 -1
    outer loop
      vertex -12.549703657392442 12.334939538552536 30.62992125984252
      vertex 12.500796853674679 12.413588076771244 30.62992125984252
      vertex 12.518804541195001 12.388458377791672 30.62992125984252
    endloop
  endfacet
  facet normal 0 0 -1
    outer loop
      vertex -12.597413664375702 12.156883368165943 30.62992125984252
      vertex 12.582327162069598 12.248260966084136 30.62992125984252
      vertex 12.589347376598148 12.218152907948324 30.62992125984252
    endloop
  endfacet
  facet normal 0 0 -1
    outer loop
      vertex -12.589347376598148 12.218152907948324 30.62992125984252
      vertex 12.562462771384734 12.306779574338846 30.62992125984252
      vertex 12.573352817181997 12.277845416775369 30.62992125984252
    endloop
  endfacet
  facet normal 0 0 -1
    outer loop
      vertex -12.594383399141586 12.18765016967856 30.62992125984252
      vertex 12.573352817181997 12.277845416775369 30.62992125984252
      vertex 12.582327162069598 12.248260966084136 30.62992125984252
    endloop
  endfacet
  facet normal 0 0 -1
    outer loop
      vertex -12.582327162069598 12.248260966084136 30.62992125984252
      vertex 12.549703657392442 12.334939538552536 30.62992125984252
      vertex 12.562462771384734 12.306779574338846 30.62992125984252
    endloop
  endfacet
  facet normal 0 0 -1
    outer loop
      vertex -12.573352817181997 12.277845416775369 30.62992125984252
      vertex 12.535130112013949 12.362204724409448 30.62992125984252
      vertex 12.549703657392442 12.334939538552536 30.62992125984252
    endloop
  endfacet
  facet normal 0 0 -1
    outer loop
      vertex -12.562462771384734 12.306779574338846 30.62992125984252
      vertex 12.518804541195001 12.388458377791672 30.62992125984252
      vertex 12.535130112013949 12.362204724409448 30.62992125984252
    endloop
  endfacet
  facet normal 0 0 -1
    outer loop
      vertex -12.535130112013949 12.362204724409448 30.62992125984252
      vertex 12.481184160908846 12.437486211791283 30.62992125984252
      vertex 12.500796853674679 12.413588076771244 30.62992125984252
    endloop
  endfacet
  facet normal 0 0 -1
    outer loop
      vertex -12.518804541195001 12.388458377791672 30.62992125984252
      vertex 12.460050447660638 12.460050447660638 30.62992125984252
      vertex 12.481184160908846 12.437486211791283 30.62992125984252
    endloop
  endfacet
  facet normal 0 0 -1
    outer loop
      vertex -12.500796853674679 12.413588076771244 30.62992125984252
      vertex 12.437486211791283 12.481184160908846 30.62992125984252
      vertex 12.460050447660638 12.460050447660638 30.62992125984252
    endloop
  endfacet
  facet normal 0 0 -1
    outer loop
      vertex -12.481184160908846 12.437486211791283 30.62992125984252
      vertex 12.413588076771244 12.500796853674679 30.62992125984252
      vertex 12.437486211791283 12.481184160908846 30.62992125984252
    endloop
  endfacet
  facet normal 0 0 -1
    outer loop
      vertex -12.437486211791283 12.481184160908846 30.62992125984252
      vertex 12.362204724409448 12.535130112013949 30.62992125984252
      vertex 12.388458377791672 12.518804541195001 30.62992125984252
    endloop
  endfacet
  facet normal 0 0 -1
    outer loop
      vertex -12.413588076771244 12.500796853674679 30.62992125984252
      vertex 12.334939538552536 12.549703657392442 30.62992125984252
      vertex 12.362204724409448 12.535130112013949 30.62992125984252
    endloop
  endfacet
  facet normal 0 0 -1
    outer loop
      vertex -12.388458377791672 12.518804541195001 30.62992125984252
      vertex 12.306779574338846 12.562462771384734 30.62992125984252
      vertex 12.334939538552536 12.549703657392442 30.62992125984252
    endloop
  endfacet
  facet normal 0 0 -1
    outer loop
      vertex -12.362204724409448 12.535130112013949 30.62992125984252
      vertex 12.277845416775369 12.573352817181997 30.62992125984252
      vertex 12.306779574338846 12.562462771384734 30.62992125984252
    endloop
  endfacet
  facet normal 0 0 -1
    outer loop
      vertex -12.334939538552536 12.549703657392442 30.62992125984252
      vertex 12.248260966084136 12.582327162069598 30.62992125984252
      vertex 12.277845416775369 12.573352817181997 30.62992125984252
    endloop
  endfacet
  facet normal 0 0 -1
    outer loop
      vertex -12.460050447660638 12.460050447660638 30.62992125984252
      vertex 12.388458377791672 12.518804541195001 30.62992125984252
      vertex 12.413588076771244 12.500796853674679 30.62992125984252
    endloop
  endfacet
  facet normal 0 0 1
    outer loop
      vertex -12.992125984251969 12.519685039370078 31.023622047244093
      vertex 12.98808418654316 12.581350957080135 31.023622047244093
      vertex 12.983048163999722 12.6118536953499 31.023622047244093
    endloop
  endfacet
  facet normal 0 0 -1
    outer loop
      vertex -12.64196175348571 12.976027949471174 30.31496062992126
      vertex 12.519685039370078 12.992125984251969 30.31496062992126
      vertex 12.550584155567519 12.991114451777278 30.31496062992126
    endloop
  endfacet
  facet normal 0 0 -1
    outer loop
      vertex -12.70048036174042 12.95616355878631 30.31496062992126
      vertex 12.6118536953499 12.983048163999722 30.31496062992126
      vertex 12.64196175348571 12.976027949471174 30.31496062992126
    endloop
  endfacet
  facet normal 0 0 -1
    outer loop
      vertex -12.671546204176943 12.96705360458357 30.31496062992126
      vertex 12.581350957080135 12.98808418654316 30.31496062992126
      vertex 12.6118536953499 12.983048163999722 30.31496062992126
    endloop
  endfacet
  facet normal 0 0 -1
    outer loop
      vertex -12.64196175348571 12.976027949471174 30.31496062992126
      vertex 12.550584155567519 12.991114451777278 30.31496062992126
      vertex 12.581350957080135 12.98808418654316 30.31496062992126
    endloop
  endfacet
  facet normal 0 0 -1
    outer loop
      vertex -12.72864032595411 12.943404444794016 30.31496062992126
      vertex 12.64196175348571 12.976027949471174 30.31496062992126
      vertex 12.671546204176943 12.96705360458357 30.31496062992126
    endloop
  endfacet
  facet normal 0 1 0
    outer loop
      vertex -12.519685039370078 12.992125984251969 30.31496062992126
      vertex 12.519685039370078 12.992125984251969 31.023622047244093
      vertex 12.519685039370078 12.992125984251969 30.31496062992126
    endloop
  endfacet
  facet normal 0 0 1
    outer loop
      vertex -12.6118536953499 12.983048163999722 31.023622047244093
      vertex 12.550584155567519 12.991114451777278 31.023622047244093
      vertex 12.519685039370078 12.992125984251969 31.023622047244093
    endloop
  endfacet
  facet normal 0 0 1
    outer loop
      vertex -12.87488494831042 12.831186999192857 31.023622047244093
      vertex 12.831186999192857 12.87488494831042 31.023622047244093
      vertex 12.807288864172818 12.894497641076253 31.023622047244093
    endloop
  endfacet
  facet normal 0 0 1
    outer loop
      vertex -12.853751235062212 12.853751235062212 31.023622047244093
      vertex 12.807288864172818 12.894497641076253 31.023622047244093
      vertex 12.782159165193246 12.912505328596577 31.023622047244093
    endloop
  endfacet
  facet normal 0 0 1
    outer loop
      vertex -12.70048036174042 12.95616355878631 31.023622047244093
      vertex 12.64196175348571 12.976027949471174 31.023622047244093
      vertex 12.6118536953499 12.983048163999722 31.023622047244093
    endloop
  endfacet
  facet normal 0 0 1
    outer loop
      vertex -12.671546204176943 12.96705360458357 31.023622047244093
      vertex 12.6118536953499 12.983048163999722 31.023622047244093
      vertex 12.581350957080135 12.98808418654316 31.023622047244093
    endloop
  endfacet
  facet normal 0 0 1
    outer loop
      vertex -12.64196175348571 12.976027949471174 31.023622047244093
      vertex 12.581350957080135 12.98808418654316 31.023622047244093
      vertex 12.550584155567519 12.991114451777278 31.023622047244093
    endloop
  endfacet
  facet normal 0 0 1
    outer loop
      vertex -12.755905511811024 12.928830899415523 31.023622047244093
      vertex 12.70048036174042 12.95616355878631 31.023622047244093
      vertex 12.671546204176943 12.96705360458357 31.023622047244093
    endloop
  endfacet
  facet normal 0 0 1
    outer loop
      vertex -12.72864032595411 12.943404444794016 31.023622047244093
      vertex 12.671546204176943 12.96705360458357 31.023622047244093
      vertex 12.64196175348571 12.976027949471174 31.023622047244093
    endloop
  endfacet
  facet normal 0 0 1
    outer loop
      vertex -12.831186999192857 12.87488494831042 31.023622047244093
      vertex 12.782159165193246 12.912505328596577 31.023622047244093
      vertex 12.755905511811024 12.928830899415523 31.023622047244093
    endloop
  endfacet
  facet normal 0 0 1
    outer loop
      vertex -12.807288864172818 12.894497641076253 31.023622047244093
      vertex 12.755905511811024 12.928830899415523 31.023622047244093
      vertex 12.72864032595411 12.943404444794016 31.023622047244093
    endloop
  endfacet
  facet normal 0 0 1
    outer loop
      vertex -12.782159165193246 12.912505328596577 31.023622047244093
      vertex 12.72864032595411 12.943404444794016 31.023622047244093
      vertex 12.70048036174042 12.95616355878631 31.023622047244093
    endloop
  endfacet
  facet normal 0 0 1
    outer loop
      vertex -12.983048163999722 12.6118536953499 31.023622047244093
      vertex 12.96705360458357 12.671546204176943 31.023622047244093
      vertex 12.95616355878631 12.70048036174042 31.023622047244093
    endloop
  endfacet
  facet normal 0 0 1
    outer loop
      vertex -12.991114451777278 12.550584155567519 31.023622047244093
      vertex 12.983048163999722 12.6118536953499 31.023622047244093
      vertex 12.976027949471174 12.64196175348571 31.023622047244093
    endloop
  endfacet
  facet normal 0 0 1
    outer loop
      vertex -12.98808418654316 12.581350957080135 31.023622047244093
      vertex 12.976027949471174 12.64196175348571 31.023622047244093
      vertex 12.96705360458357 12.671546204176943 31.023622047244093
    endloop
  endfacet
  facet normal 0 0 1
    outer loop
      vertex -12.976027949471174 12.64196175348571 31.023622047244093
      vertex 12.95616355878631 12.70048036174042 31.023622047244093
      vertex 12.943404444794016 12.72864032595411 31.023622047244093
    endloop
  endfacet
  facet normal 0 0 1
    outer loop
      vertex -12.96705360458357 12.671546204176943 31.023622047244093
      vertex 12.943404444794016 12.72864032595411 31.023622047244093
      vertex 12.928830899415523 12.755905511811024 31.023622047244093
    endloop
  endfacet
  facet normal 0 0 1
    outer loop
      vertex -12.943404444794016 12.72864032595411 31.023622047244093
      vertex 12.912505328596577 12.782159165193246 31.023622047244093
      vertex 12.894497641076253 12.807288864172818 31.023622047244093
    endloop
  endfacet
  facet normal 0 0 1
    outer loop
      vertex -12.95616355878631 12.70048036174042 31.023622047244093
      vertex 12.928830899415523 12.755905511811024 31.023622047244093
      vertex 12.912505328596577 12.782159165193246 31.023622047244093
    endloop
  endfacet
  facet normal 0 0 1
    outer loop
      vertex -12.928830899415523 12.755905511811024 31.023622047244093
      vertex 12.894497641076253 12.807288864172818 31.023622047244093
      vertex 12.87488494831042 12.831186999192857 31.023622047244093
    endloop
  endfacet
  facet normal 0 0 1
    outer loop
      vertex -12.912505328596577 12.782159165193246 31.023622047244093
      vertex 12.87488494831042 12.831186999192857 31.023622047244093
      vertex 12.853751235062212 12.853751235062212 31.023622047244093
    endloop
  endfacet
  facet normal 0 0 1
    outer loop
      vertex -12.894497641076253 12.807288864172818 31.023622047244093
      vertex 12.853751235062212 12.853751235062212 31.023622047244093
      vertex 12.831186999192857 12.87488494831042 31.023622047244093
    endloop
  endfacet
  facet normal 1 0 0
    outer loop
      vertex 12.992125984251969 -12.519685039370078 29.84251968503937
      vertex 12.992125984251969 12.519685039370078 2.677165354330709
      vertex 12.992125984251969 12.519685039370078 29.84251968503937
    endloop
  endfacet
  facet normal 0 0 1
    outer loop
      vertex 12.992125984251969 -12.519685039370078 29.84251968503937
      vertex 12.992125984251969 12.519685039370078 29.84251968503937
      vertex 12.598425196850393 12.125984251968504 29.84251968503937
    endloop
  endfacet
  facet normal -1 0 0
    outer loop
      vertex 12.598425196850393 -12.125984251968504 30.31496062992126
      vertex 12.598425196850393 12.125984251968504 30.62992125984252
      vertex 12.598425196850393 12.125984251968504 30.31496062992126
    endloop
  endfacet
  facet normal 0 0 -1
    outer loop
      vertex 12.598425196850393 -12.125984251968504 30.31496062992126
      vertex 12.598425196850393 12.125984251968504 30.31496062992126
      vertex 12.992125984251969 12.519685039370078 30.31496062992126
    endloop
  endfacet
  facet normal 1 0 0
    outer loop
      vertex 12.992125984251969 -12.519685039370078 31.023622047244093
      vertex 12.992125984251969 12.519685039370078 30.31496062992126
      vertex 12.992125984251969 12.519685039370078 31.023622047244093
    endloop
  endfacet
  facet normal -0.0327190875272729 -0.9994645873223237 0
    outer loop
      vertex 12.156883368165943 12.597413664375702 3.1102362204724407
      vertex 12.156883368165943 12.597413664375702 29.84251968503937
      vertex 12.125984251968504 12.598425196850393 29.84251968503937
    endloop
  endfacet
  facet normal -0.09801713316413767 -0.9951847273779294 0
    outer loop
      vertex 12.18765016967856 12.594383399141586 3.1102362204724407
      vertex 12.18765016967856 12.594383399141586 29.84251968503937
      vertex 12.156883368165943 12.597413664375702 29.84251968503937
    endloop
  endfacet
  facet normal -0.9994645873223237 -0.0327190875272729 0
    outer loop
      vertex 12.598425196850393 12.125984251968504 3.1102362204724407
      vertex 12.598425196850393 12.125984251968504 29.84251968503937
      vertex 12.597413664375702 12.156883368165943 29.84251968503937
    endloop
  endfacet
  facet normal -0.9951847273779294 -0.09801713316413767 0
    outer loop
      vertex 12.597413664375702 12.156883368165943 3.1102362204724407
      vertex 12.597413664375702 12.156883368165943 29.84251968503937
      vertex 12.594383399141586 12.18765016967856 29.84251968503937
    endloop
  endfacet
  facet normal -0.22707626272697828 -0.9738769793490082 0
    outer loop
      vertex 12.248260966084136 12.582327162069598 3.1102362204724407
      vertex 12.248260966084136 12.582327162069598 29.84251968503937
      vertex 12.218152907948324 12.589347376598148 29.84251968503937
    endloop
  endfacet
  facet normal -0.2902846738205911 -0.9569403367738624 0
    outer loop
      vertex 12.277845416775369 12.573352817181997 3.1102362204724407
      vertex 12.277845416775369 12.573352817181997 29.84251968503937
      vertex 12.248260966084136 12.582327162069598 29.84251968503937
    endloop
  endfacet
  facet normal -0.3522500484062582 -0.9359059265747753 0
    outer loop
      vertex 12.306779574338846 12.562462771384734 3.1102362204724407
      vertex 12.306779574338846 12.562462771384734 29.84251968503937
      vertex 12.277845416775369 12.573352817181997 29.84251968503937
    endloop
  endfacet
  facet normal -0.4127070352136502 -0.910863822470274 -6.459314657714419e-17
    outer loop
      vertex 12.334939538552536 12.549703657392442 3.1102362204724407
      vertex 12.314300425263173 12.559055118110235 29.84251968503937
      vertex 12.306779574338846 12.562462771384734 29.84251968503937
    endloop
  endfacet
  facet normal -0.4127070352135811 -0.9108638224703054 0
    outer loop
      vertex 12.334939538552536 12.549703657392442 3.1102362204724407
      vertex 12.334939538552536 12.549703657392442 30.62992125984252
      vertex 12.314300425263173 12.559055118110235 29.84251968503937
    endloop
  endfacet
  facet normal -0.9569403367738624 -0.2902846738205911 0
    outer loop
      vertex 12.582327162069598 12.248260966084136 3.1102362204724407
      vertex 12.582327162069598 12.248260966084136 29.84251968503937
      vertex 12.573352817181997 12.277845416775369 29.84251968503937
    endloop
  endfacet
  facet normal -0.9359059265747753 -0.3522500484062582 0
    outer loop
      vertex 12.573352817181997 12.277845416775369 3.1102362204724407
      vertex 12.573352817181997 12.277845416775369 29.84251968503937
      vertex 12.562462771384734 12.306779574338846 29.84251968503937
    endloop
  endfacet
  facet normal -0.910863822470274 -0.4127070352136502 0
    outer loop
      vertex 12.562462771384734 12.306779574338846 3.1102362204724407
      vertex 12.562462771384734 12.306779574338846 29.84251968503937
      vertex 12.559055118110235 12.314300425263173 29.84251968503937
    endloop
  endfacet
  facet normal -0.9108638224703046 -0.41270703521358265 0
    outer loop
      vertex 12.549703657392442 12.334939538552536 3.1102362204724407
      vertex 12.559055118110235 12.314300425263173 29.84251968503937
      vertex 12.559055118110235 12.314300425263173 30.31496062992126
    endloop
  endfacet
  facet normal 0.03271908752727102 0.9994645873223238 0
    outer loop
      vertex 12.519685039370078 12.992125984251969 2.677165354330709
      vertex 12.519685039370078 12.992125984251969 29.84251968503937
      vertex 12.550584155567519 12.991114451777278 29.84251968503937
    endloop
  endfacet
  facet normal 0.09801713316420017 0.9951847273779233 0
    outer loop
      vertex 12.550584155567519 12.991114451777278 2.677165354330709
      vertex 12.550584155567519 12.991114451777278 29.84251968503937
      vertex 12.581350957080135 12.98808418654316 29.84251968503937
    endloop
  endfacet
  facet normal -0.16289547570604634 -0.9866433317032558 0
    outer loop
      vertex 12.218152907948324 12.589347376598148 3.1102362204724407
      vertex 12.218152907948324 12.589347376598148 29.84251968503937
      vertex 12.18765016967856 12.594383399141586 29.84251968503937
    endloop
  endfacet
  facet normal 0.9994645873223238 0.03271908752727102 0
    outer loop
      vertex 12.991114451777278 12.550584155567519 2.677165354330709
      vertex 12.991114451777278 12.550584155567519 29.84251968503937
      vertex 12.992125984251969 12.519685039370078 29.84251968503937
    endloop
  endfacet
  facet normal 0.9951847273779233 0.09801713316420017 0
    outer loop
      vertex 12.98808418654316 12.581350957080135 2.677165354330709
      vertex 12.98808418654316 12.581350957080135 29.84251968503937
      vertex 12.991114451777278 12.550584155567519 29.84251968503937
    endloop
  endfacet
  facet normal -0.9866433317032558 -0.16289547570604634 0
    outer loop
      vertex 12.594383399141586 12.18765016967856 3.1102362204724407
      vertex 12.594383399141586 12.18765016967856 29.84251968503937
      vertex 12.589347376598148 12.218152907948324 29.84251968503937
    endloop
  endfacet
  facet normal -0.9738769793490082 -0.22707626272697828 0
    outer loop
      vertex 12.589347376598148 12.218152907948324 3.1102362204724407
      vertex 12.589347376598148 12.218152907948324 29.84251968503937
      vertex 12.582327162069598 12.248260966084136 29.84251968503937
    endloop
  endfacet
  facet normal 0.1628954757060371 0.9866433317032574 0
    outer loop
      vertex 12.581350957080135 12.98808418654316 2.677165354330709
      vertex 12.581350957080135 12.98808418654316 29.84251968503937
      vertex 12.6118536953499 12.983048163999722 29.84251968503937
    endloop
  endfacet
  facet normal 0.22707626272693648 0.9738769793490178 0
    outer loop
      vertex 12.6118536953499 12.983048163999722 2.677165354330709
      vertex 12.6118536953499 12.983048163999722 29.84251968503937
      vertex 12.64196175348571 12.976027949471174 29.84251968503937
    endloop
  endfacet
  facet normal 0.2902846738206437 0.9569403367738464 0
    outer loop
      vertex 12.64196175348571 12.976027949471174 2.677165354330709
      vertex 12.64196175348571 12.976027949471174 29.84251968503937
      vertex 12.671546204176943 12.96705360458357 29.84251968503937
    endloop
  endfacet
  facet normal 0.3522500484062078 0.9359059265747943 0
    outer loop
      vertex 12.671546204176943 12.96705360458357 2.677165354330709
      vertex 12.671546204176943 12.96705360458357 29.84251968503937
      vertex 12.70048036174042 12.95616355878631 29.84251968503937
    endloop
  endfacet
  facet normal 0.4713967346675319 0.881921265502079 0
    outer loop
      vertex 12.72864032595411 12.943404444794016 2.677165354330709
      vertex 12.72864032595411 12.943404444794016 29.84251968503937
      vertex 12.755905511811024 12.928830899415523 29.84251968503937
    endloop
  endfacet
  facet normal 0.41270703521364716 0.9108638224702754 0
    outer loop
      vertex 12.70048036174042 12.95616355878631 2.677165354330709
      vertex 12.70048036174042 12.95616355878631 29.84251968503937
      vertex 12.72864032595411 12.943404444794016 29.84251968503937
    endloop
  endfacet
  facet normal 0.5280678517723407 0.8492021808288914 0
    outer loop
      vertex 12.755905511811024 12.928830899415523 2.677165354330709
      vertex 12.755905511811024 12.928830899415523 29.84251968503937
      vertex 12.782159165193246 12.912505328596577 29.84251968503937
    endloop
  endfacet
  facet normal 0.9866433317032574 0.1628954757060371 0
    outer loop
      vertex 12.983048163999722 12.6118536953499 2.677165354330709
      vertex 12.983048163999722 12.6118536953499 29.84251968503937
      vertex 12.98808418654316 12.581350957080135 29.84251968503937
    endloop
  endfacet
  facet normal 0.9738769793490178 0.22707626272693648 0
    outer loop
      vertex 12.976027949471174 12.64196175348571 2.677165354330709
      vertex 12.976027949471174 12.64196175348571 29.84251968503937
      vertex 12.983048163999722 12.6118536953499 29.84251968503937
    endloop
  endfacet
  facet normal 0.9569403367738464 0.2902846738206437 0
    outer loop
      vertex 12.96705360458357 12.671546204176943 2.677165354330709
      vertex 12.96705360458357 12.671546204176943 29.84251968503937
      vertex 12.976027949471174 12.64196175348571 29.84251968503937
    endloop
  endfacet
  facet normal 0.881921265502079 0.4713967346675319 0
    outer loop
      vertex 12.928830899415523 12.755905511811024 2.677165354330709
      vertex 12.928830899415523 12.755905511811024 29.84251968503937
      vertex 12.943404444794016 12.72864032595411 29.84251968503937
    endloop
  endfacet
  facet normal 0.8492021808288914 0.5280678517723407 0
    outer loop
      vertex 12.912505328596577 12.782159165193246 2.677165354330709
      vertex 12.912505328596577 12.782159165193246 29.84251968503937
      vertex 12.928830899415523 12.755905511811024 29.84251968503937
    endloop
  endfacet
  facet normal 0.9359059265747943 0.3522500484062078 0
    outer loop
      vertex 12.95616355878631 12.70048036174042 2.677165354330709
      vertex 12.95616355878631 12.70048036174042 29.84251968503937
      vertex 12.96705360458357 12.671546204176943 29.84251968503937
    endloop
  endfacet
  facet normal 0.9108638224702754 0.41270703521364716 0
    outer loop
      vertex 12.943404444794016 12.72864032595411 2.677165354330709
      vertex 12.943404444794016 12.72864032595411 29.84251968503937
      vertex 12.95616355878631 12.70048036174042 29.84251968503937
    endloop
  endfacet
  facet normal 0.6835923039409372 0.7298640709013708 0
    outer loop
      vertex 12.831186999192857 12.87488494831042 2.677165354330709
      vertex 12.831186999192857 12.87488494831042 29.84251968503937
      vertex 12.853751235062212 12.853751235062212 29.84251968503937
    endloop
  endfacet
  facet normal 0.6343932883100777 0.7730104499598481 0
    outer loop
      vertex 12.807288864172818 12.894497641076253 2.677165354330709
      vertex 12.807288864172818 12.894497641076253 29.84251968503937
      vertex 12.831186999192857 12.87488494831042 29.84251968503937
    endloop
  endfacet
  facet normal 0.7730104499598481 0.6343932883100777 0
    outer loop
      vertex 12.87488494831042 12.831186999192857 2.677165354330709
      vertex 12.87488494831042 12.831186999192857 29.84251968503937
      vertex 12.894497641076253 12.807288864172818 29.84251968503937
    endloop
  endfacet
  facet normal 0.7298640709013708 0.6835923039409372 0
    outer loop
      vertex 12.853751235062212 12.853751235062212 2.677165354330709
      vertex 12.853751235062212 12.853751235062212 29.84251968503937
      vertex 12.87488494831042 12.831186999192857 29.84251968503937
    endloop
  endfacet
  facet normal 0.5824776945923182 0.812846686222204 0
    outer loop
      vertex 12.782159165193246 12.912505328596577 2.677165354330709
      vertex 12.782159165193246 12.912505328596577 29.84251968503937
      vertex 12.807288864172818 12.894497641076253 29.84251968503937
    endloop
  endfacet
  facet normal 0.812846686222204 0.5824776945923182 0
    outer loop
      vertex 12.894497641076253 12.807288864172818 2.677165354330709
      vertex 12.894497641076253 12.807288864172818 29.84251968503937
      vertex 12.912505328596577 12.782159165193246 29.84251968503937
    endloop
  endfacet
  facet normal -0.5280678517723564 -0.8492021808288817 0
    outer loop
      vertex 12.388458377791672 12.518804541195001 3.1102362204724407
      vertex 12.388458377791672 12.518804541195001 30.62992125984252
      vertex 12.362204724409448 12.535130112013949 30.62992125984252
    endloop
  endfacet
  facet normal -0.4713967346675557 -0.8819212655020662 0
    outer loop
      vertex 12.362204724409448 12.535130112013949 3.1102362204724407
      vertex 12.362204724409448 12.535130112013949 30.62992125984252
      vertex 12.334939538552536 12.549703657392442 30.62992125984252
    endloop
  endfacet
  facet normal -0.9108638224703054 -0.4127070352135811 0
    outer loop
      vertex 12.549703657392442 12.334939538552536 3.1102362204724407
      vertex 12.559055118110235 12.314300425263173 30.31496062992126
      vertex 12.549703657392442 12.334939538552536 30.62992125984252
    endloop
  endfacet
  facet normal -0.8492021808288817 -0.5280678517723564 0
    outer loop
      vertex 12.535130112013949 12.362204724409448 3.1102362204724407
      vertex 12.535130112013949 12.362204724409448 30.62992125984252
      vertex 12.518804541195001 12.388458377791672 30.62992125984252
    endloop
  endfacet
  facet normal -0.8819212655020662 -0.4713967346675557 0
    outer loop
      vertex 12.549703657392442 12.334939538552536 3.1102362204724407
      vertex 12.549703657392442 12.334939538552536 30.62992125984252
      vertex 12.535130112013949 12.362204724409448 30.62992125984252
    endloop
  endfacet
  facet normal -0.6835923039409372 -0.7298640709013708 0
    outer loop
      vertex 12.460050447660638 12.460050447660638 3.1102362204724407
      vertex 12.460050447660638 12.460050447660638 30.62992125984252
      vertex 12.437486211791283 12.481184160908846 30.62992125984252
    endloop
  endfacet
  facet normal -0.7298640709013708 -0.6835923039409372 0
    outer loop
      vertex 12.481184160908846 12.437486211791283 3.1102362204724407
      vertex 12.481184160908846 12.437486211791283 30.62992125984252
      vertex 12.460050447660638 12.460050447660638 30.62992125984252
    endloop
  endfacet
  facet normal -0.5824776945922802 -0.8128466862222312 0
    outer loop
      vertex 12.413588076771244 12.500796853674679 3.1102362204724407
      vertex 12.413588076771244 12.500796853674679 30.62992125984252
      vertex 12.388458377791672 12.518804541195001 30.62992125984252
    endloop
  endfacet
  facet normal -0.6343932883100777 -0.7730104499598481 0
    outer loop
      vertex 12.437486211791283 12.481184160908846 3.1102362204724407
      vertex 12.437486211791283 12.481184160908846 30.62992125984252
      vertex 12.413588076771244 12.500796853674679 30.62992125984252
    endloop
  endfacet
  facet normal -0.7730104499598481 -0.6343932883100777 0
    outer loop
      vertex 12.500796853674679 12.413588076771244 3.1102362204724407
      vertex 12.500796853674679 12.413588076771244 30.62992125984252
      vertex 12.481184160908846 12.437486211791283 30.62992125984252
    endloop
  endfacet
  facet normal -0.8128466862222312 -0.5824776945922802 0
    outer loop
      vertex 12.518804541195001 12.388458377791672 3.1102362204724407
      vertex 12.518804541195001 12.388458377791672 30.62992125984252
      vertex 12.500796853674679 12.413588076771244 30.62992125984252
    endloop
  endfacet
  facet normal -0.03271908752727289 -0.9994645873223237 0
    outer loop
      vertex 12.125984251968504 12.598425196850393 30.31496062992126
      vertex 12.156883368165943 12.597413664375702 30.31496062992126
      vertex 12.125984251968504 12.598425196850393 30.62992125984252
    endloop
  endfacet
  facet normal -0.09801713316413768 -0.9951847273779295 0
    outer loop
      vertex 12.156883368165943 12.597413664375702 30.31496062992126
      vertex 12.18765016967856 12.594383399141586 30.31496062992126
      vertex 12.156883368165943 12.597413664375702 30.62992125984252
    endloop
  endfacet
  facet normal -0.03271908752727289 -0.9994645873223237 0
    outer loop
      vertex 12.156883368165943 12.597413664375702 30.31496062992126
      vertex 12.156883368165943 12.597413664375702 30.62992125984252
      vertex 12.125984251968504 12.598425196850393 30.62992125984252
    endloop
  endfacet
  facet normal -0.09801713316413768 -0.9951847273779295 0
    outer loop
      vertex 12.156883368165943 12.597413664375702 30.62992125984252
      vertex 12.18765016967856 12.594383399141586 30.31496062992126
      vertex 12.18765016967856 12.594383399141586 30.62992125984252
    endloop
  endfacet
  facet normal -0.9994645873223237 -0.03271908752727289 0
    outer loop
      vertex 12.598425196850393 12.125984251968504 30.31496062992126
      vertex 12.597413664375702 12.156883368165943 30.62992125984252
      vertex 12.597413664375702 12.156883368165943 30.31496062992126
    endloop
  endfacet
  facet normal -0.9951847273779295 -0.09801713316413768 0
    outer loop
      vertex 12.597413664375702 12.156883368165943 30.31496062992126
      vertex 12.594383399141586 12.18765016967856 30.62992125984252
      vertex 12.594383399141586 12.18765016967856 30.31496062992126
    endloop
  endfacet
  facet normal -0.9994645873223237 -0.03271908752727289 0
    outer loop
      vertex 12.598425196850393 12.125984251968504 30.31496062992126
      vertex 12.598425196850393 12.125984251968504 30.62992125984252
      vertex 12.597413664375702 12.156883368165943 30.62992125984252
    endloop
  endfacet
  facet normal -0.9951847273779295 -0.09801713316413768 0
    outer loop
      vertex 12.597413664375702 12.156883368165943 30.31496062992126
      vertex 12.597413664375702 12.156883368165943 30.62992125984252
      vertex 12.594383399141586 12.18765016967856 30.62992125984252
    endloop
  endfacet
  facet normal 0 0 1
    outer loop
      vertex 12.306779574338846 12.562462771384734 29.84251968503937
      vertex 12.314300425263173 12.559055118110235 29.84251968503937
      vertex 12.48031496062992 12.559055118110235 29.84251968503937
    endloop
  endfacet
  facet normal 1 0 0
    outer loop
      vertex 12.559055118110235 12.314300425263173 29.84251968503937
      vertex 12.559055118110235 12.48031496062992 29.84251968503937
      vertex 12.559055118110235 12.314300425263173 30.31496062992126
    endloop
  endfacet
  facet normal 0 1 0
    outer loop
      vertex 12.314300425263173 12.559055118110235 29.84251968503937
      vertex 12.48031496062992 12.559055118110235 30.31496062992126
      vertex 12.48031496062992 12.559055118110235 29.84251968503937
    endloop
  endfacet
  facet normal 0.032719087216940966 0.9994645873324828 0
    outer loop
      vertex 12.48031496062992 12.559055118110235 29.84251968503937
      vertex 12.485464813378382 12.558886529364454 30.31496062992126
      vertex 12.485464813378382 12.558886529364454 29.84251968503937
    endloop
  endfacet
  facet normal 0.9994645873324828 0.032719087216940966 0
    outer loop
      vertex 12.559055118110235 12.48031496062992 29.84251968503937
      vertex 12.558886529364454 12.485464813378382 29.84251968503937
      vertex 12.559055118110235 12.48031496062992 30.31496062992126
    endloop
  endfacet
  facet normal 0.16289544342213602 0.9866433370333504 0
    outer loop
      vertex 12.495676403439889 12.557542148068196 29.84251968503937
      vertex 12.490592613581597 12.558381485012102 29.84251968503937
      vertex 12.495676403439889 12.557542148068196 30.31496062992126
    endloop
  endfacet
  facet normal 0.09801716228047182 0.9951847245102207 0
    outer loop
      vertex 12.490592613581597 12.558381485012102 29.84251968503937
      vertex 12.485464813378382 12.558886529364454 29.84251968503937
      vertex 12.490592613581597 12.558381485012102 30.31496062992126
    endloop
  endfacet
  facet normal 0.3522500078340109 0.935905941845087 0
    outer loop
      vertex 12.505625154617734 12.554876388116615 29.84251968503937
      vertex 12.510447514456088 12.553061380630403 30.31496062992126
      vertex 12.510447514456088 12.553061380630403 29.84251968503937
    endloop
  endfacet
  facet normal 0.29028470252207583 0.9569403280673617 0
    outer loop
      vertex 12.505625154617734 12.554876388116615 29.84251968503937
      vertex 12.50069441288475 12.556372112411214 29.84251968503937
      vertex 12.505625154617734 12.554876388116615 30.31496062992126
    endloop
  endfacet
  facet normal 0.22707625522042016 0.9738769810992919 0
    outer loop
      vertex 12.495676403439889 12.557542148068196 29.84251968503937
      vertex 12.50069441288475 12.556372112411214 30.31496062992126
      vertex 12.50069441288475 12.556372112411214 29.84251968503937
    endloop
  endfacet
  facet normal 0.4713967233436382 0.8819212715548262 0
    outer loop
      vertex 12.519685039370078 12.548505937255273 29.84251968503937
      vertex 12.515140841678372 12.550934861436135 29.84251968503937
      vertex 12.519685039370078 12.548505937255273 30.31496062992126
    endloop
  endfacet
  facet normal 0.41270707740174406 0.910863803355096 0
    outer loop
      vertex 12.515140841678372 12.550934861436135 29.84251968503937
      vertex 12.510447514456088 12.553061380630403 29.84251968503937
      vertex 12.515140841678372 12.550934861436135 30.31496062992126
    endloop
  endfacet
  facet normal 0.634393273334864 0.7730104622496882 0
    outer loop
      vertex 12.532231954080382 12.539514945599976 29.84251968503937
      vertex 12.528248931479267 12.542783727678726 29.84251968503937
      vertex 12.532231954080382 12.539514945599976 30.31496062992126
    endloop
  endfacet
  facet normal 0.5824777008613659 0.8128466817298681 0
    outer loop
      vertex 12.528248931479267 12.542783727678726 29.84251968503937
      vertex 12.524060648316004 12.545785008981003 29.84251968503937
      vertex 12.528248931479267 12.542783727678726 30.31496062992126
    endloop
  endfacet
  facet normal 0.5280678201482535 0.8492022004940118 0
    outer loop
      vertex 12.519685039370078 12.548505937255273 29.84251968503937
      vertex 12.524060648316004 12.545785008981003 30.31496062992126
      vertex 12.524060648316004 12.545785008981003 29.84251968503937
    endloop
  endfacet
  facet normal 0.683592343093566 0.7298640342309303 0
    outer loop
      vertex 12.532231954080382 12.539514945599976 29.84251968503937
      vertex 12.535992659863055 12.535992659863055 30.31496062992126
      vertex 12.535992659863055 12.535992659863055 29.84251968503937
    endloop
  endfacet
  facet normal 0.9951847245102207 0.09801716228047182 0
    outer loop
      vertex 12.558886529364454 12.485464813378382 29.84251968503937
      vertex 12.558381485012102 12.490592613581597 29.84251968503937
      vertex 12.558886529364454 12.485464813378382 30.31496062992126
    endloop
  endfacet
  facet normal 0.9866433370333504 0.16289544342213602 0
    outer loop
      vertex 12.558381485012102 12.490592613581597 29.84251968503937
      vertex 12.557542148068196 12.495676403439889 29.84251968503937
      vertex 12.558381485012102 12.490592613581597 30.31496062992126
    endloop
  endfacet
  facet normal 0.9738769810992919 0.22707625522042016 0
    outer loop
      vertex 12.557542148068196 12.495676403439889 29.84251968503937
      vertex 12.556372112411214 12.50069441288475 29.84251968503937
      vertex 12.557542148068196 12.495676403439889 30.31496062992126
    endloop
  endfacet
  facet normal 0.9569403280673617 0.29028470252207583 0
    outer loop
      vertex 12.556372112411214 12.50069441288475 29.84251968503937
      vertex 12.554876388116615 12.505625154617734 29.84251968503937
      vertex 12.556372112411214 12.50069441288475 30.31496062992126
    endloop
  endfacet
  facet normal 0.935905941845087 0.3522500078340109 0
    outer loop
      vertex 12.554876388116615 12.505625154617734 29.84251968503937
      vertex 12.553061380630403 12.510447514456088 29.84251968503937
      vertex 12.554876388116615 12.505625154617734 30.31496062992126
    endloop
  endfacet
  facet normal 0.8492022004940118 0.5280678201482535 0
    outer loop
      vertex 12.548505937255273 12.519685039370078 29.84251968503937
      vertex 12.545785008981003 12.524060648316004 29.84251968503937
      vertex 12.548505937255273 12.519685039370078 30.31496062992126
    endloop
  endfacet
  facet normal 0.910863803355096 0.41270707740174406 0
    outer loop
      vertex 12.553061380630403 12.510447514456088 29.84251968503937
      vertex 12.550934861436135 12.515140841678372 29.84251968503937
      vertex 12.553061380630403 12.510447514456088 30.31496062992126
    endloop
  endfacet
  facet normal 0.8819212715548262 0.4713967233436382 0
    outer loop
      vertex 12.550934861436135 12.515140841678372 29.84251968503937
      vertex 12.548505937255273 12.519685039370078 29.84251968503937
      vertex 12.550934861436135 12.515140841678372 30.31496062992126
    endloop
  endfacet
  facet normal 0.8128466817298681 0.5824777008613659 0
    outer loop
      vertex 12.545785008981003 12.524060648316004 29.84251968503937
      vertex 12.542783727678726 12.528248931479267 29.84251968503937
      vertex 12.545785008981003 12.524060648316004 30.31496062992126
    endloop
  endfacet
  facet normal 0.7730104622496882 0.634393273334864 0
    outer loop
      vertex 12.542783727678726 12.528248931479267 29.84251968503937
      vertex 12.539514945599976 12.532231954080382 29.84251968503937
      vertex 12.542783727678726 12.528248931479267 30.31496062992126
    endloop
  endfacet
  facet normal 0.7298640342309303 0.683592343093566 0
    outer loop
      vertex 12.539514945599976 12.532231954080382 29.84251968503937
      vertex 12.535992659863055 12.535992659863055 29.84251968503937
      vertex 12.539514945599976 12.532231954080382 30.31496062992126
    endloop
  endfacet
  facet normal 0 0 1
    outer loop
      vertex 12.125984251968504 12.598425196850393 29.84251968503937
      vertex 12.156883368165943 12.597413664375702 29.84251968503937
      vertex 12.831186999192857 12.87488494831042 29.84251968503937
    endloop
  endfacet
  facet normal 0 0 1
    outer loop
      vertex 12.18765016967856 12.594383399141586 29.84251968503937
      vertex 12.218152907948324 12.589347376598148 29.84251968503937
      vertex 12.831186999192857 12.87488494831042 29.84251968503937
    endloop
  endfacet
  facet normal 0 0 1
    outer loop
      vertex 12.248260966084136 12.582327162069598 29.84251968503937
      vertex 12.853751235062212 12.853751235062212 29.84251968503937
      vertex 12.218152907948324 12.589347376598148 29.84251968503937
    endloop
  endfacet
  facet normal 0 0 1
    outer loop
      vertex 12.248260966084136 12.582327162069598 29.84251968503937
      vertex 12.277845416775369 12.573352817181997 29.84251968503937
      vertex 12.853751235062212 12.853751235062212 29.84251968503937
    endloop
  endfacet
  facet normal 0 0 1
    outer loop
      vertex 12.277845416775369 12.573352817181997 29.84251968503937
      vertex 12.306779574338846 12.562462771384734 29.84251968503937
      vertex 12.853751235062212 12.853751235062212 29.84251968503937
    endloop
  endfacet
  facet normal 0 0 1
    outer loop
      vertex 12.156883368165943 12.597413664375702 29.84251968503937
      vertex 12.18765016967856 12.594383399141586 29.84251968503937
      vertex 12.831186999192857 12.87488494831042 29.84251968503937
    endloop
  endfacet
  facet normal 0 0 1
    outer loop
      vertex 12.306779574338846 12.562462771384734 29.84251968503937
      vertex 12.48031496062992 12.559055118110235 29.84251968503937
      vertex 12.853751235062212 12.853751235062212 29.84251968503937
    endloop
  endfacet
  facet normal 0 0 1
    outer loop
      vertex 12.125984251968504 12.598425196850393 29.84251968503937
      vertex 12.72864032595411 12.943404444794016 29.84251968503937
      vertex 12.70048036174042 12.95616355878631 29.84251968503937
    endloop
  endfacet
  facet normal 0 0 1
    outer loop
      vertex 12.125984251968504 12.598425196850393 29.84251968503937
      vertex 12.782159165193246 12.912505328596577 29.84251968503937
      vertex 12.755905511811024 12.928830899415523 29.84251968503937
    endloop
  endfacet
  facet normal 0 0 1
    outer loop
      vertex 12.125984251968504 12.598425196850393 29.84251968503937
      vertex 12.755905511811024 12.928830899415523 29.84251968503937
      vertex 12.72864032595411 12.943404444794016 29.84251968503937
    endloop
  endfacet
  facet normal 0 0 1
    outer loop
      vertex 12.125984251968504 12.598425196850393 29.84251968503937
      vertex 12.807288864172818 12.894497641076253 29.84251968503937
      vertex 12.782159165193246 12.912505328596577 29.84251968503937
    endloop
  endfacet
  facet normal 0 0 1
    outer loop
      vertex 12.598425196850393 12.125984251968504 29.84251968503937
      vertex 12.928830899415523 12.755905511811024 29.84251968503937
      vertex 12.597413664375702 12.156883368165943 29.84251968503937
    endloop
  endfacet
  facet normal 0 0 1
    outer loop
      vertex 12.597413664375702 12.156883368165943 29.84251968503937
      vertex 12.928830899415523 12.755905511811024 29.84251968503937
      vertex 12.594383399141586 12.18765016967856 29.84251968503937
    endloop
  endfacet
  facet normal 0 0 1
    outer loop
      vertex 12.559055118110235 12.314300425263173 29.84251968503937
      vertex 12.562462771384734 12.306779574338846 29.84251968503937
      vertex 12.912505328596577 12.782159165193246 29.84251968503937
    endloop
  endfacet
  facet normal 0 0 1
    outer loop
      vertex 12.559055118110235 12.314300425263173 29.84251968503937
      vertex 12.912505328596577 12.782159165193246 29.84251968503937
      vertex 12.559055118110235 12.48031496062992 29.84251968503937
    endloop
  endfacet
  facet normal 0 0 1
    outer loop
      vertex 12.594383399141586 12.18765016967856 29.84251968503937
      vertex 12.928830899415523 12.755905511811024 29.84251968503937
      vertex 12.589347376598148 12.218152907948324 29.84251968503937
    endloop
  endfacet
  facet normal 0 0 1
    outer loop
      vertex 12.582327162069598 12.248260966084136 29.84251968503937
      vertex 12.589347376598148 12.218152907948324 29.84251968503937
      vertex 12.928830899415523 12.755905511811024 29.84251968503937
    endloop
  endfacet
  facet normal 0 0 1
    outer loop
      vertex 12.582327162069598 12.248260966084136 29.84251968503937
      vertex 12.928830899415523 12.755905511811024 29.84251968503937
      vertex 12.573352817181997 12.277845416775369 29.84251968503937
    endloop
  endfacet
  facet normal 0 0 1
    outer loop
      vertex 12.573352817181997 12.277845416775369 29.84251968503937
      vertex 12.928830899415523 12.755905511811024 29.84251968503937
      vertex 12.562462771384734 12.306779574338846 29.84251968503937
    endloop
  endfacet
  facet normal 0 0 1
    outer loop
      vertex 12.598425196850393 12.125984251968504 29.84251968503937
      vertex 12.992125984251969 12.519685039370078 29.84251968503937
      vertex 12.991114451777278 12.550584155567519 29.84251968503937
    endloop
  endfacet
  facet normal 0 0 1
    outer loop
      vertex 12.598425196850393 12.125984251968504 29.84251968503937
      vertex 12.991114451777278 12.550584155567519 29.84251968503937
      vertex 12.98808418654316 12.581350957080135 29.84251968503937
    endloop
  endfacet
  facet normal 0 0 1
    outer loop
      vertex 12.598425196850393 12.125984251968504 29.84251968503937
      vertex 12.98808418654316 12.581350957080135 29.84251968503937
      vertex 12.983048163999722 12.6118536953499 29.84251968503937
    endloop
  endfacet
  facet normal 0 0 1
    outer loop
      vertex 12.598425196850393 12.125984251968504 29.84251968503937
      vertex 12.976027949471174 12.64196175348571 29.84251968503937
      vertex 12.96705360458357 12.671546204176943 29.84251968503937
    endloop
  endfacet
  facet normal 0 0 1
    outer loop
      vertex 12.598425196850393 12.125984251968504 29.84251968503937
      vertex 12.983048163999722 12.6118536953499 29.84251968503937
      vertex 12.976027949471174 12.64196175348571 29.84251968503937
    endloop
  endfacet
  facet normal 0 0 1
    outer loop
      vertex 12.598425196850393 12.125984251968504 29.84251968503937
      vertex 12.95616355878631 12.70048036174042 29.84251968503937
      vertex 12.943404444794016 12.72864032595411 29.84251968503937
    endloop
  endfacet
  facet normal 0 0 1
    outer loop
      vertex 12.598425196850393 12.125984251968504 29.84251968503937
      vertex 12.943404444794016 12.72864032595411 29.84251968503937
      vertex 12.928830899415523 12.755905511811024 29.84251968503937
    endloop
  endfacet
  facet normal 0 0 1
    outer loop
      vertex 12.598425196850393 12.125984251968504 29.84251968503937
      vertex 12.96705360458357 12.671546204176943 29.84251968503937
      vertex 12.95616355878631 12.70048036174042 29.84251968503937
    endloop
  endfacet
  facet normal 0 0 1
    outer loop
      vertex 12.495676403439889 12.557542148068196 29.84251968503937
      vertex 12.87488494831042 12.831186999192857 29.84251968503937
      vertex 12.490592613581597 12.558381485012102 29.84251968503937
    endloop
  endfacet
  facet normal 0 0 1
    outer loop
      vertex 12.490592613581597 12.558381485012102 29.84251968503937
      vertex 12.87488494831042 12.831186999192857 29.84251968503937
      vertex 12.485464813378382 12.558886529364454 29.84251968503937
    endloop
  endfacet
  facet normal 0 0 1
    outer loop
      vertex 12.48031496062992 12.559055118110235 29.84251968503937
      vertex 12.485464813378382 12.558886529364454 29.84251968503937
      vertex 12.87488494831042 12.831186999192857 29.84251968503937
    endloop
  endfacet
  facet normal 0 0 1
    outer loop
      vertex 12.519685039370078 12.548505937255273 29.84251968503937
      vertex 12.87488494831042 12.831186999192857 29.84251968503937
      vertex 12.515140841678372 12.550934861436135 29.84251968503937
    endloop
  endfacet
  facet normal 0 0 1
    outer loop
      vertex 12.515140841678372 12.550934861436135 29.84251968503937
      vertex 12.87488494831042 12.831186999192857 29.84251968503937
      vertex 12.510447514456088 12.553061380630403 29.84251968503937
    endloop
  endfacet
  facet normal 0 0 1
    outer loop
      vertex 12.505625154617734 12.554876388116615 29.84251968503937
      vertex 12.510447514456088 12.553061380630403 29.84251968503937
      vertex 12.87488494831042 12.831186999192857 29.84251968503937
    endloop
  endfacet
  facet normal 0 0 1
    outer loop
      vertex 12.505625154617734 12.554876388116615 29.84251968503937
      vertex 12.87488494831042 12.831186999192857 29.84251968503937
      vertex 12.50069441288475 12.556372112411214 29.84251968503937
    endloop
  endfacet
  facet normal 0 0 1
    outer loop
      vertex 12.495676403439889 12.557542148068196 29.84251968503937
      vertex 12.50069441288475 12.556372112411214 29.84251968503937
      vertex 12.87488494831042 12.831186999192857 29.84251968503937
    endloop
  endfacet
  facet normal 0 0 1
    outer loop
      vertex 12.545785008981003 12.524060648316004 29.84251968503937
      vertex 12.894497641076253 12.807288864172818 29.84251968503937
      vertex 12.542783727678726 12.528248931479267 29.84251968503937
    endloop
  endfacet
  facet normal 0 0 1
    outer loop
      vertex 12.542783727678726 12.528248931479267 29.84251968503937
      vertex 12.894497641076253 12.807288864172818 29.84251968503937
      vertex 12.539514945599976 12.532231954080382 29.84251968503937
    endloop
  endfacet
  facet normal 0 0 1
    outer loop
      vertex 12.532231954080382 12.539514945599976 29.84251968503937
      vertex 12.535992659863055 12.535992659863055 29.84251968503937
      vertex 12.894497641076253 12.807288864172818 29.84251968503937
    endloop
  endfacet
  facet normal 0 0 1
    outer loop
      vertex 12.539514945599976 12.532231954080382 29.84251968503937
      vertex 12.894497641076253 12.807288864172818 29.84251968503937
      vertex 12.535992659863055 12.535992659863055 29.84251968503937
    endloop
  endfacet
  facet normal 0 0 1
    outer loop
      vertex 12.559055118110235 12.48031496062992 29.84251968503937
      vertex 12.894497641076253 12.807288864172818 29.84251968503937
      vertex 12.558886529364454 12.485464813378382 29.84251968503937
    endloop
  endfacet
  facet normal 0 0 1
    outer loop
      vertex 12.558886529364454 12.485464813378382 29.84251968503937
      vertex 12.894497641076253 12.807288864172818 29.84251968503937
      vertex 12.558381485012102 12.490592613581597 29.84251968503937
    endloop
  endfacet
  facet normal 0 0 1
    outer loop
      vertex 12.558381485012102 12.490592613581597 29.84251968503937
      vertex 12.894497641076253 12.807288864172818 29.84251968503937
      vertex 12.557542148068196 12.495676403439889 29.84251968503937
    endloop
  endfacet
  facet normal 0 0 1
    outer loop
      vertex 12.557542148068196 12.495676403439889 29.84251968503937
      vertex 12.894497641076253 12.807288864172818 29.84251968503937
      vertex 12.556372112411214 12.50069441288475 29.84251968503937
    endloop
  endfacet
  facet normal 0 0 1
    outer loop
      vertex 12.556372112411214 12.50069441288475 29.84251968503937
      vertex 12.894497641076253 12.807288864172818 29.84251968503937
      vertex 12.554876388116615 12.505625154617734 29.84251968503937
    endloop
  endfacet
  facet normal 0 0 1
    outer loop
      vertex 12.554876388116615 12.505625154617734 29.84251968503937
      vertex 12.894497641076253 12.807288864172818 29.84251968503937
      vertex 12.553061380630403 12.510447514456088 29.84251968503937
    endloop
  endfacet
  facet normal 0 0 1
    outer loop
      vertex 12.553061380630403 12.510447514456088 29.84251968503937
      vertex 12.894497641076253 12.807288864172818 29.84251968503937
      vertex 12.550934861436135 12.515140841678372 29.84251968503937
    endloop
  endfacet
  facet normal 0 0 1
    outer loop
      vertex 12.550934861436135 12.515140841678372 29.84251968503937
      vertex 12.894497641076253 12.807288864172818 29.84251968503937
      vertex 12.548505937255273 12.519685039370078 29.84251968503937
    endloop
  endfacet
  facet normal 0 0 1
    outer loop
      vertex 12.548505937255273 12.519685039370078 29.84251968503937
      vertex 12.894497641076253 12.807288864172818 29.84251968503937
      vertex 12.545785008981003 12.524060648316004 29.84251968503937
    endloop
  endfacet
  facet normal 0 0 1
    outer loop
      vertex 12.532231954080382 12.539514945599976 29.84251968503937
      vertex 12.87488494831042 12.831186999192857 29.84251968503937
      vertex 12.528248931479267 12.542783727678726 29.84251968503937
    endloop
  endfacet
  facet normal 0 0 1
    outer loop
      vertex 12.528248931479267 12.542783727678726 29.84251968503937
      vertex 12.87488494831042 12.831186999192857 29.84251968503937
      vertex 12.524060648316004 12.545785008981003 29.84251968503937
    endloop
  endfacet
  facet normal 0 0 1
    outer loop
      vertex 12.519685039370078 12.548505937255273 29.84251968503937
      vertex 12.524060648316004 12.545785008981003 29.84251968503937
      vertex 12.87488494831042 12.831186999192857 29.84251968503937
    endloop
  endfacet
  facet normal 0 0 1
    outer loop
      vertex 12.218152907948324 12.589347376598148 29.84251968503937
      vertex 12.853751235062212 12.853751235062212 29.84251968503937
      vertex 12.831186999192857 12.87488494831042 29.84251968503937
    endloop
  endfacet
  facet normal 0 0 1
    outer loop
      vertex 12.48031496062992 12.559055118110235 29.84251968503937
      vertex 12.87488494831042 12.831186999192857 29.84251968503937
      vertex 12.853751235062212 12.853751235062212 29.84251968503937
    endloop
  endfacet
  facet normal 0 0 1
    outer loop
      vertex 12.559055118110235 12.48031496062992 29.84251968503937
      vertex 12.912505328596577 12.782159165193246 29.84251968503937
      vertex 12.894497641076253 12.807288864172818 29.84251968503937
    endloop
  endfacet
  facet normal 0 0 1
    outer loop
      vertex 12.532231954080382 12.539514945599976 29.84251968503937
      vertex 12.894497641076253 12.807288864172818 29.84251968503937
      vertex 12.87488494831042 12.831186999192857 29.84251968503937
    endloop
  endfacet
  facet normal 0 0 1
    outer loop
      vertex 12.125984251968504 12.598425196850393 29.84251968503937
      vertex 12.831186999192857 12.87488494831042 29.84251968503937
      vertex 12.807288864172818 12.894497641076253 29.84251968503937
    endloop
  endfacet
  facet normal 0 0 1
    outer loop
      vertex 12.562462771384734 12.306779574338846 29.84251968503937
      vertex 12.928830899415523 12.755905511811024 29.84251968503937
      vertex 12.912505328596577 12.782159165193246 29.84251968503937
    endloop
  endfacet
  facet normal 0 1 0
    outer loop
      vertex 12.314300425263173 12.559055118110235 29.84251968503937
      vertex 12.314300425263173 12.559055118110235 30.31496062992126
      vertex 12.48031496062992 12.559055118110235 30.31496062992126
    endloop
  endfacet
  facet normal -0.41270703521358104 -0.9108638224703053 0
    outer loop
      vertex 12.314300425263173 12.559055118110235 29.84251968503937
      vertex 12.334939538552536 12.549703657392442 30.62992125984252
      vertex 12.314300425263173 12.559055118110235 30.31496062992126
    endloop
  endfacet
  facet normal -0.29028467382059114 -0.9569403367738624 0
    outer loop
      vertex 12.248260966084136 12.582327162069598 30.31496062992126
      vertex 12.277845416775369 12.573352817181997 30.31496062992126
      vertex 12.248260966084136 12.582327162069598 30.62992125984252
    endloop
  endfacet
  facet normal -0.22707626272697826 -0.9738769793490082 0
    outer loop
      vertex 12.248260966084136 12.582327162069598 30.31496062992126
      vertex 12.248260966084136 12.582327162069598 30.62992125984252
      vertex 12.218152907948324 12.589347376598148 30.62992125984252
    endloop
  endfacet
  facet normal -0.29028467382059114 -0.9569403367738624 0
    outer loop
      vertex 12.277845416775369 12.573352817181997 30.31496062992126
      vertex 12.277845416775369 12.573352817181997 30.62992125984252
      vertex 12.248260966084136 12.582327162069598 30.62992125984252
    endloop
  endfacet
  facet normal -0.3522500484062581 -0.9359059265747753 0
    outer loop
      vertex 12.277845416775369 12.573352817181997 30.31496062992126
      vertex 12.306779574338846 12.562462771384734 30.31496062992126
      vertex 12.277845416775369 12.573352817181997 30.62992125984252
    endloop
  endfacet
  facet normal -0.41270703521365026 -0.910863822470274 0
    outer loop
      vertex 12.306779574338846 12.562462771384734 30.31496062992126
      vertex 12.314300425263173 12.559055118110235 30.31496062992126
      vertex 12.306779574338846 12.562462771384734 30.62992125984252
    endloop
  endfacet
  facet normal -0.3522500484062581 -0.9359059265747753 0
    outer loop
      vertex 12.306779574338846 12.562462771384734 30.31496062992126
      vertex 12.306779574338846 12.562462771384734 30.62992125984252
      vertex 12.277845416775369 12.573352817181997 30.62992125984252
    endloop
  endfacet
  facet normal -0.4127070352135996 -0.910863822470297 1.460026903991015e-15
    outer loop
      vertex 12.314300425263173 12.559055118110235 30.31496062992126
      vertex 12.334939538552536 12.549703657392442 30.62992125984252
      vertex 12.306779574338846 12.562462771384734 30.62992125984252
    endloop
  endfacet
  facet normal -0.9738769793490082 -0.22707626272697826 0
    outer loop
      vertex 12.582327162069598 12.248260966084136 30.31496062992126
      vertex 12.589347376598148 12.218152907948324 30.31496062992126
      vertex 12.582327162069598 12.248260966084136 30.62992125984252
    endloop
  endfacet
  facet normal -0.9569403367738624 -0.29028467382059114 0
    outer loop
      vertex 12.582327162069598 12.248260966084136 30.31496062992126
      vertex 12.573352817181997 12.277845416775369 30.62992125984252
      vertex 12.573352817181997 12.277845416775369 30.31496062992126
    endloop
  endfacet
  facet normal -0.9569403367738624 -0.29028467382059114 0
    outer loop
      vertex 12.582327162069598 12.248260966084136 30.31496062992126
      vertex 12.582327162069598 12.248260966084136 30.62992125984252
      vertex 12.573352817181997 12.277845416775369 30.62992125984252
    endloop
  endfacet
  facet normal 0 0 -1
    outer loop
      vertex 12.559055118110235 12.314300425263173 30.31496062992126
      vertex 12.559055118110235 12.48031496062992 30.31496062992126
      vertex 12.562462771384734 12.306779574338846 30.31496062992126
    endloop
  endfacet
  facet normal -0.9359059265747753 -0.3522500484062581 0
    outer loop
      vertex 12.573352817181997 12.277845416775369 30.31496062992126
      vertex 12.562462771384734 12.306779574338846 30.62992125984252
      vertex 12.562462771384734 12.306779574338846 30.31496062992126
    endloop
  endfacet
  facet normal -0.910863822470274 -0.41270703521365026 0
    outer loop
      vertex 12.559055118110235 12.314300425263173 30.31496062992126
      vertex 12.562462771384734 12.306779574338846 30.31496062992126
      vertex 12.562462771384734 12.306779574338846 30.62992125984252
    endloop
  endfacet
  facet normal -0.910863822470297 -0.4127070352135996 1.460026903991015e-15
    outer loop
      vertex 12.559055118110235 12.314300425263173 30.31496062992126
      vertex 12.562462771384734 12.306779574338846 30.62992125984252
      vertex 12.549703657392442 12.334939538552536 30.62992125984252
    endloop
  endfacet
  facet normal -0.9359059265747753 -0.3522500484062581 0
    outer loop
      vertex 12.573352817181997 12.277845416775369 30.31496062992126
      vertex 12.573352817181997 12.277845416775369 30.62992125984252
      vertex 12.562462771384734 12.306779574338846 30.62992125984252
    endloop
  endfacet
  facet normal 0.032719087216940966 0.9994645873324828 0
    outer loop
      vertex 12.48031496062992 12.559055118110235 29.84251968503937
      vertex 12.48031496062992 12.559055118110235 30.31496062992126
      vertex 12.485464813378382 12.558886529364454 30.31496062992126
    endloop
  endfacet
  facet normal 1 0 0
    outer loop
      vertex 12.559055118110235 12.48031496062992 29.84251968503937
      vertex 12.559055118110235 12.48031496062992 30.31496062992126
      vertex 12.559055118110235 12.314300425263173 30.31496062992126
    endloop
  endfacet
  facet normal 0.9994645873324828 0.032719087216940966 0
    outer loop
      vertex 12.558886529364454 12.485464813378382 29.84251968503937
      vertex 12.558886529364454 12.485464813378382 30.31496062992126
      vertex 12.559055118110235 12.48031496062992 30.31496062992126
    endloop
  endfacet
  facet normal 0.16289544342213602 0.9866433370333504 0
    outer loop
      vertex 12.490592613581597 12.558381485012102 29.84251968503937
      vertex 12.490592613581597 12.558381485012102 30.31496062992126
      vertex 12.495676403439889 12.557542148068196 30.31496062992126
    endloop
  endfacet
  facet normal 0.09801716228047182 0.9951847245102207 0
    outer loop
      vertex 12.485464813378382 12.558886529364454 29.84251968503937
      vertex 12.485464813378382 12.558886529364454 30.31496062992126
      vertex 12.490592613581597 12.558381485012102 30.31496062992126
    endloop
  endfacet
  facet normal 0.3522500078340109 0.935905941845087 0
    outer loop
      vertex 12.505625154617734 12.554876388116615 29.84251968503937
      vertex 12.505625154617734 12.554876388116615 30.31496062992126
      vertex 12.510447514456088 12.553061380630403 30.31496062992126
    endloop
  endfacet
  facet normal 0.29028470252207583 0.9569403280673617 0
    outer loop
      vertex 12.50069441288475 12.556372112411214 29.84251968503937
      vertex 12.50069441288475 12.556372112411214 30.31496062992126
      vertex 12.505625154617734 12.554876388116615 30.31496062992126
    endloop
  endfacet
  facet normal 0.22707625522042016 0.9738769810992919 0
    outer loop
      vertex 12.495676403439889 12.557542148068196 29.84251968503937
      vertex 12.495676403439889 12.557542148068196 30.31496062992126
      vertex 12.50069441288475 12.556372112411214 30.31496062992126
    endloop
  endfacet
  facet normal 0.5280678201482535 0.8492022004940118 0
    outer loop
      vertex 12.519685039370078 12.548505937255273 29.84251968503937
      vertex 12.519685039370078 12.548505937255273 30.31496062992126
      vertex 12.524060648316004 12.545785008981003 30.31496062992126
    endloop
  endfacet
  facet normal 0.4713967233436382 0.8819212715548262 0
    outer loop
      vertex 12.515140841678372 12.550934861436135 29.84251968503937
      vertex 12.515140841678372 12.550934861436135 30.31496062992126
      vertex 12.519685039370078 12.548505937255273 30.31496062992126
    endloop
  endfacet
  facet normal 0.41270707740174406 0.910863803355096 0
    outer loop
      vertex 12.510447514456088 12.553061380630403 29.84251968503937
      vertex 12.510447514456088 12.553061380630403 30.31496062992126
      vertex 12.515140841678372 12.550934861436135 30.31496062992126
    endloop
  endfacet
  facet normal 0.683592343093566 0.7298640342309303 0
    outer loop
      vertex 12.532231954080382 12.539514945599976 29.84251968503937
      vertex 12.532231954080382 12.539514945599976 30.31496062992126
      vertex 12.535992659863055 12.535992659863055 30.31496062992126
    endloop
  endfacet
  facet normal 0.634393273334864 0.7730104622496882 0
    outer loop
      vertex 12.528248931479267 12.542783727678726 29.84251968503937
      vertex 12.528248931479267 12.542783727678726 30.31496062992126
      vertex 12.532231954080382 12.539514945599976 30.31496062992126
    endloop
  endfacet
  facet normal 0.5824777008613659 0.8128466817298681 0
    outer loop
      vertex 12.524060648316004 12.545785008981003 29.84251968503937
      vertex 12.524060648316004 12.545785008981003 30.31496062992126
      vertex 12.528248931479267 12.542783727678726 30.31496062992126
    endloop
  endfacet
  facet normal 0.9951847245102207 0.09801716228047182 0
    outer loop
      vertex 12.558381485012102 12.490592613581597 29.84251968503937
      vertex 12.558381485012102 12.490592613581597 30.31496062992126
      vertex 12.558886529364454 12.485464813378382 30.31496062992126
    endloop
  endfacet
  facet normal 0.9866433370333504 0.16289544342213602 0
    outer loop
      vertex 12.557542148068196 12.495676403439889 29.84251968503937
      vertex 12.557542148068196 12.495676403439889 30.31496062992126
      vertex 12.558381485012102 12.490592613581597 30.31496062992126
    endloop
  endfacet
  facet normal 0.9738769810992919 0.22707625522042016 0
    outer loop
      vertex 12.556372112411214 12.50069441288475 29.84251968503937
      vertex 12.556372112411214 12.50069441288475 30.31496062992126
      vertex 12.557542148068196 12.495676403439889 30.31496062992126
    endloop
  endfacet
  facet normal 0.9569403280673617 0.29028470252207583 0
    outer loop
      vertex 12.554876388116615 12.505625154617734 29.84251968503937
      vertex 12.554876388116615 12.505625154617734 30.31496062992126
      vertex 12.556372112411214 12.50069441288475 30.31496062992126
    endloop
  endfacet
  facet normal 0.935905941845087 0.3522500078340109 0
    outer loop
      vertex 12.553061380630403 12.510447514456088 29.84251968503937
      vertex 12.553061380630403 12.510447514456088 30.31496062992126
      vertex 12.554876388116615 12.505625154617734 30.31496062992126
    endloop
  endfacet
  facet normal 0.910863803355096 0.41270707740174406 0
    outer loop
      vertex 12.550934861436135 12.515140841678372 29.84251968503937
      vertex 12.550934861436135 12.515140841678372 30.31496062992126
      vertex 12.553061380630403 12.510447514456088 30.31496062992126
    endloop
  endfacet
  facet normal 0.8819212715548262 0.4713967233436382 0
    outer loop
      vertex 12.548505937255273 12.519685039370078 29.84251968503937
      vertex 12.548505937255273 12.519685039370078 30.31496062992126
      vertex 12.550934861436135 12.515140841678372 30.31496062992126
    endloop
  endfacet
  facet normal 0.8492022004940118 0.5280678201482535 0
    outer loop
      vertex 12.545785008981003 12.524060648316004 29.84251968503937
      vertex 12.545785008981003 12.524060648316004 30.31496062992126
      vertex 12.548505937255273 12.519685039370078 30.31496062992126
    endloop
  endfacet
  facet normal 0.8128466817298681 0.5824777008613659 0
    outer loop
      vertex 12.542783727678726 12.528248931479267 29.84251968503937
      vertex 12.542783727678726 12.528248931479267 30.31496062992126
      vertex 12.545785008981003 12.524060648316004 30.31496062992126
    endloop
  endfacet
  facet normal 0.7730104622496882 0.634393273334864 0
    outer loop
      vertex 12.539514945599976 12.532231954080382 29.84251968503937
      vertex 12.539514945599976 12.532231954080382 30.31496062992126
      vertex 12.542783727678726 12.528248931479267 30.31496062992126
    endloop
  endfacet
  facet normal 0.7298640342309303 0.683592343093566 0
    outer loop
      vertex 12.535992659863055 12.535992659863055 29.84251968503937
      vertex 12.535992659863055 12.535992659863055 30.31496062992126
      vertex 12.539514945599976 12.532231954080382 30.31496062992126
    endloop
  endfacet
  facet normal -0.16289547570604634 -0.9866433317032558 0
    outer loop
      vertex 12.18765016967856 12.594383399141586 30.31496062992126
      vertex 12.218152907948324 12.589347376598148 30.31496062992126
      vertex 12.18765016967856 12.594383399141586 30.62992125984252
    endloop
  endfacet
  facet normal -0.22707626272697826 -0.9738769793490082 0
    outer loop
      vertex 12.248260966084136 12.582327162069598 30.31496062992126
      vertex 12.218152907948324 12.589347376598148 30.62992125984252
      vertex 12.218152907948324 12.589347376598148 30.31496062992126
    endloop
  endfacet
  facet normal -0.16289547570604634 -0.9866433317032558 0
    outer loop
      vertex 12.218152907948324 12.589347376598148 30.31496062992126
      vertex 12.218152907948324 12.589347376598148 30.62992125984252
      vertex 12.18765016967856 12.594383399141586 30.62992125984252
    endloop
  endfacet
  facet normal 0 0 -1
    outer loop
      vertex 12.125984251968504 12.598425196850393 30.31496062992126
      vertex 12.807288864172818 12.894497641076253 30.31496062992126
      vertex 12.156883368165943 12.597413664375702 30.31496062992126
    endloop
  endfacet
  facet normal 0 0 -1
    outer loop
      vertex 12.248260966084136 12.582327162069598 30.31496062992126
      vertex 12.218152907948324 12.589347376598148 30.31496062992126
      vertex 12.831186999192857 12.87488494831042 30.31496062992126
    endloop
  endfacet
  facet normal 0 0 -1
    outer loop
      vertex 12.248260966084136 12.582327162069598 30.31496062992126
      vertex 12.831186999192857 12.87488494831042 30.31496062992126
      vertex 12.277845416775369 12.573352817181997 30.31496062992126
    endloop
  endfacet
  facet normal 0 0 -1
    outer loop
      vertex 12.277845416775369 12.573352817181997 30.31496062992126
      vertex 12.831186999192857 12.87488494831042 30.31496062992126
      vertex 12.306779574338846 12.562462771384734 30.31496062992126
    endloop
  endfacet
  facet normal 0 0 -1
    outer loop
      vertex 12.306779574338846 12.562462771384734 30.31496062992126
      vertex 12.831186999192857 12.87488494831042 30.31496062992126
      vertex 12.314300425263173 12.559055118110235 30.31496062992126
    endloop
  endfacet
  facet normal 0 0 -1
    outer loop
      vertex 12.156883368165943 12.597413664375702 30.31496062992126
      vertex 12.807288864172818 12.894497641076253 30.31496062992126
      vertex 12.18765016967856 12.594383399141586 30.31496062992126
    endloop
  endfacet
  facet normal 0 0 -1
    outer loop
      vertex 12.18765016967856 12.594383399141586 30.31496062992126
      vertex 12.807288864172818 12.894497641076253 30.31496062992126
      vertex 12.218152907948324 12.589347376598148 30.31496062992126
    endloop
  endfacet
  facet normal 0 0 -1
    outer loop
      vertex 12.314300425263173 12.559055118110235 30.31496062992126
      vertex 12.831186999192857 12.87488494831042 30.31496062992126
      vertex 12.48031496062992 12.559055118110235 30.31496062992126
    endloop
  endfacet
  facet normal 0 0 -1
    outer loop
      vertex 12.125984251968504 12.598425196850393 30.31496062992126
      vertex 12.70048036174042 12.95616355878631 30.31496062992126
      vertex 12.72864032595411 12.943404444794016 30.31496062992126
    endloop
  endfacet
  facet normal 0 0 -1
    outer loop
      vertex 12.125984251968504 12.598425196850393 30.31496062992126
      vertex 12.671546204176943 12.96705360458357 30.31496062992126
      vertex 12.70048036174042 12.95616355878631 30.31496062992126
    endloop
  endfacet
  facet normal 0 0 -1
    outer loop
      vertex 12.125984251968504 12.598425196850393 30.31496062992126
      vertex 12.755905511811024 12.928830899415523 30.31496062992126
      vertex 12.782159165193246 12.912505328596577 30.31496062992126
    endloop
  endfacet
  facet normal 0 0 -1
    outer loop
      vertex 12.125984251968504 12.598425196850393 30.31496062992126
      vertex 12.72864032595411 12.943404444794016 30.31496062992126
      vertex 12.755905511811024 12.928830899415523 30.31496062992126
    endloop
  endfacet
  facet normal 0 0 -1
    outer loop
      vertex 12.125984251968504 12.598425196850393 30.31496062992126
      vertex 12.782159165193246 12.912505328596577 30.31496062992126
      vertex 12.807288864172818 12.894497641076253 30.31496062992126
    endloop
  endfacet
  facet normal 0.03271908752727102 0.9994645873223237 0
    outer loop
      vertex 12.519685039370078 12.992125984251969 30.31496062992126
      vertex 12.550584155567519 12.991114451777278 31.023622047244093
      vertex 12.550584155567519 12.991114451777278 30.31496062992126
    endloop
  endfacet
  facet normal 0.09801713316420019 0.9951847273779233 0
    outer loop
      vertex 12.550584155567519 12.991114451777278 30.31496062992126
      vertex 12.581350957080135 12.98808418654316 31.023622047244093
      vertex 12.581350957080135 12.98808418654316 30.31496062992126
    endloop
  endfacet
  facet normal 0.03271908752727102 0.9994645873223237 0
    outer loop
      vertex 12.519685039370078 12.992125984251969 30.31496062992126
      vertex 12.519685039370078 12.992125984251969 31.023622047244093
      vertex 12.550584155567519 12.991114451777278 31.023622047244093
    endloop
  endfacet
  facet normal 0.09801713316420019 0.9951847273779233 0
    outer loop
      vertex 12.550584155567519 12.991114451777278 30.31496062992126
      vertex 12.550584155567519 12.991114451777278 31.023622047244093
      vertex 12.581350957080135 12.98808418654316 31.023622047244093
    endloop
  endfacet
  facet normal -0.9866433317032558 -0.16289547570604634 0
    outer loop
      vertex 12.594383399141586 12.18765016967856 30.31496062992126
      vertex 12.589347376598148 12.218152907948324 30.62992125984252
      vertex 12.589347376598148 12.218152907948324 30.31496062992126
    endloop
  endfacet
  facet normal -0.9866433317032558 -0.16289547570604634 0
    outer loop
      vertex 12.594383399141586 12.18765016967856 30.31496062992126
      vertex 12.594383399141586 12.18765016967856 30.62992125984252
      vertex 12.589347376598148 12.218152907948324 30.62992125984252
    endloop
  endfacet
  facet normal -0.9738769793490082 -0.22707626272697826 0
    outer loop
      vertex 12.582327162069598 12.248260966084136 30.62992125984252
      vertex 12.589347376598148 12.218152907948324 30.31496062992126
      vertex 12.589347376598148 12.218152907948324 30.62992125984252
    endloop
  endfacet
  facet normal 0 0 -1
    outer loop
      vertex 12.598425196850393 12.125984251968504 30.31496062992126
      vertex 12.597413664375702 12.156883368165943 30.31496062992126
      vertex 12.912505328596577 12.782159165193246 30.31496062992126
    endloop
  endfacet
  facet normal 0 0 -1
    outer loop
      vertex 12.597413664375702 12.156883368165943 30.31496062992126
      vertex 12.594383399141586 12.18765016967856 30.31496062992126
      vertex 12.912505328596577 12.782159165193246 30.31496062992126
    endloop
  endfacet
  facet normal 0 0 -1
    outer loop
      vertex 12.573352817181997 12.277845416775369 30.31496062992126
      vertex 12.562462771384734 12.306779574338846 30.31496062992126
      vertex 12.912505328596577 12.782159165193246 30.31496062992126
    endloop
  endfacet
  facet normal 0 0 -1
    outer loop
      vertex 12.562462771384734 12.306779574338846 30.31496062992126
      vertex 12.559055118110235 12.48031496062992 30.31496062992126
      vertex 12.894497641076253 12.807288864172818 30.31496062992126
    endloop
  endfacet
  facet normal 0 0 -1
    outer loop
      vertex 12.594383399141586 12.18765016967856 30.31496062992126
      vertex 12.589347376598148 12.218152907948324 30.31496062992126
      vertex 12.912505328596577 12.782159165193246 30.31496062992126
    endloop
  endfacet
  facet normal 0 0 -1
    outer loop
      vertex 12.582327162069598 12.248260966084136 30.31496062992126
      vertex 12.912505328596577 12.782159165193246 30.31496062992126
      vertex 12.589347376598148 12.218152907948324 30.31496062992126
    endloop
  endfacet
  facet normal 0 0 -1
    outer loop
      vertex 12.582327162069598 12.248260966084136 30.31496062992126
      vertex 12.573352817181997 12.277845416775369 30.31496062992126
      vertex 12.912505328596577 12.782159165193246 30.31496062992126
    endloop
  endfacet
  facet normal 0 0 -1
    outer loop
      vertex 12.598425196850393 12.125984251968504 30.31496062992126
      vertex 12.98808418654316 12.581350957080135 30.31496062992126
      vertex 12.992125984251969 12.519685039370078 30.31496062992126
    endloop
  endfacet
  facet normal 0 0 -1
    outer loop
      vertex 12.598425196850393 12.125984251968504 30.31496062992126
      vertex 12.983048163999722 12.6118536953499 30.31496062992126
      vertex 12.98808418654316 12.581350957080135 30.31496062992126
    endloop
  endfacet
  facet normal 0 0 -1
    outer loop
      vertex 12.598425196850393 12.125984251968504 30.31496062992126
      vertex 12.96705360458357 12.671546204176943 30.31496062992126
      vertex 12.976027949471174 12.64196175348571 30.31496062992126
    endloop
  endfacet
  facet normal 0 0 -1
    outer loop
      vertex 12.598425196850393 12.125984251968504 30.31496062992126
      vertex 12.976027949471174 12.64196175348571 30.31496062992126
      vertex 12.983048163999722 12.6118536953499 30.31496062992126
    endloop
  endfacet
  facet normal 0 0 -1
    outer loop
      vertex 12.598425196850393 12.125984251968504 30.31496062992126
      vertex 12.943404444794016 12.72864032595411 30.31496062992126
      vertex 12.95616355878631 12.70048036174042 30.31496062992126
    endloop
  endfacet
  facet normal 0 0 -1
    outer loop
      vertex 12.598425196850393 12.125984251968504 30.31496062992126
      vertex 12.912505328596577 12.782159165193246 30.31496062992126
      vertex 12.928830899415523 12.755905511811024 30.31496062992126
    endloop
  endfacet
  facet normal 0 0 -1
    outer loop
      vertex 12.598425196850393 12.125984251968504 30.31496062992126
      vertex 12.928830899415523 12.755905511811024 30.31496062992126
      vertex 12.943404444794016 12.72864032595411 30.31496062992126
    endloop
  endfacet
  facet normal 0 0 -1
    outer loop
      vertex 12.598425196850393 12.125984251968504 30.31496062992126
      vertex 12.95616355878631 12.70048036174042 30.31496062992126
      vertex 12.96705360458357 12.671546204176943 30.31496062992126
    endloop
  endfacet
  facet normal 0 0 -1
    outer loop
      vertex 12.992125984251969 12.519685039370078 30.31496062992126
      vertex 12.98808418654316 12.581350957080135 30.31496062992126
      vertex 12.991114451777278 12.550584155567519 30.31496062992126
    endloop
  endfacet
  facet normal 0.9994645873223237 0.03271908752727102 0
    outer loop
      vertex 12.992125984251969 12.519685039370078 30.31496062992126
      vertex 12.991114451777278 12.550584155567519 30.31496062992126
      vertex 12.992125984251969 12.519685039370078 31.023622047244093
    endloop
  endfacet
  facet normal 0.9951847273779233 0.09801713316420019 0
    outer loop
      vertex 12.991114451777278 12.550584155567519 30.31496062992126
      vertex 12.98808418654316 12.581350957080135 30.31496062992126
      vertex 12.991114451777278 12.550584155567519 31.023622047244093
    endloop
  endfacet
  facet normal 0.9994645873223237 0.03271908752727102 0
    outer loop
      vertex 12.991114451777278 12.550584155567519 30.31496062992126
      vertex 12.991114451777278 12.550584155567519 31.023622047244093
      vertex 12.992125984251969 12.519685039370078 31.023622047244093
    endloop
  endfacet
  facet normal 0.9951847273779233 0.09801713316420019 0
    outer loop
      vertex 12.98808418654316 12.581350957080135 30.31496062992126
      vertex 12.98808418654316 12.581350957080135 31.023622047244093
      vertex 12.991114451777278 12.550584155567519 31.023622047244093
    endloop
  endfacet
  facet normal 0 0 -1
    outer loop
      vertex 12.490592613581597 12.558381485012102 30.31496062992126
      vertex 12.485464813378382 12.558886529364454 30.31496062992126
      vertex 12.853751235062212 12.853751235062212 30.31496062992126
    endloop
  endfacet
  facet normal 0 0 -1
    outer loop
      vertex 12.48031496062992 12.559055118110235 30.31496062992126
      vertex 12.853751235062212 12.853751235062212 30.31496062992126
      vertex 12.485464813378382 12.558886529364454 30.31496062992126
    endloop
  endfacet
  facet normal 0 0 -1
    outer loop
      vertex 12.495676403439889 12.557542148068196 30.31496062992126
      vertex 12.490592613581597 12.558381485012102 30.31496062992126
      vertex 12.853751235062212 12.853751235062212 30.31496062992126
    endloop
  endfacet
  facet normal 0 0 -1
    outer loop
      vertex 12.528248931479267 12.542783727678726 30.31496062992126
      vertex 12.524060648316004 12.545785008981003 30.31496062992126
      vertex 12.853751235062212 12.853751235062212 30.31496062992126
    endloop
  endfacet
  facet normal 0 0 -1
    outer loop
      vertex 12.519685039370078 12.548505937255273 30.31496062992126
      vertex 12.853751235062212 12.853751235062212 30.31496062992126
      vertex 12.524060648316004 12.545785008981003 30.31496062992126
    endloop
  endfacet
  facet normal 0 0 -1
    outer loop
      vertex 12.519685039370078 12.548505937255273 30.31496062992126
      vertex 12.515140841678372 12.550934861436135 30.31496062992126
      vertex 12.853751235062212 12.853751235062212 30.31496062992126
    endloop
  endfacet
  facet normal 0 0 -1
    outer loop
      vertex 12.515140841678372 12.550934861436135 30.31496062992126
      vertex 12.510447514456088 12.553061380630403 30.31496062992126
      vertex 12.853751235062212 12.853751235062212 30.31496062992126
    endloop
  endfacet
  facet normal 0 0 -1
    outer loop
      vertex 12.505625154617734 12.554876388116615 30.31496062992126
      vertex 12.853751235062212 12.853751235062212 30.31496062992126
      vertex 12.510447514456088 12.553061380630403 30.31496062992126
    endloop
  endfacet
  facet normal 0 0 -1
    outer loop
      vertex 12.505625154617734 12.554876388116615 30.31496062992126
      vertex 12.50069441288475 12.556372112411214 30.31496062992126
      vertex 12.853751235062212 12.853751235062212 30.31496062992126
    endloop
  endfacet
  facet normal 0 0 -1
    outer loop
      vertex 12.495676403439889 12.557542148068196 30.31496062992126
      vertex 12.853751235062212 12.853751235062212 30.31496062992126
      vertex 12.50069441288475 12.556372112411214 30.31496062992126
    endloop
  endfacet
  facet normal 0 0 -1
    outer loop
      vertex 12.556372112411214 12.50069441288475 30.31496062992126
      vertex 12.554876388116615 12.505625154617734 30.31496062992126
      vertex 12.87488494831042 12.831186999192857 30.31496062992126
    endloop
  endfacet
  facet normal 0 0 -1
    outer loop
      vertex 12.554876388116615 12.505625154617734 30.31496062992126
      vertex 12.553061380630403 12.510447514456088 30.31496062992126
      vertex 12.87488494831042 12.831186999192857 30.31496062992126
    endloop
  endfacet
  facet normal 0 0 -1
    outer loop
      vertex 12.553061380630403 12.510447514456088 30.31496062992126
      vertex 12.550934861436135 12.515140841678372 30.31496062992126
      vertex 12.87488494831042 12.831186999192857 30.31496062992126
    endloop
  endfacet
  facet normal 0 0 -1
    outer loop
      vertex 12.550934861436135 12.515140841678372 30.31496062992126
      vertex 12.548505937255273 12.519685039370078 30.31496062992126
      vertex 12.87488494831042 12.831186999192857 30.31496062992126
    endloop
  endfacet
  facet normal 0 0 -1
    outer loop
      vertex 12.548505937255273 12.519685039370078 30.31496062992126
      vertex 12.545785008981003 12.524060648316004 30.31496062992126
      vertex 12.87488494831042 12.831186999192857 30.31496062992126
    endloop
  endfacet
  facet normal 0 0 -1
    outer loop
      vertex 12.545785008981003 12.524060648316004 30.31496062992126
      vertex 12.542783727678726 12.528248931479267 30.31496062992126
      vertex 12.87488494831042 12.831186999192857 30.31496062992126
    endloop
  endfacet
  facet normal 0 0 -1
    outer loop
      vertex 12.542783727678726 12.528248931479267 30.31496062992126
      vertex 12.539514945599976 12.532231954080382 30.31496062992126
      vertex 12.87488494831042 12.831186999192857 30.31496062992126
    endloop
  endfacet
  facet normal 0 0 -1
    outer loop
      vertex 12.532231954080382 12.539514945599976 30.31496062992126
      vertex 12.87488494831042 12.831186999192857 30.31496062992126
      vertex 12.535992659863055 12.535992659863055 30.31496062992126
    endloop
  endfacet
  facet normal 0 0 -1
    outer loop
      vertex 12.539514945599976 12.532231954080382 30.31496062992126
      vertex 12.535992659863055 12.535992659863055 30.31496062992126
      vertex 12.87488494831042 12.831186999192857 30.31496062992126
    endloop
  endfacet
  facet normal 0 0 -1
    outer loop
      vertex 12.559055118110235 12.48031496062992 30.31496062992126
      vertex 12.558886529364454 12.485464813378382 30.31496062992126
      vertex 12.87488494831042 12.831186999192857 30.31496062992126
    endloop
  endfacet
  facet normal 0 0 -1
    outer loop
      vertex 12.558886529364454 12.485464813378382 30.31496062992126
      vertex 12.558381485012102 12.490592613581597 30.31496062992126
      vertex 12.87488494831042 12.831186999192857 30.31496062992126
    endloop
  endfacet
  facet normal 0 0 -1
    outer loop
      vertex 12.558381485012102 12.490592613581597 30.31496062992126
      vertex 12.557542148068196 12.495676403439889 30.31496062992126
      vertex 12.87488494831042 12.831186999192857 30.31496062992126
    endloop
  endfacet
  facet normal 0 0 -1
    outer loop
      vertex 12.557542148068196 12.495676403439889 30.31496062992126
      vertex 12.556372112411214 12.50069441288475 30.31496062992126
      vertex 12.87488494831042 12.831186999192857 30.31496062992126
    endloop
  endfacet
  facet normal 0 0 -1
    outer loop
      vertex 12.532231954080382 12.539514945599976 30.31496062992126
      vertex 12.528248931479267 12.542783727678726 30.31496062992126
      vertex 12.853751235062212 12.853751235062212 30.31496062992126
    endloop
  endfacet
  facet normal 0 0 -1
    outer loop
      vertex 12.218152907948324 12.589347376598148 30.31496062992126
      vertex 12.807288864172818 12.894497641076253 30.31496062992126
      vertex 12.831186999192857 12.87488494831042 30.31496062992126
    endloop
  endfacet
  facet normal 0 0 -1
    outer loop
      vertex 12.48031496062992 12.559055118110235 30.31496062992126
      vertex 12.831186999192857 12.87488494831042 30.31496062992126
      vertex 12.853751235062212 12.853751235062212 30.31496062992126
    endloop
  endfacet
  facet normal 0 0 -1
    outer loop
      vertex 12.559055118110235 12.48031496062992 30.31496062992126
      vertex 12.87488494831042 12.831186999192857 30.31496062992126
      vertex 12.894497641076253 12.807288864172818 30.31496062992126
    endloop
  endfacet
  facet normal 0 0 -1
    outer loop
      vertex 12.532231954080382 12.539514945599976 30.31496062992126
      vertex 12.853751235062212 12.853751235062212 30.31496062992126
      vertex 12.87488494831042 12.831186999192857 30.31496062992126
    endloop
  endfacet
  facet normal 0 0 -1
    outer loop
      vertex 12.562462771384734 12.306779574338846 30.31496062992126
      vertex 12.894497641076253 12.807288864172818 30.31496062992126
      vertex 12.912505328596577 12.782159165193246 30.31496062992126
    endloop
  endfacet
  facet normal 0.1628954757060371 0.9866433317032574 0
    outer loop
      vertex 12.581350957080135 12.98808418654316 30.31496062992126
      vertex 12.6118536953499 12.983048163999722 31.023622047244093
      vertex 12.6118536953499 12.983048163999722 30.31496062992126
    endloop
  endfacet
  facet normal 0.22707626272693646 0.9738769793490178 0
    outer loop
      vertex 12.6118536953499 12.983048163999722 30.31496062992126
      vertex 12.64196175348571 12.976027949471174 31.023622047244093
      vertex 12.64196175348571 12.976027949471174 30.31496062992126
    endloop
  endfacet
  facet normal 0.29028467382064377 0.9569403367738464 0
    outer loop
      vertex 12.64196175348571 12.976027949471174 30.31496062992126
      vertex 12.671546204176943 12.96705360458357 31.023622047244093
      vertex 12.671546204176943 12.96705360458357 30.31496062992126
    endloop
  endfacet
  facet normal 0.3522500484062079 0.9359059265747943 0
    outer loop
      vertex 12.671546204176943 12.96705360458357 30.31496062992126
      vertex 12.70048036174042 12.95616355878631 31.023622047244093
      vertex 12.70048036174042 12.95616355878631 30.31496062992126
    endloop
  endfacet
  facet normal 0.41270703521364716 0.9108638224702754 0
    outer loop
      vertex 12.70048036174042 12.95616355878631 30.31496062992126
      vertex 12.72864032595411 12.943404444794016 31.023622047244093
      vertex 12.72864032595411 12.943404444794016 30.31496062992126
    endloop
  endfacet
  facet normal 0.4713967346675319 0.881921265502079 0
    outer loop
      vertex 12.72864032595411 12.943404444794016 30.31496062992126
      vertex 12.755905511811024 12.928830899415523 31.023622047244093
      vertex 12.755905511811024 12.928830899415523 30.31496062992126
    endloop
  endfacet
  facet normal 0.5280678517723407 0.8492021808288914 0
    outer loop
      vertex 12.755905511811024 12.928830899415523 30.31496062992126
      vertex 12.782159165193246 12.912505328596577 31.023622047244093
      vertex 12.782159165193246 12.912505328596577 30.31496062992126
    endloop
  endfacet
  facet normal 0.1628954757060371 0.9866433317032574 0
    outer loop
      vertex 12.581350957080135 12.98808418654316 30.31496062992126
      vertex 12.581350957080135 12.98808418654316 31.023622047244093
      vertex 12.6118536953499 12.983048163999722 31.023622047244093
    endloop
  endfacet
  facet normal 0.22707626272693646 0.9738769793490178 0
    outer loop
      vertex 12.6118536953499 12.983048163999722 30.31496062992126
      vertex 12.6118536953499 12.983048163999722 31.023622047244093
      vertex 12.64196175348571 12.976027949471174 31.023622047244093
    endloop
  endfacet
  facet normal 0.29028467382064377 0.9569403367738464 0
    outer loop
      vertex 12.64196175348571 12.976027949471174 30.31496062992126
      vertex 12.64196175348571 12.976027949471174 31.023622047244093
      vertex 12.671546204176943 12.96705360458357 31.023622047244093
    endloop
  endfacet
  facet normal 0.3522500484062079 0.9359059265747943 0
    outer loop
      vertex 12.671546204176943 12.96705360458357 30.31496062992126
      vertex 12.671546204176943 12.96705360458357 31.023622047244093
      vertex 12.70048036174042 12.95616355878631 31.023622047244093
    endloop
  endfacet
  facet normal 0.4713967346675319 0.881921265502079 0
    outer loop
      vertex 12.72864032595411 12.943404444794016 30.31496062992126
      vertex 12.72864032595411 12.943404444794016 31.023622047244093
      vertex 12.755905511811024 12.928830899415523 31.023622047244093
    endloop
  endfacet
  facet normal 0.41270703521364716 0.9108638224702754 0
    outer loop
      vertex 12.70048036174042 12.95616355878631 30.31496062992126
      vertex 12.70048036174042 12.95616355878631 31.023622047244093
      vertex 12.72864032595411 12.943404444794016 31.023622047244093
    endloop
  endfacet
  facet normal 0.5280678517723407 0.8492021808288914 0
    outer loop
      vertex 12.755905511811024 12.928830899415523 30.31496062992126
      vertex 12.755905511811024 12.928830899415523 31.023622047244093
      vertex 12.782159165193246 12.912505328596577 31.023622047244093
    endloop
  endfacet
  facet normal 0.9866433317032574 0.1628954757060371 0
    outer loop
      vertex 12.98808418654316 12.581350957080135 30.31496062992126
      vertex 12.983048163999722 12.6118536953499 30.31496062992126
      vertex 12.98808418654316 12.581350957080135 31.023622047244093
    endloop
  endfacet
  facet normal 0.9738769793490178 0.22707626272693646 0
    outer loop
      vertex 12.983048163999722 12.6118536953499 30.31496062992126
      vertex 12.976027949471174 12.64196175348571 30.31496062992126
      vertex 12.983048163999722 12.6118536953499 31.023622047244093
    endloop
  endfacet
  facet normal 0.9359059265747943 0.3522500484062079 0
    outer loop
      vertex 12.96705360458357 12.671546204176943 30.31496062992126
      vertex 12.95616355878631 12.70048036174042 30.31496062992126
      vertex 12.96705360458357 12.671546204176943 31.023622047244093
    endloop
  endfacet
  facet normal 0.9569403367738464 0.29028467382064377 0
    outer loop
      vertex 12.976027949471174 12.64196175348571 30.31496062992126
      vertex 12.96705360458357 12.671546204176943 30.31496062992126
      vertex 12.976027949471174 12.64196175348571 31.023622047244093
    endloop
  endfacet
  facet normal 0.881921265502079 0.4713967346675319 0
    outer loop
      vertex 12.928830899415523 12.755905511811024 30.31496062992126
      vertex 12.943404444794016 12.72864032595411 31.023622047244093
      vertex 12.943404444794016 12.72864032595411 30.31496062992126
    endloop
  endfacet
  facet normal 0.8492021808288914 0.5280678517723407 0
    outer loop
      vertex 12.912505328596577 12.782159165193246 30.31496062992126
      vertex 12.928830899415523 12.755905511811024 31.023622047244093
      vertex 12.928830899415523 12.755905511811024 30.31496062992126
    endloop
  endfacet
  facet normal 0.9108638224702754 0.41270703521364716 0
    outer loop
      vertex 12.95616355878631 12.70048036174042 30.31496062992126
      vertex 12.943404444794016 12.72864032595411 30.31496062992126
      vertex 12.95616355878631 12.70048036174042 31.023622047244093
    endloop
  endfacet
  facet normal 0.9866433317032574 0.1628954757060371 0
    outer loop
      vertex 12.98808418654316 12.581350957080135 31.023622047244093
      vertex 12.983048163999722 12.6118536953499 30.31496062992126
      vertex 12.983048163999722 12.6118536953499 31.023622047244093
    endloop
  endfacet
  facet normal 0.9738769793490178 0.22707626272693646 0
    outer loop
      vertex 12.976027949471174 12.64196175348571 30.31496062992126
      vertex 12.976027949471174 12.64196175348571 31.023622047244093
      vertex 12.983048163999722 12.6118536953499 31.023622047244093
    endloop
  endfacet
  facet normal 0.9569403367738464 0.29028467382064377 0
    outer loop
      vertex 12.96705360458357 12.671546204176943 30.31496062992126
      vertex 12.96705360458357 12.671546204176943 31.023622047244093
      vertex 12.976027949471174 12.64196175348571 31.023622047244093
    endloop
  endfacet
  facet normal 0.881921265502079 0.4713967346675319 0
    outer loop
      vertex 12.928830899415523 12.755905511811024 30.31496062992126
      vertex 12.928830899415523 12.755905511811024 31.023622047244093
      vertex 12.943404444794016 12.72864032595411 31.023622047244093
    endloop
  endfacet
  facet normal 0.8492021808288914 0.5280678517723407 0
    outer loop
      vertex 12.912505328596577 12.782159165193246 30.31496062992126
      vertex 12.912505328596577 12.782159165193246 31.023622047244093
      vertex 12.928830899415523 12.755905511811024 31.023622047244093
    endloop
  endfacet
  facet normal 0.9359059265747943 0.3522500484062079 0
    outer loop
      vertex 12.95616355878631 12.70048036174042 30.31496062992126
      vertex 12.95616355878631 12.70048036174042 31.023622047244093
      vertex 12.96705360458357 12.671546204176943 31.023622047244093
    endloop
  endfacet
  facet normal 0.9108638224702754 0.41270703521364716 0
    outer loop
      vertex 12.943404444794016 12.72864032595411 30.31496062992126
      vertex 12.943404444794016 12.72864032595411 31.023622047244093
      vertex 12.95616355878631 12.70048036174042 31.023622047244093
    endloop
  endfacet
  facet normal 0.6343932883100776 0.7730104499598479 0
    outer loop
      vertex 12.831186999192857 12.87488494831042 30.31496062992126
      vertex 12.807288864172818 12.894497641076253 30.31496062992126
      vertex 12.831186999192857 12.87488494831042 31.023622047244093
    endloop
  endfacet
  facet normal 0.7730104499598479 0.6343932883100776 0
    outer loop
      vertex 12.87488494831042 12.831186999192857 30.31496062992126
      vertex 12.894497641076253 12.807288864172818 31.023622047244093
      vertex 12.894497641076253 12.807288864172818 30.31496062992126
    endloop
  endfacet
  facet normal 0.7298640709013708 0.6835923039409373 0
    outer loop
      vertex 12.87488494831042 12.831186999192857 30.31496062992126
      vertex 12.853751235062212 12.853751235062212 30.31496062992126
      vertex 12.87488494831042 12.831186999192857 31.023622047244093
    endloop
  endfacet
  facet normal 0.6835923039409373 0.7298640709013708 0
    outer loop
      vertex 12.831186999192857 12.87488494831042 30.31496062992126
      vertex 12.853751235062212 12.853751235062212 31.023622047244093
      vertex 12.853751235062212 12.853751235062212 30.31496062992126
    endloop
  endfacet
  facet normal 0.5824776945923181 0.812846686222204 0
    outer loop
      vertex 12.782159165193246 12.912505328596577 30.31496062992126
      vertex 12.807288864172818 12.894497641076253 31.023622047244093
      vertex 12.807288864172818 12.894497641076253 30.31496062992126
    endloop
  endfacet
  facet normal 0.812846686222204 0.5824776945923181 0
    outer loop
      vertex 12.912505328596577 12.782159165193246 30.31496062992126
      vertex 12.894497641076253 12.807288864172818 30.31496062992126
      vertex 12.912505328596577 12.782159165193246 31.023622047244093
    endloop
  endfacet
  facet normal 0.6835923039409373 0.7298640709013708 0
    outer loop
      vertex 12.831186999192857 12.87488494831042 30.31496062992126
      vertex 12.831186999192857 12.87488494831042 31.023622047244093
      vertex 12.853751235062212 12.853751235062212 31.023622047244093
    endloop
  endfacet
  facet normal 0.6343932883100776 0.7730104499598479 0
    outer loop
      vertex 12.807288864172818 12.894497641076253 30.31496062992126
      vertex 12.807288864172818 12.894497641076253 31.023622047244093
      vertex 12.831186999192857 12.87488494831042 31.023622047244093
    endloop
  endfacet
  facet normal 0.7730104499598479 0.6343932883100776 0
    outer loop
      vertex 12.87488494831042 12.831186999192857 30.31496062992126
      vertex 12.87488494831042 12.831186999192857 31.023622047244093
      vertex 12.894497641076253 12.807288864172818 31.023622047244093
    endloop
  endfacet
  facet normal 0.7298640709013708 0.6835923039409373 0
    outer loop
      vertex 12.853751235062212 12.853751235062212 30.31496062992126
      vertex 12.853751235062212 12.853751235062212 31.023622047244093
      vertex 12.87488494831042 12.831186999192857 31.023622047244093
    endloop
  endfacet
  facet normal 0.5824776945923181 0.812846686222204 0
    outer loop
      vertex 12.782159165193246 12.912505328596577 30.31496062992126
      vertex 12.782159165193246 12.912505328596577 31.023622047244093
      vertex 12.807288864172818 12.894497641076253 31.023622047244093
    endloop
  endfacet
  facet normal 0.812846686222204 0.5824776945923181 0
    outer loop
      vertex 12.894497641076253 12.807288864172818 30.31496062992126
      vertex 12.894497641076253 12.807288864172818 31.023622047244093
      vertex 12.912505328596577 12.782159165193246 31.023622047244093
    endloop
  endfacet
  facet normal -0.773010460260321 -0.6343932757589148 0
    outer loop
      vertex -10.768194647403213 -10.715869381202488 0
      vertex -10.756427032037044 -10.730208262331843 0
      vertex -10.768194647403213 -10.715869381202488 2.677165354330709
    endloop
  endfacet
  facet normal -0.8492021794105769 -0.5280678540531759 0
    outer loop
      vertex -10.788794602524108 -10.685039370020075 0
      vertex -10.778999259974073 -10.700791562049407 0
      vertex -10.788794602524108 -10.685039370020075 2.677165354330709
    endloop
  endfacet
  facet normal -0.8819212669076598 -0.4713967320378751 0
    outer loop
      vertex -10.788794602524108 -10.685039370020075 0
      vertex -10.797538729751205 -10.668680258388594 2.677165354330709
      vertex -10.797538729751205 -10.668680258388594 0
    endloop
  endfacet
  facet normal -0.812846680432667 -0.5824777026716077 0
    outer loop
      vertex -10.778999259974073 -10.700791562049407 0
      vertex -10.768194647403213 -10.715869381202488 0
      vertex -10.778999259974073 -10.700791562049407 2.677165354330709
    endloop
  endfacet
  facet normal -0.9569403347502414 -0.29028468049157496 0
    outer loop
      vertex -10.817112832616164 -10.61667311496622 0
      vertex -10.81172822556627 -10.634423785322294 0
      vertex -10.817112832616164 -10.61667311496622 2.677165354330709
    endloop
  endfacet
  facet normal -0.9738769816103373 -0.22707625302866588 0
    outer loop
      vertex -10.817112832616164 -10.61667311496622 0
      vertex -10.821324961157295 -10.598608280026069 2.677165354330709
      vertex -10.821324961157295 -10.598608280026069 0
    endloop
  endfacet
  facet normal -0.9866433320437074 -0.1628954736439615 0
    outer loop
      vertex -10.821324961157295 -10.598608280026069 0
      vertex -10.824346574624693 -10.580306637181542 2.677165354330709
      vertex -10.824346574624693 -10.580306637181542 0
    endloop
  endfacet
  facet normal -0.9951847264524153 -0.09801714256104141 0
    outer loop
      vertex -10.824346574624693 -10.580306637181542 0
      vertex -10.82616473394116 -10.56184655627397 2.677165354330709
      vertex -10.82616473394116 -10.56184655627397 0
    endloop
  endfacet
  facet normal -0.9359059269672287 -0.3522500473635345 0
    outer loop
      vertex -10.81172822556627 -10.634423785322294 0
      vertex -10.805194198087914 -10.651784279919045 0
      vertex -10.81172822556627 -10.634423785322294 2.677165354330709
    endloop
  endfacet
  facet normal -0.910863823120519 -0.41270703377852924 0
    outer loop
      vertex -10.797538729751205 -10.668680258388594 0
      vertex -10.805194198087914 -10.651784279919045 2.677165354330709
      vertex -10.805194198087914 -10.651784279919045 0
    endloop
  endfacet
  facet normal -0.6343932757589148 -0.773010460260321 0
    outer loop
      vertex -10.730208262331843 -10.756427032037044 0
      vertex -10.715869381202488 -10.768194647403213 0
      vertex -10.730208262331843 -10.756427032037044 2.677165354330709
    endloop
  endfacet
  facet normal -0.5824777026716077 -0.812846680432667 0
    outer loop
      vertex -10.715869381202488 -10.768194647403213 0
      vertex -10.700791562049407 -10.778999259974073 0
      vertex -10.715869381202488 -10.768194647403213 2.677165354330709
    endloop
  endfacet
  facet normal -0.5280678540531759 -0.8492021794105769 0
    outer loop
      vertex -10.700791562049407 -10.778999259974073 0
      vertex -10.685039370020075 -10.788794602524108 0
      vertex -10.700791562049407 -10.778999259974073 2.677165354330709
    endloop
  endfacet
  facet normal -0.4713967320378751 -0.8819212669076598 0
    outer loop
      vertex -10.685039370020075 -10.788794602524108 0
      vertex -10.668680258388594 -10.797538729751205 0
      vertex -10.685039370020075 -10.788794602524108 2.677165354330709
    endloop
  endfacet
  facet normal -0.41270703377852924 -0.910863823120519 0
    outer loop
      vertex -10.668680258388594 -10.797538729751205 0
      vertex -10.651784279919045 -10.805194198087914 0
      vertex -10.668680258388594 -10.797538729751205 2.677165354330709
    endloop
  endfacet
  facet normal -0.29028468049157496 -0.9569403347502414 0
    outer loop
      vertex -10.634423785322294 -10.81172822556627 0
      vertex -10.61667311496622 -10.817112832616164 0
      vertex -10.634423785322294 -10.81172822556627 2.677165354330709
    endloop
  endfacet
  facet normal -0.22707625302866588 -0.9738769816103373 0
    outer loop
      vertex -10.61667311496622 -10.817112832616164 0
      vertex -10.598608280026069 -10.821324961157295 0
      vertex -10.61667311496622 -10.817112832616164 2.677165354330709
    endloop
  endfacet
  facet normal -0.3522500473635345 -0.9359059269672287 0
    outer loop
      vertex -10.651784279919045 -10.805194198087914 0
      vertex -10.634423785322294 -10.81172822556627 0
      vertex -10.651784279919045 -10.805194198087914 2.677165354330709
    endloop
  endfacet
  facet normal -0.1628954736439615 -0.9866433320437074 0
    outer loop
      vertex -10.598608280026069 -10.821324961157295 0
      vertex -10.580306637181542 -10.824346574624693 0
      vertex -10.598608280026069 -10.821324961157295 2.677165354330709
    endloop
  endfacet
  facet normal -0.09801714256104141 -0.9951847264524153 0
    outer loop
      vertex -10.580306637181542 -10.824346574624693 0
      vertex -10.56184655627397 -10.82616473394116 0
      vertex -10.580306637181542 -10.824346574624693 2.677165354330709
    endloop
  endfacet
  facet normal -0.7298640645895024 -0.6835923106800504 0
    outer loop
      vertex -10.743746803853455 -10.743746803853455 0
      vertex -10.756427032037044 -10.730208262331843 2.677165354330709
      vertex -10.756427032037044 -10.730208262331843 0
    endloop
  endfacet
  facet normal -0.6835923106800504 -0.7298640645895024 0
    outer loop
      vertex -10.743746803853455 -10.743746803853455 0
      vertex -10.730208262331843 -10.756427032037044 0
      vertex -10.743746803853455 -10.743746803853455 2.677165354330709
    endloop
  endfacet
  facet normal -0.812846680432667 -0.5824777026716077 0
    outer loop
      vertex -10.768194647403213 -10.715869381202488 0
      vertex -10.768194647403213 -10.715869381202488 2.677165354330709
      vertex -10.778999259974073 -10.700791562049407 2.677165354330709
    endloop
  endfacet
  facet normal -0.773010460260321 -0.6343932757589148 0
    outer loop
      vertex -10.756427032037044 -10.730208262331843 0
      vertex -10.756427032037044 -10.730208262331843 2.677165354330709
      vertex -10.768194647403213 -10.715869381202488 2.677165354330709
    endloop
  endfacet
  facet normal -0.8819212669076598 -0.4713967320378751 0
    outer loop
      vertex -10.788794602524108 -10.685039370020075 0
      vertex -10.788794602524108 -10.685039370020075 2.677165354330709
      vertex -10.797538729751205 -10.668680258388594 2.677165354330709
    endloop
  endfacet
  facet normal -0.910863823120519 -0.41270703377852924 0
    outer loop
      vertex -10.797538729751205 -10.668680258388594 0
      vertex -10.797538729751205 -10.668680258388594 2.677165354330709
      vertex -10.805194198087914 -10.651784279919045 2.677165354330709
    endloop
  endfacet
  facet normal -0.8492021794105769 -0.5280678540531759 0
    outer loop
      vertex -10.778999259974073 -10.700791562049407 0
      vertex -10.778999259974073 -10.700791562049407 2.677165354330709
      vertex -10.788794602524108 -10.685039370020075 2.677165354330709
    endloop
  endfacet
  facet normal -0.9569403347502414 -0.29028468049157496 0
    outer loop
      vertex -10.81172822556627 -10.634423785322294 0
      vertex -10.81172822556627 -10.634423785322294 2.677165354330709
      vertex -10.817112832616164 -10.61667311496622 2.677165354330709
    endloop
  endfacet
  facet normal -0.9738769816103373 -0.22707625302866588 0
    outer loop
      vertex -10.817112832616164 -10.61667311496622 0
      vertex -10.817112832616164 -10.61667311496622 2.677165354330709
      vertex -10.821324961157295 -10.598608280026069 2.677165354330709
    endloop
  endfacet
  facet normal -0.9866433320437074 -0.1628954736439615 0
    outer loop
      vertex -10.821324961157295 -10.598608280026069 0
      vertex -10.821324961157295 -10.598608280026069 2.677165354330709
      vertex -10.824346574624693 -10.580306637181542 2.677165354330709
    endloop
  endfacet
  facet normal -0.9951847264524153 -0.09801714256104141 0
    outer loop
      vertex -10.824346574624693 -10.580306637181542 0
      vertex -10.824346574624693 -10.580306637181542 2.677165354330709
      vertex -10.82616473394116 -10.56184655627397 2.677165354330709
    endloop
  endfacet
  facet normal -0.9359059269672287 -0.3522500473635345 0
    outer loop
      vertex -10.805194198087914 -10.651784279919045 0
      vertex -10.805194198087914 -10.651784279919045 2.677165354330709
      vertex -10.81172822556627 -10.634423785322294 2.677165354330709
    endloop
  endfacet
  facet normal -0.6343932757589148 -0.773010460260321 0
    outer loop
      vertex -10.715869381202488 -10.768194647403213 0
      vertex -10.715869381202488 -10.768194647403213 2.677165354330709
      vertex -10.730208262331843 -10.756427032037044 2.677165354330709
    endloop
  endfacet
  facet normal -0.5280678540531759 -0.8492021794105769 0
    outer loop
      vertex -10.685039370020075 -10.788794602524108 0
      vertex -10.685039370020075 -10.788794602524108 2.677165354330709
      vertex -10.700791562049407 -10.778999259974073 2.677165354330709
    endloop
  endfacet
  facet normal -0.5824777026716077 -0.812846680432667 0
    outer loop
      vertex -10.700791562049407 -10.778999259974073 0
      vertex -10.700791562049407 -10.778999259974073 2.677165354330709
      vertex -10.715869381202488 -10.768194647403213 2.677165354330709
    endloop
  endfacet
  facet normal -0.4713967320378751 -0.8819212669076598 0
    outer loop
      vertex -10.668680258388594 -10.797538729751205 0
      vertex -10.668680258388594 -10.797538729751205 2.677165354330709
      vertex -10.685039370020075 -10.788794602524108 2.677165354330709
    endloop
  endfacet
  facet normal -0.29028468049157496 -0.9569403347502414 0
    outer loop
      vertex -10.61667311496622 -10.817112832616164 0
      vertex -10.61667311496622 -10.817112832616164 2.677165354330709
      vertex -10.634423785322294 -10.81172822556627 2.677165354330709
    endloop
  endfacet
  facet normal -0.3522500473635345 -0.9359059269672287 0
    outer loop
      vertex -10.634423785322294 -10.81172822556627 0
      vertex -10.634423785322294 -10.81172822556627 2.677165354330709
      vertex -10.651784279919045 -10.805194198087914 2.677165354330709
    endloop
  endfacet
  facet normal -0.41270703377852924 -0.910863823120519 0
    outer loop
      vertex -10.651784279919045 -10.805194198087914 0
      vertex -10.651784279919045 -10.805194198087914 2.677165354330709
      vertex -10.668680258388594 -10.797538729751205 2.677165354330709
    endloop
  endfacet
  facet normal -0.22707625302866588 -0.9738769816103373 0
    outer loop
      vertex -10.598608280026069 -10.821324961157295 0
      vertex -10.598608280026069 -10.821324961157295 2.677165354330709
      vertex -10.61667311496622 -10.817112832616164 2.677165354330709
    endloop
  endfacet
  facet normal -0.1628954736439615 -0.9866433320437074 0
    outer loop
      vertex -10.580306637181542 -10.824346574624693 0
      vertex -10.580306637181542 -10.824346574624693 2.677165354330709
      vertex -10.598608280026069 -10.821324961157295 2.677165354330709
    endloop
  endfacet
  facet normal -0.09801714256104141 -0.9951847264524153 0
    outer loop
      vertex -10.56184655627397 -10.82616473394116 0
      vertex -10.56184655627397 -10.82616473394116 2.677165354330709
      vertex -10.580306637181542 -10.824346574624693 2.677165354330709
    endloop
  endfacet
  facet normal -0.7298640645895024 -0.6835923106800504 0
    outer loop
      vertex -10.743746803853455 -10.743746803853455 0
      vertex -10.743746803853455 -10.743746803853455 2.677165354330709
      vertex -10.756427032037044 -10.730208262331843 2.677165354330709
    endloop
  endfacet
  facet normal -0.6835923106800504 -0.7298640645895024 0
    outer loop
      vertex -10.730208262331843 -10.756427032037044 0
      vertex -10.730208262331843 -10.756427032037044 2.677165354330709
      vertex -10.743746803853455 -10.743746803853455 2.677165354330709
    endloop
  endfacet
  facet normal -0.9994645871188584 -0.03271909374248925 0
    outer loop
      vertex -10.82616473394116 -10.56184655627397 0
      vertex -10.826771653543307 -10.54330708649684 2.677165354330709
      vertex -10.826771653543307 -10.54330708649684 0
    endloop
  endfacet
  facet normal -0.9994645871188584 -0.03271909374248925 0
    outer loop
      vertex -10.82616473394116 -10.56184655627397 0
      vertex -10.82616473394116 -10.56184655627397 2.677165354330709
      vertex -10.826771653543307 -10.54330708649684 2.677165354330709
    endloop
  endfacet
  facet normal -0.03271909374248925 -0.9994645871188584 0
    outer loop
      vertex -10.56184655627397 -10.82616473394116 0
      vertex -10.54330708649684 -10.826771653543307 0
      vertex -10.56184655627397 -10.82616473394116 2.677165354330709
    endloop
  endfacet
  facet normal -0.03271909374248925 -0.9994645871188584 0
    outer loop
      vertex -10.54330708649684 -10.826771653543307 0
      vertex -10.54330708649684 -10.826771653543307 2.677165354330709
      vertex -10.56184655627397 -10.82616473394116 2.677165354330709
    endloop
  endfacet
  facet normal -1 0 0
    outer loop
      vertex -10.826771653543307 -10.54330708649684 0
      vertex -10.826771653543307 -10.54330708649684 2.677165354330709
      vertex -10.826771653543307 10.54330708649684 2.677165354330709
    endloop
  endfacet
  facet normal 0 0 -1
    outer loop
      vertex -10.715869381202488 -10.768194647403213 0
      vertex 10.743746803853455 -10.743746803853455 0
      vertex -10.700791562049407 -10.778999259974073 0
    endloop
  endfacet
  facet normal 0 0 -1
    outer loop
      vertex -10.598608280026069 -10.821324961157295 0
      vertex 10.634423785322294 -10.81172822556627 0
      vertex -10.580306637181542 -10.824346574624693 0
    endloop
  endfacet
  facet normal 0 0 -1
    outer loop
      vertex -10.61667311496622 -10.817112832616164 0
      vertex 10.651784279919045 -10.805194198087914 0
      vertex -10.598608280026069 -10.821324961157295 0
    endloop
  endfacet
  facet normal 0 0 -1
    outer loop
      vertex -10.56184655627397 -10.82616473394116 0
      vertex 10.598608280026069 -10.821324961157295 0
      vertex -10.54330708649684 -10.826771653543307 0
    endloop
  endfacet
  facet normal 0 0 -1
    outer loop
      vertex -10.580306637181542 -10.824346574624693 0
      vertex 10.61667311496622 -10.817112832616164 0
      vertex -10.56184655627397 -10.82616473394116 0
    endloop
  endfacet
  facet normal 0 0 -1
    outer loop
      vertex -10.651784279919045 -10.805194198087914 0
      vertex 10.685039370020075 -10.788794602524108 0
      vertex -10.634423785322294 -10.81172822556627 0
    endloop
  endfacet
  facet normal 0 0 -1
    outer loop
      vertex -10.668680258388594 -10.797538729751205 0
      vertex 10.700791562049407 -10.778999259974073 0
      vertex -10.651784279919045 -10.805194198087914 0
    endloop
  endfacet
  facet normal 0 0 -1
    outer loop
      vertex -10.685039370020075 -10.788794602524108 0
      vertex 10.715869381202488 -10.768194647403213 0
      vertex -10.668680258388594 -10.797538729751205 0
    endloop
  endfacet
  facet normal 0 0 -1
    outer loop
      vertex -10.634423785322294 -10.81172822556627 0
      vertex 10.668680258388594 -10.797538729751205 0
      vertex -10.61667311496622 -10.817112832616164 0
    endloop
  endfacet
  facet normal 0 0 -1
    outer loop
      vertex -10.700791562049407 -10.778999259974073 0
      vertex 10.730208262331843 -10.756427032037044 0
      vertex -10.685039370020075 -10.788794602524108 0
    endloop
  endfacet
  facet normal 0 0 -1
    outer loop
      vertex -10.768194647403213 -10.715869381202488 0
      vertex 10.788794602524108 -10.685039370020075 0
      vertex -10.756427032037044 -10.730208262331843 0
    endloop
  endfacet
  facet normal 0 0 -1
    outer loop
      vertex -10.730208262331843 -10.756427032037044 0
      vertex 10.756427032037044 -10.730208262331843 0
      vertex -10.715869381202488 -10.768194647403213 0
    endloop
  endfacet
  facet normal 0 0 -1
    outer loop
      vertex -10.743746803853455 -10.743746803853455 0
      vertex 10.768194647403213 -10.715869381202488 0
      vertex -10.730208262331843 -10.756427032037044 0
    endloop
  endfacet
  facet normal 0 0 -1
    outer loop
      vertex -10.743746803853455 -10.743746803853455 0
      vertex -10.756427032037044 -10.730208262331843 0
      vertex 10.778999259974073 -10.700791562049407 0
    endloop
  endfacet
  facet normal 0 0 -1
    outer loop
      vertex -10.778999259974073 -10.700791562049407 0
      vertex 10.797538729751205 -10.668680258388594 0
      vertex -10.768194647403213 -10.715869381202488 0
    endloop
  endfacet
  facet normal 0 0 -1
    outer loop
      vertex -10.788794602524108 -10.685039370020075 0
      vertex 10.805194198087914 -10.651784279919045 0
      vertex -10.778999259974073 -10.700791562049407 0
    endloop
  endfacet
  facet normal 0 0 -1
    outer loop
      vertex -10.788794602524108 -10.685039370020075 0
      vertex -10.797538729751205 -10.668680258388594 0
      vertex 10.81172822556627 -10.634423785322294 0
    endloop
  endfacet
  facet normal 0 0 -1
    outer loop
      vertex -10.817112832616164 -10.61667311496622 0
      vertex -10.821324961157295 -10.598608280026069 0
      vertex 10.82616473394116 -10.56184655627397 0
    endloop
  endfacet
  facet normal 0 0 -1
    outer loop
      vertex -10.821324961157295 -10.598608280026069 0
      vertex -10.824346574624693 -10.580306637181542 0
      vertex 10.826771653543307 -10.54330708649684 0
    endloop
  endfacet
  facet normal 0 0 -1
    outer loop
      vertex -10.797538729751205 -10.668680258388594 0
      vertex -10.805194198087914 -10.651784279919045 0
      vertex 10.817112832616164 -10.61667311496622 0
    endloop
  endfacet
  facet normal 0 0 -1
    outer loop
      vertex -10.81172822556627 -10.634423785322294 0
      vertex 10.821324961157295 -10.598608280026069 0
      vertex -10.805194198087914 -10.651784279919045 0
    endloop
  endfacet
  facet normal 0 0 -1
    outer loop
      vertex -10.817112832616164 -10.61667311496622 0
      vertex 10.824346574624693 -10.580306637181542 0
      vertex -10.81172822556627 -10.634423785322294 0
    endloop
  endfacet
  facet normal 0 -1 0
    outer loop
      vertex -10.54330708649684 -10.826771653543307 0
      vertex 10.54330708649684 -10.826771653543307 0
      vertex -10.54330708649684 -10.826771653543307 2.677165354330709
    endloop
  endfacet
  facet normal 0 0 -1
    outer loop
      vertex -10.824346574624693 -10.580306637181542 0
      vertex -10.82616473394116 -10.56184655627397 0
      vertex 10.826771653543307 10.54330708649684 0
    endloop
  endfacet
  facet normal 0 0 -1
    outer loop
      vertex -10.82616473394116 -10.56184655627397 0
      vertex -10.826771653543307 -10.54330708649684 0
      vertex 10.82616473394116 10.56184655627397 0
    endloop
  endfacet
  facet normal -1 0 0
    outer loop
      vertex -10.826771653543307 -10.54330708649684 0
      vertex -10.826771653543307 10.54330708649684 2.677165354330709
      vertex -10.826771653543307 10.54330708649684 0
    endloop
  endfacet
  facet normal -0.9994645871188584 0.03271909374248925 0
    outer loop
      vertex -10.826771653543307 10.54330708649684 0
      vertex -10.82616473394116 10.56184655627397 2.677165354330709
      vertex -10.82616473394116 10.56184655627397 0
    endloop
  endfacet
  facet normal -0.9994645871188584 0.03271909374248925 0
    outer loop
      vertex -10.826771653543307 10.54330708649684 0
      vertex -10.826771653543307 10.54330708649684 2.677165354330709
      vertex -10.82616473394116 10.56184655627397 2.677165354330709
    endloop
  endfacet
  facet normal 0 0 -1
    outer loop
      vertex -10.580306637181542 10.824346574624693 0
      vertex -10.56184655627397 10.82616473394116 0
      vertex -10.54330708649684 10.826771653543307 0
    endloop
  endfacet
  facet normal -0.9951847264524153 0.09801714256104141 0
    outer loop
      vertex -10.82616473394116 10.56184655627397 0
      vertex -10.824346574624693 10.580306637181542 2.677165354330709
      vertex -10.824346574624693 10.580306637181542 0
    endloop
  endfacet
  facet normal -0.9866433320437074 0.1628954736439615 0
    outer loop
      vertex -10.824346574624693 10.580306637181542 0
      vertex -10.821324961157295 10.598608280026069 2.677165354330709
      vertex -10.821324961157295 10.598608280026069 0
    endloop
  endfacet
  facet normal -0.9738769816103373 0.22707625302866588 0
    outer loop
      vertex -10.821324961157295 10.598608280026069 0
      vertex -10.817112832616164 10.61667311496622 2.677165354330709
      vertex -10.817112832616164 10.61667311496622 0
    endloop
  endfacet
  facet normal -0.9569403347502414 0.29028468049157496 0
    outer loop
      vertex -10.81172822556627 10.634423785322294 0
      vertex -10.817112832616164 10.61667311496622 0
      vertex -10.81172822556627 10.634423785322294 2.677165354330709
    endloop
  endfacet
  facet normal -0.9359059269672287 0.3522500473635345 0
    outer loop
      vertex -10.81172822556627 10.634423785322294 0
      vertex -10.805194198087914 10.651784279919045 2.677165354330709
      vertex -10.805194198087914 10.651784279919045 0
    endloop
  endfacet
  facet normal -0.910863823120519 0.41270703377852924 0
    outer loop
      vertex -10.805194198087914 10.651784279919045 0
      vertex -10.797538729751205 10.668680258388594 2.677165354330709
      vertex -10.797538729751205 10.668680258388594 0
    endloop
  endfacet
  facet normal -0.8819212669076598 0.4713967320378751 0
    outer loop
      vertex -10.797538729751205 10.668680258388594 0
      vertex -10.788794602524108 10.685039370020075 2.677165354330709
      vertex -10.788794602524108 10.685039370020075 0
    endloop
  endfacet
  facet normal -0.8492021794105769 0.5280678540531759 0
    outer loop
      vertex -10.788794602524108 10.685039370020075 0
      vertex -10.778999259974073 10.700791562049407 2.677165354330709
      vertex -10.778999259974073 10.700791562049407 0
    endloop
  endfacet
  facet normal -0.812846680432667 0.5824777026716077 0
    outer loop
      vertex -10.768194647403213 10.715869381202488 0
      vertex -10.778999259974073 10.700791562049407 0
      vertex -10.768194647403213 10.715869381202488 2.677165354330709
    endloop
  endfacet
  facet normal -0.773010460260321 0.6343932757589148 0
    outer loop
      vertex -10.768194647403213 10.715869381202488 0
      vertex -10.756427032037044 10.730208262331843 2.677165354330709
      vertex -10.756427032037044 10.730208262331843 0
    endloop
  endfacet
  facet normal -0.7298640645895024 0.6835923106800504 0
    outer loop
      vertex -10.756427032037044 10.730208262331843 0
      vertex -10.743746803853455 10.743746803853455 2.677165354330709
      vertex -10.743746803853455 10.743746803853455 0
    endloop
  endfacet
  facet normal -0.6835923106800504 0.7298640645895024 0
    outer loop
      vertex -10.743746803853455 10.743746803853455 0
      vertex -10.730208262331843 10.756427032037044 2.677165354330709
      vertex -10.730208262331843 10.756427032037044 0
    endloop
  endfacet
  facet normal -0.6343932757589148 0.773010460260321 0
    outer loop
      vertex -10.730208262331843 10.756427032037044 0
      vertex -10.715869381202488 10.768194647403213 2.677165354330709
      vertex -10.715869381202488 10.768194647403213 0
    endloop
  endfacet
  facet normal -0.5824777026716077 0.812846680432667 0
    outer loop
      vertex -10.700791562049407 10.778999259974073 0
      vertex -10.715869381202488 10.768194647403213 0
      vertex -10.700791562049407 10.778999259974073 2.677165354330709
    endloop
  endfacet
  facet normal -0.5280678540531759 0.8492021794105769 0
    outer loop
      vertex -10.700791562049407 10.778999259974073 0
      vertex -10.685039370020075 10.788794602524108 2.677165354330709
      vertex -10.685039370020075 10.788794602524108 0
    endloop
  endfacet
  facet normal -0.4713967320378751 0.8819212669076598 0
    outer loop
      vertex -10.685039370020075 10.788794602524108 0
      vertex -10.668680258388594 10.797538729751205 2.677165354330709
      vertex -10.668680258388594 10.797538729751205 0
    endloop
  endfacet
  facet normal -0.41270703377852924 0.910863823120519 0
    outer loop
      vertex -10.668680258388594 10.797538729751205 0
      vertex -10.651784279919045 10.805194198087914 2.677165354330709
      vertex -10.651784279919045 10.805194198087914 0
    endloop
  endfacet
  facet normal -0.3522500473635345 0.9359059269672287 0
    outer loop
      vertex -10.651784279919045 10.805194198087914 0
      vertex -10.634423785322294 10.81172822556627 2.677165354330709
      vertex -10.634423785322294 10.81172822556627 0
    endloop
  endfacet
  facet normal -0.29028468049157496 0.9569403347502414 0
    outer loop
      vertex -10.61667311496622 10.817112832616164 0
      vertex -10.634423785322294 10.81172822556627 0
      vertex -10.61667311496622 10.817112832616164 2.677165354330709
    endloop
  endfacet
  facet normal -0.22707625302866588 0.9738769816103373 0
    outer loop
      vertex -10.61667311496622 10.817112832616164 0
      vertex -10.598608280026069 10.821324961157295 2.677165354330709
      vertex -10.598608280026069 10.821324961157295 0
    endloop
  endfacet
  facet normal -0.1628954736439615 0.9866433320437074 0
    outer loop
      vertex -10.598608280026069 10.821324961157295 0
      vertex -10.580306637181542 10.824346574624693 2.677165354330709
      vertex -10.580306637181542 10.824346574624693 0
    endloop
  endfacet
  facet normal -0.09801714256104141 0.9951847264524153 0
    outer loop
      vertex -10.580306637181542 10.824346574624693 0
      vertex -10.56184655627397 10.82616473394116 2.677165354330709
      vertex -10.56184655627397 10.82616473394116 0
    endloop
  endfacet
  facet normal -0.9951847264524153 0.09801714256104141 0
    outer loop
      vertex -10.82616473394116 10.56184655627397 0
      vertex -10.82616473394116 10.56184655627397 2.677165354330709
      vertex -10.824346574624693 10.580306637181542 2.677165354330709
    endloop
  endfacet
  facet normal -0.9866433320437074 0.1628954736439615 0
    outer loop
      vertex -10.824346574624693 10.580306637181542 0
      vertex -10.824346574624693 10.580306637181542 2.677165354330709
      vertex -10.821324961157295 10.598608280026069 2.677165354330709
    endloop
  endfacet
  facet normal -0.9738769816103373 0.22707625302866588 0
    outer loop
      vertex -10.821324961157295 10.598608280026069 0
      vertex -10.821324961157295 10.598608280026069 2.677165354330709
      vertex -10.817112832616164 10.61667311496622 2.677165354330709
    endloop
  endfacet
  facet normal -0.9569403347502414 0.29028468049157496 0
    outer loop
      vertex -10.817112832616164 10.61667311496622 0
      vertex -10.817112832616164 10.61667311496622 2.677165354330709
      vertex -10.81172822556627 10.634423785322294 2.677165354330709
    endloop
  endfacet
  facet normal -0.9359059269672287 0.3522500473635345 0
    outer loop
      vertex -10.81172822556627 10.634423785322294 0
      vertex -10.81172822556627 10.634423785322294 2.677165354330709
      vertex -10.805194198087914 10.651784279919045 2.677165354330709
    endloop
  endfacet
  facet normal -0.910863823120519 0.41270703377852924 0
    outer loop
      vertex -10.805194198087914 10.651784279919045 0
      vertex -10.805194198087914 10.651784279919045 2.677165354330709
      vertex -10.797538729751205 10.668680258388594 2.677165354330709
    endloop
  endfacet
  facet normal -0.8819212669076598 0.4713967320378751 0
    outer loop
      vertex -10.797538729751205 10.668680258388594 0
      vertex -10.797538729751205 10.668680258388594 2.677165354330709
      vertex -10.788794602524108 10.685039370020075 2.677165354330709
    endloop
  endfacet
  facet normal -0.8492021794105769 0.5280678540531759 0
    outer loop
      vertex -10.788794602524108 10.685039370020075 0
      vertex -10.788794602524108 10.685039370020075 2.677165354330709
      vertex -10.778999259974073 10.700791562049407 2.677165354330709
    endloop
  endfacet
  facet normal -0.812846680432667 0.5824777026716077 0
    outer loop
      vertex -10.778999259974073 10.700791562049407 0
      vertex -10.778999259974073 10.700791562049407 2.677165354330709
      vertex -10.768194647403213 10.715869381202488 2.677165354330709
    endloop
  endfacet
  facet normal -0.773010460260321 0.6343932757589148 0
    outer loop
      vertex -10.768194647403213 10.715869381202488 0
      vertex -10.768194647403213 10.715869381202488 2.677165354330709
      vertex -10.756427032037044 10.730208262331843 2.677165354330709
    endloop
  endfacet
  facet normal -0.7298640645895024 0.6835923106800504 0
    outer loop
      vertex -10.756427032037044 10.730208262331843 0
      vertex -10.756427032037044 10.730208262331843 2.677165354330709
      vertex -10.743746803853455 10.743746803853455 2.677165354330709
    endloop
  endfacet
  facet normal -0.6835923106800504 0.7298640645895024 0
    outer loop
      vertex -10.743746803853455 10.743746803853455 0
      vertex -10.743746803853455 10.743746803853455 2.677165354330709
      vertex -10.730208262331843 10.756427032037044 2.677165354330709
    endloop
  endfacet
  facet normal -0.6343932757589148 0.773010460260321 0
    outer loop
      vertex -10.730208262331843 10.756427032037044 0
      vertex -10.730208262331843 10.756427032037044 2.677165354330709
      vertex -10.715869381202488 10.768194647403213 2.677165354330709
    endloop
  endfacet
  facet normal -0.5824777026716077 0.812846680432667 0
    outer loop
      vertex -10.715869381202488 10.768194647403213 0
      vertex -10.715869381202488 10.768194647403213 2.677165354330709
      vertex -10.700791562049407 10.778999259974073 2.677165354330709
    endloop
  endfacet
  facet normal -0.5280678540531759 0.8492021794105769 0
    outer loop
      vertex -10.700791562049407 10.778999259974073 0
      vertex -10.700791562049407 10.778999259974073 2.677165354330709
      vertex -10.685039370020075 10.788794602524108 2.677165354330709
    endloop
  endfacet
  facet normal -0.4713967320378751 0.8819212669076598 0
    outer loop
      vertex -10.685039370020075 10.788794602524108 0
      vertex -10.685039370020075 10.788794602524108 2.677165354330709
      vertex -10.668680258388594 10.797538729751205 2.677165354330709
    endloop
  endfacet
  facet normal -0.41270703377852924 0.910863823120519 0
    outer loop
      vertex -10.668680258388594 10.797538729751205 0
      vertex -10.668680258388594 10.797538729751205 2.677165354330709
      vertex -10.651784279919045 10.805194198087914 2.677165354330709
    endloop
  endfacet
  facet normal -0.3522500473635345 0.9359059269672287 0
    outer loop
      vertex -10.651784279919045 10.805194198087914 0
      vertex -10.651784279919045 10.805194198087914 2.677165354330709
      vertex -10.634423785322294 10.81172822556627 2.677165354330709
    endloop
  endfacet
  facet normal -0.29028468049157496 0.9569403347502414 0
    outer loop
      vertex -10.634423785322294 10.81172822556627 0
      vertex -10.634423785322294 10.81172822556627 2.677165354330709
      vertex -10.61667311496622 10.817112832616164 2.677165354330709
    endloop
  endfacet
  facet normal -0.22707625302866588 0.9738769816103373 0
    outer loop
      vertex -10.61667311496622 10.817112832616164 0
      vertex -10.61667311496622 10.817112832616164 2.677165354330709
      vertex -10.598608280026069 10.821324961157295 2.677165354330709
    endloop
  endfacet
  facet normal -0.1628954736439615 0.9866433320437074 0
    outer loop
      vertex -10.598608280026069 10.821324961157295 0
      vertex -10.598608280026069 10.821324961157295 2.677165354330709
      vertex -10.580306637181542 10.824346574624693 2.677165354330709
    endloop
  endfacet
  facet normal -0.09801714256104141 0.9951847264524153 0
    outer loop
      vertex -10.580306637181542 10.824346574624693 0
      vertex -10.580306637181542 10.824346574624693 2.677165354330709
      vertex -10.56184655627397 10.82616473394116 2.677165354330709
    endloop
  endfacet
  facet normal -0.03271909374248925 0.9994645871188584 0
    outer loop
      vertex -10.56184655627397 10.82616473394116 0
      vertex -10.54330708649684 10.826771653543307 2.677165354330709
      vertex -10.54330708649684 10.826771653543307 0
    endloop
  endfacet
  facet normal -0.03271909374248925 0.9994645871188584 0
    outer loop
      vertex -10.56184655627397 10.82616473394116 0
      vertex -10.56184655627397 10.82616473394116 2.677165354330709
      vertex -10.54330708649684 10.826771653543307 2.677165354330709
    endloop
  endfacet
  facet normal 0 0 -1
    outer loop
      vertex -10.826771653543307 -10.54330708649684 0
      vertex -10.826771653543307 10.54330708649684 0
      vertex 10.824346574624693 10.580306637181542 0
    endloop
  endfacet
  facet normal 0 0 -1
    outer loop
      vertex -10.826771653543307 10.54330708649684 0
      vertex -10.82616473394116 10.56184655627397 0
      vertex 10.821324961157295 10.598608280026069 0
    endloop
  endfacet
  facet normal 0 0 -1
    outer loop
      vertex -10.82616473394116 10.56184655627397 0
      vertex -10.824346574624693 10.580306637181542 0
      vertex 10.817112832616164 10.61667311496622 0
    endloop
  endfacet
  facet normal 0 0 -1
    outer loop
      vertex -10.824346574624693 10.580306637181542 0
      vertex -10.821324961157295 10.598608280026069 0
      vertex 10.81172822556627 10.634423785322294 0
    endloop
  endfacet
  facet normal 0 0 -1
    outer loop
      vertex -10.821324961157295 10.598608280026069 0
      vertex -10.817112832616164 10.61667311496622 0
      vertex 10.805194198087914 10.651784279919045 0
    endloop
  endfacet
  facet normal 0 0 -1
    outer loop
      vertex -10.81172822556627 10.634423785322294 0
      vertex 10.797538729751205 10.668680258388594 0
      vertex -10.817112832616164 10.61667311496622 0
    endloop
  endfacet
  facet normal 0 0 -1
    outer loop
      vertex -10.81172822556627 10.634423785322294 0
      vertex -10.805194198087914 10.651784279919045 0
      vertex 10.788794602524108 10.685039370020075 0
    endloop
  endfacet
  facet normal 0 0 -1
    outer loop
      vertex -10.805194198087914 10.651784279919045 0
      vertex -10.797538729751205 10.668680258388594 0
      vertex 10.778999259974073 10.700791562049407 0
    endloop
  endfacet
  facet normal 0 0 -1
    outer loop
      vertex -10.797538729751205 10.668680258388594 0
      vertex -10.788794602524108 10.685039370020075 0
      vertex 10.768194647403213 10.715869381202488 0
    endloop
  endfacet
  facet normal 0 0 -1
    outer loop
      vertex -10.788794602524108 10.685039370020075 0
      vertex -10.778999259974073 10.700791562049407 0
      vertex 10.756427032037044 10.730208262331843 0
    endloop
  endfacet
  facet normal 0 0 -1
    outer loop
      vertex -10.768194647403213 10.715869381202488 0
      vertex 10.743746803853455 10.743746803853455 0
      vertex -10.778999259974073 10.700791562049407 0
    endloop
  endfacet
  facet normal 0 0 -1
    outer loop
      vertex -10.768194647403213 10.715869381202488 0
      vertex -10.756427032037044 10.730208262331843 0
      vertex 10.730208262331843 10.756427032037044 0
    endloop
  endfacet
  facet normal 0 0 -1
    outer loop
      vertex -10.756427032037044 10.730208262331843 0
      vertex -10.743746803853455 10.743746803853455 0
      vertex 10.715869381202488 10.768194647403213 0
    endloop
  endfacet
  facet normal 0 0 -1
    outer loop
      vertex -10.743746803853455 10.743746803853455 0
      vertex -10.730208262331843 10.756427032037044 0
      vertex 10.700791562049407 10.778999259974073 0
    endloop
  endfacet
  facet normal 0 0 -1
    outer loop
      vertex -10.730208262331843 10.756427032037044 0
      vertex -10.715869381202488 10.768194647403213 0
      vertex 10.685039370020075 10.788794602524108 0
    endloop
  endfacet
  facet normal 0 0 -1
    outer loop
      vertex -10.700791562049407 10.778999259974073 0
      vertex 10.668680258388594 10.797538729751205 0
      vertex -10.715869381202488 10.768194647403213 0
    endloop
  endfacet
  facet normal 0 0 -1
    outer loop
      vertex -10.700791562049407 10.778999259974073 0
      vertex -10.685039370020075 10.788794602524108 0
      vertex 10.651784279919045 10.805194198087914 0
    endloop
  endfacet
  facet normal 0 0 -1
    outer loop
      vertex -10.685039370020075 10.788794602524108 0
      vertex -10.668680258388594 10.797538729751205 0
      vertex 10.634423785322294 10.81172822556627 0
    endloop
  endfacet
  facet normal 0 0 -1
    outer loop
      vertex -10.668680258388594 10.797538729751205 0
      vertex -10.651784279919045 10.805194198087914 0
      vertex 10.61667311496622 10.817112832616164 0
    endloop
  endfacet
  facet normal 0 0 -1
    outer loop
      vertex -10.651784279919045 10.805194198087914 0
      vertex -10.634423785322294 10.81172822556627 0
      vertex 10.598608280026069 10.821324961157295 0
    endloop
  endfacet
  facet normal 0 0 -1
    outer loop
      vertex -10.61667311496622 10.817112832616164 0
      vertex 10.580306637181542 10.824346574624693 0
      vertex -10.634423785322294 10.81172822556627 0
    endloop
  endfacet
  facet normal 0 0 -1
    outer loop
      vertex -10.61667311496622 10.817112832616164 0
      vertex -10.598608280026069 10.821324961157295 0
      vertex 10.56184655627397 10.82616473394116 0
    endloop
  endfacet
  facet normal 0 0 -1
    outer loop
      vertex -10.598608280026069 10.821324961157295 0
      vertex -10.580306637181542 10.824346574624693 0
      vertex 10.54330708649684 10.826771653543307 0
    endloop
  endfacet
  facet normal 0 0 -1
    outer loop
      vertex -10.580306637181542 10.824346574624693 0
      vertex -10.54330708649684 10.826771653543307 0
      vertex 10.54330708649684 10.826771653543307 0
    endloop
  endfacet
  facet normal 0 1 0
    outer loop
      vertex -10.54330708649684 10.826771653543307 0
      vertex -10.54330708649684 10.826771653543307 2.677165354330709
      vertex 10.54330708649684 10.826771653543307 2.677165354330709
    endloop
  endfacet
  facet normal 0 0 -1
    outer loop
      vertex -10.54330708649684 -10.826771653543307 0
      vertex 10.580306637181542 -10.824346574624693 0
      vertex 10.54330708649684 -10.826771653543307 0
    endloop
  endfacet
  facet normal 0 0 -1
    outer loop
      vertex -10.54330708649684 -10.826771653543307 0
      vertex 10.598608280026069 -10.821324961157295 0
      vertex 10.580306637181542 -10.824346574624693 0
    endloop
  endfacet
  facet normal 0 0 -1
    outer loop
      vertex -10.56184655627397 -10.82616473394116 0
      vertex 10.61667311496622 -10.817112832616164 0
      vertex 10.598608280026069 -10.821324961157295 0
    endloop
  endfacet
  facet normal 0 0 -1
    outer loop
      vertex -10.580306637181542 -10.824346574624693 0
      vertex 10.634423785322294 -10.81172822556627 0
      vertex 10.61667311496622 -10.817112832616164 0
    endloop
  endfacet
  facet normal 0 0 -1
    outer loop
      vertex -10.598608280026069 -10.821324961157295 0
      vertex 10.651784279919045 -10.805194198087914 0
      vertex 10.634423785322294 -10.81172822556627 0
    endloop
  endfacet
  facet normal 0 0 -1
    outer loop
      vertex -10.61667311496622 -10.817112832616164 0
      vertex 10.668680258388594 -10.797538729751205 0
      vertex 10.651784279919045 -10.805194198087914 0
    endloop
  endfacet
  facet normal 0 0 -1
    outer loop
      vertex -10.634423785322294 -10.81172822556627 0
      vertex 10.685039370020075 -10.788794602524108 0
      vertex 10.668680258388594 -10.797538729751205 0
    endloop
  endfacet
  facet normal 0 0 -1
    outer loop
      vertex -10.651784279919045 -10.805194198087914 0
      vertex 10.700791562049407 -10.778999259974073 0
      vertex 10.685039370020075 -10.788794602524108 0
    endloop
  endfacet
  facet normal 0 0 -1
    outer loop
      vertex -10.668680258388594 -10.797538729751205 0
      vertex 10.715869381202488 -10.768194647403213 0
      vertex 10.700791562049407 -10.778999259974073 0
    endloop
  endfacet
  facet normal 0 0 -1
    outer loop
      vertex -10.685039370020075 -10.788794602524108 0
      vertex 10.730208262331843 -10.756427032037044 0
      vertex 10.715869381202488 -10.768194647403213 0
    endloop
  endfacet
  facet normal 0 0 -1
    outer loop
      vertex -10.700791562049407 -10.778999259974073 0
      vertex 10.743746803853455 -10.743746803853455 0
      vertex 10.730208262331843 -10.756427032037044 0
    endloop
  endfacet
  facet normal 0 0 -1
    outer loop
      vertex -10.715869381202488 -10.768194647403213 0
      vertex 10.756427032037044 -10.730208262331843 0
      vertex 10.743746803853455 -10.743746803853455 0
    endloop
  endfacet
  facet normal 0 0 -1
    outer loop
      vertex -10.730208262331843 -10.756427032037044 0
      vertex 10.768194647403213 -10.715869381202488 0
      vertex 10.756427032037044 -10.730208262331843 0
    endloop
  endfacet
  facet normal 0 0 -1
    outer loop
      vertex -10.743746803853455 -10.743746803853455 0
      vertex 10.778999259974073 -10.700791562049407 0
      vertex 10.768194647403213 -10.715869381202488 0
    endloop
  endfacet
  facet normal 0 0 -1
    outer loop
      vertex -10.756427032037044 -10.730208262331843 0
      vertex 10.788794602524108 -10.685039370020075 0
      vertex 10.778999259974073 -10.700791562049407 0
    endloop
  endfacet
  facet normal 0 0 -1
    outer loop
      vertex -10.768194647403213 -10.715869381202488 0
      vertex 10.797538729751205 -10.668680258388594 0
      vertex 10.788794602524108 -10.685039370020075 0
    endloop
  endfacet
  facet normal 0 0 -1
    outer loop
      vertex -10.778999259974073 -10.700791562049407 0
      vertex 10.805194198087914 -10.651784279919045 0
      vertex 10.797538729751205 -10.668680258388594 0
    endloop
  endfacet
  facet normal 0 0 -1
    outer loop
      vertex -10.788794602524108 -10.685039370020075 0
      vertex 10.81172822556627 -10.634423785322294 0
      vertex 10.805194198087914 -10.651784279919045 0
    endloop
  endfacet
  facet normal 0 0 -1
    outer loop
      vertex -10.797538729751205 -10.668680258388594 0
      vertex 10.817112832616164 -10.61667311496622 0
      vertex 10.81172822556627 -10.634423785322294 0
    endloop
  endfacet
  facet normal 0 0 -1
    outer loop
      vertex -10.805194198087914 -10.651784279919045 0
      vertex 10.821324961157295 -10.598608280026069 0
      vertex 10.817112832616164 -10.61667311496622 0
    endloop
  endfacet
  facet normal 0 0 -1
    outer loop
      vertex -10.81172822556627 -10.634423785322294 0
      vertex 10.824346574624693 -10.580306637181542 0
      vertex 10.821324961157295 -10.598608280026069 0
    endloop
  endfacet
  facet normal 0 0 -1
    outer loop
      vertex -10.817112832616164 -10.61667311496622 0
      vertex 10.82616473394116 -10.56184655627397 0
      vertex 10.824346574624693 -10.580306637181542 0
    endloop
  endfacet
  facet normal 0 0 -1
    outer loop
      vertex -10.821324961157295 -10.598608280026069 0
      vertex 10.826771653543307 -10.54330708649684 0
      vertex 10.82616473394116 -10.56184655627397 0
    endloop
  endfacet
  facet normal 0 -1 0
    outer loop
      vertex 10.54330708649684 -10.826771653543307 0
      vertex 10.54330708649684 -10.826771653543307 2.677165354330709
      vertex -10.54330708649684 -10.826771653543307 2.677165354330709
    endloop
  endfacet
  facet normal 0 0 -1
    outer loop
      vertex -10.824346574624693 -10.580306637181542 0
      vertex 10.826771653543307 10.54330708649684 0
      vertex 10.826771653543307 -10.54330708649684 0
    endloop
  endfacet
  facet normal 0.03271909374248925 -0.9994645871188584 0
    outer loop
      vertex 10.54330708649684 -10.826771653543307 0
      vertex 10.56184655627397 -10.82616473394116 0
      vertex 10.54330708649684 -10.826771653543307 2.677165354330709
    endloop
  endfacet
  facet normal 0.03271909374248925 -0.9994645871188584 0
    outer loop
      vertex 10.56184655627397 -10.82616473394116 0
      vertex 10.56184655627397 -10.82616473394116 2.677165354330709
      vertex 10.54330708649684 -10.826771653543307 2.677165354330709
    endloop
  endfacet
  facet normal 0 0 -1
    outer loop
      vertex 10.54330708649684 -10.826771653543307 0
      vertex 10.580306637181542 -10.824346574624693 0
      vertex 10.56184655627397 -10.82616473394116 0
    endloop
  endfacet
  facet normal 0.09801714256104141 -0.9951847264524153 0
    outer loop
      vertex 10.56184655627397 -10.82616473394116 0
      vertex 10.580306637181542 -10.824346574624693 0
      vertex 10.56184655627397 -10.82616473394116 2.677165354330709
    endloop
  endfacet
  facet normal 0.1628954736439615 -0.9866433320437074 0
    outer loop
      vertex 10.580306637181542 -10.824346574624693 0
      vertex 10.598608280026069 -10.821324961157295 0
      vertex 10.580306637181542 -10.824346574624693 2.677165354330709
    endloop
  endfacet
  facet normal 0.22707625302866588 -0.9738769816103373 0
    outer loop
      vertex 10.598608280026069 -10.821324961157295 0
      vertex 10.61667311496622 -10.817112832616164 0
      vertex 10.598608280026069 -10.821324961157295 2.677165354330709
    endloop
  endfacet
  facet normal 0.29028468049157496 -0.9569403347502414 0
    outer loop
      vertex 10.61667311496622 -10.817112832616164 0
      vertex 10.634423785322294 -10.81172822556627 0
      vertex 10.61667311496622 -10.817112832616164 2.677165354330709
    endloop
  endfacet
  facet normal 0.3522500473635345 -0.9359059269672287 0
    outer loop
      vertex 10.634423785322294 -10.81172822556627 0
      vertex 10.651784279919045 -10.805194198087914 0
      vertex 10.634423785322294 -10.81172822556627 2.677165354330709
    endloop
  endfacet
  facet normal 0.41270703377852924 -0.910863823120519 0
    outer loop
      vertex 10.651784279919045 -10.805194198087914 0
      vertex 10.668680258388594 -10.797538729751205 0
      vertex 10.651784279919045 -10.805194198087914 2.677165354330709
    endloop
  endfacet
  facet normal 0.4713967320378751 -0.8819212669076598 0
    outer loop
      vertex 10.668680258388594 -10.797538729751205 0
      vertex 10.685039370020075 -10.788794602524108 0
      vertex 10.668680258388594 -10.797538729751205 2.677165354330709
    endloop
  endfacet
  facet normal 0.5280678540531759 -0.8492021794105769 0
    outer loop
      vertex 10.685039370020075 -10.788794602524108 0
      vertex 10.700791562049407 -10.778999259974073 0
      vertex 10.685039370020075 -10.788794602524108 2.677165354330709
    endloop
  endfacet
  facet normal 0.5824777026716077 -0.812846680432667 0
    outer loop
      vertex 10.700791562049407 -10.778999259974073 0
      vertex 10.715869381202488 -10.768194647403213 0
      vertex 10.700791562049407 -10.778999259974073 2.677165354330709
    endloop
  endfacet
  facet normal 0.6343932757589148 -0.773010460260321 0
    outer loop
      vertex 10.715869381202488 -10.768194647403213 0
      vertex 10.730208262331843 -10.756427032037044 0
      vertex 10.715869381202488 -10.768194647403213 2.677165354330709
    endloop
  endfacet
  facet normal 0.6835923106800504 -0.7298640645895024 0
    outer loop
      vertex 10.730208262331843 -10.756427032037044 0
      vertex 10.743746803853455 -10.743746803853455 0
      vertex 10.730208262331843 -10.756427032037044 2.677165354330709
    endloop
  endfacet
  facet normal 0.7298640645895024 -0.6835923106800504 0
    outer loop
      vertex 10.743746803853455 -10.743746803853455 0
      vertex 10.756427032037044 -10.730208262331843 0
      vertex 10.743746803853455 -10.743746803853455 2.677165354330709
    endloop
  endfacet
  facet normal 0.773010460260321 -0.6343932757589148 0
    outer loop
      vertex 10.756427032037044 -10.730208262331843 0
      vertex 10.768194647403213 -10.715869381202488 0
      vertex 10.756427032037044 -10.730208262331843 2.677165354330709
    endloop
  endfacet
  facet normal 0.812846680432667 -0.5824777026716077 0
    outer loop
      vertex 10.768194647403213 -10.715869381202488 0
      vertex 10.778999259974073 -10.700791562049407 0
      vertex 10.768194647403213 -10.715869381202488 2.677165354330709
    endloop
  endfacet
  facet normal 0.8492021794105769 -0.5280678540531759 0
    outer loop
      vertex 10.778999259974073 -10.700791562049407 0
      vertex 10.788794602524108 -10.685039370020075 0
      vertex 10.778999259974073 -10.700791562049407 2.677165354330709
    endloop
  endfacet
  facet normal 0.8819212669076598 -0.4713967320378751 0
    outer loop
      vertex 10.788794602524108 -10.685039370020075 0
      vertex 10.797538729751205 -10.668680258388594 0
      vertex 10.788794602524108 -10.685039370020075 2.677165354330709
    endloop
  endfacet
  facet normal 0.910863823120519 -0.41270703377852924 0
    outer loop
      vertex 10.797538729751205 -10.668680258388594 0
      vertex 10.805194198087914 -10.651784279919045 0
      vertex 10.797538729751205 -10.668680258388594 2.677165354330709
    endloop
  endfacet
  facet normal 0.9359059269672287 -0.3522500473635345 0
    outer loop
      vertex 10.805194198087914 -10.651784279919045 0
      vertex 10.81172822556627 -10.634423785322294 0
      vertex 10.805194198087914 -10.651784279919045 2.677165354330709
    endloop
  endfacet
  facet normal 0.9569403347502414 -0.29028468049157496 0
    outer loop
      vertex 10.81172822556627 -10.634423785322294 0
      vertex 10.817112832616164 -10.61667311496622 0
      vertex 10.81172822556627 -10.634423785322294 2.677165354330709
    endloop
  endfacet
  facet normal 0.9738769816103373 -0.22707625302866588 0
    outer loop
      vertex 10.817112832616164 -10.61667311496622 0
      vertex 10.821324961157295 -10.598608280026069 0
      vertex 10.817112832616164 -10.61667311496622 2.677165354330709
    endloop
  endfacet
  facet normal 0.9866433320437074 -0.1628954736439615 0
    outer loop
      vertex 10.821324961157295 -10.598608280026069 0
      vertex 10.824346574624693 -10.580306637181542 0
      vertex 10.821324961157295 -10.598608280026069 2.677165354330709
    endloop
  endfacet
  facet normal 0.9951847264524153 -0.09801714256104141 0
    outer loop
      vertex 10.824346574624693 -10.580306637181542 0
      vertex 10.82616473394116 -10.56184655627397 0
      vertex 10.824346574624693 -10.580306637181542 2.677165354330709
    endloop
  endfacet
  facet normal 0.09801714256104141 -0.9951847264524153 0
    outer loop
      vertex 10.580306637181542 -10.824346574624693 0
      vertex 10.580306637181542 -10.824346574624693 2.677165354330709
      vertex 10.56184655627397 -10.82616473394116 2.677165354330709
    endloop
  endfacet
  facet normal 0.1628954736439615 -0.9866433320437074 0
    outer loop
      vertex 10.598608280026069 -10.821324961157295 0
      vertex 10.598608280026069 -10.821324961157295 2.677165354330709
      vertex 10.580306637181542 -10.824346574624693 2.677165354330709
    endloop
  endfacet
  facet normal 0.22707625302866588 -0.9738769816103373 0
    outer loop
      vertex 10.61667311496622 -10.817112832616164 0
      vertex 10.61667311496622 -10.817112832616164 2.677165354330709
      vertex 10.598608280026069 -10.821324961157295 2.677165354330709
    endloop
  endfacet
  facet normal 0.29028468049157496 -0.9569403347502414 0
    outer loop
      vertex 10.634423785322294 -10.81172822556627 0
      vertex 10.634423785322294 -10.81172822556627 2.677165354330709
      vertex 10.61667311496622 -10.817112832616164 2.677165354330709
    endloop
  endfacet
  facet normal 0.3522500473635345 -0.9359059269672287 0
    outer loop
      vertex 10.651784279919045 -10.805194198087914 0
      vertex 10.651784279919045 -10.805194198087914 2.677165354330709
      vertex 10.634423785322294 -10.81172822556627 2.677165354330709
    endloop
  endfacet
  facet normal 0.41270703377852924 -0.910863823120519 0
    outer loop
      vertex 10.668680258388594 -10.797538729751205 0
      vertex 10.668680258388594 -10.797538729751205 2.677165354330709
      vertex 10.651784279919045 -10.805194198087914 2.677165354330709
    endloop
  endfacet
  facet normal 0.4713967320378751 -0.8819212669076598 0
    outer loop
      vertex 10.685039370020075 -10.788794602524108 0
      vertex 10.685039370020075 -10.788794602524108 2.677165354330709
      vertex 10.668680258388594 -10.797538729751205 2.677165354330709
    endloop
  endfacet
  facet normal 0.5280678540531759 -0.8492021794105769 0
    outer loop
      vertex 10.700791562049407 -10.778999259974073 0
      vertex 10.700791562049407 -10.778999259974073 2.677165354330709
      vertex 10.685039370020075 -10.788794602524108 2.677165354330709
    endloop
  endfacet
  facet normal 0.5824777026716077 -0.812846680432667 0
    outer loop
      vertex 10.715869381202488 -10.768194647403213 0
      vertex 10.715869381202488 -10.768194647403213 2.677165354330709
      vertex 10.700791562049407 -10.778999259974073 2.677165354330709
    endloop
  endfacet
  facet normal 0.6343932757589148 -0.773010460260321 0
    outer loop
      vertex 10.730208262331843 -10.756427032037044 0
      vertex 10.730208262331843 -10.756427032037044 2.677165354330709
      vertex 10.715869381202488 -10.768194647403213 2.677165354330709
    endloop
  endfacet
  facet normal 0.6835923106800504 -0.7298640645895024 0
    outer loop
      vertex 10.743746803853455 -10.743746803853455 0
      vertex 10.743746803853455 -10.743746803853455 2.677165354330709
      vertex 10.730208262331843 -10.756427032037044 2.677165354330709
    endloop
  endfacet
  facet normal 0.7298640645895024 -0.6835923106800504 0
    outer loop
      vertex 10.756427032037044 -10.730208262331843 0
      vertex 10.756427032037044 -10.730208262331843 2.677165354330709
      vertex 10.743746803853455 -10.743746803853455 2.677165354330709
    endloop
  endfacet
  facet normal 0.773010460260321 -0.6343932757589148 0
    outer loop
      vertex 10.768194647403213 -10.715869381202488 0
      vertex 10.768194647403213 -10.715869381202488 2.677165354330709
      vertex 10.756427032037044 -10.730208262331843 2.677165354330709
    endloop
  endfacet
  facet normal 0.812846680432667 -0.5824777026716077 0
    outer loop
      vertex 10.778999259974073 -10.700791562049407 0
      vertex 10.778999259974073 -10.700791562049407 2.677165354330709
      vertex 10.768194647403213 -10.715869381202488 2.677165354330709
    endloop
  endfacet
  facet normal 0.8492021794105769 -0.5280678540531759 0
    outer loop
      vertex 10.788794602524108 -10.685039370020075 0
      vertex 10.788794602524108 -10.685039370020075 2.677165354330709
      vertex 10.778999259974073 -10.700791562049407 2.677165354330709
    endloop
  endfacet
  facet normal 0.8819212669076598 -0.4713967320378751 0
    outer loop
      vertex 10.797538729751205 -10.668680258388594 0
      vertex 10.797538729751205 -10.668680258388594 2.677165354330709
      vertex 10.788794602524108 -10.685039370020075 2.677165354330709
    endloop
  endfacet
  facet normal 0.910863823120519 -0.41270703377852924 0
    outer loop
      vertex 10.805194198087914 -10.651784279919045 0
      vertex 10.805194198087914 -10.651784279919045 2.677165354330709
      vertex 10.797538729751205 -10.668680258388594 2.677165354330709
    endloop
  endfacet
  facet normal 0.9359059269672287 -0.3522500473635345 0
    outer loop
      vertex 10.81172822556627 -10.634423785322294 0
      vertex 10.81172822556627 -10.634423785322294 2.677165354330709
      vertex 10.805194198087914 -10.651784279919045 2.677165354330709
    endloop
  endfacet
  facet normal 0.9569403347502414 -0.29028468049157496 0
    outer loop
      vertex 10.817112832616164 -10.61667311496622 0
      vertex 10.817112832616164 -10.61667311496622 2.677165354330709
      vertex 10.81172822556627 -10.634423785322294 2.677165354330709
    endloop
  endfacet
  facet normal 0.9738769816103373 -0.22707625302866588 0
    outer loop
      vertex 10.821324961157295 -10.598608280026069 0
      vertex 10.821324961157295 -10.598608280026069 2.677165354330709
      vertex 10.817112832616164 -10.61667311496622 2.677165354330709
    endloop
  endfacet
  facet normal 0.9866433320437074 -0.1628954736439615 0
    outer loop
      vertex 10.824346574624693 -10.580306637181542 0
      vertex 10.824346574624693 -10.580306637181542 2.677165354330709
      vertex 10.821324961157295 -10.598608280026069 2.677165354330709
    endloop
  endfacet
  facet normal 0.9951847264524153 -0.09801714256104141 0
    outer loop
      vertex 10.82616473394116 -10.56184655627397 0
      vertex 10.82616473394116 -10.56184655627397 2.677165354330709
      vertex 10.824346574624693 -10.580306637181542 2.677165354330709
    endloop
  endfacet
  facet normal 0.9994645871188584 -0.03271909374248925 0
    outer loop
      vertex 10.82616473394116 -10.56184655627397 0
      vertex 10.826771653543307 -10.54330708649684 0
      vertex 10.82616473394116 -10.56184655627397 2.677165354330709
    endloop
  endfacet
  facet normal 0.9994645871188584 -0.03271909374248925 0
    outer loop
      vertex 10.826771653543307 -10.54330708649684 0
      vertex 10.826771653543307 -10.54330708649684 2.677165354330709
      vertex 10.82616473394116 -10.56184655627397 2.677165354330709
    endloop
  endfacet
  facet normal 1 0 0
    outer loop
      vertex 10.826771653543307 -10.54330708649684 0
      vertex 10.826771653543307 10.54330708649684 0
      vertex 10.826771653543307 -10.54330708649684 2.677165354330709
    endloop
  endfacet
  facet normal 0 0 -1
    outer loop
      vertex -10.82616473394116 -10.56184655627397 0
      vertex 10.82616473394116 10.56184655627397 0
      vertex 10.826771653543307 10.54330708649684 0
    endloop
  endfacet
  facet normal 0 0 -1
    outer loop
      vertex -10.826771653543307 -10.54330708649684 0
      vertex 10.824346574624693 10.580306637181542 0
      vertex 10.82616473394116 10.56184655627397 0
    endloop
  endfacet
  facet normal 0 0 -1
    outer loop
      vertex -10.824346574624693 10.580306637181542 0
      vertex 10.81172822556627 10.634423785322294 0
      vertex 10.817112832616164 10.61667311496622 0
    endloop
  endfacet
  facet normal 0 0 -1
    outer loop
      vertex -10.821324961157295 10.598608280026069 0
      vertex 10.805194198087914 10.651784279919045 0
      vertex 10.81172822556627 10.634423785322294 0
    endloop
  endfacet
  facet normal 0 0 -1
    outer loop
      vertex -10.817112832616164 10.61667311496622 0
      vertex 10.797538729751205 10.668680258388594 0
      vertex 10.805194198087914 10.651784279919045 0
    endloop
  endfacet
  facet normal 0 0 -1
    outer loop
      vertex -10.826771653543307 10.54330708649684 0
      vertex 10.821324961157295 10.598608280026069 0
      vertex 10.824346574624693 10.580306637181542 0
    endloop
  endfacet
  facet normal 0 0 -1
    outer loop
      vertex -10.82616473394116 10.56184655627397 0
      vertex 10.817112832616164 10.61667311496622 0
      vertex 10.821324961157295 10.598608280026069 0
    endloop
  endfacet
  facet normal 0 0 -1
    outer loop
      vertex -10.81172822556627 10.634423785322294 0
      vertex 10.788794602524108 10.685039370020075 0
      vertex 10.797538729751205 10.668680258388594 0
    endloop
  endfacet
  facet normal 0 0 -1
    outer loop
      vertex -10.805194198087914 10.651784279919045 0
      vertex 10.778999259974073 10.700791562049407 0
      vertex 10.788794602524108 10.685039370020075 0
    endloop
  endfacet
  facet normal 0 0 -1
    outer loop
      vertex -10.797538729751205 10.668680258388594 0
      vertex 10.768194647403213 10.715869381202488 0
      vertex 10.778999259974073 10.700791562049407 0
    endloop
  endfacet
  facet normal 0 0 -1
    outer loop
      vertex -10.778999259974073 10.700791562049407 0
      vertex 10.743746803853455 10.743746803853455 0
      vertex 10.756427032037044 10.730208262331843 0
    endloop
  endfacet
  facet normal 0 0 -1
    outer loop
      vertex -10.768194647403213 10.715869381202488 0
      vertex 10.730208262331843 10.756427032037044 0
      vertex 10.743746803853455 10.743746803853455 0
    endloop
  endfacet
  facet normal 0 0 -1
    outer loop
      vertex -10.756427032037044 10.730208262331843 0
      vertex 10.715869381202488 10.768194647403213 0
      vertex 10.730208262331843 10.756427032037044 0
    endloop
  endfacet
  facet normal 0 0 -1
    outer loop
      vertex -10.788794602524108 10.685039370020075 0
      vertex 10.756427032037044 10.730208262331843 0
      vertex 10.768194647403213 10.715869381202488 0
    endloop
  endfacet
  facet normal 0 0 -1
    outer loop
      vertex -10.730208262331843 10.756427032037044 0
      vertex 10.685039370020075 10.788794602524108 0
      vertex 10.700791562049407 10.778999259974073 0
    endloop
  endfacet
  facet normal 0 0 -1
    outer loop
      vertex -10.668680258388594 10.797538729751205 0
      vertex 10.61667311496622 10.817112832616164 0
      vertex 10.634423785322294 10.81172822556627 0
    endloop
  endfacet
  facet normal 0 0 -1
    outer loop
      vertex -10.715869381202488 10.768194647403213 0
      vertex 10.668680258388594 10.797538729751205 0
      vertex 10.685039370020075 10.788794602524108 0
    endloop
  endfacet
  facet normal 0 0 -1
    outer loop
      vertex -10.700791562049407 10.778999259974073 0
      vertex 10.651784279919045 10.805194198087914 0
      vertex 10.668680258388594 10.797538729751205 0
    endloop
  endfacet
  facet normal 0 0 -1
    outer loop
      vertex -10.685039370020075 10.788794602524108 0
      vertex 10.634423785322294 10.81172822556627 0
      vertex 10.651784279919045 10.805194198087914 0
    endloop
  endfacet
  facet normal 0 0 -1
    outer loop
      vertex -10.61667311496622 10.817112832616164 0
      vertex 10.56184655627397 10.82616473394116 0
      vertex 10.580306637181542 10.824346574624693 0
    endloop
  endfacet
  facet normal 0 0 -1
    outer loop
      vertex -10.598608280026069 10.821324961157295 0
      vertex 10.54330708649684 10.826771653543307 0
      vertex 10.56184655627397 10.82616473394116 0
    endloop
  endfacet
  facet normal 0 0 -1
    outer loop
      vertex -10.651784279919045 10.805194198087914 0
      vertex 10.598608280026069 10.821324961157295 0
      vertex 10.61667311496622 10.817112832616164 0
    endloop
  endfacet
  facet normal 0 0 -1
    outer loop
      vertex -10.634423785322294 10.81172822556627 0
      vertex 10.580306637181542 10.824346574624693 0
      vertex 10.598608280026069 10.821324961157295 0
    endloop
  endfacet
  facet normal 0 0 -1
    outer loop
      vertex -10.743746803853455 10.743746803853455 0
      vertex 10.700791562049407 10.778999259974073 0
      vertex 10.715869381202488 10.768194647403213 0
    endloop
  endfacet
  facet normal 0 1 0
    outer loop
      vertex -10.54330708649684 10.826771653543307 0
      vertex 10.54330708649684 10.826771653543307 2.677165354330709
      vertex 10.54330708649684 10.826771653543307 0
    endloop
  endfacet
  facet normal 1 0 0
    outer loop
      vertex 10.826771653543307 -10.54330708649684 2.677165354330709
      vertex 10.826771653543307 10.54330708649684 0
      vertex 10.826771653543307 10.54330708649684 2.677165354330709
    endloop
  endfacet
  facet normal 0.03271909374248925 0.9994645871188584 0
    outer loop
      vertex 10.54330708649684 10.826771653543307 0
      vertex 10.56184655627397 10.82616473394116 2.677165354330709
      vertex 10.56184655627397 10.82616473394116 0
    endloop
  endfacet
  facet normal 0.03271909374248925 0.9994645871188584 0
    outer loop
      vertex 10.54330708649684 10.826771653543307 0
      vertex 10.54330708649684 10.826771653543307 2.677165354330709
      vertex 10.56184655627397 10.82616473394116 2.677165354330709
    endloop
  endfacet
  facet normal 0.9994645871188584 0.03271909374248925 0
    outer loop
      vertex 10.826771653543307 10.54330708649684 0
      vertex 10.82616473394116 10.56184655627397 0
      vertex 10.826771653543307 10.54330708649684 2.677165354330709
    endloop
  endfacet
  facet normal 0.9994645871188584 0.03271909374248925 0
    outer loop
      vertex 10.82616473394116 10.56184655627397 0
      vertex 10.82616473394116 10.56184655627397 2.677165354330709
      vertex 10.826771653543307 10.54330708649684 2.677165354330709
    endloop
  endfacet
  facet normal 0.6835923106800504 0.7298640645895024 0
    outer loop
      vertex 10.730208262331843 10.756427032037044 0
      vertex 10.743746803853455 10.743746803853455 2.677165354330709
      vertex 10.743746803853455 10.743746803853455 0
    endloop
  endfacet
  facet normal 0.7298640645895024 0.6835923106800504 0
    outer loop
      vertex 10.756427032037044 10.730208262331843 0
      vertex 10.743746803853455 10.743746803853455 0
      vertex 10.756427032037044 10.730208262331843 2.677165354330709
    endloop
  endfacet
  facet normal 0.09801714256104141 0.9951847264524153 0
    outer loop
      vertex 10.56184655627397 10.82616473394116 0
      vertex 10.580306637181542 10.824346574624693 2.677165354330709
      vertex 10.580306637181542 10.824346574624693 0
    endloop
  endfacet
  facet normal 0.1628954736439615 0.9866433320437074 0
    outer loop
      vertex 10.580306637181542 10.824346574624693 0
      vertex 10.598608280026069 10.821324961157295 2.677165354330709
      vertex 10.598608280026069 10.821324961157295 0
    endloop
  endfacet
  facet normal 0.3522500473635345 0.9359059269672287 0
    outer loop
      vertex 10.634423785322294 10.81172822556627 0
      vertex 10.651784279919045 10.805194198087914 2.677165354330709
      vertex 10.651784279919045 10.805194198087914 0
    endloop
  endfacet
  facet normal 0.22707625302866588 0.9738769816103373 0
    outer loop
      vertex 10.598608280026069 10.821324961157295 0
      vertex 10.61667311496622 10.817112832616164 2.677165354330709
      vertex 10.61667311496622 10.817112832616164 0
    endloop
  endfacet
  facet normal 0.29028468049157496 0.9569403347502414 0
    outer loop
      vertex 10.634423785322294 10.81172822556627 0
      vertex 10.61667311496622 10.817112832616164 0
      vertex 10.634423785322294 10.81172822556627 2.677165354330709
    endloop
  endfacet
  facet normal 0.41270703377852924 0.910863823120519 0
    outer loop
      vertex 10.651784279919045 10.805194198087914 0
      vertex 10.668680258388594 10.797538729751205 2.677165354330709
      vertex 10.668680258388594 10.797538729751205 0
    endloop
  endfacet
  facet normal 0.4713967320378751 0.8819212669076598 0
    outer loop
      vertex 10.668680258388594 10.797538729751205 0
      vertex 10.685039370020075 10.788794602524108 2.677165354330709
      vertex 10.685039370020075 10.788794602524108 0
    endloop
  endfacet
  facet normal 0.5280678540531759 0.8492021794105769 0
    outer loop
      vertex 10.685039370020075 10.788794602524108 0
      vertex 10.700791562049407 10.778999259974073 2.677165354330709
      vertex 10.700791562049407 10.778999259974073 0
    endloop
  endfacet
  facet normal 0.5824777026716077 0.812846680432667 0
    outer loop
      vertex 10.715869381202488 10.768194647403213 0
      vertex 10.700791562049407 10.778999259974073 0
      vertex 10.715869381202488 10.768194647403213 2.677165354330709
    endloop
  endfacet
  facet normal 0.6343932757589148 0.773010460260321 0
    outer loop
      vertex 10.715869381202488 10.768194647403213 0
      vertex 10.730208262331843 10.756427032037044 2.677165354330709
      vertex 10.730208262331843 10.756427032037044 0
    endloop
  endfacet
  facet normal 0.910863823120519 0.41270703377852924 0
    outer loop
      vertex 10.805194198087914 10.651784279919045 0
      vertex 10.797538729751205 10.668680258388594 0
      vertex 10.805194198087914 10.651784279919045 2.677165354330709
    endloop
  endfacet
  facet normal 0.9359059269672287 0.3522500473635345 0
    outer loop
      vertex 10.805194198087914 10.651784279919045 0
      vertex 10.81172822556627 10.634423785322294 2.677165354330709
      vertex 10.81172822556627 10.634423785322294 0
    endloop
  endfacet
  facet normal 0.9951847264524153 0.09801714256104141 0
    outer loop
      vertex 10.82616473394116 10.56184655627397 0
      vertex 10.824346574624693 10.580306637181542 0
      vertex 10.82616473394116 10.56184655627397 2.677165354330709
    endloop
  endfacet
  facet normal 0.9866433320437074 0.1628954736439615 0
    outer loop
      vertex 10.824346574624693 10.580306637181542 0
      vertex 10.821324961157295 10.598608280026069 0
      vertex 10.824346574624693 10.580306637181542 2.677165354330709
    endloop
  endfacet
  facet normal 0.9738769816103373 0.22707625302866588 0
    outer loop
      vertex 10.821324961157295 10.598608280026069 0
      vertex 10.817112832616164 10.61667311496622 0
      vertex 10.821324961157295 10.598608280026069 2.677165354330709
    endloop
  endfacet
  facet normal 0.9569403347502414 0.29028468049157496 0
    outer loop
      vertex 10.817112832616164 10.61667311496622 0
      vertex 10.81172822556627 10.634423785322294 0
      vertex 10.817112832616164 10.61667311496622 2.677165354330709
    endloop
  endfacet
  facet normal 0.812846680432667 0.5824777026716077 0
    outer loop
      vertex 10.778999259974073 10.700791562049407 0
      vertex 10.768194647403213 10.715869381202488 0
      vertex 10.778999259974073 10.700791562049407 2.677165354330709
    endloop
  endfacet
  facet normal 0.8819212669076598 0.4713967320378751 0
    outer loop
      vertex 10.797538729751205 10.668680258388594 0
      vertex 10.788794602524108 10.685039370020075 0
      vertex 10.797538729751205 10.668680258388594 2.677165354330709
    endloop
  endfacet
  facet normal 0.8492021794105769 0.5280678540531759 0
    outer loop
      vertex 10.778999259974073 10.700791562049407 0
      vertex 10.788794602524108 10.685039370020075 2.677165354330709
      vertex 10.788794602524108 10.685039370020075 0
    endloop
  endfacet
  facet normal 0.773010460260321 0.6343932757589148 0
    outer loop
      vertex 10.756427032037044 10.730208262331843 0
      vertex 10.768194647403213 10.715869381202488 2.677165354330709
      vertex 10.768194647403213 10.715869381202488 0
    endloop
  endfacet
  facet normal 0.6835923106800504 0.7298640645895024 0
    outer loop
      vertex 10.730208262331843 10.756427032037044 0
      vertex 10.730208262331843 10.756427032037044 2.677165354330709
      vertex 10.743746803853455 10.743746803853455 2.677165354330709
    endloop
  endfacet
  facet normal 0.7298640645895024 0.6835923106800504 0
    outer loop
      vertex 10.743746803853455 10.743746803853455 0
      vertex 10.743746803853455 10.743746803853455 2.677165354330709
      vertex 10.756427032037044 10.730208262331843 2.677165354330709
    endloop
  endfacet
  facet normal 0.09801714256104141 0.9951847264524153 0
    outer loop
      vertex 10.56184655627397 10.82616473394116 0
      vertex 10.56184655627397 10.82616473394116 2.677165354330709
      vertex 10.580306637181542 10.824346574624693 2.677165354330709
    endloop
  endfacet
  facet normal 0.1628954736439615 0.9866433320437074 0
    outer loop
      vertex 10.580306637181542 10.824346574624693 0
      vertex 10.580306637181542 10.824346574624693 2.677165354330709
      vertex 10.598608280026069 10.821324961157295 2.677165354330709
    endloop
  endfacet
  facet normal 0.22707625302866588 0.9738769816103373 0
    outer loop
      vertex 10.598608280026069 10.821324961157295 0
      vertex 10.598608280026069 10.821324961157295 2.677165354330709
      vertex 10.61667311496622 10.817112832616164 2.677165354330709
    endloop
  endfacet
  facet normal 0.41270703377852924 0.910863823120519 0
    outer loop
      vertex 10.651784279919045 10.805194198087914 0
      vertex 10.651784279919045 10.805194198087914 2.677165354330709
      vertex 10.668680258388594 10.797538729751205 2.677165354330709
    endloop
  endfacet
  facet normal 0.3522500473635345 0.9359059269672287 0
    outer loop
      vertex 10.634423785322294 10.81172822556627 0
      vertex 10.634423785322294 10.81172822556627 2.677165354330709
      vertex 10.651784279919045 10.805194198087914 2.677165354330709
    endloop
  endfacet
  facet normal 0.29028468049157496 0.9569403347502414 0
    outer loop
      vertex 10.61667311496622 10.817112832616164 0
      vertex 10.61667311496622 10.817112832616164 2.677165354330709
      vertex 10.634423785322294 10.81172822556627 2.677165354330709
    endloop
  endfacet
  facet normal 0.4713967320378751 0.8819212669076598 0
    outer loop
      vertex 10.668680258388594 10.797538729751205 0
      vertex 10.668680258388594 10.797538729751205 2.677165354330709
      vertex 10.685039370020075 10.788794602524108 2.677165354330709
    endloop
  endfacet
  facet normal 0.5824777026716077 0.812846680432667 0
    outer loop
      vertex 10.700791562049407 10.778999259974073 0
      vertex 10.700791562049407 10.778999259974073 2.677165354330709
      vertex 10.715869381202488 10.768194647403213 2.677165354330709
    endloop
  endfacet
  facet normal 0.5280678540531759 0.8492021794105769 0
    outer loop
      vertex 10.685039370020075 10.788794602524108 0
      vertex 10.685039370020075 10.788794602524108 2.677165354330709
      vertex 10.700791562049407 10.778999259974073 2.677165354330709
    endloop
  endfacet
  facet normal 0.6343932757589148 0.773010460260321 0
    outer loop
      vertex 10.715869381202488 10.768194647403213 0
      vertex 10.715869381202488 10.768194647403213 2.677165354330709
      vertex 10.730208262331843 10.756427032037044 2.677165354330709
    endloop
  endfacet
  facet normal 0.9359059269672287 0.3522500473635345 0
    outer loop
      vertex 10.805194198087914 10.651784279919045 0
      vertex 10.805194198087914 10.651784279919045 2.677165354330709
      vertex 10.81172822556627 10.634423785322294 2.677165354330709
    endloop
  endfacet
  facet normal 0.9951847264524153 0.09801714256104141 0
    outer loop
      vertex 10.824346574624693 10.580306637181542 0
      vertex 10.824346574624693 10.580306637181542 2.677165354330709
      vertex 10.82616473394116 10.56184655627397 2.677165354330709
    endloop
  endfacet
  facet normal 0.9866433320437074 0.1628954736439615 0
    outer loop
      vertex 10.821324961157295 10.598608280026069 0
      vertex 10.821324961157295 10.598608280026069 2.677165354330709
      vertex 10.824346574624693 10.580306637181542 2.677165354330709
    endloop
  endfacet
  facet normal 0.9738769816103373 0.22707625302866588 0
    outer loop
      vertex 10.817112832616164 10.61667311496622 0
      vertex 10.817112832616164 10.61667311496622 2.677165354330709
      vertex 10.821324961157295 10.598608280026069 2.677165354330709
    endloop
  endfacet
  facet normal 0.9569403347502414 0.29028468049157496 0
    outer loop
      vertex 10.81172822556627 10.634423785322294 0
      vertex 10.81172822556627 10.634423785322294 2.677165354330709
      vertex 10.817112832616164 10.61667311496622 2.677165354330709
    endloop
  endfacet
  facet normal 0.8492021794105769 0.5280678540531759 0
    outer loop
      vertex 10.778999259974073 10.700791562049407 0
      vertex 10.778999259974073 10.700791562049407 2.677165354330709
      vertex 10.788794602524108 10.685039370020075 2.677165354330709
    endloop
  endfacet
  facet normal 0.910863823120519 0.41270703377852924 0
    outer loop
      vertex 10.797538729751205 10.668680258388594 0
      vertex 10.797538729751205 10.668680258388594 2.677165354330709
      vertex 10.805194198087914 10.651784279919045 2.677165354330709
    endloop
  endfacet
  facet normal 0.8819212669076598 0.4713967320378751 0
    outer loop
      vertex 10.788794602524108 10.685039370020075 0
      vertex 10.788794602524108 10.685039370020075 2.677165354330709
      vertex 10.797538729751205 10.668680258388594 2.677165354330709
    endloop
  endfacet
  facet normal 0.773010460260321 0.6343932757589148 0
    outer loop
      vertex 10.756427032037044 10.730208262331843 0
      vertex 10.756427032037044 10.730208262331843 2.677165354330709
      vertex 10.768194647403213 10.715869381202488 2.677165354330709
    endloop
  endfacet
  facet normal 0.812846680432667 0.5824777026716077 0
    outer loop
      vertex 10.768194647403213 10.715869381202488 0
      vertex 10.768194647403213 10.715869381202488 2.677165354330709
      vertex 10.778999259974073 10.700791562049407 2.677165354330709
    endloop
  endfacet
endsolid OpenSCAD_Model
