solid OpenSCAD_Model
  facet normal -0.6087614290087179 -0.7933533402912373 0
    outer loop
      vertex -48.87339141137151 -33.052743859225885 43
      vertex -48.25 -33.53108891324553 43
      vertex -48.25 -33.53108891324553 44.2
    endloop
  endfacet
  facet normal -0.1305261922200542 -0.99144486137381 0
    outer loop
      vertex -46.5 -34 44.2
      vertex -47.29820217803134 -33.89491468968247 44.05737704918033
      vertex -46.5 -34 43
    endloop
  endfacet
  facet normal -0.608761429008722 -0.7933533402912342 3.4041724185138297e-15
    outer loop
      vertex -48.87339141137151 -33.052743859225885 43
      vertex -48.25 -33.53108891324553 44.2
      vertex -48.890788380991175 -33.03939469492766 44.2
    endloop
  endfacet
  facet normal -0.1305261922200532 -0.9914448613738103 -5.694141516427977e-15
    outer loop
      vertex -47.3007861255472 -33.894574506538376 44.2
      vertex -47.29820217803134 -33.89491468968247 44.05737704918033
      vertex -46.5 -34 44.2
    endloop
  endfacet
  facet normal -1 0 0
    outer loop
      vertex -50 30.5 44.2
      vertex -50 -22.127450980392155 43
      vertex -50 -23.56274509803922 44.2
    endloop
  endfacet
  facet normal -1 0 0
    outer loop
      vertex -50 30.5 43
      vertex -50 -22.127450980392155 43
      vertex -50 30.5 44.2
    endloop
  endfacet
  facet normal -0.13052619222005482 0.9914448613738099 0
    outer loop
      vertex -46.5 34 43
      vertex -47.27904532575859 33.89743673713009 43
      vertex -46.5 34 44.05737704918033
    endloop
  endfacet
  facet normal 0.13052619222005482 -0.9914448613738099 0
    outer loop
      vertex 46.5 -34 43
      vertex 47.27904532575859 -33.89743673713009 43
      vertex 46.5 -34 44.05737704918033
    endloop
  endfacet
  facet normal 1 0 0
    outer loop
      vertex 50 -30.5 43
      vertex 50 -25.055580219333585 43
      vertex 50 -25.988909324590686 44.2
    endloop
  endfacet
  facet normal 1 0 0
    outer loop
      vertex 50 -30.5 43
      vertex 50 -25.988909324590686 44.2
      vertex 50 -30.5 44.2
    endloop
  endfacet
  facet normal 1 0 0
    outer loop
      vertex 50 30.5 44.2
      vertex 50 -23.118653700619404 44.2
      vertex 50 -21.591478604195828 43
    endloop
  endfacet
  facet normal 1 0 0
    outer loop
      vertex 50 30.5 43
      vertex 50 30.5 44.2
      vertex 50 -21.591478604195828 43
    endloop
  endfacet
  facet normal 0.13052619222005257 0.9914448613738102 0
    outer loop
      vertex 47.40586665785882 33.88074039201174 44.2
      vertex 46.5 34 43
      vertex 46.5 34 44.2
    endloop
  endfacet
  facet normal 0 0 -1
    outer loop
      vertex -48.974873734152915 -32.974873734152915 0
      vertex -49.53108891324553 -32.25 0
      vertex -48.25 -33.53108891324553 0
    endloop
  endfacet
  facet normal 0 0 -1
    outer loop
      vertex -48.25 -33.53108891324553 0
      vertex -46.5 -34 0
      vertex -47.40586665785882 -33.88074039201174 0
    endloop
  endfacet
  facet normal -0.6087614290087207 -0.793353340291235 -6.358117998490746e-17
    outer loop
      vertex -48.974873734152915 -32.974873734152915 0
      vertex -48.25 -33.53108891324553 0
      vertex -48.87339141137151 -33.052743859225885 43
    endloop
  endfacet
  facet normal -0.13052619222005257 -0.9914448613738103 3.0165737615061584e-17
    outer loop
      vertex -47.40586665785882 -33.88074039201174 0
      vertex -46.5 -34 0
      vertex -47.29820217803134 -33.89491468968247 44.05737704918033
    endloop
  endfacet
  facet normal -0.793353340291235 -0.6087614290087207 0
    outer loop
      vertex -48.974873734152915 -32.974873734152915 0
      vertex -48.974873734152915 -32.974873734152915 50
      vertex -49.53108891324553 -32.25 0
    endloop
  endfacet
  facet normal -0.38268343236509117 -0.9238795325112863 0
    outer loop
      vertex -48.25 -33.53108891324553 0
      vertex -47.40586665785882 -33.88074039201174 0
      vertex -47.40586665785882 -33.88074039201174 50
    endloop
  endfacet
  facet normal -0.608761429008718 -0.7933533402912373 0
    outer loop
      vertex -48.25 -33.53108891324553 0
      vertex -48.25 -33.53108891324553 43
      vertex -48.87339141137151 -33.052743859225885 43
    endloop
  endfacet
  facet normal -0.6087614290088513 -0.7933533402911349 4.2639496774021076e-16
    outer loop
      vertex -48.974873734152915 -32.974873734152915 0
      vertex -48.87339141137151 -33.052743859225885 43
      vertex -48.890788380991175 -33.03939469492766 44.2
    endloop
  endfacet
  facet normal -0.13052619221977935 -0.9914448613738465 -6.489627203980473e-16
    outer loop
      vertex -47.40586665785882 -33.88074039201174 0
      vertex -47.29820217803134 -33.89491468968247 44.05737704918033
      vertex -47.3007861255472 -33.894574506538376 44.2
    endloop
  endfacet
  facet normal -0.1305261922200542 -0.99144486137381 0
    outer loop
      vertex -46.5 -34 0
      vertex -46.5 -34 43
      vertex -47.29820217803134 -33.89491468968247 44.05737704918033
    endloop
  endfacet
  facet normal 0 0 -1
    outer loop
      vertex -49.53108891324553 -32.25 0
      vertex -49.88074039201174 -31.405866657858823 0
      vertex -50 -30.5 0
    endloop
  endfacet
  facet normal 0 0 -1
    outer loop
      vertex -49.53108891324553 -32.25 0
      vertex -50 -30.5 0
      vertex -48.25 -33.53108891324553 0
    endloop
  endfacet
  facet normal 0 0 -1
    outer loop
      vertex -48.25 -33.53108891324553 0
      vertex -50 -30.5 0
      vertex -50 30.5 0
    endloop
  endfacet
  facet normal -1 0 0
    outer loop
      vertex -50 -30.5 0
      vertex -50 -7.361215932167728 11.75
      vertex -50 0 7.5
    endloop
  endfacet
  facet normal -1 0 0
    outer loop
      vertex -50 -30.5 0
      vertex -50 -7.361215932167728 20.25
      vertex -50 -7.361215932167728 11.75
    endloop
  endfacet
  facet normal -0.9238795325112863 -0.38268343236509117 0
    outer loop
      vertex -49.53108891324553 -32.25 0
      vertex -49.88074039201174 -31.405866657858823 50
      vertex -49.88074039201174 -31.405866657858823 0
    endloop
  endfacet
  facet normal -0.9914448613738104 -0.1305261922200526 0
    outer loop
      vertex -49.88074039201174 -31.405866657858823 0
      vertex -49.88074039201174 -31.405866657858823 50
      vertex -50 -30.5 0
    endloop
  endfacet
  facet normal -1 0 0
    outer loop
      vertex -50 -30.5 0
      vertex -50 -30.5 50
      vertex -50 -7.361215932167728 20.25
    endloop
  endfacet
  facet normal 0 0 -1
    outer loop
      vertex -48.25 -33.53108891324553 0
      vertex 48.25 -33.53108891324553 0
      vertex -46.5 -34 0
    endloop
  endfacet
  facet normal -0.6087614290087103 -0.793353340291243 0
    outer loop
      vertex -48.974873734152915 -32.974873734152915 0
      vertex -48.890788380991175 -33.03939469492766 44.2
      vertex -48.974873734152915 -32.974873734152915 50
    endloop
  endfacet
  facet normal -0.13052619222004772 -0.9914448613738108 0
    outer loop
      vertex -47.40586665785882 -33.88074039201174 0
      vertex -47.3007861255472 -33.894574506538376 44.2
      vertex -47.40586665785882 -33.88074039201174 50
    endloop
  endfacet
  facet normal -0.38268343236509117 -0.9238795325112863 0
    outer loop
      vertex -48.25 -33.53108891324553 0
      vertex -47.40586665785882 -33.88074039201174 50
      vertex -48.25 -33.53108891324553 43
    endloop
  endfacet
  facet normal -0.793353340291235 -0.6087614290087207 0
    outer loop
      vertex -49.53108891324553 -32.25 0
      vertex -48.974873734152915 -32.974873734152915 50
      vertex -49.53108891324553 -32.25 50
    endloop
  endfacet
  facet normal -0.608761429008722 -0.793353340291234 0
    outer loop
      vertex -48.25 -33.53108891324553 50
      vertex -48.890788380991175 -33.03939469492766 44.2
      vertex -48.25 -33.53108891324553 44.2
    endloop
  endfacet
  facet normal -0.13052619222005324 -0.9914448613738103 0
    outer loop
      vertex -46.5 -34 50
      vertex -47.3007861255472 -33.894574506538376 44.2
      vertex -46.5 -34 44.2
    endloop
  endfacet
  facet normal -0.3826834323650911 -0.9238795325112862 0
    outer loop
      vertex -47.40586665785882 -33.88074039201174 50
      vertex -48.25 -33.53108891324553 44.2
      vertex -48.25 -33.53108891324553 43
    endloop
  endfacet
  facet normal -0.6087614290087208 -0.7933533402912352 -2.383076219166121e-16
    outer loop
      vertex -48.974873734152915 -32.974873734152915 50
      vertex -48.890788380991175 -33.03939469492766 44.2
      vertex -48.25 -33.53108891324553 50
    endloop
  endfacet
  facet normal -0.1305261922200526 -0.9914448613738104 -8.90380125842285e-17
    outer loop
      vertex -47.40586665785882 -33.88074039201174 50
      vertex -47.3007861255472 -33.894574506538376 44.2
      vertex -46.5 -34 50
    endloop
  endfacet
  facet normal -0.38268343236509117 -0.9238795325112863 0
    outer loop
      vertex -48.25 -33.53108891324553 50
      vertex -48.25 -33.53108891324553 44.2
      vertex -47.40586665785882 -33.88074039201174 50
    endloop
  endfacet
  facet normal 0 0 1
    outer loop
      vertex -48.974873734152915 -32.974873734152915 50
      vertex -48.25 -33.53108891324553 50
      vertex -49.53108891324553 -32.25 50
    endloop
  endfacet
  facet normal 0 0 1
    outer loop
      vertex -48.25 -33.53108891324553 50
      vertex -47.40586665785882 -33.88074039201174 50
      vertex -46.5 -34 50
    endloop
  endfacet
  facet normal -0.9238795325112863 -0.38268343236509117 0
    outer loop
      vertex -49.53108891324553 -32.25 0
      vertex -49.53108891324553 -32.25 50
      vertex -49.88074039201174 -31.405866657858823 50
    endloop
  endfacet
  facet normal -0.9914448613738104 -0.1305261922200526 0
    outer loop
      vertex -50 -30.5 0
      vertex -49.88074039201174 -31.405866657858823 50
      vertex -50 -30.5 50
    endloop
  endfacet
  facet normal -1 0 0
    outer loop
      vertex -50 -23.56274509803922 44.2
      vertex -50 -22.127450980392155 43
      vertex -50 -7.361215932167728 20.25
    endloop
  endfacet
  facet normal -1 0 0
    outer loop
      vertex -50 -30.5 50
      vertex -50 -23.56274509803922 44.2
      vertex -50 -7.361215932167728 20.25
    endloop
  endfacet
  facet normal 0 0 1
    outer loop
      vertex -49.53108891324553 -32.25 50
      vertex -50 -30.5 50
      vertex -49.88074039201174 -31.405866657858823 50
    endloop
  endfacet
  facet normal 0 0 1
    outer loop
      vertex -49.53108891324553 -32.25 50
      vertex -48.25 -33.53108891324553 50
      vertex -50 -30.5 50
    endloop
  endfacet
  facet normal 0 0 1
    outer loop
      vertex -48.25 -33.53108891324553 50
      vertex -46.48743686707646 -30.487436867076458 50
      vertex -46.86678918189475 -29.919696006638908 50
    endloop
  endfacet
  facet normal 0 0 1
    outer loop
      vertex -48.25 -33.53108891324553 50
      vertex -45.25 -31 50
      vertex -45.91969600663891 -30.866789181894752 50
    endloop
  endfacet
  facet normal 0 0 1
    outer loop
      vertex -48.25 -33.53108891324553 50
      vertex -45.91969600663891 -30.866789181894752 50
      vertex -46.48743686707646 -30.487436867076458 50
    endloop
  endfacet
  facet normal 0 0 1
    outer loop
      vertex -48.25 -33.53108891324553 50
      vertex -46.86678918189475 -29.919696006638908 50
      vertex -47 -29.25 50
    endloop
  endfacet
  facet normal 0 -1 0
    outer loop
      vertex -46.5 -34 0
      vertex 46.5 -34 50
      vertex -46.5 -34 43
    endloop
  endfacet
  facet normal 0 -1 0
    outer loop
      vertex 46.5 -34 50
      vertex -46.5 -34 44.2
      vertex -46.5 -34 43
    endloop
  endfacet
  facet normal 0 -1 0
    outer loop
      vertex -46.5 -34 50
      vertex -46.5 -34 44.2
      vertex 46.5 -34 50
    endloop
  endfacet
  facet normal 0 0 1
    outer loop
      vertex -48.25 -33.53108891324553 50
      vertex -46.5 -34 50
      vertex 48.25 -33.53108891324553 50
    endloop
  endfacet
  facet normal 0 0 1
    outer loop
      vertex -48.25 -33.53108891324553 50
      vertex 48.25 -33.53108891324553 50
      vertex -45.25 -31 50
    endloop
  endfacet
  facet normal -1 0 0
    outer loop
      vertex -50 -30.5 0
      vertex -50 0 7.5
      vertex -50 30.5 0
    endloop
  endfacet
  facet normal 0 0 -1
    outer loop
      vertex -48.25 -33.53108891324553 0
      vertex -50 30.5 0
      vertex -46.5 34 0
    endloop
  endfacet
  facet normal -1 0 0
    outer loop
      vertex -50 -22.127450980392155 43
      vertex -50 0 24.5
      vertex -50 -7.361215932167728 20.25
    endloop
  endfacet
  facet normal -1 0 0
    outer loop
      vertex -50 7.361215932167728 20.25
      vertex -50 0 24.5
      vertex -50 -22.127450980392155 43
    endloop
  endfacet
  facet normal -1 0 0
    outer loop
      vertex -50 30.5 0
      vertex -50 0 7.5
      vertex -50 7.361215932167728 11.75
    endloop
  endfacet
  facet normal -1 0 0
    outer loop
      vertex -50 30.5 0
      vertex -50 7.361215932167728 11.75
      vertex -50 7.361215932167728 20.25
    endloop
  endfacet
  facet normal 0 0 -1
    outer loop
      vertex -50 30.5 0
      vertex -49.88074039201174 31.405866657858823 0
      vertex -49.53108891324553 32.25 0
    endloop
  endfacet
  facet normal 0 0 -1
    outer loop
      vertex -50 30.5 0
      vertex -49.53108891324553 32.25 0
      vertex -48.974873734152915 32.974873734152915 0
    endloop
  endfacet
  facet normal 0 0 -1
    outer loop
      vertex -50 30.5 0
      vertex -48.974873734152915 32.974873734152915 0
      vertex -46.5 34 0
    endloop
  endfacet
  facet normal 0 0 -1
    outer loop
      vertex -48.974873734152915 32.974873734152915 0
      vertex -48.25 33.53108891324553 0
      vertex -46.5 34 0
    endloop
  endfacet
  facet normal 0 0 -1
    outer loop
      vertex -48.25 33.53108891324553 0
      vertex -47.40586665785882 33.88074039201174 0
      vertex -46.5 34 0
    endloop
  endfacet
  facet normal -0.9914448613738104 0.13052619222005257 0
    outer loop
      vertex -50 30.5 0
      vertex -50 30.5 43
      vertex -49.88074039201174 31.405866657858823 0
    endloop
  endfacet
  facet normal -0.13052619222005257 0.9914448613738104 4.172514936509543e-17
    outer loop
      vertex -47.40586665785882 33.88074039201174 0
      vertex -47.27904532575859 33.89743673713009 43
      vertex -46.5 34 0
    endloop
  endfacet
  facet normal -1 0 0
    outer loop
      vertex -50 30.5 0
      vertex -50 7.361215932167728 20.25
      vertex -50 30.5 43
    endloop
  endfacet
  facet normal -0.9238795325112863 0.38268343236509117 0
    outer loop
      vertex -49.88074039201174 31.405866657858823 0
      vertex -49.88074039201174 31.405866657858823 50
      vertex -49.53108891324553 32.25 0
    endloop
  endfacet
  facet normal -0.793353340291235 0.6087614290087207 0
    outer loop
      vertex -49.53108891324553 32.25 0
      vertex -48.974873734152915 32.974873734152915 50
      vertex -48.974873734152915 32.974873734152915 0
    endloop
  endfacet
  facet normal -0.6087614290087207 0.793353340291235 0
    outer loop
      vertex -48.974873734152915 32.974873734152915 0
      vertex -48.974873734152915 32.974873734152915 50
      vertex -48.25 33.53108891324553 0
    endloop
  endfacet
  facet normal -0.38268343236509117 0.9238795325112863 0
    outer loop
      vertex -48.25 33.53108891324553 0
      vertex -47.40586665785882 33.88074039201174 50
      vertex -47.40586665785882 33.88074039201174 0
    endloop
  endfacet
  facet normal -0.9914448613738104 0.1305261922200524 0
    outer loop
      vertex -49.88074039201174 31.405866657858823 0
      vertex -50 30.5 43
      vertex -50 30.5 44.2
    endloop
  endfacet
  facet normal -0.13052619222005485 0.9914448613738099 0
    outer loop
      vertex -46.5 34 0
      vertex -47.27904532575859 33.89743673713009 43
      vertex -46.5 34 43
    endloop
  endfacet
  facet normal 0 0 -1
    outer loop
      vertex -48.25 -33.53108891324553 0
      vertex -46.5 34 0
      vertex 50 -30.5 0
    endloop
  endfacet
  facet normal 0 1 0
    outer loop
      vertex -46.5 34 0
      vertex -46.5 34 43
      vertex 46.5 34 0
    endloop
  endfacet
  facet normal 0 1 0
    outer loop
      vertex 46.5 34 0
      vertex -46.5 34 43
      vertex -46.5 34 44.05737704918033
    endloop
  endfacet
  facet normal -1 0 0
    outer loop
      vertex -50 7.361215932167728 20.25
      vertex -50 -22.127450980392155 43
      vertex -50 30.5 43
    endloop
  endfacet
  facet normal -1 0 0
    outer loop
      vertex -50 -30.5 50
      vertex -50 30.5 50
      vertex -50 -23.56274509803922 44.2
    endloop
  endfacet
  facet normal 0 0 1
    outer loop
      vertex -48.25 -33.53108891324553 50
      vertex -48.25 33.53108891324553 50
      vertex -50 -30.5 50
    endloop
  endfacet
  facet normal 0 0 1
    outer loop
      vertex -48.25 -33.53108891324553 50
      vertex -47 -29.25 50
      vertex -48.25 33.53108891324553 50
    endloop
  endfacet
  facet normal 0 0 1
    outer loop
      vertex -50 -30.5 50
      vertex -48.974873734152915 32.974873734152915 50
      vertex -50 30.5 50
    endloop
  endfacet
  facet normal 0 0 1
    outer loop
      vertex -47 -29.25 50
      vertex -47 29.25 50
      vertex -48.25 33.53108891324553 50
    endloop
  endfacet
  facet normal -0.9914448613738103 0.1305261922200526 0
    outer loop
      vertex -49.88074039201174 31.405866657858823 0
      vertex -50 30.5 44.2
      vertex -50 30.5 50
    endloop
  endfacet
  facet normal -0.9914448613738104 0.1305261922200526 0
    outer loop
      vertex -49.88074039201174 31.405866657858823 0
      vertex -50 30.5 50
      vertex -49.88074039201174 31.405866657858823 50
    endloop
  endfacet
  facet normal -0.13052619222003867 0.991444861373812 0
    outer loop
      vertex -47.40586665785882 33.88074039201174 0
      vertex -47.40586665785882 33.88074039201174 50
      vertex -47.27904532575859 33.89743673713009 43
    endloop
  endfacet
  facet normal -0.9238795325112863 0.38268343236509117 0
    outer loop
      vertex -49.88074039201174 31.405866657858823 50
      vertex -49.53108891324553 32.25 50
      vertex -49.53108891324553 32.25 0
    endloop
  endfacet
  facet normal -0.793353340291235 0.6087614290087207 0
    outer loop
      vertex -48.974873734152915 32.974873734152915 50
      vertex -49.53108891324553 32.25 0
      vertex -49.53108891324553 32.25 50
    endloop
  endfacet
  facet normal -0.6087614290087207 0.793353340291235 0
    outer loop
      vertex -48.974873734152915 32.974873734152915 50
      vertex -48.25 33.53108891324553 50
      vertex -48.25 33.53108891324553 0
    endloop
  endfacet
  facet normal -0.38268343236509117 0.9238795325112863 0
    outer loop
      vertex -48.25 33.53108891324553 50
      vertex -47.40586665785882 33.88074039201174 50
      vertex -48.25 33.53108891324553 0
    endloop
  endfacet
  facet normal -1 0 0
    outer loop
      vertex -50 30.5 50
      vertex -50 30.5 44.2
      vertex -50 -23.56274509803922 44.2
    endloop
  endfacet
  facet normal 0 0 1
    outer loop
      vertex -50 -30.5 50
      vertex -48.25 33.53108891324553 50
      vertex -48.974873734152915 32.974873734152915 50
    endloop
  endfacet
  facet normal -0.13052619222005446 0.99144486137381 -2.908838984309508e-16
    outer loop
      vertex -47.40586665785882 33.88074039201174 50
      vertex -46.5 34 44.05737704918033
      vertex -47.27904532575859 33.89743673713009 43
    endloop
  endfacet
  facet normal -0.13052619222005257 0.9914448613738103 0
    outer loop
      vertex -47.40586665785882 33.88074039201174 50
      vertex -46.5 34 50
      vertex -46.5 34 44.05737704918033
    endloop
  endfacet
  facet normal 0 0 1
    outer loop
      vertex -47 29.25 50
      vertex -46.86678918189475 29.919696006638908 50
      vertex -48.25 33.53108891324553 50
    endloop
  endfacet
  facet normal 0 0 1
    outer loop
      vertex -50 30.5 50
      vertex -49.53108891324553 32.25 50
      vertex -49.88074039201174 31.405866657858823 50
    endloop
  endfacet
  facet normal 0 0 1
    outer loop
      vertex -50 30.5 50
      vertex -48.974873734152915 32.974873734152915 50
      vertex -49.53108891324553 32.25 50
    endloop
  endfacet
  facet normal 0 0 1
    outer loop
      vertex -48.25 33.53108891324553 50
      vertex -46.86678918189475 29.919696006638908 50
      vertex -46.48743686707646 30.487436867076458 50
    endloop
  endfacet
  facet normal 0 0 1
    outer loop
      vertex -48.25 33.53108891324553 50
      vertex -46.48743686707646 30.487436867076458 50
      vertex -45.91969600663891 30.866789181894752 50
    endloop
  endfacet
  facet normal 0 0 1
    outer loop
      vertex -48.25 33.53108891324553 50
      vertex -45.91969600663891 30.866789181894752 50
      vertex -45.25 31 50
    endloop
  endfacet
  facet normal 0 0 1
    outer loop
      vertex -48.25 33.53108891324553 50
      vertex -46.5 34 50
      vertex -47.40586665785882 33.88074039201174 50
    endloop
  endfacet
  facet normal 0 1 0
    outer loop
      vertex -46.5 34 50
      vertex 46.5 34 0
      vertex -46.5 34 44.05737704918033
    endloop
  endfacet
  facet normal 0 0 1
    outer loop
      vertex -48.25 33.53108891324553 50
      vertex -45.25 31 50
      vertex 45.25 31 50
    endloop
  endfacet
  facet normal 0 0 1
    outer loop
      vertex -48.25 33.53108891324553 50
      vertex 48.25 33.53108891324553 50
      vertex -46.5 34 50
    endloop
  endfacet
  facet normal 0 0 -1
    outer loop
      vertex -46.5 -34 0
      vertex 48.25 -33.53108891324553 0
      vertex 46.5 -34 0
    endloop
  endfacet
  facet normal 0 0 -1
    outer loop
      vertex -48.25 -33.53108891324553 0
      vertex 50 -30.5 0
      vertex 48.25 -33.53108891324553 0
    endloop
  endfacet
  facet normal 0 -1 0
    outer loop
      vertex -46.5 -34 0
      vertex 46.5 -34 0
      vertex 46.5 -34 43
    endloop
  endfacet
  facet normal 0 -1 0
    outer loop
      vertex -46.5 -34 0
      vertex 46.5 -34 43
      vertex 46.5 -34 44.05737704918033
    endloop
  endfacet
  facet normal 0 0 -1
    outer loop
      vertex 46.5 -34 0
      vertex 48.25 -33.53108891324553 0
      vertex 47.40586665785882 -33.88074039201174 0
    endloop
  endfacet
  facet normal 0 0 -1
    outer loop
      vertex 48.25 -33.53108891324553 0
      vertex 49.53108891324553 -32.25 0
      vertex 48.974873734152915 -32.974873734152915 0
    endloop
  endfacet
  facet normal 0.13052619222005257 -0.9914448613738104 0
    outer loop
      vertex 46.5 -34 0
      vertex 47.40586665785882 -33.88074039201174 0
      vertex 47.40586665785882 -33.88074039201174 43
    endloop
  endfacet
  facet normal 0.38268343236509117 -0.9238795325112863 0
    outer loop
      vertex 47.40586665785882 -33.88074039201174 0
      vertex 48.25 -33.53108891324553 0
      vertex 47.40586665785882 -33.88074039201174 43
    endloop
  endfacet
  facet normal 0.6087614290087207 -0.793353340291235 0
    outer loop
      vertex 48.25 -33.53108891324553 0
      vertex 48.974873734152915 -32.974873734152915 0
      vertex 48.974873734152915 -32.974873734152915 50
    endloop
  endfacet
  facet normal 0.793353340291235 -0.6087614290087207 0
    outer loop
      vertex 48.974873734152915 -32.974873734152915 0
      vertex 49.53108891324553 -32.25 0
      vertex 48.974873734152915 -32.974873734152915 50
    endloop
  endfacet
  facet normal 0.13052619222005485 -0.9914448613738099 0
    outer loop
      vertex 46.5 -34 0
      vertex 47.27904532575859 -33.89743673713009 43
      vertex 46.5 -34 43
    endloop
  endfacet
  facet normal 0.13052619222003867 -0.991444861373812 2.977213983420276e-16
    outer loop
      vertex 46.5 -34 0
      vertex 47.40586665785882 -33.88074039201174 43
      vertex 47.27904532575859 -33.89743673713009 43
    endloop
  endfacet
  facet normal 0 0 -1
    outer loop
      vertex 48.25 -33.53108891324553 0
      vertex 50 -30.5 0
      vertex 49.53108891324553 -32.25 0
    endloop
  endfacet
  facet normal 0 0 -1
    outer loop
      vertex 49.53108891324553 -32.25 0
      vertex 50 -30.5 0
      vertex 49.88074039201174 -31.405866657858823 0
    endloop
  endfacet
  facet normal 1 0 0
    outer loop
      vertex 50 -30.5 0
      vertex 50 0 7.5
      vertex 50 -7.361215932167728 11.75
    endloop
  endfacet
  facet normal 1 0 0
    outer loop
      vertex 50 -30.5 0
      vertex 50 -7.361215932167728 11.75
      vertex 50 -7.361215932167728 20.25
    endloop
  endfacet
  facet normal 0.9238795325112863 -0.38268343236509117 0
    outer loop
      vertex 49.53108891324553 -32.25 0
      vertex 49.88074039201174 -31.405866657858823 0
      vertex 49.88074039201174 -31.405866657858823 50
    endloop
  endfacet
  facet normal 0.9914448613738104 -0.1305261922200526 0
    outer loop
      vertex 49.88074039201174 -31.405866657858823 0
      vertex 50 -30.5 0
      vertex 49.88074039201174 -31.405866657858823 50
    endloop
  endfacet
  facet normal 1 0 0
    outer loop
      vertex 50 -30.5 0
      vertex 50 -25.055580219333585 43
      vertex 50 -30.5 43
    endloop
  endfacet
  facet normal 1 0 0
    outer loop
      vertex 50 -30.5 0
      vertex 50 -7.361215932167728 20.25
      vertex 50 -25.055580219333585 43
    endloop
  endfacet
  facet normal 1 0 0
    outer loop
      vertex 50 -7.361215932167728 20.25
      vertex 50 0 24.5
      vertex 50 -25.055580219333585 43
    endloop
  endfacet
  facet normal 0 -1 0
    outer loop
      vertex -46.5 -34 0
      vertex 46.5 -34 44.05737704918033
      vertex 46.5 -34 50
    endloop
  endfacet
  facet normal 0 0 1
    outer loop
      vertex -46.5 -34 50
      vertex 46.5 -34 50
      vertex 48.25 -33.53108891324553 50
    endloop
  endfacet
  facet normal 0 0 1
    outer loop
      vertex -45.25 -31 50
      vertex 48.25 -33.53108891324553 50
      vertex 45.25 -31 50
    endloop
  endfacet
  facet normal 0.3826834323650911 -0.9238795325112862 0
    outer loop
      vertex 48.25 -33.53108891324553 0
      vertex 47.40586665785882 -33.88074039201174 50
      vertex 47.40586665785882 -33.88074039201174 43
    endloop
  endfacet
  facet normal 0.38268343236509117 -0.9238795325112863 0
    outer loop
      vertex 48.25 -33.53108891324553 0
      vertex 48.25 -33.53108891324553 50
      vertex 47.40586665785882 -33.88074039201174 50
    endloop
  endfacet
  facet normal 0.6087614290087207 -0.793353340291235 0
    outer loop
      vertex 48.25 -33.53108891324553 0
      vertex 48.974873734152915 -32.974873734152915 50
      vertex 48.25 -33.53108891324553 50
    endloop
  endfacet
  facet normal 0.793353340291235 -0.6087614290087207 0
    outer loop
      vertex 49.53108891324553 -32.25 0
      vertex 49.53108891324553 -32.25 50
      vertex 48.974873734152915 -32.974873734152915 50
    endloop
  endfacet
  facet normal 0.13052619222003867 -0.9914448613738122 0
    outer loop
      vertex 47.40586665785882 -33.88074039201174 43
      vertex 47.40586665785882 -33.88074039201174 50
      vertex 47.27904532575859 -33.89743673713009 43
    endloop
  endfacet
  facet normal 0.13052619222005446 -0.99144486137381 -2.908838984309508e-16
    outer loop
      vertex 47.40586665785882 -33.88074039201174 50
      vertex 46.5 -34 44.05737704918033
      vertex 47.27904532575859 -33.89743673713009 43
    endloop
  endfacet
  facet normal 0.13052619222005257 -0.9914448613738103 0
    outer loop
      vertex 46.5 -34 50
      vertex 46.5 -34 44.05737704918033
      vertex 47.40586665785882 -33.88074039201174 50
    endloop
  endfacet
  facet normal 0 0 1
    outer loop
      vertex 46.5 -34 50
      vertex 47.40586665785882 -33.88074039201174 50
      vertex 48.25 -33.53108891324553 50
    endloop
  endfacet
  facet normal 0 0 1
    outer loop
      vertex 48.25 -33.53108891324553 50
      vertex 48.974873734152915 -32.974873734152915 50
      vertex 49.53108891324553 -32.25 50
    endloop
  endfacet
  facet normal 0.9914448613738104 -0.13052619222005257 0
    outer loop
      vertex 50 -30.5 0
      vertex 50 -30.5 43
      vertex 49.88074039201174 -31.405866657858823 50
    endloop
  endfacet
  facet normal 0.9238795325112863 -0.38268343236509117 0
    outer loop
      vertex 49.53108891324553 -32.25 0
      vertex 49.88074039201174 -31.405866657858823 50
      vertex 49.53108891324553 -32.25 50
    endloop
  endfacet
  facet normal 1 0 0
    outer loop
      vertex 50 -25.988909324590686 44.2
      vertex 50 -25.055580219333585 43
      vertex 50 0 24.5
    endloop
  endfacet
  facet normal 1 0 0
    outer loop
      vertex 50 0 24.5
      vertex 50 -21.591478604195828 43
      vertex 50 -23.118653700619404 44.2
    endloop
  endfacet
  facet normal 1 0 0
    outer loop
      vertex 50 -30.5 50
      vertex 50 -25.988909324590686 44.2
      vertex 50 0 24.5
    endloop
  endfacet
  facet normal 1 0 0
    outer loop
      vertex 50 -30.5 50
      vertex 50 0 24.5
      vertex 50 -23.118653700619404 44.2
    endloop
  endfacet
  facet normal 0.9914448613738102 -0.1305261922200526 0
    outer loop
      vertex 49.88074039201174 -31.405866657858823 50
      vertex 50 -30.5 43
      vertex 50 -30.5 44.2
    endloop
  endfacet
  facet normal 0.9914448613738104 -0.1305261922200526 0
    outer loop
      vertex 49.88074039201174 -31.405866657858823 50
      vertex 50 -30.5 44.2
      vertex 50 -30.5 50
    endloop
  endfacet
  facet normal 1 0 0
    outer loop
      vertex 50 -30.5 50
      vertex 50 -30.5 44.2
      vertex 50 -25.988909324590686 44.2
    endloop
  endfacet
  facet normal 0 0 1
    outer loop
      vertex 45.25 -31 50
      vertex 48.25 -33.53108891324553 50
      vertex 45.91969600663891 -30.866789181894752 50
    endloop
  endfacet
  facet normal 0 0 1
    outer loop
      vertex 45.91969600663891 -30.866789181894752 50
      vertex 48.25 -33.53108891324553 50
      vertex 46.48743686707646 -30.487436867076458 50
    endloop
  endfacet
  facet normal 0 0 1
    outer loop
      vertex 46.48743686707646 -30.487436867076458 50
      vertex 48.25 -33.53108891324553 50
      vertex 46.86678918189475 -29.919696006638908 50
    endloop
  endfacet
  facet normal 0 0 1
    outer loop
      vertex 46.86678918189475 -29.919696006638908 50
      vertex 48.25 -33.53108891324553 50
      vertex 47 -29.25 50
    endloop
  endfacet
  facet normal 0 0 1
    outer loop
      vertex 48.25 -33.53108891324553 50
      vertex 49.53108891324553 -32.25 50
      vertex 50 -30.5 50
    endloop
  endfacet
  facet normal 0 0 1
    outer loop
      vertex 49.53108891324553 -32.25 50
      vertex 49.88074039201174 -31.405866657858823 50
      vertex 50 -30.5 50
    endloop
  endfacet
  facet normal 0 0 -1
    outer loop
      vertex -46.5 34 0
      vertex 48.25 33.53108891324553 0
      vertex 50 -30.5 0
    endloop
  endfacet
  facet normal 0 0 -1
    outer loop
      vertex -46.5 34 0
      vertex 46.5 34 0
      vertex 48.25 33.53108891324553 0
    endloop
  endfacet
  facet normal 1 0 0
    outer loop
      vertex 50 -30.5 0
      vertex 50 30.5 0
      vertex 50 0 7.5
    endloop
  endfacet
  facet normal 0 0 -1
    outer loop
      vertex 50 -30.5 0
      vertex 48.25 33.53108891324553 0
      vertex 50 30.5 0
    endloop
  endfacet
  facet normal 1 0 0
    outer loop
      vertex 50 0 24.5
      vertex 50 7.361215932167728 20.25
      vertex 50 -21.591478604195828 43
    endloop
  endfacet
  facet normal 1 0 0
    outer loop
      vertex 50 30.5 0
      vertex 50 7.361215932167728 11.75
      vertex 50 0 7.5
    endloop
  endfacet
  facet normal 0 0 -1
    outer loop
      vertex 46.5 34 0
      vertex 47.40586665785882 33.88074039201174 0
      vertex 48.25 33.53108891324553 0
    endloop
  endfacet
  facet normal 0 0 -1
    outer loop
      vertex 50 30.5 0
      vertex 48.25 33.53108891324553 0
      vertex 49.53108891324553 32.25 0
    endloop
  endfacet
  facet normal 0 0 -1
    outer loop
      vertex 50 30.5 0
      vertex 49.53108891324553 32.25 0
      vertex 49.88074039201174 31.405866657858823 0
    endloop
  endfacet
  facet normal 0 0 -1
    outer loop
      vertex 48.25 33.53108891324553 0
      vertex 48.974873734152915 32.974873734152915 0
      vertex 49.53108891324553 32.25 0
    endloop
  endfacet
  facet normal 0.13052619222005257 0.9914448613738104 0
    outer loop
      vertex 46.5 34 0
      vertex 46.5 34 43
      vertex 47.40586665785882 33.88074039201174 0
    endloop
  endfacet
  facet normal 1 0 0
    outer loop
      vertex 50 30.5 0
      vertex 50 30.5 43
      vertex 50 7.361215932167728 11.75
    endloop
  endfacet
  facet normal 1 0 0
    outer loop
      vertex 50 7.361215932167728 11.75
      vertex 50 30.5 43
      vertex 50 7.361215932167728 20.25
    endloop
  endfacet
  facet normal 0.9914448613738104 0.1305261922200526 0
    outer loop
      vertex 50 30.5 0
      vertex 49.88074039201174 31.405866657858823 0
      vertex 49.88074039201174 31.405866657858823 50
    endloop
  endfacet
  facet normal 0.38268343236509117 0.9238795325112863 0
    outer loop
      vertex 47.40586665785882 33.88074039201174 0
      vertex 48.25 33.53108891324553 50
      vertex 48.25 33.53108891324553 0
    endloop
  endfacet
  facet normal 0.793353340291235 0.6087614290087207 0
    outer loop
      vertex 48.974873734152915 32.974873734152915 0
      vertex 49.53108891324553 32.25 50
      vertex 49.53108891324553 32.25 0
    endloop
  endfacet
  facet normal 0.9238795325112863 0.38268343236509117 0
    outer loop
      vertex 49.88074039201174 31.405866657858823 0
      vertex 49.53108891324553 32.25 0
      vertex 49.88074039201174 31.405866657858823 50
    endloop
  endfacet
  facet normal 0.6087614290087207 0.793353340291235 0
    outer loop
      vertex 48.974873734152915 32.974873734152915 0
      vertex 48.25 33.53108891324553 0
      vertex 48.25 33.53108891324553 50
    endloop
  endfacet
  facet normal 0.13052619222005257 0.9914448613738102 0
    outer loop
      vertex 47.40586665785882 33.88074039201174 44.2
      vertex 47.40586665785882 33.88074039201174 0
      vertex 46.5 34 43
    endloop
  endfacet
  facet normal 0 1 0
    outer loop
      vertex -46.5 34 50
      vertex 46.5 34 43
      vertex 46.5 34 0
    endloop
  endfacet
  facet normal 0 1 0
    outer loop
      vertex -46.5 34 50
      vertex 46.5 34 44.2
      vertex 46.5 34 43
    endloop
  endfacet
  facet normal 0 1 0
    outer loop
      vertex -46.5 34 50
      vertex 46.5 34 50
      vertex 46.5 34 44.2
    endloop
  endfacet
  facet normal 0 0 1
    outer loop
      vertex -48.25 33.53108891324553 50
      vertex 45.25 31 50
      vertex 48.25 33.53108891324553 50
    endloop
  endfacet
  facet normal 0 0 1
    outer loop
      vertex -46.5 34 50
      vertex 48.25 33.53108891324553 50
      vertex 46.5 34 50
    endloop
  endfacet
  facet normal 1 0 0
    outer loop
      vertex 50 -21.591478604195828 43
      vertex 50 7.361215932167728 20.25
      vertex 50 30.5 43
    endloop
  endfacet
  facet normal 1 0 0
    outer loop
      vertex 50 -30.5 50
      vertex 50 -23.118653700619404 44.2
      vertex 50 30.5 50
    endloop
  endfacet
  facet normal 0 0 1
    outer loop
      vertex 48.25 -33.53108891324553 50
      vertex 48.25 33.53108891324553 50
      vertex 47 -29.25 50
    endloop
  endfacet
  facet normal 0 0 1
    outer loop
      vertex 48.25 -33.53108891324553 50
      vertex 50 -30.5 50
      vertex 48.25 33.53108891324553 50
    endloop
  endfacet
  facet normal 0 0 1
    outer loop
      vertex 47 -29.25 50
      vertex 48.25 33.53108891324553 50
      vertex 47 29.25 50
    endloop
  endfacet
  facet normal 0 0 1
    outer loop
      vertex 50 -30.5 50
      vertex 50 30.5 50
      vertex 48.25 33.53108891324553 50
    endloop
  endfacet
  facet normal 0.9914448613738104 0.13052619222005257 0
    outer loop
      vertex 50 30.5 0
      vertex 49.88074039201174 31.405866657858823 50
      vertex 50 30.5 43
    endloop
  endfacet
  facet normal 0.38268343236509117 0.9238795325112862 0
    outer loop
      vertex 48.25 33.53108891324553 50
      vertex 47.40586665785882 33.88074039201174 0
      vertex 47.40586665785882 33.88074039201174 44.2
    endloop
  endfacet
  facet normal 0.9238795325112863 0.38268343236509117 0
    outer loop
      vertex 49.88074039201174 31.405866657858823 50
      vertex 49.53108891324553 32.25 0
      vertex 49.53108891324553 32.25 50
    endloop
  endfacet
  facet normal 0.6087614290087207 0.793353340291235 0
    outer loop
      vertex 48.974873734152915 32.974873734152915 0
      vertex 48.25 33.53108891324553 50
      vertex 48.974873734152915 32.974873734152915 50
    endloop
  endfacet
  facet normal 0.793353340291235 0.6087614290087207 0
    outer loop
      vertex 48.974873734152915 32.974873734152915 0
      vertex 48.974873734152915 32.974873734152915 50
      vertex 49.53108891324553 32.25 50
    endloop
  endfacet
  facet normal 1 0 0
    outer loop
      vertex 50 30.5 50
      vertex 50 -23.118653700619404 44.2
      vertex 50 30.5 44.2
    endloop
  endfacet
  facet normal 0.9914448613738102 0.1305261922200526 0
    outer loop
      vertex 49.88074039201174 31.405866657858823 50
      vertex 50 30.5 44.2
      vertex 50 30.5 43
    endloop
  endfacet
  facet normal 0.9914448613738104 0.1305261922200526 0
    outer loop
      vertex 50 30.5 50
      vertex 50 30.5 44.2
      vertex 49.88074039201174 31.405866657858823 50
    endloop
  endfacet
  facet normal 0.1305261922200526 0.9914448613738104 0
    outer loop
      vertex 46.5 34 50
      vertex 47.40586665785882 33.88074039201174 44.2
      vertex 46.5 34 44.2
    endloop
  endfacet
  facet normal 0.1305261922200526 0.9914448613738104 0
    outer loop
      vertex 46.5 34 50
      vertex 47.40586665785882 33.88074039201174 50
      vertex 47.40586665785882 33.88074039201174 44.2
    endloop
  endfacet
  facet normal 0.38268343236509117 0.9238795325112863 0
    outer loop
      vertex 47.40586665785882 33.88074039201174 50
      vertex 48.25 33.53108891324553 50
      vertex 47.40586665785882 33.88074039201174 44.2
    endloop
  endfacet
  facet normal 0 0 1
    outer loop
      vertex 47 29.25 50
      vertex 48.25 33.53108891324553 50
      vertex 46.86678918189475 29.919696006638908 50
    endloop
  endfacet
  facet normal 0 0 1
    outer loop
      vertex 45.25 31 50
      vertex 45.91969600663891 30.866789181894752 50
      vertex 48.25 33.53108891324553 50
    endloop
  endfacet
  facet normal 0 0 1
    outer loop
      vertex 46.48743686707646 30.487436867076458 50
      vertex 48.25 33.53108891324553 50
      vertex 45.91969600663891 30.866789181894752 50
    endloop
  endfacet
  facet normal 0 0 1
    outer loop
      vertex 46.86678918189475 29.919696006638908 50
      vertex 48.25 33.53108891324553 50
      vertex 46.48743686707646 30.487436867076458 50
    endloop
  endfacet
  facet normal 0 0 1
    outer loop
      vertex 46.5 34 50
      vertex 48.25 33.53108891324553 50
      vertex 47.40586665785882 33.88074039201174 50
    endloop
  endfacet
  facet normal 0 0 1
    outer loop
      vertex 50 30.5 50
      vertex 49.88074039201174 31.405866657858823 50
      vertex 48.25 33.53108891324553 50
    endloop
  endfacet
  facet normal 0 0 1
    outer loop
      vertex 49.88074039201174 31.405866657858823 50
      vertex 49.53108891324553 32.25 50
      vertex 48.974873734152915 32.974873734152915 50
    endloop
  endfacet
  facet normal 0 0 1
    outer loop
      vertex 49.88074039201174 31.405866657858823 50
      vertex 48.974873734152915 32.974873734152915 50
      vertex 48.25 33.53108891324553 50
    endloop
  endfacet
  facet normal 0 0 1
    outer loop
      vertex -45.91969600663891 -30.866789181894752 3.01
      vertex -46.86678918189475 -29.919696006638908 3.01
      vertex -46.48743686707646 -30.487436867076458 3.01
    endloop
  endfacet
  facet normal 0 0 1
    outer loop
      vertex -45.91969600663891 -30.866789181894752 3.01
      vertex -47 -29.25 3.01
      vertex -46.86678918189475 -29.919696006638908 3.01
    endloop
  endfacet
  facet normal 0 0 1
    outer loop
      vertex -45.91969600663891 -30.866789181894752 3.01
      vertex -47 29.25 3.01
      vertex -47 -29.25 3.01
    endloop
  endfacet
  facet normal 1 0 0
    outer loop
      vertex -47 -29.25 3.01
      vertex -47 0 7.5
      vertex -47 -7.361215932167728 11.75
    endloop
  endfacet
  facet normal 1 0 0
    outer loop
      vertex -47 -29.25 3.01
      vertex -47 -7.361215932167728 11.75
      vertex -47 -7.361215932167728 20.25
    endloop
  endfacet
  facet normal 0.5555702330196023 0.8314696123025453 0
    outer loop
      vertex -45.91969600663891 -30.866789181894752 3.01
      vertex -46.48743686707646 -30.487436867076458 3.01
      vertex -46.48743686707646 -30.487436867076458 50
    endloop
  endfacet
  facet normal 0.831469612302546 0.5555702330196011 0
    outer loop
      vertex -46.48743686707646 -30.487436867076458 3.01
      vertex -46.86678918189475 -29.919696006638908 3.01
      vertex -46.86678918189475 -29.919696006638908 50
    endloop
  endfacet
  facet normal 0.9807852804032305 0.19509032201612714 0
    outer loop
      vertex -46.86678918189475 -29.919696006638908 3.01
      vertex -47 -29.25 3.01
      vertex -47 -29.25 50
    endloop
  endfacet
  facet normal 0.19509032201612714 0.9807852804032305 0
    outer loop
      vertex -45.91969600663891 -30.866789181894752 3.01
      vertex -45.91969600663891 -30.866789181894752 50
      vertex -45.25 -31 3.01
    endloop
  endfacet
  facet normal 1 0 0
    outer loop
      vertex -47 -29.25 3.01
      vertex -47 -7.361215932167728 20.25
      vertex -47 -29.25 50
    endloop
  endfacet
  facet normal 0 0 1
    outer loop
      vertex -45.91969600663891 -30.866789181894752 3.01
      vertex -45.25 -31 3.01
      vertex 45.25 -31 3.01
    endloop
  endfacet
  facet normal 0 1 0
    outer loop
      vertex -45.25 -31 3.01
      vertex -45.25 -31 50
      vertex 45.25 -31 3.01
    endloop
  endfacet
  facet normal 0.5555702330196023 0.8314696123025453 0
    outer loop
      vertex -45.91969600663891 -30.866789181894752 3.01
      vertex -46.48743686707646 -30.487436867076458 50
      vertex -45.91969600663891 -30.866789181894752 50
    endloop
  endfacet
  facet normal 0.831469612302546 0.5555702330196011 0
    outer loop
      vertex -46.48743686707646 -30.487436867076458 3.01
      vertex -46.86678918189475 -29.919696006638908 50
      vertex -46.48743686707646 -30.487436867076458 50
    endloop
  endfacet
  facet normal 0.9807852804032305 0.19509032201612714 0
    outer loop
      vertex -46.86678918189475 -29.919696006638908 3.01
      vertex -47 -29.25 50
      vertex -46.86678918189475 -29.919696006638908 50
    endloop
  endfacet
  facet normal 0.19509032201612714 0.9807852804032305 0
    outer loop
      vertex -45.25 -31 3.01
      vertex -45.91969600663891 -30.866789181894752 50
      vertex -45.25 -31 50
    endloop
  endfacet
  facet normal 1 0 0
    outer loop
      vertex -47 -29.25 3.01
      vertex -47 29.25 3.01
      vertex -47 0 7.5
    endloop
  endfacet
  facet normal 0 0 1
    outer loop
      vertex -45.91969600663891 -30.866789181894752 3.01
      vertex -45.25 31 3.01
      vertex -47 29.25 3.01
    endloop
  endfacet
  facet normal 1 0 0
    outer loop
      vertex -47 0 7.5
      vertex -47 29.25 3.01
      vertex -47 7.361215932167728 11.75
    endloop
  endfacet
  facet normal 1 0 0
    outer loop
      vertex -47 7.361215932167728 11.75
      vertex -47 29.25 3.01
      vertex -47 7.361215932167728 20.25
    endloop
  endfacet
  facet normal 0 0 1
    outer loop
      vertex -47 29.25 3.01
      vertex -46.48743686707646 30.487436867076458 3.01
      vertex -46.86678918189475 29.919696006638908 3.01
    endloop
  endfacet
  facet normal 0 0 1
    outer loop
      vertex -47 29.25 3.01
      vertex -45.25 31 3.01
      vertex -46.48743686707646 30.487436867076458 3.01
    endloop
  endfacet
  facet normal 0 0 1
    outer loop
      vertex -46.48743686707646 30.487436867076458 3.01
      vertex -45.25 31 3.01
      vertex -45.91969600663891 30.866789181894752 3.01
    endloop
  endfacet
  facet normal 1 0 0
    outer loop
      vertex -47 7.361215932167728 20.25
      vertex -47 29.25 3.01
      vertex -47 29.25 50
    endloop
  endfacet
  facet normal 0.9807852804032305 -0.19509032201612714 0
    outer loop
      vertex -47 29.25 3.01
      vertex -46.86678918189475 29.919696006638908 3.01
      vertex -46.86678918189475 29.919696006638908 50
    endloop
  endfacet
  facet normal 0.831469612302546 -0.5555702330196011 0
    outer loop
      vertex -46.86678918189475 29.919696006638908 3.01
      vertex -46.48743686707646 30.487436867076458 3.01
      vertex -46.48743686707646 30.487436867076458 50
    endloop
  endfacet
  facet normal 0.5555702330196023 -0.8314696123025453 0
    outer loop
      vertex -46.48743686707646 30.487436867076458 3.01
      vertex -45.91969600663891 30.866789181894752 3.01
      vertex -45.91969600663891 30.866789181894752 50
    endloop
  endfacet
  facet normal 0.19509032201612714 -0.9807852804032305 0
    outer loop
      vertex -45.91969600663891 30.866789181894752 3.01
      vertex -45.25 31 3.01
      vertex -45.25 31 50
    endloop
  endfacet
  facet normal 0 0 1
    outer loop
      vertex -45.91969600663891 -30.866789181894752 3.01
      vertex 47 -29.25 3.01
      vertex -45.25 31 3.01
    endloop
  endfacet
  facet normal 1 0 0
    outer loop
      vertex -47 -7.361215932167728 20.25
      vertex -47 29.25 50
      vertex -47 -29.25 50
    endloop
  endfacet
  facet normal 1 0 0
    outer loop
      vertex -47 -7.361215932167728 20.25
      vertex -47 0 24.5
      vertex -47 29.25 50
    endloop
  endfacet
  facet normal 1 0 0
    outer loop
      vertex -47 0 24.5
      vertex -47 7.361215932167728 20.25
      vertex -47 29.25 50
    endloop
  endfacet
  facet normal 0.9807852804032305 -0.19509032201612714 0
    outer loop
      vertex -47 29.25 3.01
      vertex -46.86678918189475 29.919696006638908 50
      vertex -47 29.25 50
    endloop
  endfacet
  facet normal 0.831469612302546 -0.5555702330196011 0
    outer loop
      vertex -46.86678918189475 29.919696006638908 3.01
      vertex -46.48743686707646 30.487436867076458 50
      vertex -46.86678918189475 29.919696006638908 50
    endloop
  endfacet
  facet normal 0.5555702330196023 -0.8314696123025453 0
    outer loop
      vertex -46.48743686707646 30.487436867076458 3.01
      vertex -45.91969600663891 30.866789181894752 50
      vertex -46.48743686707646 30.487436867076458 50
    endloop
  endfacet
  facet normal 0.19509032201612714 -0.9807852804032305 0
    outer loop
      vertex -45.91969600663891 30.866789181894752 3.01
      vertex -45.25 31 50
      vertex -45.91969600663891 30.866789181894752 50
    endloop
  endfacet
  facet normal 0 -1 0
    outer loop
      vertex -45.25 31 3.01
      vertex 45.25 31 50
      vertex -45.25 31 50
    endloop
  endfacet
  facet normal 0 0 1
    outer loop
      vertex -45.91969600663891 -30.866789181894752 3.01
      vertex 45.25 -31 3.01
      vertex 47 -29.25 3.01
    endloop
  endfacet
  facet normal 0 0 1
    outer loop
      vertex 45.25 -31 3.01
      vertex 45.91969600663891 -30.866789181894752 3.01
      vertex 46.48743686707646 -30.487436867076458 3.01
    endloop
  endfacet
  facet normal 0 0 1
    outer loop
      vertex 45.25 -31 3.01
      vertex 46.48743686707646 -30.487436867076458 3.01
      vertex 47 -29.25 3.01
    endloop
  endfacet
  facet normal 0 0 1
    outer loop
      vertex 46.48743686707646 -30.487436867076458 3.01
      vertex 46.86678918189475 -29.919696006638908 3.01
      vertex 47 -29.25 3.01
    endloop
  endfacet
  facet normal -1 0 0
    outer loop
      vertex 47 -29.25 3.01
      vertex 47 -7.361215932167728 11.75
      vertex 47 0 7.5
    endloop
  endfacet
  facet normal -1 0 0
    outer loop
      vertex 47 -29.25 3.01
      vertex 47 -7.361215932167728 20.25
      vertex 47 -7.361215932167728 11.75
    endloop
  endfacet
  facet normal -0.19509032201612714 0.9807852804032305 0
    outer loop
      vertex 45.25 -31 3.01
      vertex 45.25 -31 50
      vertex 45.91969600663891 -30.866789181894752 3.01
    endloop
  endfacet
  facet normal -0.5555702330196023 0.8314696123025453 0
    outer loop
      vertex 45.91969600663891 -30.866789181894752 3.01
      vertex 45.91969600663891 -30.866789181894752 50
      vertex 46.48743686707646 -30.487436867076458 3.01
    endloop
  endfacet
  facet normal -0.831469612302546 0.5555702330196011 0
    outer loop
      vertex 46.48743686707646 -30.487436867076458 3.01
      vertex 46.48743686707646 -30.487436867076458 50
      vertex 46.86678918189475 -29.919696006638908 3.01
    endloop
  endfacet
  facet normal -0.9807852804032305 0.19509032201612714 0
    outer loop
      vertex 46.86678918189475 -29.919696006638908 3.01
      vertex 46.86678918189475 -29.919696006638908 50
      vertex 47 -29.25 3.01
    endloop
  endfacet
  facet normal -1 0 0
    outer loop
      vertex 47 -29.25 3.01
      vertex 47 -29.25 50
      vertex 47 -7.361215932167728 20.25
    endloop
  endfacet
  facet normal 0 1 0
    outer loop
      vertex -45.25 -31 50
      vertex 45.25 -31 50
      vertex 45.25 -31 3.01
    endloop
  endfacet
  facet normal -0.19509032201612714 0.9807852804032305 0
    outer loop
      vertex 45.91969600663891 -30.866789181894752 3.01
      vertex 45.25 -31 50
      vertex 45.91969600663891 -30.866789181894752 50
    endloop
  endfacet
  facet normal -0.5555702330196023 0.8314696123025453 0
    outer loop
      vertex 46.48743686707646 -30.487436867076458 3.01
      vertex 45.91969600663891 -30.866789181894752 50
      vertex 46.48743686707646 -30.487436867076458 50
    endloop
  endfacet
  facet normal -0.831469612302546 0.5555702330196011 0
    outer loop
      vertex 46.86678918189475 -29.919696006638908 3.01
      vertex 46.48743686707646 -30.487436867076458 50
      vertex 46.86678918189475 -29.919696006638908 50
    endloop
  endfacet
  facet normal -0.9807852804032305 0.19509032201612714 0
    outer loop
      vertex 47 -29.25 3.01
      vertex 46.86678918189475 -29.919696006638908 50
      vertex 47 -29.25 50
    endloop
  endfacet
  facet normal -1 0 0
    outer loop
      vertex 47 -7.361215932167728 20.25
      vertex 47 -29.25 50
      vertex 47 0 24.5
    endloop
  endfacet
  facet normal 0 0 1
    outer loop
      vertex -45.25 31 3.01
      vertex 47 -29.25 3.01
      vertex 45.91969600663891 30.866789181894752 3.01
    endloop
  endfacet
  facet normal 0 0 1
    outer loop
      vertex -45.25 31 3.01
      vertex 45.91969600663891 30.866789181894752 3.01
      vertex 45.25 31 3.01
    endloop
  endfacet
  facet normal 0 -1 0
    outer loop
      vertex -45.25 31 3.01
      vertex 45.25 31 3.01
      vertex 45.25 31 50
    endloop
  endfacet
  facet normal -1 0 0
    outer loop
      vertex 47 -29.25 3.01
      vertex 47 0 7.5
      vertex 47 29.25 3.01
    endloop
  endfacet
  facet normal 0 0 1
    outer loop
      vertex 47 -29.25 3.01
      vertex 47 29.25 3.01
      vertex 45.91969600663891 30.866789181894752 3.01
    endloop
  endfacet
  facet normal -1 0 0
    outer loop
      vertex 47 0 7.5
      vertex 47 7.361215932167728 11.75
      vertex 47 29.25 3.01
    endloop
  endfacet
  facet normal -1 0 0
    outer loop
      vertex 47 7.361215932167728 11.75
      vertex 47 7.361215932167728 20.25
      vertex 47 29.25 3.01
    endloop
  endfacet
  facet normal 0 0 1
    outer loop
      vertex 46.86678918189475 29.919696006638908 3.01
      vertex 46.48743686707646 30.487436867076458 3.01
      vertex 45.91969600663891 30.866789181894752 3.01
    endloop
  endfacet
  facet normal 0 0 1
    outer loop
      vertex 47 29.25 3.01
      vertex 46.86678918189475 29.919696006638908 3.01
      vertex 45.91969600663891 30.866789181894752 3.01
    endloop
  endfacet
  facet normal -1 0 0
    outer loop
      vertex 47 7.361215932167728 20.25
      vertex 47 29.25 50
      vertex 47 29.25 3.01
    endloop
  endfacet
  facet normal -0.19509032201612714 -0.9807852804032305 0
    outer loop
      vertex 45.25 31 3.01
      vertex 45.91969600663891 30.866789181894752 3.01
      vertex 45.91969600663891 30.866789181894752 50
    endloop
  endfacet
  facet normal -0.9807852804032305 -0.19509032201612714 0
    outer loop
      vertex 47 29.25 3.01
      vertex 47 29.25 50
      vertex 46.86678918189475 29.919696006638908 3.01
    endloop
  endfacet
  facet normal -0.831469612302546 -0.5555702330196011 0
    outer loop
      vertex 46.86678918189475 29.919696006638908 3.01
      vertex 46.86678918189475 29.919696006638908 50
      vertex 46.48743686707646 30.487436867076458 3.01
    endloop
  endfacet
  facet normal -0.5555702330196023 -0.8314696123025453 0
    outer loop
      vertex 46.48743686707646 30.487436867076458 3.01
      vertex 46.48743686707646 30.487436867076458 50
      vertex 45.91969600663891 30.866789181894752 3.01
    endloop
  endfacet
  facet normal -1 0 0
    outer loop
      vertex 47 -29.25 50
      vertex 47 7.361215932167728 20.25
      vertex 47 0 24.5
    endloop
  endfacet
  facet normal -1 0 0
    outer loop
      vertex 47 -29.25 50
      vertex 47 29.25 50
      vertex 47 7.361215932167728 20.25
    endloop
  endfacet
  facet normal -0.19509032201612714 -0.9807852804032305 0
    outer loop
      vertex 45.25 31 3.01
      vertex 45.91969600663891 30.866789181894752 50
      vertex 45.25 31 50
    endloop
  endfacet
  facet normal -0.9807852804032305 -0.19509032201612714 0
    outer loop
      vertex 46.86678918189475 29.919696006638908 3.01
      vertex 47 29.25 50
      vertex 46.86678918189475 29.919696006638908 50
    endloop
  endfacet
  facet normal -0.831469612302546 -0.5555702330196011 0
    outer loop
      vertex 46.48743686707646 30.487436867076458 3.01
      vertex 46.86678918189475 29.919696006638908 50
      vertex 46.48743686707646 30.487436867076458 50
    endloop
  endfacet
  facet normal -0.5555702330196023 -0.8314696123025453 0
    outer loop
      vertex 45.91969600663891 30.866789181894752 3.01
      vertex 46.48743686707646 30.487436867076458 50
      vertex 45.91969600663891 30.866789181894752 50
    endloop
  endfacet
  facet normal 0 0.5 0.8660254037844387
    outer loop
      vertex -47 -7.361215932167728 11.75
      vertex -50 0 7.5
      vertex -50 -7.361215932167728 11.75
    endloop
  endfacet
  facet normal 0 1 0
    outer loop
      vertex -47 -7.361215932167728 11.75
      vertex -50 -7.361215932167728 11.75
      vertex -47 -7.361215932167728 20.25
    endloop
  endfacet
  facet normal 0 0.5 0.8660254037844387
    outer loop
      vertex -47 -7.361215932167728 11.75
      vertex -47 0 7.5
      vertex -50 0 7.5
    endloop
  endfacet
  facet normal 0 -0.5 0.8660254037844387
    outer loop
      vertex -47 0 7.5
      vertex -50 7.361215932167728 11.75
      vertex -50 0 7.5
    endloop
  endfacet
  facet normal 0 -0.5 0.8660254037844387
    outer loop
      vertex -47 0 7.5
      vertex -47 7.361215932167728 11.75
      vertex -50 7.361215932167728 11.75
    endloop
  endfacet
  facet normal 0 -1 0
    outer loop
      vertex -47 7.361215932167728 11.75
      vertex -50 7.361215932167728 20.25
      vertex -50 7.361215932167728 11.75
    endloop
  endfacet
  facet normal 0 1 0
    outer loop
      vertex -47 -7.361215932167728 20.25
      vertex -50 -7.361215932167728 11.75
      vertex -50 -7.361215932167728 20.25
    endloop
  endfacet
  facet normal 0 0.5 -0.8660254037844387
    outer loop
      vertex -47 -7.361215932167728 20.25
      vertex -50 -7.361215932167728 20.25
      vertex -47 0 24.5
    endloop
  endfacet
  facet normal 0 0.5 -0.8660254037844387
    outer loop
      vertex -47 0 24.5
      vertex -50 -7.361215932167728 20.25
      vertex -50 0 24.5
    endloop
  endfacet
  facet normal 0 -0.5 -0.8660254037844387
    outer loop
      vertex -47 7.361215932167728 20.25
      vertex -50 0 24.5
      vertex -50 7.361215932167728 20.25
    endloop
  endfacet
  facet normal 0 -1 0
    outer loop
      vertex -47 7.361215932167728 11.75
      vertex -47 7.361215932167728 20.25
      vertex -50 7.361215932167728 20.25
    endloop
  endfacet
  facet normal 0 -0.5 -0.8660254037844387
    outer loop
      vertex -47 0 24.5
      vertex -50 0 24.5
      vertex -47 7.361215932167728 20.25
    endloop
  endfacet
  facet normal 0 0.5 0.8660254037844387
    outer loop
      vertex 47 -7.361215932167728 11.75
      vertex 50 -7.361215932167728 11.75
      vertex 47 0 7.5
    endloop
  endfacet
  facet normal 0 1 0
    outer loop
      vertex 47 -7.361215932167728 11.75
      vertex 50 -7.361215932167728 20.25
      vertex 50 -7.361215932167728 11.75
    endloop
  endfacet
  facet normal 0 0.5 0.8660254037844387
    outer loop
      vertex 47 0 7.5
      vertex 50 -7.361215932167728 11.75
      vertex 50 0 7.5
    endloop
  endfacet
  facet normal 0 -0.5 0.8660254037844387
    outer loop
      vertex 47 0 7.5
      vertex 50 0 7.5
      vertex 47 7.361215932167728 11.75
    endloop
  endfacet
  facet normal 0 -0.5 0.8660254037844387
    outer loop
      vertex 47 7.361215932167728 11.75
      vertex 50 0 7.5
      vertex 50 7.361215932167728 11.75
    endloop
  endfacet
  facet normal 0 -1 0
    outer loop
      vertex 47 7.361215932167728 11.75
      vertex 50 7.361215932167728 11.75
      vertex 47 7.361215932167728 20.25
    endloop
  endfacet
  facet normal 0 1 0
    outer loop
      vertex 47 -7.361215932167728 11.75
      vertex 47 -7.361215932167728 20.25
      vertex 50 -7.361215932167728 20.25
    endloop
  endfacet
  facet normal 0 0.5 -0.8660254037844387
    outer loop
      vertex 47 -7.361215932167728 20.25
      vertex 50 0 24.5
      vertex 50 -7.361215932167728 20.25
    endloop
  endfacet
  facet normal 0 0.5 -0.8660254037844387
    outer loop
      vertex 47 -7.361215932167728 20.25
      vertex 47 0 24.5
      vertex 50 0 24.5
    endloop
  endfacet
  facet normal 0 -0.5 -0.8660254037844387
    outer loop
      vertex 47 0 24.5
      vertex 47 7.361215932167728 20.25
      vertex 50 7.361215932167728 20.25
    endloop
  endfacet
  facet normal 0 -1 0
    outer loop
      vertex 47 7.361215932167728 20.25
      vertex 50 7.361215932167728 11.75
      vertex 50 7.361215932167728 20.25
    endloop
  endfacet
  facet normal 0 -0.5 -0.8660254037844387
    outer loop
      vertex 47 0 24.5
      vertex 50 7.361215932167728 20.25
      vertex 50 0 24.5
    endloop
  endfacet
  facet normal -1 0 0
    outer loop
      vertex -61.5 -1.913417161825449 11.380602337443566
      vertex -61.5 1.913417161825449 11.380602337443566
      vertex -61.5 0 11
    endloop
  endfacet
  facet normal -1 0 0
    outer loop
      vertex -61.5 -3.5355339059327378 12.464466094067262
      vertex -61.5 -2.4748737341529163 13.525126265847083
      vertex -61.5 -1.3393920132778143 12.766421636210497
    endloop
  endfacet
  facet normal 0.5071711469260751 -0.47881562850449566 -0.716598228874126
    outer loop
      vertex -61.5 -1.913417161825449 11.380602337443566
      vertex -59 -2.4748737341529163 13.525126265847083
      vertex -61.5 -3.5355339059327378 12.464466094067262
    endloop
  endfacet
  facet normal -1 0 0
    outer loop
      vertex -61.5 -3.5355339059327378 12.464466094067262
      vertex -61.5 -4.619397662556434 14.08658283817455
      vertex -61.5 -3.2335783637895035 14.660607986722185
    endloop
  endfacet
  facet normal 0.5071711469260751 -0.716598228874126 -0.47881562850449577
    outer loop
      vertex -61.5 -3.5355339059327378 12.464466094067262
      vertex -59 -2.4748737341529163 13.525126265847083
      vertex -61.5 -4.619397662556434 14.08658283817455
    endloop
  endfacet
  facet normal 0.5071711469260752 -0.716598228874126 -0.4788156285044953
    outer loop
      vertex -61.5 -4.619397662556434 14.08658283817455
      vertex -59 -2.4748737341529163 13.525126265847083
      vertex -59 -3.2335783637895035 14.660607986722185
    endloop
  endfacet
  facet normal -1 0 0
    outer loop
      vertex -61.5 -4.619397662556434 14.08658283817455
      vertex -61.5 -3.5 16
      vertex -61.5 -3.2335783637895035 14.660607986722185
    endloop
  endfacet
  facet normal 0.5071711469260751 -0.8452852448767918 -0.16813768916953645
    outer loop
      vertex -61.5 -4.619397662556434 14.08658283817455
      vertex -59 -3.2335783637895035 14.660607986722185
      vertex -61.5 -5 16
    endloop
  endfacet
  facet normal -1 0 0
    outer loop
      vertex -61.5 -3.5355339059327378 12.464466094067262
      vertex -61.5 -3.2335783637895035 14.660607986722185
      vertex -61.5 -2.4748737341529163 13.525126265847083
    endloop
  endfacet
  facet normal -1 0 0
    outer loop
      vertex -61.5 -1.913417161825449 11.380602337443566
      vertex -61.5 -3.5355339059327378 12.464466094067262
      vertex -61.5 1.913417161825449 11.380602337443566
    endloop
  endfacet
  facet normal 0.5071711469260752 -0.1681376891695365 -0.8452852448767917
    outer loop
      vertex -61.5 -1.913417161825449 11.380602337443566
      vertex -61.5 0 11
      vertex -59 -1.3393920132778143 12.766421636210497
    endloop
  endfacet
  facet normal -1 0 0
    outer loop
      vertex -61.5 -3.5355339059327378 12.464466094067262
      vertex -61.5 -1.3393920132778143 12.766421636210497
      vertex -61.5 0 12.5
    endloop
  endfacet
  facet normal 0.5071711469260753 -0.47881562850449516 -0.7165982288741263
    outer loop
      vertex -61.5 -1.913417161825449 11.380602337443566
      vertex -59 -1.3393920132778143 12.766421636210497
      vertex -59 -2.4748737341529163 13.525126265847083
    endloop
  endfacet
  facet normal -1 0 0
    outer loop
      vertex -61.5 -3.5355339059327378 12.464466094067262
      vertex -61.5 3.5355339059327378 12.464466094067262
      vertex -61.5 1.913417161825449 11.380602337443566
    endloop
  endfacet
  facet normal 0.507171146926075 -0.16813768916953695 -0.8452852448767917
    outer loop
      vertex -61.5 0 11
      vertex -59 0 12.5
      vertex -59 -1.3393920132778143 12.766421636210497
    endloop
  endfacet
  facet normal 0.507171146926075 0.16813768916953695 -0.8452852448767917
    outer loop
      vertex -61.5 0 11
      vertex -59 1.3393920132778143 12.766421636210497
      vertex -59 0 12.5
    endloop
  endfacet
  facet normal -1 0 0
    outer loop
      vertex -61.5 -3.5355339059327378 12.464466094067262
      vertex -61.5 0 12.5
      vertex -61.5 3.5355339059327378 12.464466094067262
    endloop
  endfacet
  facet normal 0.5071711469260752 0.1681376891695365 -0.8452852448767917
    outer loop
      vertex -61.5 0 11
      vertex -61.5 1.913417161825449 11.380602337443566
      vertex -59 1.3393920132778143 12.766421636210497
    endloop
  endfacet
  facet normal -1 0 0
    outer loop
      vertex -61.5 0 12.5
      vertex -61.5 1.3393920132778143 12.766421636210497
      vertex -61.5 3.5355339059327378 12.464466094067262
    endloop
  endfacet
  facet normal 0.5071711469260753 0.47881562850449516 -0.7165982288741263
    outer loop
      vertex -61.5 1.913417161825449 11.380602337443566
      vertex -59 2.4748737341529163 13.525126265847083
      vertex -59 1.3393920132778143 12.766421636210497
    endloop
  endfacet
  facet normal -1 0 0
    outer loop
      vertex -61.5 1.3393920132778143 12.766421636210497
      vertex -61.5 2.4748737341529163 13.525126265847083
      vertex -61.5 3.5355339059327378 12.464466094067262
    endloop
  endfacet
  facet normal 0.5071711469260751 0.47881562850449566 -0.716598228874126
    outer loop
      vertex -61.5 1.913417161825449 11.380602337443566
      vertex -61.5 3.5355339059327378 12.464466094067262
      vertex -59 2.4748737341529163 13.525126265847083
    endloop
  endfacet
  facet normal -1 0 0
    outer loop
      vertex -61.5 3.5355339059327378 12.464466094067262
      vertex -61.5 2.4748737341529163 13.525126265847083
      vertex -61.5 4.619397662556434 14.08658283817455
    endloop
  endfacet
  facet normal -1 0 0
    outer loop
      vertex -61.5 2.4748737341529163 13.525126265847083
      vertex -61.5 3.2335783637895035 14.660607986722185
      vertex -61.5 4.619397662556434 14.08658283817455
    endloop
  endfacet
  facet normal 0.5071711469260751 0.716598228874126 -0.47881562850449577
    outer loop
      vertex -61.5 3.5355339059327378 12.464466094067262
      vertex -61.5 4.619397662556434 14.08658283817455
      vertex -59 2.4748737341529163 13.525126265847083
    endloop
  endfacet
  facet normal 0.5071711469260752 0.716598228874126 -0.4788156285044953
    outer loop
      vertex -61.5 4.619397662556434 14.08658283817455
      vertex -59 3.2335783637895035 14.660607986722185
      vertex -59 2.4748737341529163 13.525126265847083
    endloop
  endfacet
  facet normal -1 0 0
    outer loop
      vertex -61.5 3.2335783637895035 14.660607986722185
      vertex -61.5 5 16
      vertex -61.5 4.619397662556434 14.08658283817455
    endloop
  endfacet
  facet normal 0.5071711469260751 0.8452852448767918 -0.16813768916953645
    outer loop
      vertex -61.5 4.619397662556434 14.08658283817455
      vertex -61.5 5 16
      vertex -59 3.2335783637895035 14.660607986722185
    endloop
  endfacet
  facet normal -1 0 0
    outer loop
      vertex -61.5 -4.619397662556434 14.08658283817455
      vertex -61.5 -5 16
      vertex -61.5 -3.5 16
    endloop
  endfacet
  facet normal 0.507171146926075 -0.8452852448767917 -0.16813768916953664
    outer loop
      vertex -59 -3.2335783637895035 14.660607986722185
      vertex -59 -3.5 16
      vertex -61.5 -5 16
    endloop
  endfacet
  facet normal -1 0 0
    outer loop
      vertex -61.5 -5 16
      vertex -61.5 -4.619397662556434 17.91341716182545
      vertex -61.5 -3.2335783637895035 17.339392013277813
    endloop
  endfacet
  facet normal -1 0 0
    outer loop
      vertex -61.5 -5 16
      vertex -61.5 -3.2335783637895035 17.339392013277813
      vertex -61.5 -3.5 16
    endloop
  endfacet
  facet normal 0.5071711469260752 -0.8452852448767917 0.16813768916953642
    outer loop
      vertex -61.5 -5 16
      vertex -59 -3.2335783637895035 17.339392013277813
      vertex -61.5 -4.619397662556434 17.91341716182545
    endloop
  endfacet
  facet normal 0.507171146926075 -0.8452852448767917 0.16813768916953692
    outer loop
      vertex -61.5 -5 16
      vertex -59 -3.5 16
      vertex -59 -3.2335783637895035 17.339392013277813
    endloop
  endfacet
  facet normal -1 0 0
    outer loop
      vertex -61.5 -4.619397662556434 17.91341716182545
      vertex -61.5 -2.4748737341529163 18.474873734152915
      vertex -61.5 -3.2335783637895035 17.339392013277813
    endloop
  endfacet
  facet normal 0.5071711469260755 -0.7165982288741259 0.4788156285044952
    outer loop
      vertex -61.5 -4.619397662556434 17.91341716182545
      vertex -59 -3.2335783637895035 17.339392013277813
      vertex -59 -2.4748737341529163 18.474873734152915
    endloop
  endfacet
  facet normal -1 0 0
    outer loop
      vertex -61.5 -4.619397662556434 17.91341716182545
      vertex -61.5 -3.5355339059327378 19.535533905932738
      vertex -61.5 -2.4748737341529163 18.474873734152915
    endloop
  endfacet
  facet normal 0.5071711469260753 -0.7165982288741259 0.4788156285044957
    outer loop
      vertex -61.5 -4.619397662556434 17.91341716182545
      vertex -59 -2.4748737341529163 18.474873734152915
      vertex -61.5 -3.5355339059327378 19.535533905932738
    endloop
  endfacet
  facet normal -1 0 0
    outer loop
      vertex -61.5 -2.4748737341529163 18.474873734152915
      vertex -61.5 -3.5355339059327378 19.535533905932738
      vertex -61.5 -1.3393920132778143 19.233578363789505
    endloop
  endfacet
  facet normal 0.5071711469260755 -0.47881562850449555 0.7165982288741259
    outer loop
      vertex -59 -2.4748737341529163 18.474873734152915
      vertex -61.5 -1.913417161825449 20.619397662556434
      vertex -61.5 -3.5355339059327378 19.535533905932738
    endloop
  endfacet
  facet normal -1 0 0
    outer loop
      vertex -61.5 -3.5355339059327378 19.535533905932738
      vertex -61.5 0 19.5
      vertex -61.5 -1.3393920132778143 19.233578363789505
    endloop
  endfacet
  facet normal -1 0 0
    outer loop
      vertex -61.5 -3.5355339059327378 19.535533905932738
      vertex -61.5 -1.913417161825449 20.619397662556434
      vertex -61.5 3.5355339059327378 19.535533905932738
    endloop
  endfacet
  facet normal 0.5071711469260747 -0.4788156285044968 0.7165982288741255
    outer loop
      vertex -59 -2.4748737341529163 18.474873734152915
      vertex -59 -1.3393920132778143 19.233578363789505
      vertex -61.5 -1.913417161825449 20.619397662556434
    endloop
  endfacet
  facet normal 0.5071711469260748 -0.16813768916953656 0.845285244876792
    outer loop
      vertex -61.5 -1.913417161825449 20.619397662556434
      vertex -59 -1.3393920132778143 19.233578363789505
      vertex -61.5 0 21
    endloop
  endfacet
  facet normal -1 0 0
    outer loop
      vertex -61.5 -3.5355339059327378 19.535533905932738
      vertex -61.5 3.5355339059327378 19.535533905932738
      vertex -61.5 0 19.5
    endloop
  endfacet
  facet normal 0.5071711469260751 -0.16813768916953586 0.8452852448767919
    outer loop
      vertex -61.5 0 21
      vertex -59 -1.3393920132778143 19.233578363789505
      vertex -59 0 19.5
    endloop
  endfacet
  facet normal 0.5071711469260751 0.16813768916953586 0.8452852448767919
    outer loop
      vertex -61.5 0 21
      vertex -59 0 19.5
      vertex -59 1.3393920132778143 19.233578363789505
    endloop
  endfacet
  facet normal -1 0 0
    outer loop
      vertex -61.5 -1.913417161825449 20.619397662556434
      vertex -61.5 0 21
      vertex -61.5 1.913417161825449 20.619397662556434
    endloop
  endfacet
  facet normal 0.5071711469260755 0.7165982288741259 0.4788156285044952
    outer loop
      vertex -61.5 4.619397662556434 17.91341716182545
      vertex -59 2.4748737341529163 18.474873734152915
      vertex -59 3.2335783637895035 17.339392013277813
    endloop
  endfacet
  facet normal -1 0 0
    outer loop
      vertex -61.5 3.2335783637895035 17.339392013277813
      vertex -61.5 2.4748737341529163 18.474873734152915
      vertex -61.5 3.5355339059327378 19.535533905932738
    endloop
  endfacet
  facet normal 0.5071711469260753 0.7165982288741259 0.4788156285044957
    outer loop
      vertex -61.5 4.619397662556434 17.91341716182545
      vertex -61.5 3.5355339059327378 19.535533905932738
      vertex -59 2.4748737341529163 18.474873734152915
    endloop
  endfacet
  facet normal -1 0 0
    outer loop
      vertex -61.5 3.2335783637895035 14.660607986722185
      vertex -61.5 3.5 16
      vertex -61.5 5 16
    endloop
  endfacet
  facet normal 0.507171146926075 0.8452852448767917 -0.16813768916953664
    outer loop
      vertex -59 3.2335783637895035 14.660607986722185
      vertex -61.5 5 16
      vertex -59 3.5 16
    endloop
  endfacet
  facet normal -1 0 0
    outer loop
      vertex -61.5 3.5 16
      vertex -61.5 3.2335783637895035 17.339392013277813
      vertex -61.5 4.619397662556434 17.91341716182545
    endloop
  endfacet
  facet normal -1 0 0
    outer loop
      vertex -61.5 3.5 16
      vertex -61.5 4.619397662556434 17.91341716182545
      vertex -61.5 5 16
    endloop
  endfacet
  facet normal 0.507171146926075 0.8452852448767917 0.16813768916953692
    outer loop
      vertex -61.5 5 16
      vertex -59 3.2335783637895035 17.339392013277813
      vertex -59 3.5 16
    endloop
  endfacet
  facet normal 0.5071711469260752 0.8452852448767917 0.16813768916953642
    outer loop
      vertex -61.5 5 16
      vertex -61.5 4.619397662556434 17.91341716182545
      vertex -59 3.2335783637895035 17.339392013277813
    endloop
  endfacet
  facet normal -1 0 0
    outer loop
      vertex -61.5 3.2335783637895035 17.339392013277813
      vertex -61.5 3.5355339059327378 19.535533905932738
      vertex -61.5 4.619397662556434 17.91341716182545
    endloop
  endfacet
  facet normal -1 0 0
    outer loop
      vertex -61.5 0 19.5
      vertex -61.5 3.5355339059327378 19.535533905932738
      vertex -61.5 1.3393920132778143 19.233578363789505
    endloop
  endfacet
  facet normal 0.5071711469260747 0.4788156285044968 0.7165982288741255
    outer loop
      vertex -59 2.4748737341529163 18.474873734152915
      vertex -61.5 1.913417161825449 20.619397662556434
      vertex -59 1.3393920132778143 19.233578363789505
    endloop
  endfacet
  facet normal -1 0 0
    outer loop
      vertex -61.5 -1.913417161825449 20.619397662556434
      vertex -61.5 1.913417161825449 20.619397662556434
      vertex -61.5 3.5355339059327378 19.535533905932738
    endloop
  endfacet
  facet normal 0.5071711469260748 0.16813768916953656 0.845285244876792
    outer loop
      vertex -61.5 0 21
      vertex -59 1.3393920132778143 19.233578363789505
      vertex -61.5 1.913417161825449 20.619397662556434
    endloop
  endfacet
  facet normal -1 0 0
    outer loop
      vertex -61.5 2.4748737341529163 18.474873734152915
      vertex -61.5 1.3393920132778143 19.233578363789505
      vertex -61.5 3.5355339059327378 19.535533905932738
    endloop
  endfacet
  facet normal 0.5071711469260755 0.47881562850449555 0.7165982288741259
    outer loop
      vertex -59 2.4748737341529163 18.474873734152915
      vertex -61.5 3.5355339059327378 19.535533905932738
      vertex -61.5 1.913417161825449 20.619397662556434
    endloop
  endfacet
  facet normal 1 0 0
    outer loop
      vertex 61.5 -1.913417161825449 11.380602337443566
      vertex 61.5 0 11
      vertex 61.5 1.913417161825449 11.380602337443566
    endloop
  endfacet
  facet normal -0.5071711469260751 -0.47881562850449566 -0.716598228874126
    outer loop
      vertex 61.5 -1.913417161825449 11.380602337443566
      vertex 61.5 -3.5355339059327378 12.464466094067262
      vertex 59 -2.4748737341529163 13.525126265847083
    endloop
  endfacet
  facet normal 1 0 0
    outer loop
      vertex 61.5 -3.5355339059327378 12.464466094067262
      vertex 61.5 -1.3393920132778143 12.766421636210497
      vertex 61.5 -2.4748737341529163 13.525126265847083
    endloop
  endfacet
  facet normal -0.5071711469260751 -0.716598228874126 -0.47881562850449577
    outer loop
      vertex 59 -2.4748737341529163 13.525126265847083
      vertex 61.5 -3.5355339059327378 12.464466094067262
      vertex 61.5 -4.619397662556434 14.08658283817455
    endloop
  endfacet
  facet normal -0.5071711469260752 -0.716598228874126 -0.47881562850449544
    outer loop
      vertex 59 -2.4748737341529163 13.525126265847083
      vertex 61.5 -4.619397662556434 14.08658283817455
      vertex 59 -3.2335783637895035 14.660607986722185
    endloop
  endfacet
  facet normal 1 0 0
    outer loop
      vertex 61.5 -3.5355339059327378 12.464466094067262
      vertex 61.5 -2.4748737341529163 13.525126265847083
      vertex 61.5 -4.619397662556434 14.08658283817455
    endloop
  endfacet
  facet normal 1 0 0
    outer loop
      vertex 61.5 -4.619397662556434 14.08658283817455
      vertex 61.5 -2.4748737341529163 13.525126265847083
      vertex 61.5 -3.2335783637895035 14.660607986722185
    endloop
  endfacet
  facet normal -0.5071711469260751 -0.8452852448767918 -0.16813768916953645
    outer loop
      vertex 59 -3.2335783637895035 14.660607986722185
      vertex 61.5 -4.619397662556434 14.08658283817455
      vertex 61.5 -5 16
    endloop
  endfacet
  facet normal 1 0 0
    outer loop
      vertex 61.5 -4.619397662556434 14.08658283817455
      vertex 61.5 -3.2335783637895035 14.660607986722185
      vertex 61.5 -5 16
    endloop
  endfacet
  facet normal -0.5071711469260752 -0.1681376891695365 -0.8452852448767917
    outer loop
      vertex 61.5 -1.913417161825449 11.380602337443566
      vertex 59 -1.3393920132778143 12.766421636210497
      vertex 61.5 0 11
    endloop
  endfacet
  facet normal 1 0 0
    outer loop
      vertex 61.5 -1.913417161825449 11.380602337443566
      vertex 61.5 3.5355339059327378 12.464466094067262
      vertex 61.5 -3.5355339059327378 12.464466094067262
    endloop
  endfacet
  facet normal -0.5071711469260753 -0.47881562850449516 -0.7165982288741263
    outer loop
      vertex 61.5 -1.913417161825449 11.380602337443566
      vertex 59 -2.4748737341529163 13.525126265847083
      vertex 59 -1.3393920132778143 12.766421636210497
    endloop
  endfacet
  facet normal 1 0 0
    outer loop
      vertex 61.5 -3.5355339059327378 12.464466094067262
      vertex 61.5 0 12.5
      vertex 61.5 -1.3393920132778143 12.766421636210497
    endloop
  endfacet
  facet normal -0.507171146926075 -0.16813768916953695 -0.8452852448767917
    outer loop
      vertex 61.5 0 11
      vertex 59 -1.3393920132778143 12.766421636210497
      vertex 59 0 12.5
    endloop
  endfacet
  facet normal -0.507171146926075 0.16813768916953695 -0.8452852448767917
    outer loop
      vertex 61.5 0 11
      vertex 59 0 12.5
      vertex 59 1.3393920132778143 12.766421636210497
    endloop
  endfacet
  facet normal 1 0 0
    outer loop
      vertex 61.5 -3.5355339059327378 12.464466094067262
      vertex 61.5 3.5355339059327378 12.464466094067262
      vertex 61.5 0 12.5
    endloop
  endfacet
  facet normal -0.5071711469260752 0.1681376891695365 -0.8452852448767917
    outer loop
      vertex 61.5 0 11
      vertex 59 1.3393920132778143 12.766421636210497
      vertex 61.5 1.913417161825449 11.380602337443566
    endloop
  endfacet
  facet normal 1 0 0
    outer loop
      vertex 61.5 -1.913417161825449 11.380602337443566
      vertex 61.5 1.913417161825449 11.380602337443566
      vertex 61.5 3.5355339059327378 12.464466094067262
    endloop
  endfacet
  facet normal -0.5071711469260753 0.47881562850449516 -0.7165982288741263
    outer loop
      vertex 61.5 1.913417161825449 11.380602337443566
      vertex 59 1.3393920132778143 12.766421636210497
      vertex 59 2.4748737341529163 13.525126265847083
    endloop
  endfacet
  facet normal 1 0 0
    outer loop
      vertex 61.5 0 12.5
      vertex 61.5 3.5355339059327378 12.464466094067262
      vertex 61.5 1.3393920132778143 12.766421636210497
    endloop
  endfacet
  facet normal -0.5071711469260751 0.47881562850449566 -0.716598228874126
    outer loop
      vertex 61.5 1.913417161825449 11.380602337443566
      vertex 59 2.4748737341529163 13.525126265847083
      vertex 61.5 3.5355339059327378 12.464466094067262
    endloop
  endfacet
  facet normal 1 0 0
    outer loop
      vertex 61.5 1.3393920132778143 12.766421636210497
      vertex 61.5 3.5355339059327378 12.464466094067262
      vertex 61.5 2.4748737341529163 13.525126265847083
    endloop
  endfacet
  facet normal -0.5071711469260751 0.716598228874126 -0.47881562850449577
    outer loop
      vertex 59 2.4748737341529163 13.525126265847083
      vertex 61.5 4.619397662556434 14.08658283817455
      vertex 61.5 3.5355339059327378 12.464466094067262
    endloop
  endfacet
  facet normal -0.5071711469260752 0.716598228874126 -0.47881562850449544
    outer loop
      vertex 59 2.4748737341529163 13.525126265847083
      vertex 59 3.2335783637895035 14.660607986722185
      vertex 61.5 4.619397662556434 14.08658283817455
    endloop
  endfacet
  facet normal 1 0 0
    outer loop
      vertex 61.5 3.5355339059327378 12.464466094067262
      vertex 61.5 3.2335783637895035 14.660607986722185
      vertex 61.5 2.4748737341529163 13.525126265847083
    endloop
  endfacet
  facet normal 1 0 0
    outer loop
      vertex 61.5 3.5355339059327378 12.464466094067262
      vertex 61.5 4.619397662556434 14.08658283817455
      vertex 61.5 3.2335783637895035 14.660607986722185
    endloop
  endfacet
  facet normal -0.5071711469260751 0.8452852448767918 -0.16813768916953645
    outer loop
      vertex 59 3.2335783637895035 14.660607986722185
      vertex 61.5 5 16
      vertex 61.5 4.619397662556434 14.08658283817455
    endloop
  endfacet
  facet normal 1 0 0
    outer loop
      vertex 61.5 3.2335783637895035 14.660607986722185
      vertex 61.5 4.619397662556434 14.08658283817455
      vertex 61.5 3.5 16
    endloop
  endfacet
  facet normal -0.507171146926075 -0.8452852448767917 -0.16813768916953664
    outer loop
      vertex 59 -3.2335783637895035 14.660607986722185
      vertex 61.5 -5 16
      vertex 59 -3.5 16
    endloop
  endfacet
  facet normal 1 0 0
    outer loop
      vertex 61.5 -3.2335783637895035 14.660607986722185
      vertex 61.5 -3.5 16
      vertex 61.5 -5 16
    endloop
  endfacet
  facet normal -0.5071711469260752 -0.8452852448767917 0.16813768916953642
    outer loop
      vertex 61.5 -5 16
      vertex 61.5 -4.619397662556434 17.91341716182545
      vertex 59 -3.2335783637895035 17.339392013277813
    endloop
  endfacet
  facet normal -0.507171146926075 -0.8452852448767917 0.16813768916953692
    outer loop
      vertex 61.5 -5 16
      vertex 59 -3.2335783637895035 17.339392013277813
      vertex 59 -3.5 16
    endloop
  endfacet
  facet normal 1 0 0
    outer loop
      vertex 61.5 -5 16
      vertex 61.5 -3.5 16
      vertex 61.5 -4.619397662556434 17.91341716182545
    endloop
  endfacet
  facet normal 1 0 0
    outer loop
      vertex 61.5 -3.5 16
      vertex 61.5 -3.2335783637895035 17.339392013277813
      vertex 61.5 -4.619397662556434 17.91341716182545
    endloop
  endfacet
  facet normal -0.5071711469260755 -0.7165982288741259 0.4788156285044953
    outer loop
      vertex 59 -3.2335783637895035 17.339392013277813
      vertex 61.5 -4.619397662556434 17.91341716182545
      vertex 59 -2.4748737341529163 18.474873734152915
    endloop
  endfacet
  facet normal -0.5071711469260753 -0.7165982288741259 0.4788156285044957
    outer loop
      vertex 59 -2.4748737341529163 18.474873734152915
      vertex 61.5 -4.619397662556434 17.91341716182545
      vertex 61.5 -3.5355339059327378 19.535533905932738
    endloop
  endfacet
  facet normal 1 0 0
    outer loop
      vertex 61.5 -4.619397662556434 17.91341716182545
      vertex 61.5 -3.2335783637895035 17.339392013277813
      vertex 61.5 -3.5355339059327378 19.535533905932738
    endloop
  endfacet
  facet normal 1 0 0
    outer loop
      vertex 61.5 -3.2335783637895035 17.339392013277813
      vertex 61.5 -2.4748737341529163 18.474873734152915
      vertex 61.5 -3.5355339059327378 19.535533905932738
    endloop
  endfacet
  facet normal -0.5071711469260755 -0.47881562850449555 0.7165982288741259
    outer loop
      vertex 59 -2.4748737341529163 18.474873734152915
      vertex 61.5 -3.5355339059327378 19.535533905932738
      vertex 61.5 -1.913417161825449 20.619397662556434
    endloop
  endfacet
  facet normal 1 0 0
    outer loop
      vertex 61.5 -2.4748737341529163 18.474873734152915
      vertex 61.5 -1.3393920132778143 19.233578363789505
      vertex 61.5 -3.5355339059327378 19.535533905932738
    endloop
  endfacet
  facet normal -0.5071711469260747 -0.4788156285044968 0.7165982288741255
    outer loop
      vertex 59 -2.4748737341529163 18.474873734152915
      vertex 61.5 -1.913417161825449 20.619397662556434
      vertex 59 -1.3393920132778143 19.233578363789505
    endloop
  endfacet
  facet normal 1 0 0
    outer loop
      vertex 61.5 -3.5355339059327378 19.535533905932738
      vertex 61.5 -1.3393920132778143 19.233578363789505
      vertex 61.5 0 19.5
    endloop
  endfacet
  facet normal -0.5071711469260748 -0.16813768916953656 0.845285244876792
    outer loop
      vertex 59 -1.3393920132778143 19.233578363789505
      vertex 61.5 -1.913417161825449 20.619397662556434
      vertex 61.5 0 21
    endloop
  endfacet
  facet normal 1 0 0
    outer loop
      vertex 61.5 -3.5355339059327378 19.535533905932738
      vertex 61.5 1.913417161825449 20.619397662556434
      vertex 61.5 -1.913417161825449 20.619397662556434
    endloop
  endfacet
  facet normal -0.5071711469260751 -0.16813768916953586 0.8452852448767919
    outer loop
      vertex 59 -1.3393920132778143 19.233578363789505
      vertex 61.5 0 21
      vertex 59 0 19.5
    endloop
  endfacet
  facet normal -0.5071711469260751 0.16813768916953586 0.8452852448767919
    outer loop
      vertex 59 0 19.5
      vertex 61.5 0 21
      vertex 59 1.3393920132778143 19.233578363789505
    endloop
  endfacet
  facet normal 1 0 0
    outer loop
      vertex 61.5 -3.5355339059327378 19.535533905932738
      vertex 61.5 0 19.5
      vertex 61.5 3.5355339059327378 19.535533905932738
    endloop
  endfacet
  facet normal 1 0 0
    outer loop
      vertex 61.5 -3.5355339059327378 19.535533905932738
      vertex 61.5 3.5355339059327378 19.535533905932738
      vertex 61.5 1.913417161825449 20.619397662556434
    endloop
  endfacet
  facet normal 1 0 0
    outer loop
      vertex 61.5 -1.913417161825449 20.619397662556434
      vertex 61.5 1.913417161825449 20.619397662556434
      vertex 61.5 0 21
    endloop
  endfacet
  facet normal -0.5071711469260755 0.7165982288741259 0.4788156285044953
    outer loop
      vertex 59 3.2335783637895035 17.339392013277813
      vertex 59 2.4748737341529163 18.474873734152915
      vertex 61.5 4.619397662556434 17.91341716182545
    endloop
  endfacet
  facet normal 1 0 0
    outer loop
      vertex 61.5 3.2335783637895035 17.339392013277813
      vertex 61.5 4.619397662556434 17.91341716182545
      vertex 61.5 2.4748737341529163 18.474873734152915
    endloop
  endfacet
  facet normal -0.5071711469260753 0.7165982288741259 0.4788156285044957
    outer loop
      vertex 59 2.4748737341529163 18.474873734152915
      vertex 61.5 3.5355339059327378 19.535533905932738
      vertex 61.5 4.619397662556434 17.91341716182545
    endloop
  endfacet
  facet normal 1 0 0
    outer loop
      vertex 61.5 2.4748737341529163 18.474873734152915
      vertex 61.5 4.619397662556434 17.91341716182545
      vertex 61.5 3.5355339059327378 19.535533905932738
    endloop
  endfacet
  facet normal -0.507171146926075 0.8452852448767917 -0.16813768916953664
    outer loop
      vertex 59 3.2335783637895035 14.660607986722185
      vertex 59 3.5 16
      vertex 61.5 5 16
    endloop
  endfacet
  facet normal 1 0 0
    outer loop
      vertex 61.5 4.619397662556434 14.08658283817455
      vertex 61.5 5 16
      vertex 61.5 3.5 16
    endloop
  endfacet
  facet normal -0.507171146926075 0.8452852448767917 0.16813768916953686
    outer loop
      vertex 59 3.5 16
      vertex 59 3.2335783637895035 17.339392013277813
      vertex 61.5 5 16
    endloop
  endfacet
  facet normal -0.5071711469260752 0.8452852448767917 0.16813768916953642
    outer loop
      vertex 59 3.2335783637895035 17.339392013277813
      vertex 61.5 4.619397662556434 17.91341716182545
      vertex 61.5 5 16
    endloop
  endfacet
  facet normal 1 0 0
    outer loop
      vertex 61.5 3.5 16
      vertex 61.5 5 16
      vertex 61.5 3.2335783637895035 17.339392013277813
    endloop
  endfacet
  facet normal 1 0 0
    outer loop
      vertex 61.5 3.2335783637895035 17.339392013277813
      vertex 61.5 5 16
      vertex 61.5 4.619397662556434 17.91341716182545
    endloop
  endfacet
  facet normal -0.5071711469260747 0.4788156285044968 0.7165982288741255
    outer loop
      vertex 59 2.4748737341529163 18.474873734152915
      vertex 59 1.3393920132778143 19.233578363789505
      vertex 61.5 1.913417161825449 20.619397662556434
    endloop
  endfacet
  facet normal 1 0 0
    outer loop
      vertex 61.5 0 19.5
      vertex 61.5 1.3393920132778143 19.233578363789505
      vertex 61.5 3.5355339059327378 19.535533905932738
    endloop
  endfacet
  facet normal -0.5071711469260748 0.16813768916953656 0.845285244876792
    outer loop
      vertex 61.5 0 21
      vertex 61.5 1.913417161825449 20.619397662556434
      vertex 59 1.3393920132778143 19.233578363789505
    endloop
  endfacet
  facet normal -0.5071711469260755 0.47881562850449555 0.7165982288741259
    outer loop
      vertex 59 2.4748737341529163 18.474873734152915
      vertex 61.5 1.913417161825449 20.619397662556434
      vertex 61.5 3.5355339059327378 19.535533905932738
    endloop
  endfacet
  facet normal 1 0 0
    outer loop
      vertex 61.5 2.4748737341529163 18.474873734152915
      vertex 61.5 3.5355339059327378 19.535533905932738
      vertex 61.5 1.3393920132778143 19.233578363789505
    endloop
  endfacet
  facet normal -1 0 0
    outer loop
      vertex -67.5 -1.913417161825449 11.380602337443566
      vertex -67.5 1.913417161825449 11.380602337443566
      vertex -67.5 0 11
    endloop
  endfacet
  facet normal 0.5071711469260751 -0.47881562850449566 -0.716598228874126
    outer loop
      vertex -67.5 -1.913417161825449 11.380602337443566
      vertex -65 -2.4748737341529163 13.525126265847083
      vertex -67.5 -3.5355339059327378 12.464466094067262
    endloop
  endfacet
  facet normal -1 0 0
    outer loop
      vertex -67.5 -3.5355339059327378 12.464466094067262
      vertex -67.5 -2.4748737341529163 13.525126265847083
      vertex -67.5 -1.3393920132778143 12.766421636210497
    endloop
  endfacet
  facet normal -1 0 0
    outer loop
      vertex -67.5 -3.5355339059327378 12.464466094067262
      vertex -67.5 -4.619397662556434 14.08658283817455
      vertex -67.5 -3.2335783637895035 14.660607986722185
    endloop
  endfacet
  facet normal 0.5071711469260751 -0.716598228874126 -0.47881562850449577
    outer loop
      vertex -67.5 -3.5355339059327378 12.464466094067262
      vertex -65 -2.4748737341529163 13.525126265847083
      vertex -67.5 -4.619397662556434 14.08658283817455
    endloop
  endfacet
  facet normal 0.5071711469260751 -0.8452852448767918 -0.16813768916953645
    outer loop
      vertex -67.5 -4.619397662556434 14.08658283817455
      vertex -65 -3.2335783637895035 14.660607986722185
      vertex -67.5 -5 16
    endloop
  endfacet
  facet normal -1 0 0
    outer loop
      vertex -67.5 -4.619397662556434 14.08658283817455
      vertex -67.5 -3.5 16
      vertex -67.5 -3.2335783637895035 14.660607986722185
    endloop
  endfacet
  facet normal -1 0 0
    outer loop
      vertex -67.5 -3.5355339059327378 12.464466094067262
      vertex -67.5 -3.2335783637895035 14.660607986722185
      vertex -67.5 -2.4748737341529163 13.525126265847083
    endloop
  endfacet
  facet normal 0.5071711469260752 -0.716598228874126 -0.4788156285044953
    outer loop
      vertex -67.5 -4.619397662556434 14.08658283817455
      vertex -65 -2.4748737341529163 13.525126265847083
      vertex -65 -3.2335783637895035 14.660607986722185
    endloop
  endfacet
  facet normal -1 0 0
    outer loop
      vertex -67.5 -1.913417161825449 11.380602337443566
      vertex -67.5 -3.5355339059327378 12.464466094067262
      vertex -67.5 1.913417161825449 11.380602337443566
    endloop
  endfacet
  facet normal 0.5071711469260752 -0.1681376891695365 -0.8452852448767917
    outer loop
      vertex -67.5 -1.913417161825449 11.380602337443566
      vertex -67.5 0 11
      vertex -65 -1.3393920132778143 12.766421636210497
    endloop
  endfacet
  facet normal -1 0 0
    outer loop
      vertex -67.5 -3.5355339059327378 12.464466094067262
      vertex -67.5 -1.3393920132778143 12.766421636210497
      vertex -67.5 0 12.5
    endloop
  endfacet
  facet normal -1 0 0
    outer loop
      vertex -67.5 -3.5355339059327378 12.464466094067262
      vertex -67.5 3.5355339059327378 12.464466094067262
      vertex -67.5 1.913417161825449 11.380602337443566
    endloop
  endfacet
  facet normal -1 0 0
    outer loop
      vertex -67.5 -3.5355339059327378 12.464466094067262
      vertex -67.5 0 12.5
      vertex -67.5 3.5355339059327378 12.464466094067262
    endloop
  endfacet
  facet normal 0.5071711469260753 -0.47881562850449516 -0.7165982288741263
    outer loop
      vertex -67.5 -1.913417161825449 11.380602337443566
      vertex -65 -1.3393920132778143 12.766421636210497
      vertex -65 -2.4748737341529163 13.525126265847083
    endloop
  endfacet
  facet normal 0.507171146926075 -0.16813768916953695 -0.8452852448767917
    outer loop
      vertex -67.5 0 11
      vertex -65 0 12.5
      vertex -65 -1.3393920132778143 12.766421636210497
    endloop
  endfacet
  facet normal 0.507171146926075 0.16813768916953695 -0.8452852448767917
    outer loop
      vertex -67.5 0 11
      vertex -65 1.3393920132778143 12.766421636210497
      vertex -65 0 12.5
    endloop
  endfacet
  facet normal 0.5071711469260752 0.1681376891695365 -0.8452852448767917
    outer loop
      vertex -67.5 0 11
      vertex -67.5 1.913417161825449 11.380602337443566
      vertex -65 1.3393920132778143 12.766421636210497
    endloop
  endfacet
  facet normal -1 0 0
    outer loop
      vertex -67.5 0 12.5
      vertex -67.5 1.3393920132778143 12.766421636210497
      vertex -67.5 3.5355339059327378 12.464466094067262
    endloop
  endfacet
  facet normal 0.5071711469260751 0.47881562850449566 -0.716598228874126
    outer loop
      vertex -67.5 1.913417161825449 11.380602337443566
      vertex -67.5 3.5355339059327378 12.464466094067262
      vertex -65 2.4748737341529163 13.525126265847083
    endloop
  endfacet
  facet normal -1 0 0
    outer loop
      vertex -67.5 1.3393920132778143 12.766421636210497
      vertex -67.5 2.4748737341529163 13.525126265847083
      vertex -67.5 3.5355339059327378 12.464466094067262
    endloop
  endfacet
  facet normal 0.5071711469260753 0.47881562850449516 -0.7165982288741263
    outer loop
      vertex -67.5 1.913417161825449 11.380602337443566
      vertex -65 2.4748737341529163 13.525126265847083
      vertex -65 1.3393920132778143 12.766421636210497
    endloop
  endfacet
  facet normal -1 0 0
    outer loop
      vertex -67.5 3.5355339059327378 12.464466094067262
      vertex -67.5 2.4748737341529163 13.525126265847083
      vertex -67.5 4.619397662556434 14.08658283817455
    endloop
  endfacet
  facet normal 0.5071711469260751 0.716598228874126 -0.47881562850449577
    outer loop
      vertex -67.5 3.5355339059327378 12.464466094067262
      vertex -67.5 4.619397662556434 14.08658283817455
      vertex -65 2.4748737341529163 13.525126265847083
    endloop
  endfacet
  facet normal -1 0 0
    outer loop
      vertex -67.5 2.4748737341529163 13.525126265847083
      vertex -67.5 3.2335783637895035 14.660607986722185
      vertex -67.5 4.619397662556434 14.08658283817455
    endloop
  endfacet
  facet normal 0.5071711469260752 0.716598228874126 -0.47881562850449544
    outer loop
      vertex -65 2.4748737341529163 13.525126265847083
      vertex -67.5 4.619397662556434 14.08658283817455
      vertex -65 3.2335783637895035 14.660607986722185
    endloop
  endfacet
  facet normal -1 0 0
    outer loop
      vertex -67.5 3.2335783637895035 14.660607986722185
      vertex -67.5 5 16
      vertex -67.5 4.619397662556434 14.08658283817455
    endloop
  endfacet
  facet normal 0.5071711469260751 0.8452852448767918 -0.16813768916953645
    outer loop
      vertex -65 3.2335783637895035 14.660607986722185
      vertex -67.5 4.619397662556434 14.08658283817455
      vertex -67.5 5 16
    endloop
  endfacet
  facet normal -1 0 0
    outer loop
      vertex -67.5 -4.619397662556434 14.08658283817455
      vertex -67.5 -5 16
      vertex -67.5 -3.5 16
    endloop
  endfacet
  facet normal -1 0 0
    outer loop
      vertex -67.5 -5 16
      vertex -67.5 -4.619397662556434 17.91341716182545
      vertex -67.5 -3.2335783637895035 17.339392013277813
    endloop
  endfacet
  facet normal 0.5071711469260752 -0.8452852448767917 0.16813768916953642
    outer loop
      vertex -67.5 -5 16
      vertex -65 -3.2335783637895035 17.339392013277813
      vertex -67.5 -4.619397662556434 17.91341716182545
    endloop
  endfacet
  facet normal -1 0 0
    outer loop
      vertex -67.5 -5 16
      vertex -67.5 -3.2335783637895035 17.339392013277813
      vertex -67.5 -3.5 16
    endloop
  endfacet
  facet normal 0.507171146926075 -0.8452852448767917 -0.16813768916953664
    outer loop
      vertex -65 -3.2335783637895035 14.660607986722185
      vertex -65 -3.5 16
      vertex -67.5 -5 16
    endloop
  endfacet
  facet normal 0.507171146926075 -0.8452852448767917 0.16813768916953692
    outer loop
      vertex -67.5 -5 16
      vertex -65 -3.5 16
      vertex -65 -3.2335783637895035 17.339392013277813
    endloop
  endfacet
  facet normal -1 0 0
    outer loop
      vertex -67.5 -4.619397662556434 17.91341716182545
      vertex -67.5 -2.4748737341529163 18.474873734152915
      vertex -67.5 -3.2335783637895035 17.339392013277813
    endloop
  endfacet
  facet normal -1 0 0
    outer loop
      vertex -67.5 -4.619397662556434 17.91341716182545
      vertex -67.5 -3.5355339059327378 19.535533905932738
      vertex -67.5 -2.4748737341529163 18.474873734152915
    endloop
  endfacet
  facet normal 0.5071711469260753 -0.7165982288741259 0.4788156285044957
    outer loop
      vertex -67.5 -4.619397662556434 17.91341716182545
      vertex -65 -2.4748737341529163 18.474873734152915
      vertex -67.5 -3.5355339059327378 19.535533905932738
    endloop
  endfacet
  facet normal 0.5071711469260755 -0.7165982288741259 0.4788156285044952
    outer loop
      vertex -67.5 -4.619397662556434 17.91341716182545
      vertex -65 -3.2335783637895035 17.339392013277813
      vertex -65 -2.4748737341529163 18.474873734152915
    endloop
  endfacet
  facet normal -1 0 0
    outer loop
      vertex -67.5 -2.4748737341529163 18.474873734152915
      vertex -67.5 -3.5355339059327378 19.535533905932738
      vertex -67.5 -1.3393920132778143 19.233578363789505
    endloop
  endfacet
  facet normal 0.5071711469260755 -0.47881562850449555 0.7165982288741259
    outer loop
      vertex -65 -2.4748737341529163 18.474873734152915
      vertex -67.5 -1.913417161825449 20.619397662556434
      vertex -67.5 -3.5355339059327378 19.535533905932738
    endloop
  endfacet
  facet normal -1 0 0
    outer loop
      vertex -67.5 -3.5355339059327378 19.535533905932738
      vertex -67.5 0 19.5
      vertex -67.5 -1.3393920132778143 19.233578363789505
    endloop
  endfacet
  facet normal -1 0 0
    outer loop
      vertex -67.5 -3.5355339059327378 19.535533905932738
      vertex -67.5 -1.913417161825449 20.619397662556434
      vertex -67.5 3.5355339059327378 19.535533905932738
    endloop
  endfacet
  facet normal 0.5071711469260748 -0.16813768916953656 0.845285244876792
    outer loop
      vertex -67.5 -1.913417161825449 20.619397662556434
      vertex -65 -1.3393920132778143 19.233578363789505
      vertex -67.5 0 21
    endloop
  endfacet
  facet normal -1 0 0
    outer loop
      vertex -67.5 -3.5355339059327378 19.535533905932738
      vertex -67.5 3.5355339059327378 19.535533905932738
      vertex -67.5 0 19.5
    endloop
  endfacet
  facet normal -1 0 0
    outer loop
      vertex -67.5 -1.913417161825449 20.619397662556434
      vertex -67.5 0 21
      vertex -67.5 1.913417161825449 20.619397662556434
    endloop
  endfacet
  facet normal 0.5071711469260747 -0.4788156285044968 0.7165982288741255
    outer loop
      vertex -65 -2.4748737341529163 18.474873734152915
      vertex -65 -1.3393920132778143 19.233578363789505
      vertex -67.5 -1.913417161825449 20.619397662556434
    endloop
  endfacet
  facet normal 0.5071711469260751 -0.16813768916953586 0.8452852448767919
    outer loop
      vertex -65 -1.3393920132778143 19.233578363789505
      vertex -65 0 19.5
      vertex -67.5 0 21
    endloop
  endfacet
  facet normal 0.5071711469260751 0.16813768916953586 0.8452852448767919
    outer loop
      vertex -65 0 19.5
      vertex -65 1.3393920132778143 19.233578363789505
      vertex -67.5 0 21
    endloop
  endfacet
  facet normal -1 0 0
    outer loop
      vertex -67.5 3.2335783637895035 17.339392013277813
      vertex -67.5 2.4748737341529163 18.474873734152915
      vertex -67.5 3.5355339059327378 19.535533905932738
    endloop
  endfacet
  facet normal 0.5071711469260753 0.7165982288741259 0.4788156285044957
    outer loop
      vertex -65 2.4748737341529163 18.474873734152915
      vertex -67.5 4.619397662556434 17.91341716182545
      vertex -67.5 3.5355339059327378 19.535533905932738
    endloop
  endfacet
  facet normal 0.5071711469260755 0.7165982288741259 0.4788156285044953
    outer loop
      vertex -65 3.2335783637895035 17.339392013277813
      vertex -67.5 4.619397662556434 17.91341716182545
      vertex -65 2.4748737341529163 18.474873734152915
    endloop
  endfacet
  facet normal -1 0 0
    outer loop
      vertex -67.5 3.2335783637895035 14.660607986722185
      vertex -67.5 3.5 16
      vertex -67.5 5 16
    endloop
  endfacet
  facet normal -1 0 0
    outer loop
      vertex -67.5 3.5 16
      vertex -67.5 3.2335783637895035 17.339392013277813
      vertex -67.5 4.619397662556434 17.91341716182545
    endloop
  endfacet
  facet normal -1 0 0
    outer loop
      vertex -67.5 3.5 16
      vertex -67.5 4.619397662556434 17.91341716182545
      vertex -67.5 5 16
    endloop
  endfacet
  facet normal 0.5071711469260752 0.8452852448767917 0.16813768916953642
    outer loop
      vertex -65 3.2335783637895035 17.339392013277813
      vertex -67.5 5 16
      vertex -67.5 4.619397662556434 17.91341716182545
    endloop
  endfacet
  facet normal 0.507171146926075 0.8452852448767917 -0.16813768916953664
    outer loop
      vertex -65 3.2335783637895035 14.660607986722185
      vertex -67.5 5 16
      vertex -65 3.5 16
    endloop
  endfacet
  facet normal 0.507171146926075 0.8452852448767917 0.16813768916953686
    outer loop
      vertex -65 3.5 16
      vertex -67.5 5 16
      vertex -65 3.2335783637895035 17.339392013277813
    endloop
  endfacet
  facet normal -1 0 0
    outer loop
      vertex -67.5 3.2335783637895035 17.339392013277813
      vertex -67.5 3.5355339059327378 19.535533905932738
      vertex -67.5 4.619397662556434 17.91341716182545
    endloop
  endfacet
  facet normal -1 0 0
    outer loop
      vertex -67.5 0 19.5
      vertex -67.5 3.5355339059327378 19.535533905932738
      vertex -67.5 1.3393920132778143 19.233578363789505
    endloop
  endfacet
  facet normal -1 0 0
    outer loop
      vertex -67.5 -1.913417161825449 20.619397662556434
      vertex -67.5 1.913417161825449 20.619397662556434
      vertex -67.5 3.5355339059327378 19.535533905932738
    endloop
  endfacet
  facet normal 0.5071711469260748 0.16813768916953656 0.845285244876792
    outer loop
      vertex -67.5 0 21
      vertex -65 1.3393920132778143 19.233578363789505
      vertex -67.5 1.913417161825449 20.619397662556434
    endloop
  endfacet
  facet normal -1 0 0
    outer loop
      vertex -67.5 2.4748737341529163 18.474873734152915
      vertex -67.5 1.3393920132778143 19.233578363789505
      vertex -67.5 3.5355339059327378 19.535533905932738
    endloop
  endfacet
  facet normal 0.5071711469260755 0.47881562850449555 0.7165982288741259
    outer loop
      vertex -65 2.4748737341529163 18.474873734152915
      vertex -67.5 3.5355339059327378 19.535533905932738
      vertex -67.5 1.913417161825449 20.619397662556434
    endloop
  endfacet
  facet normal 0.5071711469260747 0.4788156285044968 0.7165982288741255
    outer loop
      vertex -65 2.4748737341529163 18.474873734152915
      vertex -67.5 1.913417161825449 20.619397662556434
      vertex -65 1.3393920132778143 19.233578363789505
    endloop
  endfacet
  facet normal 1 0 0
    outer loop
      vertex 67.5 -1.913417161825449 11.380602337443566
      vertex 67.5 0 11
      vertex 67.5 1.913417161825449 11.380602337443566
    endloop
  endfacet
  facet normal -0.5071711469260751 -0.47881562850449566 -0.716598228874126
    outer loop
      vertex 67.5 -1.913417161825449 11.380602337443566
      vertex 67.5 -3.5355339059327378 12.464466094067262
      vertex 65 -2.4748737341529163 13.525126265847083
    endloop
  endfacet
  facet normal 1 0 0
    outer loop
      vertex 67.5 -3.5355339059327378 12.464466094067262
      vertex 67.5 -1.3393920132778143 12.766421636210497
      vertex 67.5 -2.4748737341529163 13.525126265847083
    endloop
  endfacet
  facet normal -0.5071711469260752 -0.716598228874126 -0.47881562850449544
    outer loop
      vertex 65 -2.4748737341529163 13.525126265847083
      vertex 67.5 -4.619397662556434 14.08658283817455
      vertex 65 -3.2335783637895035 14.660607986722185
    endloop
  endfacet
  facet normal -0.5071711469260751 -0.716598228874126 -0.47881562850449577
    outer loop
      vertex 67.5 -3.5355339059327378 12.464466094067262
      vertex 67.5 -4.619397662556434 14.08658283817455
      vertex 65 -2.4748737341529163 13.525126265847083
    endloop
  endfacet
  facet normal 1 0 0
    outer loop
      vertex 67.5 -3.5355339059327378 12.464466094067262
      vertex 67.5 -2.4748737341529163 13.525126265847083
      vertex 67.5 -4.619397662556434 14.08658283817455
    endloop
  endfacet
  facet normal 1 0 0
    outer loop
      vertex 67.5 -4.619397662556434 14.08658283817455
      vertex 67.5 -2.4748737341529163 13.525126265847083
      vertex 67.5 -3.2335783637895035 14.660607986722185
    endloop
  endfacet
  facet normal -0.5071711469260751 -0.8452852448767918 -0.16813768916953645
    outer loop
      vertex 65 -3.2335783637895035 14.660607986722185
      vertex 67.5 -4.619397662556434 14.08658283817455
      vertex 67.5 -5 16
    endloop
  endfacet
  facet normal 1 0 0
    outer loop
      vertex 67.5 -4.619397662556434 14.08658283817455
      vertex 67.5 -3.2335783637895035 14.660607986722185
      vertex 67.5 -5 16
    endloop
  endfacet
  facet normal -0.5071711469260753 -0.47881562850449516 -0.7165982288741263
    outer loop
      vertex 67.5 -1.913417161825449 11.380602337443566
      vertex 65 -2.4748737341529163 13.525126265847083
      vertex 65 -1.3393920132778143 12.766421636210497
    endloop
  endfacet
  facet normal -0.507171146926075 -0.16813768916953695 -0.8452852448767917
    outer loop
      vertex 67.5 0 11
      vertex 65 -1.3393920132778143 12.766421636210497
      vertex 65 0 12.5
    endloop
  endfacet
  facet normal -0.507171146926075 0.16813768916953695 -0.8452852448767917
    outer loop
      vertex 67.5 0 11
      vertex 65 0 12.5
      vertex 65 1.3393920132778143 12.766421636210497
    endloop
  endfacet
  facet normal -0.5071711469260752 -0.1681376891695365 -0.8452852448767917
    outer loop
      vertex 67.5 -1.913417161825449 11.380602337443566
      vertex 65 -1.3393920132778143 12.766421636210497
      vertex 67.5 0 11
    endloop
  endfacet
  facet normal 1 0 0
    outer loop
      vertex 67.5 -1.913417161825449 11.380602337443566
      vertex 67.5 3.5355339059327378 12.464466094067262
      vertex 67.5 -3.5355339059327378 12.464466094067262
    endloop
  endfacet
  facet normal 1 0 0
    outer loop
      vertex 67.5 -3.5355339059327378 12.464466094067262
      vertex 67.5 0 12.5
      vertex 67.5 -1.3393920132778143 12.766421636210497
    endloop
  endfacet
  facet normal 1 0 0
    outer loop
      vertex 67.5 -3.5355339059327378 12.464466094067262
      vertex 67.5 3.5355339059327378 12.464466094067262
      vertex 67.5 0 12.5
    endloop
  endfacet
  facet normal -0.5071711469260753 0.47881562850449516 -0.7165982288741263
    outer loop
      vertex 67.5 1.913417161825449 11.380602337443566
      vertex 65 1.3393920132778143 12.766421636210497
      vertex 65 2.4748737341529163 13.525126265847083
    endloop
  endfacet
  facet normal -0.5071711469260752 0.1681376891695365 -0.8452852448767917
    outer loop
      vertex 67.5 0 11
      vertex 65 1.3393920132778143 12.766421636210497
      vertex 67.5 1.913417161825449 11.380602337443566
    endloop
  endfacet
  facet normal 1 0 0
    outer loop
      vertex 67.5 -1.913417161825449 11.380602337443566
      vertex 67.5 1.913417161825449 11.380602337443566
      vertex 67.5 3.5355339059327378 12.464466094067262
    endloop
  endfacet
  facet normal 1 0 0
    outer loop
      vertex 67.5 0 12.5
      vertex 67.5 3.5355339059327378 12.464466094067262
      vertex 67.5 1.3393920132778143 12.766421636210497
    endloop
  endfacet
  facet normal -0.5071711469260751 0.47881562850449566 -0.716598228874126
    outer loop
      vertex 67.5 1.913417161825449 11.380602337443566
      vertex 65 2.4748737341529163 13.525126265847083
      vertex 67.5 3.5355339059327378 12.464466094067262
    endloop
  endfacet
  facet normal 1 0 0
    outer loop
      vertex 67.5 1.3393920132778143 12.766421636210497
      vertex 67.5 3.5355339059327378 12.464466094067262
      vertex 67.5 2.4748737341529163 13.525126265847083
    endloop
  endfacet
  facet normal -0.5071711469260752 0.716598228874126 -0.47881562850449544
    outer loop
      vertex 65 2.4748737341529163 13.525126265847083
      vertex 65 3.2335783637895035 14.660607986722185
      vertex 67.5 4.619397662556434 14.08658283817455
    endloop
  endfacet
  facet normal -0.5071711469260751 0.716598228874126 -0.47881562850449577
    outer loop
      vertex 67.5 3.5355339059327378 12.464466094067262
      vertex 65 2.4748737341529163 13.525126265847083
      vertex 67.5 4.619397662556434 14.08658283817455
    endloop
  endfacet
  facet normal 1 0 0
    outer loop
      vertex 67.5 3.5355339059327378 12.464466094067262
      vertex 67.5 3.2335783637895035 14.660607986722185
      vertex 67.5 2.4748737341529163 13.525126265847083
    endloop
  endfacet
  facet normal 1 0 0
    outer loop
      vertex 67.5 3.5355339059327378 12.464466094067262
      vertex 67.5 4.619397662556434 14.08658283817455
      vertex 67.5 3.2335783637895035 14.660607986722185
    endloop
  endfacet
  facet normal 1 0 0
    outer loop
      vertex 67.5 3.2335783637895035 14.660607986722185
      vertex 67.5 4.619397662556434 14.08658283817455
      vertex 67.5 3.5 16
    endloop
  endfacet
  facet normal -0.5071711469260751 0.8452852448767918 -0.16813768916953645
    outer loop
      vertex 65 3.2335783637895035 14.660607986722185
      vertex 67.5 5 16
      vertex 67.5 4.619397662556434 14.08658283817455
    endloop
  endfacet
  facet normal -0.507171146926075 -0.8452852448767917 -0.16813768916953664
    outer loop
      vertex 65 -3.2335783637895035 14.660607986722185
      vertex 67.5 -5 16
      vertex 65 -3.5 16
    endloop
  endfacet
  facet normal -0.507171146926075 -0.8452852448767917 0.16813768916953692
    outer loop
      vertex 67.5 -5 16
      vertex 65 -3.2335783637895035 17.339392013277813
      vertex 65 -3.5 16
    endloop
  endfacet
  facet normal 1 0 0
    outer loop
      vertex 67.5 -3.2335783637895035 14.660607986722185
      vertex 67.5 -3.5 16
      vertex 67.5 -5 16
    endloop
  endfacet
  facet normal 1 0 0
    outer loop
      vertex 67.5 -5 16
      vertex 67.5 -3.5 16
      vertex 67.5 -4.619397662556434 17.91341716182545
    endloop
  endfacet
  facet normal -0.5071711469260752 -0.8452852448767917 0.16813768916953642
    outer loop
      vertex 67.5 -5 16
      vertex 67.5 -4.619397662556434 17.91341716182545
      vertex 65 -3.2335783637895035 17.339392013277813
    endloop
  endfacet
  facet normal 1 0 0
    outer loop
      vertex 67.5 -3.5 16
      vertex 67.5 -3.2335783637895035 17.339392013277813
      vertex 67.5 -4.619397662556434 17.91341716182545
    endloop
  endfacet
  facet normal -0.5071711469260755 -0.7165982288741259 0.4788156285044953
    outer loop
      vertex 65 -3.2335783637895035 17.339392013277813
      vertex 67.5 -4.619397662556434 17.91341716182545
      vertex 65 -2.4748737341529163 18.474873734152915
    endloop
  endfacet
  facet normal 1 0 0
    outer loop
      vertex 67.5 -4.619397662556434 17.91341716182545
      vertex 67.5 -3.2335783637895035 17.339392013277813
      vertex 67.5 -3.5355339059327378 19.535533905932738
    endloop
  endfacet
  facet normal -0.5071711469260753 -0.7165982288741259 0.4788156285044957
    outer loop
      vertex 65 -2.4748737341529163 18.474873734152915
      vertex 67.5 -4.619397662556434 17.91341716182545
      vertex 67.5 -3.5355339059327378 19.535533905932738
    endloop
  endfacet
  facet normal 1 0 0
    outer loop
      vertex 67.5 -3.2335783637895035 17.339392013277813
      vertex 67.5 -2.4748737341529163 18.474873734152915
      vertex 67.5 -3.5355339059327378 19.535533905932738
    endloop
  endfacet
  facet normal 1 0 0
    outer loop
      vertex 67.5 -2.4748737341529163 18.474873734152915
      vertex 67.5 -1.3393920132778143 19.233578363789505
      vertex 67.5 -3.5355339059327378 19.535533905932738
    endloop
  endfacet
  facet normal -0.5071711469260755 -0.47881562850449555 0.7165982288741259
    outer loop
      vertex 65 -2.4748737341529163 18.474873734152915
      vertex 67.5 -3.5355339059327378 19.535533905932738
      vertex 67.5 -1.913417161825449 20.619397662556434
    endloop
  endfacet
  facet normal -0.5071711469260747 -0.4788156285044968 0.7165982288741255
    outer loop
      vertex 65 -2.4748737341529163 18.474873734152915
      vertex 67.5 -1.913417161825449 20.619397662556434
      vertex 65 -1.3393920132778143 19.233578363789505
    endloop
  endfacet
  facet normal -0.5071711469260751 -0.16813768916953586 0.8452852448767919
    outer loop
      vertex 65 -1.3393920132778143 19.233578363789505
      vertex 67.5 0 21
      vertex 65 0 19.5
    endloop
  endfacet
  facet normal -0.5071711469260751 0.16813768916953586 0.8452852448767919
    outer loop
      vertex 65 0 19.5
      vertex 67.5 0 21
      vertex 65 1.3393920132778143 19.233578363789505
    endloop
  endfacet
  facet normal 1 0 0
    outer loop
      vertex 67.5 -3.5355339059327378 19.535533905932738
      vertex 67.5 -1.3393920132778143 19.233578363789505
      vertex 67.5 0 19.5
    endloop
  endfacet
  facet normal -0.5071711469260748 -0.16813768916953656 0.845285244876792
    outer loop
      vertex 65 -1.3393920132778143 19.233578363789505
      vertex 67.5 -1.913417161825449 20.619397662556434
      vertex 67.5 0 21
    endloop
  endfacet
  facet normal 1 0 0
    outer loop
      vertex 67.5 -3.5355339059327378 19.535533905932738
      vertex 67.5 1.913417161825449 20.619397662556434
      vertex 67.5 -1.913417161825449 20.619397662556434
    endloop
  endfacet
  facet normal 1 0 0
    outer loop
      vertex 67.5 -3.5355339059327378 19.535533905932738
      vertex 67.5 0 19.5
      vertex 67.5 3.5355339059327378 19.535533905932738
    endloop
  endfacet
  facet normal 1 0 0
    outer loop
      vertex 67.5 -3.5355339059327378 19.535533905932738
      vertex 67.5 3.5355339059327378 19.535533905932738
      vertex 67.5 1.913417161825449 20.619397662556434
    endloop
  endfacet
  facet normal 1 0 0
    outer loop
      vertex 67.5 -1.913417161825449 20.619397662556434
      vertex 67.5 1.913417161825449 20.619397662556434
      vertex 67.5 0 21
    endloop
  endfacet
  facet normal -0.5071711469260755 0.7165982288741259 0.4788156285044953
    outer loop
      vertex 65 3.2335783637895035 17.339392013277813
      vertex 65 2.4748737341529163 18.474873734152915
      vertex 67.5 4.619397662556434 17.91341716182545
    endloop
  endfacet
  facet normal 1 0 0
    outer loop
      vertex 67.5 3.2335783637895035 17.339392013277813
      vertex 67.5 4.619397662556434 17.91341716182545
      vertex 67.5 2.4748737341529163 18.474873734152915
    endloop
  endfacet
  facet normal -0.5071711469260753 0.7165982288741259 0.4788156285044957
    outer loop
      vertex 65 2.4748737341529163 18.474873734152915
      vertex 67.5 3.5355339059327378 19.535533905932738
      vertex 67.5 4.619397662556434 17.91341716182545
    endloop
  endfacet
  facet normal 1 0 0
    outer loop
      vertex 67.5 2.4748737341529163 18.474873734152915
      vertex 67.5 4.619397662556434 17.91341716182545
      vertex 67.5 3.5355339059327378 19.535533905932738
    endloop
  endfacet
  facet normal -0.507171146926075 0.8452852448767917 -0.16813768916953664
    outer loop
      vertex 65 3.2335783637895035 14.660607986722185
      vertex 65 3.5 16
      vertex 67.5 5 16
    endloop
  endfacet
  facet normal -0.507171146926075 0.8452852448767917 0.16813768916953686
    outer loop
      vertex 65 3.5 16
      vertex 65 3.2335783637895035 17.339392013277813
      vertex 67.5 5 16
    endloop
  endfacet
  facet normal 1 0 0
    outer loop
      vertex 67.5 4.619397662556434 14.08658283817455
      vertex 67.5 5 16
      vertex 67.5 3.5 16
    endloop
  endfacet
  facet normal 1 0 0
    outer loop
      vertex 67.5 3.5 16
      vertex 67.5 5 16
      vertex 67.5 3.2335783637895035 17.339392013277813
    endloop
  endfacet
  facet normal -0.5071711469260752 0.8452852448767917 0.16813768916953642
    outer loop
      vertex 65 3.2335783637895035 17.339392013277813
      vertex 67.5 4.619397662556434 17.91341716182545
      vertex 67.5 5 16
    endloop
  endfacet
  facet normal 1 0 0
    outer loop
      vertex 67.5 3.2335783637895035 17.339392013277813
      vertex 67.5 5 16
      vertex 67.5 4.619397662556434 17.91341716182545
    endloop
  endfacet
  facet normal -0.5071711469260747 0.4788156285044968 0.7165982288741255
    outer loop
      vertex 65 2.4748737341529163 18.474873734152915
      vertex 65 1.3393920132778143 19.233578363789505
      vertex 67.5 1.913417161825449 20.619397662556434
    endloop
  endfacet
  facet normal 1 0 0
    outer loop
      vertex 67.5 0 19.5
      vertex 67.5 1.3393920132778143 19.233578363789505
      vertex 67.5 3.5355339059327378 19.535533905932738
    endloop
  endfacet
  facet normal -0.5071711469260748 0.16813768916953656 0.845285244876792
    outer loop
      vertex 67.5 0 21
      vertex 67.5 1.913417161825449 20.619397662556434
      vertex 65 1.3393920132778143 19.233578363789505
    endloop
  endfacet
  facet normal 1 0 0
    outer loop
      vertex 67.5 2.4748737341529163 18.474873734152915
      vertex 67.5 3.5355339059327378 19.535533905932738
      vertex 67.5 1.3393920132778143 19.233578363789505
    endloop
  endfacet
  facet normal -0.5071711469260755 0.47881562850449555 0.7165982288741259
    outer loop
      vertex 65 2.4748737341529163 18.474873734152915
      vertex 67.5 1.913417161825449 20.619397662556434
      vertex 67.5 3.5355339059327378 19.535533905932738
    endloop
  endfacet
  facet normal -1 0 0
    outer loop
      vertex -73.5 -1.913417161825449 11.380602337443566
      vertex -73.5 1.913417161825449 11.380602337443566
      vertex -73.5 0 11
    endloop
  endfacet
  facet normal 0.5071711469260751 -0.47881562850449566 -0.716598228874126
    outer loop
      vertex -73.5 -1.913417161825449 11.380602337443566
      vertex -71 -2.4748737341529163 13.525126265847083
      vertex -73.5 -3.5355339059327378 12.464466094067262
    endloop
  endfacet
  facet normal 0.5071711469260751 -0.716598228874126 -0.47881562850449577
    outer loop
      vertex -73.5 -3.5355339059327378 12.464466094067262
      vertex -71 -2.4748737341529163 13.525126265847083
      vertex -73.5 -4.619397662556434 14.08658283817455
    endloop
  endfacet
  facet normal 0.5071711469260752 -0.716598228874126 -0.4788156285044953
    outer loop
      vertex -73.5 -4.619397662556434 14.08658283817455
      vertex -71 -2.4748737341529163 13.525126265847083
      vertex -71 -3.2335783637895035 14.660607986722185
    endloop
  endfacet
  facet normal 0.5071711469260751 -0.8452852448767918 -0.16813768916953645
    outer loop
      vertex -73.5 -4.619397662556434 14.08658283817455
      vertex -71 -3.2335783637895035 14.660607986722185
      vertex -73.5 -5 16
    endloop
  endfacet
  facet normal -1 0 0
    outer loop
      vertex -73.5 -1.913417161825449 11.380602337443566
      vertex -73.5 -3.5355339059327378 12.464466094067262
      vertex -73.5 1.913417161825449 11.380602337443566
    endloop
  endfacet
  facet normal 0.5071711469260752 -0.1681376891695365 -0.8452852448767917
    outer loop
      vertex -73.5 -1.913417161825449 11.380602337443566
      vertex -73.5 0 11
      vertex -71 -1.3393920132778143 12.766421636210497
    endloop
  endfacet
  facet normal -1 0 0
    outer loop
      vertex -73.5 -3.5355339059327378 12.464466094067262
      vertex -73.5 -4.619397662556434 14.08658283817455
      vertex -73.5 3.5355339059327378 12.464466094067262
    endloop
  endfacet
  facet normal 0.5071711469260753 -0.47881562850449516 -0.7165982288741263
    outer loop
      vertex -73.5 -1.913417161825449 11.380602337443566
      vertex -71 -1.3393920132778143 12.766421636210497
      vertex -71 -2.4748737341529163 13.525126265847083
    endloop
  endfacet
  facet normal -1 0 0
    outer loop
      vertex -73.5 -3.5355339059327378 12.464466094067262
      vertex -73.5 3.5355339059327378 12.464466094067262
      vertex -73.5 1.913417161825449 11.380602337443566
    endloop
  endfacet
  facet normal 0.507171146926075 -0.16813768916953695 -0.8452852448767917
    outer loop
      vertex -73.5 0 11
      vertex -71 0 12.5
      vertex -71 -1.3393920132778143 12.766421636210497
    endloop
  endfacet
  facet normal 0.507171146926075 0.16813768916953695 -0.8452852448767917
    outer loop
      vertex -73.5 0 11
      vertex -71 1.3393920132778143 12.766421636210497
      vertex -71 0 12.5
    endloop
  endfacet
  facet normal -1 0 0
    outer loop
      vertex -73.5 -4.619397662556434 14.08658283817455
      vertex -73.5 -5 16
      vertex -73.5 4.619397662556434 14.08658283817455
    endloop
  endfacet
  facet normal 0.5071711469260752 0.1681376891695365 -0.8452852448767917
    outer loop
      vertex -73.5 0 11
      vertex -73.5 1.913417161825449 11.380602337443566
      vertex -71 1.3393920132778143 12.766421636210497
    endloop
  endfacet
  facet normal 0.5071711469260753 0.47881562850449516 -0.7165982288741263
    outer loop
      vertex -73.5 1.913417161825449 11.380602337443566
      vertex -71 2.4748737341529163 13.525126265847083
      vertex -71 1.3393920132778143 12.766421636210497
    endloop
  endfacet
  facet normal 0.5071711469260751 0.47881562850449566 -0.716598228874126
    outer loop
      vertex -73.5 1.913417161825449 11.380602337443566
      vertex -73.5 3.5355339059327378 12.464466094067262
      vertex -71 2.4748737341529163 13.525126265847083
    endloop
  endfacet
  facet normal -1 0 0
    outer loop
      vertex -73.5 -4.619397662556434 14.08658283817455
      vertex -73.5 4.619397662556434 14.08658283817455
      vertex -73.5 3.5355339059327378 12.464466094067262
    endloop
  endfacet
  facet normal 0.5071711469260751 0.716598228874126 -0.47881562850449577
    outer loop
      vertex -73.5 3.5355339059327378 12.464466094067262
      vertex -73.5 4.619397662556434 14.08658283817455
      vertex -71 2.4748737341529163 13.525126265847083
    endloop
  endfacet
  facet normal 0.5071711469260752 0.716598228874126 -0.47881562850449544
    outer loop
      vertex -71 2.4748737341529163 13.525126265847083
      vertex -73.5 4.619397662556434 14.08658283817455
      vertex -71 3.2335783637895035 14.660607986722185
    endloop
  endfacet
  facet normal 0.5071711469260751 0.8452852448767918 -0.16813768916953645
    outer loop
      vertex -71 3.2335783637895035 14.660607986722185
      vertex -73.5 4.619397662556434 14.08658283817455
      vertex -73.5 5 16
    endloop
  endfacet
  facet normal 0.507171146926075 -0.8452852448767917 -0.16813768916953664
    outer loop
      vertex -71 -3.2335783637895035 14.660607986722185
      vertex -71 -3.5 16
      vertex -73.5 -5 16
    endloop
  endfacet
  facet normal 0.5071711469260752 -0.8452852448767917 0.16813768916953642
    outer loop
      vertex -73.5 -5 16
      vertex -71 -3.2335783637895035 17.339392013277813
      vertex -73.5 -4.619397662556434 17.91341716182545
    endloop
  endfacet
  facet normal 0.507171146926075 -0.8452852448767917 0.16813768916953692
    outer loop
      vertex -73.5 -5 16
      vertex -71 -3.5 16
      vertex -71 -3.2335783637895035 17.339392013277813
    endloop
  endfacet
  facet normal 0.5071711469260755 -0.7165982288741259 0.4788156285044952
    outer loop
      vertex -73.5 -4.619397662556434 17.91341716182545
      vertex -71 -3.2335783637895035 17.339392013277813
      vertex -71 -2.4748737341529163 18.474873734152915
    endloop
  endfacet
  facet normal 0.5071711469260753 -0.7165982288741259 0.4788156285044957
    outer loop
      vertex -73.5 -4.619397662556434 17.91341716182545
      vertex -71 -2.4748737341529163 18.474873734152915
      vertex -73.5 -3.5355339059327378 19.535533905932738
    endloop
  endfacet
  facet normal -1 0 0
    outer loop
      vertex -73.5 -5 16
      vertex -73.5 -4.619397662556434 17.91341716182545
      vertex -73.5 5 16
    endloop
  endfacet
  facet normal -1 0 0
    outer loop
      vertex -73.5 -4.619397662556434 17.91341716182545
      vertex -73.5 -3.5355339059327378 19.535533905932738
      vertex -73.5 4.619397662556434 17.91341716182545
    endloop
  endfacet
  facet normal 0.5071711469260755 -0.47881562850449555 0.7165982288741259
    outer loop
      vertex -71 -2.4748737341529163 18.474873734152915
      vertex -73.5 -1.913417161825449 20.619397662556434
      vertex -73.5 -3.5355339059327378 19.535533905932738
    endloop
  endfacet
  facet normal -1 0 0
    outer loop
      vertex -73.5 -3.5355339059327378 19.535533905932738
      vertex -73.5 -1.913417161825449 20.619397662556434
      vertex -73.5 3.5355339059327378 19.535533905932738
    endloop
  endfacet
  facet normal 0.5071711469260747 -0.4788156285044968 0.7165982288741255
    outer loop
      vertex -71 -2.4748737341529163 18.474873734152915
      vertex -71 -1.3393920132778143 19.233578363789505
      vertex -73.5 -1.913417161825449 20.619397662556434
    endloop
  endfacet
  facet normal 0.5071711469260748 -0.16813768916953656 0.845285244876792
    outer loop
      vertex -73.5 -1.913417161825449 20.619397662556434
      vertex -71 -1.3393920132778143 19.233578363789505
      vertex -73.5 0 21
    endloop
  endfacet
  facet normal 0.5071711469260751 -0.16813768916953586 0.8452852448767919
    outer loop
      vertex -71 -1.3393920132778143 19.233578363789505
      vertex -71 0 19.5
      vertex -73.5 0 21
    endloop
  endfacet
  facet normal 0.5071711469260751 0.16813768916953586 0.8452852448767919
    outer loop
      vertex -71 0 19.5
      vertex -71 1.3393920132778143 19.233578363789505
      vertex -73.5 0 21
    endloop
  endfacet
  facet normal -1 0 0
    outer loop
      vertex -73.5 -1.913417161825449 20.619397662556434
      vertex -73.5 0 21
      vertex -73.5 1.913417161825449 20.619397662556434
    endloop
  endfacet
  facet normal -1 0 0
    outer loop
      vertex -73.5 4.619397662556434 14.08658283817455
      vertex -73.5 -5 16
      vertex -73.5 5 16
    endloop
  endfacet
  facet normal -1 0 0
    outer loop
      vertex -73.5 -4.619397662556434 17.91341716182545
      vertex -73.5 4.619397662556434 17.91341716182545
      vertex -73.5 5 16
    endloop
  endfacet
  facet normal -1 0 0
    outer loop
      vertex -73.5 -3.5355339059327378 19.535533905932738
      vertex -73.5 3.5355339059327378 19.535533905932738
      vertex -73.5 4.619397662556434 17.91341716182545
    endloop
  endfacet
  facet normal 0.5071711469260755 0.7165982288741259 0.4788156285044953
    outer loop
      vertex -71 3.2335783637895035 17.339392013277813
      vertex -73.5 4.619397662556434 17.91341716182545
      vertex -71 2.4748737341529163 18.474873734152915
    endloop
  endfacet
  facet normal 0.5071711469260753 0.7165982288741259 0.4788156285044957
    outer loop
      vertex -71 2.4748737341529163 18.474873734152915
      vertex -73.5 4.619397662556434 17.91341716182545
      vertex -73.5 3.5355339059327378 19.535533905932738
    endloop
  endfacet
  facet normal 0.507171146926075 0.8452852448767917 -0.16813768916953664
    outer loop
      vertex -71 3.2335783637895035 14.660607986722185
      vertex -73.5 5 16
      vertex -71 3.5 16
    endloop
  endfacet
  facet normal 0.5071711469260752 0.8452852448767917 0.16813768916953642
    outer loop
      vertex -71 3.2335783637895035 17.339392013277813
      vertex -73.5 5 16
      vertex -73.5 4.619397662556434 17.91341716182545
    endloop
  endfacet
  facet normal 0.507171146926075 0.8452852448767917 0.16813768916953686
    outer loop
      vertex -71 3.5 16
      vertex -73.5 5 16
      vertex -71 3.2335783637895035 17.339392013277813
    endloop
  endfacet
  facet normal 0.5071711469260747 0.4788156285044968 0.7165982288741255
    outer loop
      vertex -71 2.4748737341529163 18.474873734152915
      vertex -73.5 1.913417161825449 20.619397662556434
      vertex -71 1.3393920132778143 19.233578363789505
    endloop
  endfacet
  facet normal -1 0 0
    outer loop
      vertex -73.5 -1.913417161825449 20.619397662556434
      vertex -73.5 1.913417161825449 20.619397662556434
      vertex -73.5 3.5355339059327378 19.535533905932738
    endloop
  endfacet
  facet normal 0.5071711469260748 0.16813768916953656 0.845285244876792
    outer loop
      vertex -73.5 0 21
      vertex -71 1.3393920132778143 19.233578363789505
      vertex -73.5 1.913417161825449 20.619397662556434
    endloop
  endfacet
  facet normal 0.5071711469260755 0.47881562850449555 0.7165982288741259
    outer loop
      vertex -71 2.4748737341529163 18.474873734152915
      vertex -73.5 3.5355339059327378 19.535533905932738
      vertex -73.5 1.913417161825449 20.619397662556434
    endloop
  endfacet
  facet normal 1 0 0
    outer loop
      vertex 73.5 -1.913417161825449 11.380602337443566
      vertex 73.5 0 11
      vertex 73.5 1.913417161825449 11.380602337443566
    endloop
  endfacet
  facet normal -0.5071711469260751 -0.47881562850449566 -0.716598228874126
    outer loop
      vertex 73.5 -1.913417161825449 11.380602337443566
      vertex 73.5 -3.5355339059327378 12.464466094067262
      vertex 71 -2.4748737341529163 13.525126265847083
    endloop
  endfacet
  facet normal -0.5071711469260752 -0.716598228874126 -0.47881562850449544
    outer loop
      vertex 71 -2.4748737341529163 13.525126265847083
      vertex 73.5 -4.619397662556434 14.08658283817455
      vertex 71 -3.2335783637895035 14.660607986722185
    endloop
  endfacet
  facet normal -0.5071711469260751 -0.716598228874126 -0.47881562850449577
    outer loop
      vertex 73.5 -3.5355339059327378 12.464466094067262
      vertex 73.5 -4.619397662556434 14.08658283817455
      vertex 71 -2.4748737341529163 13.525126265847083
    endloop
  endfacet
  facet normal -0.5071711469260751 -0.8452852448767918 -0.16813768916953645
    outer loop
      vertex 71 -3.2335783637895035 14.660607986722185
      vertex 73.5 -4.619397662556434 14.08658283817455
      vertex 73.5 -5 16
    endloop
  endfacet
  facet normal -0.5071711469260752 -0.1681376891695365 -0.8452852448767917
    outer loop
      vertex 73.5 -1.913417161825449 11.380602337443566
      vertex 71 -1.3393920132778143 12.766421636210497
      vertex 73.5 0 11
    endloop
  endfacet
  facet normal 1 0 0
    outer loop
      vertex 73.5 -1.913417161825449 11.380602337443566
      vertex 73.5 3.5355339059327378 12.464466094067262
      vertex 73.5 -3.5355339059327378 12.464466094067262
    endloop
  endfacet
  facet normal -0.5071711469260753 -0.47881562850449516 -0.7165982288741263
    outer loop
      vertex 73.5 -1.913417161825449 11.380602337443566
      vertex 71 -2.4748737341529163 13.525126265847083
      vertex 71 -1.3393920132778143 12.766421636210497
    endloop
  endfacet
  facet normal -0.507171146926075 -0.16813768916953695 -0.8452852448767917
    outer loop
      vertex 73.5 0 11
      vertex 71 -1.3393920132778143 12.766421636210497
      vertex 71 0 12.5
    endloop
  endfacet
  facet normal -0.507171146926075 0.16813768916953695 -0.8452852448767917
    outer loop
      vertex 73.5 0 11
      vertex 71 0 12.5
      vertex 71 1.3393920132778143 12.766421636210497
    endloop
  endfacet
  facet normal 1 0 0
    outer loop
      vertex 73.5 -3.5355339059327378 12.464466094067262
      vertex 73.5 4.619397662556434 14.08658283817455
      vertex 73.5 -4.619397662556434 14.08658283817455
    endloop
  endfacet
  facet normal -0.5071711469260752 0.1681376891695365 -0.8452852448767917
    outer loop
      vertex 73.5 0 11
      vertex 71 1.3393920132778143 12.766421636210497
      vertex 73.5 1.913417161825449 11.380602337443566
    endloop
  endfacet
  facet normal 1 0 0
    outer loop
      vertex 73.5 -1.913417161825449 11.380602337443566
      vertex 73.5 1.913417161825449 11.380602337443566
      vertex 73.5 3.5355339059327378 12.464466094067262
    endloop
  endfacet
  facet normal -0.5071711469260753 0.47881562850449516 -0.7165982288741263
    outer loop
      vertex 73.5 1.913417161825449 11.380602337443566
      vertex 71 1.3393920132778143 12.766421636210497
      vertex 71 2.4748737341529163 13.525126265847083
    endloop
  endfacet
  facet normal 1 0 0
    outer loop
      vertex 73.5 -3.5355339059327378 12.464466094067262
      vertex 73.5 3.5355339059327378 12.464466094067262
      vertex 73.5 4.619397662556434 14.08658283817455
    endloop
  endfacet
  facet normal -0.5071711469260751 0.47881562850449566 -0.716598228874126
    outer loop
      vertex 73.5 1.913417161825449 11.380602337443566
      vertex 71 2.4748737341529163 13.525126265847083
      vertex 73.5 3.5355339059327378 12.464466094067262
    endloop
  endfacet
  facet normal 1 0 0
    outer loop
      vertex 73.5 -4.619397662556434 14.08658283817455
      vertex 73.5 4.619397662556434 14.08658283817455
      vertex 73.5 5 16
    endloop
  endfacet
  facet normal -0.5071711469260752 0.716598228874126 -0.47881562850449544
    outer loop
      vertex 71 2.4748737341529163 13.525126265847083
      vertex 71 3.2335783637895035 14.660607986722185
      vertex 73.5 4.619397662556434 14.08658283817455
    endloop
  endfacet
  facet normal -0.5071711469260751 0.716598228874126 -0.47881562850449577
    outer loop
      vertex 73.5 3.5355339059327378 12.464466094067262
      vertex 71 2.4748737341529163 13.525126265847083
      vertex 73.5 4.619397662556434 14.08658283817455
    endloop
  endfacet
  facet normal -0.5071711469260751 0.8452852448767918 -0.16813768916953645
    outer loop
      vertex 71 3.2335783637895035 14.660607986722185
      vertex 73.5 5 16
      vertex 73.5 4.619397662556434 14.08658283817455
    endloop
  endfacet
  facet normal -0.507171146926075 -0.8452852448767917 -0.16813768916953664
    outer loop
      vertex 71 -3.2335783637895035 14.660607986722185
      vertex 73.5 -5 16
      vertex 71 -3.5 16
    endloop
  endfacet
  facet normal -0.507171146926075 -0.8452852448767917 0.16813768916953692
    outer loop
      vertex 73.5 -5 16
      vertex 71 -3.2335783637895035 17.339392013277813
      vertex 71 -3.5 16
    endloop
  endfacet
  facet normal -0.5071711469260752 -0.8452852448767917 0.16813768916953642
    outer loop
      vertex 73.5 -5 16
      vertex 73.5 -4.619397662556434 17.91341716182545
      vertex 71 -3.2335783637895035 17.339392013277813
    endloop
  endfacet
  facet normal -0.5071711469260755 -0.7165982288741259 0.4788156285044953
    outer loop
      vertex 71 -3.2335783637895035 17.339392013277813
      vertex 73.5 -4.619397662556434 17.91341716182545
      vertex 71 -2.4748737341529163 18.474873734152915
    endloop
  endfacet
  facet normal -0.5071711469260753 -0.7165982288741259 0.4788156285044957
    outer loop
      vertex 71 -2.4748737341529163 18.474873734152915
      vertex 73.5 -4.619397662556434 17.91341716182545
      vertex 73.5 -3.5355339059327378 19.535533905932738
    endloop
  endfacet
  facet normal 1 0 0
    outer loop
      vertex 73.5 -4.619397662556434 14.08658283817455
      vertex 73.5 5 16
      vertex 73.5 -5 16
    endloop
  endfacet
  facet normal 1 0 0
    outer loop
      vertex 73.5 -5 16
      vertex 73.5 4.619397662556434 17.91341716182545
      vertex 73.5 -4.619397662556434 17.91341716182545
    endloop
  endfacet
  facet normal 1 0 0
    outer loop
      vertex 73.5 -4.619397662556434 17.91341716182545
      vertex 73.5 3.5355339059327378 19.535533905932738
      vertex 73.5 -3.5355339059327378 19.535533905932738
    endloop
  endfacet
  facet normal -0.5071711469260755 -0.47881562850449555 0.7165982288741259
    outer loop
      vertex 71 -2.4748737341529163 18.474873734152915
      vertex 73.5 -3.5355339059327378 19.535533905932738
      vertex 73.5 -1.913417161825449 20.619397662556434
    endloop
  endfacet
  facet normal -0.5071711469260747 -0.4788156285044968 0.7165982288741255
    outer loop
      vertex 71 -2.4748737341529163 18.474873734152915
      vertex 73.5 -1.913417161825449 20.619397662556434
      vertex 71 -1.3393920132778143 19.233578363789505
    endloop
  endfacet
  facet normal -0.5071711469260748 -0.16813768916953656 0.845285244876792
    outer loop
      vertex 71 -1.3393920132778143 19.233578363789505
      vertex 73.5 -1.913417161825449 20.619397662556434
      vertex 73.5 0 21
    endloop
  endfacet
  facet normal 1 0 0
    outer loop
      vertex 73.5 -3.5355339059327378 19.535533905932738
      vertex 73.5 1.913417161825449 20.619397662556434
      vertex 73.5 -1.913417161825449 20.619397662556434
    endloop
  endfacet
  facet normal -0.5071711469260751 -0.16813768916953586 0.8452852448767919
    outer loop
      vertex 71 -1.3393920132778143 19.233578363789505
      vertex 73.5 0 21
      vertex 71 0 19.5
    endloop
  endfacet
  facet normal -0.5071711469260751 0.16813768916953586 0.8452852448767919
    outer loop
      vertex 71 0 19.5
      vertex 73.5 0 21
      vertex 71 1.3393920132778143 19.233578363789505
    endloop
  endfacet
  facet normal 1 0 0
    outer loop
      vertex 73.5 -3.5355339059327378 19.535533905932738
      vertex 73.5 3.5355339059327378 19.535533905932738
      vertex 73.5 1.913417161825449 20.619397662556434
    endloop
  endfacet
  facet normal 1 0 0
    outer loop
      vertex 73.5 -1.913417161825449 20.619397662556434
      vertex 73.5 1.913417161825449 20.619397662556434
      vertex 73.5 0 21
    endloop
  endfacet
  facet normal 1 0 0
    outer loop
      vertex 73.5 -5 16
      vertex 73.5 5 16
      vertex 73.5 4.619397662556434 17.91341716182545
    endloop
  endfacet
  facet normal 1 0 0
    outer loop
      vertex 73.5 -4.619397662556434 17.91341716182545
      vertex 73.5 4.619397662556434 17.91341716182545
      vertex 73.5 3.5355339059327378 19.535533905932738
    endloop
  endfacet
  facet normal -0.5071711469260755 0.7165982288741259 0.4788156285044953
    outer loop
      vertex 71 3.2335783637895035 17.339392013277813
      vertex 71 2.4748737341529163 18.474873734152915
      vertex 73.5 4.619397662556434 17.91341716182545
    endloop
  endfacet
  facet normal -0.5071711469260753 0.7165982288741259 0.4788156285044957
    outer loop
      vertex 71 2.4748737341529163 18.474873734152915
      vertex 73.5 3.5355339059327378 19.535533905932738
      vertex 73.5 4.619397662556434 17.91341716182545
    endloop
  endfacet
  facet normal -0.507171146926075 0.8452852448767917 -0.16813768916953664
    outer loop
      vertex 71 3.2335783637895035 14.660607986722185
      vertex 71 3.5 16
      vertex 73.5 5 16
    endloop
  endfacet
  facet normal -0.507171146926075 0.8452852448767917 0.16813768916953686
    outer loop
      vertex 71 3.5 16
      vertex 71 3.2335783637895035 17.339392013277813
      vertex 73.5 5 16
    endloop
  endfacet
  facet normal -0.5071711469260752 0.8452852448767917 0.16813768916953642
    outer loop
      vertex 71 3.2335783637895035 17.339392013277813
      vertex 73.5 4.619397662556434 17.91341716182545
      vertex 73.5 5 16
    endloop
  endfacet
  facet normal -0.5071711469260747 0.4788156285044968 0.7165982288741255
    outer loop
      vertex 71 2.4748737341529163 18.474873734152915
      vertex 71 1.3393920132778143 19.233578363789505
      vertex 73.5 1.913417161825449 20.619397662556434
    endloop
  endfacet
  facet normal -0.5071711469260748 0.16813768916953656 0.845285244876792
    outer loop
      vertex 73.5 0 21
      vertex 73.5 1.913417161825449 20.619397662556434
      vertex 71 1.3393920132778143 19.233578363789505
    endloop
  endfacet
  facet normal -0.5071711469260755 0.47881562850449555 0.7165982288741259
    outer loop
      vertex 71 2.4748737341529163 18.474873734152915
      vertex 73.5 1.913417161825449 20.619397662556434
      vertex 73.5 3.5355339059327378 19.535533905932738
    endloop
  endfacet
  facet normal 0 -0.5555702330196017 -0.8314696123025456
    outer loop
      vertex -71 -2.4748737341529163 13.525126265847083
      vertex -71 -1.3393920132778143 12.766421636210497
      vertex -67.5 -2.4748737341529163 13.525126265847083
    endloop
  endfacet
  facet normal 0 -0.8314696123025453 -0.5555702330196021
    outer loop
      vertex -71 -2.4748737341529163 13.525126265847083
      vertex -67.5 -3.2335783637895035 14.660607986722185
      vertex -71 -3.2335783637895035 14.660607986722185
    endloop
  endfacet
  facet normal 0 -0.1950903220161287 -0.9807852804032303
    outer loop
      vertex -71 -1.3393920132778143 12.766421636210497
      vertex -71 0 12.5
      vertex -67.5 -1.3393920132778143 12.766421636210497
    endloop
  endfacet
  facet normal 0 0.1950903220161287 -0.9807852804032303
    outer loop
      vertex -71 0 12.5
      vertex -71 1.3393920132778143 12.766421636210497
      vertex -67.5 0 12.5
    endloop
  endfacet
  facet normal 0 -0.8314696123025453 -0.5555702330196021
    outer loop
      vertex -71 -2.4748737341529163 13.525126265847083
      vertex -67.5 -2.4748737341529163 13.525126265847083
      vertex -67.5 -3.2335783637895035 14.660607986722185
    endloop
  endfacet
  facet normal 0 -0.9807852804032303 -0.19509032201612833
    outer loop
      vertex -71 -3.2335783637895035 14.660607986722185
      vertex -67.5 -3.2335783637895035 14.660607986722185
      vertex -67.5 -3.5 16
    endloop
  endfacet
  facet normal 0 -0.5555702330196017 -0.8314696123025456
    outer loop
      vertex -71 -1.3393920132778143 12.766421636210497
      vertex -67.5 -1.3393920132778143 12.766421636210497
      vertex -67.5 -2.4748737341529163 13.525126265847083
    endloop
  endfacet
  facet normal 0 -0.1950903220161287 -0.9807852804032303
    outer loop
      vertex -71 0 12.5
      vertex -67.5 0 12.5
      vertex -67.5 -1.3393920132778143 12.766421636210497
    endloop
  endfacet
  facet normal 0 -0.5555702330196017 -0.8314696123025456
    outer loop
      vertex -65 -2.4748737341529163 13.525126265847083
      vertex -65 -1.3393920132778143 12.766421636210497
      vertex -61.5 -2.4748737341529163 13.525126265847083
    endloop
  endfacet
  facet normal 0 -0.8314696123025453 -0.5555702330196021
    outer loop
      vertex -65 -2.4748737341529163 13.525126265847083
      vertex -61.5 -2.4748737341529163 13.525126265847083
      vertex -61.5 -3.2335783637895035 14.660607986722185
    endloop
  endfacet
  facet normal 0 -0.8314696123025453 -0.5555702330196021
    outer loop
      vertex -65 -2.4748737341529163 13.525126265847083
      vertex -61.5 -3.2335783637895035 14.660607986722185
      vertex -65 -3.2335783637895035 14.660607986722185
    endloop
  endfacet
  facet normal 0 -0.9807852804032303 -0.19509032201612833
    outer loop
      vertex -65 -3.2335783637895035 14.660607986722185
      vertex -61.5 -3.2335783637895035 14.660607986722185
      vertex -61.5 -3.5 16
    endloop
  endfacet
  facet normal 0 -0.1950903220161287 -0.9807852804032303
    outer loop
      vertex -65 -1.3393920132778143 12.766421636210497
      vertex -65 0 12.5
      vertex -61.5 -1.3393920132778143 12.766421636210497
    endloop
  endfacet
  facet normal 0 -0.5555702330196017 -0.8314696123025456
    outer loop
      vertex -65 -1.3393920132778143 12.766421636210497
      vertex -61.5 -1.3393920132778143 12.766421636210497
      vertex -61.5 -2.4748737341529163 13.525126265847083
    endloop
  endfacet
  facet normal 0 0.1950903220161287 -0.9807852804032303
    outer loop
      vertex -65 0 12.5
      vertex -65 1.3393920132778143 12.766421636210497
      vertex -61.5 0 12.5
    endloop
  endfacet
  facet normal 0 -0.1950903220161287 -0.9807852804032303
    outer loop
      vertex -65 0 12.5
      vertex -61.5 0 12.5
      vertex -61.5 -1.3393920132778143 12.766421636210497
    endloop
  endfacet
  facet normal 0 -0.5555702330196017 -0.8314696123025456
    outer loop
      vertex -59 -2.4748737341529163 13.525126265847083
      vertex -59 -1.3393920132778143 12.766421636210497
      vertex -55 -2.4748737341529163 13.525126265847083
    endloop
  endfacet
  facet normal 0 -0.8314696123025452 -0.5555702330196021
    outer loop
      vertex -59 -2.4748737341529163 13.525126265847083
      vertex -55 -3.2335783637895035 14.660607986722185
      vertex -59 -3.2335783637895035 14.660607986722185
    endloop
  endfacet
  facet normal 0 -0.8314696123025452 -0.5555702330196021
    outer loop
      vertex -59 -2.4748737341529163 13.525126265847083
      vertex -55 -2.4748737341529163 13.525126265847083
      vertex -55 -3.2335783637895035 14.660607986722185
    endloop
  endfacet
  facet normal 0 -0.9807852804032304 -0.19509032201612833
    outer loop
      vertex -59 -3.2335783637895035 14.660607986722185
      vertex -55 -3.2335783637895035 14.660607986722185
      vertex -55 -3.5 16
    endloop
  endfacet
  facet normal 0 -0.19509032201612866 -0.9807852804032303
    outer loop
      vertex -59 -1.3393920132778143 12.766421636210497
      vertex -59 0 12.5
      vertex -55 -1.3393920132778143 12.766421636210497
    endloop
  endfacet
  facet normal 0 0.19509032201612866 -0.9807852804032303
    outer loop
      vertex -59 0 12.5
      vertex -59 1.3393920132778143 12.766421636210497
      vertex -55 0 12.5
    endloop
  endfacet
  facet normal 0 -0.5555702330196017 -0.8314696123025456
    outer loop
      vertex -59 -1.3393920132778143 12.766421636210497
      vertex -55 -1.3393920132778143 12.766421636210497
      vertex -55 -2.4748737341529163 13.525126265847083
    endloop
  endfacet
  facet normal 0 -0.19509032201612866 -0.9807852804032303
    outer loop
      vertex -59 0 12.5
      vertex -55 0 12.5
      vertex -55 -1.3393920132778143 12.766421636210497
    endloop
  endfacet
  facet normal 0 0.5555702330196017 -0.8314696123025456
    outer loop
      vertex -71 1.3393920132778143 12.766421636210497
      vertex -71 2.4748737341529163 13.525126265847083
      vertex -67.5 1.3393920132778143 12.766421636210497
    endloop
  endfacet
  facet normal 0 0.8314696123025453 -0.5555702330196021
    outer loop
      vertex -71 2.4748737341529163 13.525126265847083
      vertex -71 3.2335783637895035 14.660607986722185
      vertex -67.5 2.4748737341529163 13.525126265847083
    endloop
  endfacet
  facet normal 0 0.9807852804032303 -0.19509032201612833
    outer loop
      vertex -71 3.2335783637895035 14.660607986722185
      vertex -71 3.5 16
      vertex -67.5 3.2335783637895035 14.660607986722185
    endloop
  endfacet
  facet normal 0 0.1950903220161287 -0.9807852804032303
    outer loop
      vertex -67.5 0 12.5
      vertex -71 1.3393920132778143 12.766421636210497
      vertex -67.5 1.3393920132778143 12.766421636210497
    endloop
  endfacet
  facet normal 0 0.5555702330196017 -0.8314696123025456
    outer loop
      vertex -71 2.4748737341529163 13.525126265847083
      vertex -67.5 2.4748737341529163 13.525126265847083
      vertex -67.5 1.3393920132778143 12.766421636210497
    endloop
  endfacet
  facet normal 0 0.8314696123025453 -0.5555702330196021
    outer loop
      vertex -71 3.2335783637895035 14.660607986722185
      vertex -67.5 3.2335783637895035 14.660607986722185
      vertex -67.5 2.4748737341529163 13.525126265847083
    endloop
  endfacet
  facet normal 0 0.5555702330196017 -0.8314696123025456
    outer loop
      vertex -65 1.3393920132778143 12.766421636210497
      vertex -65 2.4748737341529163 13.525126265847083
      vertex -61.5 1.3393920132778143 12.766421636210497
    endloop
  endfacet
  facet normal 0 0.1950903220161287 -0.9807852804032303
    outer loop
      vertex -61.5 0 12.5
      vertex -65 1.3393920132778143 12.766421636210497
      vertex -61.5 1.3393920132778143 12.766421636210497
    endloop
  endfacet
  facet normal 0 0.5555702330196017 -0.8314696123025456
    outer loop
      vertex -65 2.4748737341529163 13.525126265847083
      vertex -61.5 2.4748737341529163 13.525126265847083
      vertex -61.5 1.3393920132778143 12.766421636210497
    endloop
  endfacet
  facet normal 0 0.8314696123025453 -0.5555702330196021
    outer loop
      vertex -65 2.4748737341529163 13.525126265847083
      vertex -65 3.2335783637895035 14.660607986722185
      vertex -61.5 2.4748737341529163 13.525126265847083
    endloop
  endfacet
  facet normal 0 0.9807852804032303 -0.19509032201612833
    outer loop
      vertex -65 3.2335783637895035 14.660607986722185
      vertex -65 3.5 16
      vertex -61.5 3.2335783637895035 14.660607986722185
    endloop
  endfacet
  facet normal 0 0.8314696123025453 -0.5555702330196021
    outer loop
      vertex -65 3.2335783637895035 14.660607986722185
      vertex -61.5 3.2335783637895035 14.660607986722185
      vertex -61.5 2.4748737341529163 13.525126265847083
    endloop
  endfacet
  facet normal 0 0.5555702330196017 -0.8314696123025456
    outer loop
      vertex -59 1.3393920132778143 12.766421636210497
      vertex -59 2.4748737341529163 13.525126265847083
      vertex -55 1.3393920132778143 12.766421636210497
    endloop
  endfacet
  facet normal 0 0.19509032201612866 -0.9807852804032303
    outer loop
      vertex -59 1.3393920132778143 12.766421636210497
      vertex -55 1.3393920132778143 12.766421636210497
      vertex -55 0 12.5
    endloop
  endfacet
  facet normal 0 0.5555702330196017 -0.8314696123025456
    outer loop
      vertex -59 2.4748737341529163 13.525126265847083
      vertex -55 2.4748737341529163 13.525126265847083
      vertex -55 1.3393920132778143 12.766421636210497
    endloop
  endfacet
  facet normal 0 0.8314696123025452 -0.5555702330196021
    outer loop
      vertex -59 2.4748737341529163 13.525126265847083
      vertex -59 3.2335783637895035 14.660607986722185
      vertex -55 2.4748737341529163 13.525126265847083
    endloop
  endfacet
  facet normal 0 0.9807852804032304 -0.19509032201612833
    outer loop
      vertex -59 3.2335783637895035 14.660607986722185
      vertex -59 3.5 16
      vertex -55 3.2335783637895035 14.660607986722185
    endloop
  endfacet
  facet normal 0 0.8314696123025452 -0.5555702330196021
    outer loop
      vertex -59 3.2335783637895035 14.660607986722185
      vertex -55 3.2335783637895035 14.660607986722185
      vertex -55 2.4748737341529163 13.525126265847083
    endloop
  endfacet
  facet normal 0 -0.9807852804032303 -0.19509032201612833
    outer loop
      vertex -71 -3.2335783637895035 14.660607986722185
      vertex -67.5 -3.5 16
      vertex -71 -3.5 16
    endloop
  endfacet
  facet normal 0 -0.9807852804032303 0.19509032201612858
    outer loop
      vertex -71 -3.5 16
      vertex -67.5 -3.2335783637895035 17.339392013277813
      vertex -71 -3.2335783637895035 17.339392013277813
    endloop
  endfacet
  facet normal 0 -0.8314696123025453 0.5555702330196021
    outer loop
      vertex -71 -3.2335783637895035 17.339392013277813
      vertex -67.5 -2.4748737341529163 18.474873734152915
      vertex -71 -2.4748737341529163 18.474873734152915
    endloop
  endfacet
  facet normal 0 -0.5555702330196035 0.8314696123025443
    outer loop
      vertex -71 -2.4748737341529163 18.474873734152915
      vertex -67.5 -1.3393920132778143 19.233578363789505
      vertex -71 -1.3393920132778143 19.233578363789505
    endloop
  endfacet
  facet normal 0 -0.9807852804032303 0.19509032201612858
    outer loop
      vertex -71 -3.5 16
      vertex -67.5 -3.5 16
      vertex -67.5 -3.2335783637895035 17.339392013277813
    endloop
  endfacet
  facet normal 0 -0.8314696123025453 0.5555702330196021
    outer loop
      vertex -71 -3.2335783637895035 17.339392013277813
      vertex -67.5 -3.2335783637895035 17.339392013277813
      vertex -67.5 -2.4748737341529163 18.474873734152915
    endloop
  endfacet
  facet normal 0 -0.5555702330196035 0.8314696123025443
    outer loop
      vertex -71 -2.4748737341529163 18.474873734152915
      vertex -67.5 -2.4748737341529163 18.474873734152915
      vertex -67.5 -1.3393920132778143 19.233578363789505
    endloop
  endfacet
  facet normal 0 -0.19509032201612747 0.9807852804032308
    outer loop
      vertex -71 -1.3393920132778143 19.233578363789505
      vertex -67.5 0 19.5
      vertex -71 0 19.5
    endloop
  endfacet
  facet normal 0 -0.19509032201612747 0.9807852804032308
    outer loop
      vertex -71 -1.3393920132778143 19.233578363789505
      vertex -67.5 -1.3393920132778143 19.233578363789505
      vertex -67.5 0 19.5
    endloop
  endfacet
  facet normal 0 0.19509032201612747 0.9807852804032308
    outer loop
      vertex -71 0 19.5
      vertex -67.5 0 19.5
      vertex -67.5 1.3393920132778143 19.233578363789505
    endloop
  endfacet
  facet normal 0 -0.9807852804032303 -0.19509032201612833
    outer loop
      vertex -65 -3.2335783637895035 14.660607986722185
      vertex -61.5 -3.5 16
      vertex -65 -3.5 16
    endloop
  endfacet
  facet normal 0 -0.9807852804032303 0.19509032201612858
    outer loop
      vertex -65 -3.5 16
      vertex -61.5 -3.5 16
      vertex -61.5 -3.2335783637895035 17.339392013277813
    endloop
  endfacet
  facet normal 0 -0.9807852804032303 0.19509032201612858
    outer loop
      vertex -65 -3.5 16
      vertex -61.5 -3.2335783637895035 17.339392013277813
      vertex -65 -3.2335783637895035 17.339392013277813
    endloop
  endfacet
  facet normal 0 -0.8314696123025453 0.5555702330196021
    outer loop
      vertex -65 -3.2335783637895035 17.339392013277813
      vertex -61.5 -3.2335783637895035 17.339392013277813
      vertex -61.5 -2.4748737341529163 18.474873734152915
    endloop
  endfacet
  facet normal 0 -0.8314696123025453 0.5555702330196021
    outer loop
      vertex -65 -3.2335783637895035 17.339392013277813
      vertex -61.5 -2.4748737341529163 18.474873734152915
      vertex -65 -2.4748737341529163 18.474873734152915
    endloop
  endfacet
  facet normal 0 -0.5555702330196035 0.8314696123025443
    outer loop
      vertex -65 -2.4748737341529163 18.474873734152915
      vertex -61.5 -2.4748737341529163 18.474873734152915
      vertex -61.5 -1.3393920132778143 19.233578363789505
    endloop
  endfacet
  facet normal 0 -0.5555702330196035 0.8314696123025443
    outer loop
      vertex -65 -2.4748737341529163 18.474873734152915
      vertex -61.5 -1.3393920132778143 19.233578363789505
      vertex -65 -1.3393920132778143 19.233578363789505
    endloop
  endfacet
  facet normal 0 -0.9807852804032304 -0.19509032201612833
    outer loop
      vertex -59 -3.2335783637895035 14.660607986722185
      vertex -55 -3.5 16
      vertex -59 -3.5 16
    endloop
  endfacet
  facet normal 0 -0.9807852804032304 0.1950903220161286
    outer loop
      vertex -59 -3.5 16
      vertex -55 -3.2335783637895035 17.339392013277813
      vertex -59 -3.2335783637895035 17.339392013277813
    endloop
  endfacet
  facet normal 0 -0.9807852804032304 0.1950903220161286
    outer loop
      vertex -59 -3.5 16
      vertex -55 -3.5 16
      vertex -55 -3.2335783637895035 17.339392013277813
    endloop
  endfacet
  facet normal 0 -0.8314696123025452 0.5555702330196021
    outer loop
      vertex -59 -3.2335783637895035 17.339392013277813
      vertex -55 -2.4748737341529163 18.474873734152915
      vertex -59 -2.4748737341529163 18.474873734152915
    endloop
  endfacet
  facet normal 0 -0.8314696123025452 0.5555702330196021
    outer loop
      vertex -59 -3.2335783637895035 17.339392013277813
      vertex -55 -3.2335783637895035 17.339392013277813
      vertex -55 -2.4748737341529163 18.474873734152915
    endloop
  endfacet
  facet normal 0 -0.5555702330196035 0.8314696123025443
    outer loop
      vertex -59 -2.4748737341529163 18.474873734152915
      vertex -55 -2.4748737341529163 18.474873734152915
      vertex -55 -1.3393920132778143 19.233578363789505
    endloop
  endfacet
  facet normal 0 -0.5555702330196035 0.8314696123025443
    outer loop
      vertex -59 -2.4748737341529163 18.474873734152915
      vertex -55 -1.3393920132778143 19.233578363789505
      vertex -59 -1.3393920132778143 19.233578363789505
    endloop
  endfacet
  facet normal 0 -0.19509032201612747 0.9807852804032308
    outer loop
      vertex -65 -1.3393920132778143 19.233578363789505
      vertex -61.5 -1.3393920132778143 19.233578363789505
      vertex -61.5 0 19.5
    endloop
  endfacet
  facet normal 0 -0.19509032201612747 0.9807852804032308
    outer loop
      vertex -65 -1.3393920132778143 19.233578363789505
      vertex -61.5 0 19.5
      vertex -65 0 19.5
    endloop
  endfacet
  facet normal 0 0.19509032201612747 0.9807852804032308
    outer loop
      vertex -65 0 19.5
      vertex -61.5 0 19.5
      vertex -61.5 1.3393920132778143 19.233578363789505
    endloop
  endfacet
  facet normal 0 -0.19509032201612744 0.9807852804032305
    outer loop
      vertex -59 -1.3393920132778143 19.233578363789505
      vertex -55 0 19.5
      vertex -59 0 19.5
    endloop
  endfacet
  facet normal 0 -0.19509032201612744 0.9807852804032305
    outer loop
      vertex -59 -1.3393920132778143 19.233578363789505
      vertex -55 -1.3393920132778143 19.233578363789505
      vertex -55 0 19.5
    endloop
  endfacet
  facet normal 0 0.19509032201612744 0.9807852804032305
    outer loop
      vertex -59 0 19.5
      vertex -55 0 19.5
      vertex -55 1.3393920132778143 19.233578363789505
    endloop
  endfacet
  facet normal 0 0.9807852804032303 0.19509032201612858
    outer loop
      vertex -71 3.5 16
      vertex -71 3.2335783637895035 17.339392013277813
      vertex -67.5 3.5 16
    endloop
  endfacet
  facet normal 0 0.5555702330196035 0.8314696123025443
    outer loop
      vertex -71 2.4748737341529163 18.474873734152915
      vertex -71 1.3393920132778143 19.233578363789505
      vertex -67.5 2.4748737341529163 18.474873734152915
    endloop
  endfacet
  facet normal 0 0.8314696123025453 0.5555702330196021
    outer loop
      vertex -71 3.2335783637895035 17.339392013277813
      vertex -71 2.4748737341529163 18.474873734152915
      vertex -67.5 3.2335783637895035 17.339392013277813
    endloop
  endfacet
  facet normal 0 0.9807852804032303 -0.19509032201612833
    outer loop
      vertex -67.5 3.2335783637895035 14.660607986722185
      vertex -71 3.5 16
      vertex -67.5 3.5 16
    endloop
  endfacet
  facet normal 0 0.9807852804032303 0.19509032201612858
    outer loop
      vertex -71 3.2335783637895035 17.339392013277813
      vertex -67.5 3.2335783637895035 17.339392013277813
      vertex -67.5 3.5 16
    endloop
  endfacet
  facet normal 0 0.5555702330196035 0.8314696123025443
    outer loop
      vertex -67.5 2.4748737341529163 18.474873734152915
      vertex -71 1.3393920132778143 19.233578363789505
      vertex -67.5 1.3393920132778143 19.233578363789505
    endloop
  endfacet
  facet normal 0 0.8314696123025453 0.5555702330196021
    outer loop
      vertex -71 2.4748737341529163 18.474873734152915
      vertex -67.5 2.4748737341529163 18.474873734152915
      vertex -67.5 3.2335783637895035 17.339392013277813
    endloop
  endfacet
  facet normal 0 0.19509032201612747 0.9807852804032308
    outer loop
      vertex -71 0 19.5
      vertex -67.5 1.3393920132778143 19.233578363789505
      vertex -71 1.3393920132778143 19.233578363789505
    endloop
  endfacet
  facet normal 0 0.9807852804032303 -0.19509032201612833
    outer loop
      vertex -61.5 3.2335783637895035 14.660607986722185
      vertex -65 3.5 16
      vertex -61.5 3.5 16
    endloop
  endfacet
  facet normal 0 0.9807852804032303 0.19509032201612858
    outer loop
      vertex -65 3.5 16
      vertex -65 3.2335783637895035 17.339392013277813
      vertex -61.5 3.5 16
    endloop
  endfacet
  facet normal 0 0.9807852804032303 0.19509032201612858
    outer loop
      vertex -65 3.2335783637895035 17.339392013277813
      vertex -61.5 3.2335783637895035 17.339392013277813
      vertex -61.5 3.5 16
    endloop
  endfacet
  facet normal 0 0.5555702330196035 0.8314696123025443
    outer loop
      vertex -65 2.4748737341529163 18.474873734152915
      vertex -65 1.3393920132778143 19.233578363789505
      vertex -61.5 2.4748737341529163 18.474873734152915
    endloop
  endfacet
  facet normal 0 0.5555702330196035 0.8314696123025443
    outer loop
      vertex -65 1.3393920132778143 19.233578363789505
      vertex -61.5 1.3393920132778143 19.233578363789505
      vertex -61.5 2.4748737341529163 18.474873734152915
    endloop
  endfacet
  facet normal 0 0.8314696123025453 0.5555702330196021
    outer loop
      vertex -65 3.2335783637895035 17.339392013277813
      vertex -65 2.4748737341529163 18.474873734152915
      vertex -61.5 3.2335783637895035 17.339392013277813
    endloop
  endfacet
  facet normal 0 0.8314696123025453 0.5555702330196021
    outer loop
      vertex -65 2.4748737341529163 18.474873734152915
      vertex -61.5 2.4748737341529163 18.474873734152915
      vertex -61.5 3.2335783637895035 17.339392013277813
    endloop
  endfacet
  facet normal 0 0.9807852804032304 0.1950903220161286
    outer loop
      vertex -59 3.5 16
      vertex -59 3.2335783637895035 17.339392013277813
      vertex -55 3.5 16
    endloop
  endfacet
  facet normal 0 0.9807852804032304 -0.19509032201612833
    outer loop
      vertex -55 3.2335783637895035 14.660607986722185
      vertex -59 3.5 16
      vertex -55 3.5 16
    endloop
  endfacet
  facet normal 0 0.9807852804032304 0.1950903220161286
    outer loop
      vertex -59 3.2335783637895035 17.339392013277813
      vertex -55 3.2335783637895035 17.339392013277813
      vertex -55 3.5 16
    endloop
  endfacet
  facet normal 0 0.5555702330196035 0.8314696123025443
    outer loop
      vertex -59 2.4748737341529163 18.474873734152915
      vertex -59 1.3393920132778143 19.233578363789505
      vertex -55 2.4748737341529163 18.474873734152915
    endloop
  endfacet
  facet normal 0 0.8314696123025452 0.5555702330196021
    outer loop
      vertex -59 3.2335783637895035 17.339392013277813
      vertex -59 2.4748737341529163 18.474873734152915
      vertex -55 3.2335783637895035 17.339392013277813
    endloop
  endfacet
  facet normal 0 0.5555702330196035 0.8314696123025443
    outer loop
      vertex -59 1.3393920132778143 19.233578363789505
      vertex -55 1.3393920132778143 19.233578363789505
      vertex -55 2.4748737341529163 18.474873734152915
    endloop
  endfacet
  facet normal 0 0.8314696123025452 0.5555702330196021
    outer loop
      vertex -59 2.4748737341529163 18.474873734152915
      vertex -55 2.4748737341529163 18.474873734152915
      vertex -55 3.2335783637895035 17.339392013277813
    endloop
  endfacet
  facet normal 0 0.19509032201612747 0.9807852804032308
    outer loop
      vertex -65 0 19.5
      vertex -61.5 1.3393920132778143 19.233578363789505
      vertex -65 1.3393920132778143 19.233578363789505
    endloop
  endfacet
  facet normal 0 0.19509032201612744 0.9807852804032305
    outer loop
      vertex -59 0 19.5
      vertex -55 1.3393920132778143 19.233578363789505
      vertex -59 1.3393920132778143 19.233578363789505
    endloop
  endfacet
  facet normal 0 -0.5555702330196017 -0.8314696123025456
    outer loop
      vertex 55 -2.4748737341529163 13.525126265847083
      vertex 55 -1.3393920132778143 12.766421636210497
      vertex 59 -2.4748737341529163 13.525126265847083
    endloop
  endfacet
  facet normal 0 -0.8314696123025452 -0.5555702330196021
    outer loop
      vertex 55 -2.4748737341529163 13.525126265847083
      vertex 59 -3.2335783637895035 14.660607986722185
      vertex 55 -3.2335783637895035 14.660607986722185
    endloop
  endfacet
  facet normal 0 -0.8314696123025452 -0.5555702330196021
    outer loop
      vertex 55 -2.4748737341529163 13.525126265847083
      vertex 59 -2.4748737341529163 13.525126265847083
      vertex 59 -3.2335783637895035 14.660607986722185
    endloop
  endfacet
  facet normal 0 -0.9807852804032304 -0.19509032201612833
    outer loop
      vertex 55 -3.2335783637895035 14.660607986722185
      vertex 59 -3.2335783637895035 14.660607986722185
      vertex 59 -3.5 16
    endloop
  endfacet
  facet normal 0 -0.19509032201612866 -0.9807852804032303
    outer loop
      vertex 55 -1.3393920132778143 12.766421636210497
      vertex 55 0 12.5
      vertex 59 -1.3393920132778143 12.766421636210497
    endloop
  endfacet
  facet normal 0 0.19509032201612866 -0.9807852804032303
    outer loop
      vertex 55 0 12.5
      vertex 55 1.3393920132778143 12.766421636210497
      vertex 59 0 12.5
    endloop
  endfacet
  facet normal 0 -0.5555702330196017 -0.8314696123025456
    outer loop
      vertex 55 -1.3393920132778143 12.766421636210497
      vertex 59 -1.3393920132778143 12.766421636210497
      vertex 59 -2.4748737341529163 13.525126265847083
    endloop
  endfacet
  facet normal 0 -0.19509032201612866 -0.9807852804032303
    outer loop
      vertex 55 0 12.5
      vertex 59 0 12.5
      vertex 59 -1.3393920132778143 12.766421636210497
    endloop
  endfacet
  facet normal 0 -0.5555702330196017 -0.8314696123025456
    outer loop
      vertex 61.5 -2.4748737341529163 13.525126265847083
      vertex 61.5 -1.3393920132778143 12.766421636210497
      vertex 65 -2.4748737341529163 13.525126265847083
    endloop
  endfacet
  facet normal 0 -0.8314696123025453 -0.5555702330196021
    outer loop
      vertex 61.5 -2.4748737341529163 13.525126265847083
      vertex 65 -2.4748737341529163 13.525126265847083
      vertex 65 -3.2335783637895035 14.660607986722185
    endloop
  endfacet
  facet normal 0 -0.8314696123025453 -0.5555702330196021
    outer loop
      vertex 61.5 -2.4748737341529163 13.525126265847083
      vertex 65 -3.2335783637895035 14.660607986722185
      vertex 61.5 -3.2335783637895035 14.660607986722185
    endloop
  endfacet
  facet normal 0 -0.9807852804032303 -0.19509032201612833
    outer loop
      vertex 61.5 -3.2335783637895035 14.660607986722185
      vertex 65 -3.2335783637895035 14.660607986722185
      vertex 65 -3.5 16
    endloop
  endfacet
  facet normal 0 -0.1950903220161287 -0.9807852804032303
    outer loop
      vertex 61.5 -1.3393920132778143 12.766421636210497
      vertex 61.5 0 12.5
      vertex 65 -1.3393920132778143 12.766421636210497
    endloop
  endfacet
  facet normal 0 -0.5555702330196017 -0.8314696123025456
    outer loop
      vertex 61.5 -1.3393920132778143 12.766421636210497
      vertex 65 -1.3393920132778143 12.766421636210497
      vertex 65 -2.4748737341529163 13.525126265847083
    endloop
  endfacet
  facet normal 0 0.1950903220161287 -0.9807852804032303
    outer loop
      vertex 61.5 0 12.5
      vertex 61.5 1.3393920132778143 12.766421636210497
      vertex 65 0 12.5
    endloop
  endfacet
  facet normal 0 -0.1950903220161287 -0.9807852804032303
    outer loop
      vertex 61.5 0 12.5
      vertex 65 0 12.5
      vertex 65 -1.3393920132778143 12.766421636210497
    endloop
  endfacet
  facet normal 0 -0.5555702330196017 -0.8314696123025456
    outer loop
      vertex 67.5 -2.4748737341529163 13.525126265847083
      vertex 67.5 -1.3393920132778143 12.766421636210497
      vertex 71 -2.4748737341529163 13.525126265847083
    endloop
  endfacet
  facet normal 0 -0.8314696123025453 -0.5555702330196021
    outer loop
      vertex 67.5 -2.4748737341529163 13.525126265847083
      vertex 71 -3.2335783637895035 14.660607986722185
      vertex 67.5 -3.2335783637895035 14.660607986722185
    endloop
  endfacet
  facet normal 0 -0.1950903220161287 -0.9807852804032303
    outer loop
      vertex 67.5 -1.3393920132778143 12.766421636210497
      vertex 67.5 0 12.5
      vertex 71 -1.3393920132778143 12.766421636210497
    endloop
  endfacet
  facet normal 0 0.1950903220161287 -0.9807852804032303
    outer loop
      vertex 67.5 0 12.5
      vertex 67.5 1.3393920132778143 12.766421636210497
      vertex 71 0 12.5
    endloop
  endfacet
  facet normal 0 -0.8314696123025453 -0.5555702330196021
    outer loop
      vertex 67.5 -2.4748737341529163 13.525126265847083
      vertex 71 -2.4748737341529163 13.525126265847083
      vertex 71 -3.2335783637895035 14.660607986722185
    endloop
  endfacet
  facet normal 0 -0.9807852804032303 -0.19509032201612833
    outer loop
      vertex 67.5 -3.2335783637895035 14.660607986722185
      vertex 71 -3.2335783637895035 14.660607986722185
      vertex 71 -3.5 16
    endloop
  endfacet
  facet normal 0 -0.5555702330196017 -0.8314696123025456
    outer loop
      vertex 67.5 -1.3393920132778143 12.766421636210497
      vertex 71 -1.3393920132778143 12.766421636210497
      vertex 71 -2.4748737341529163 13.525126265847083
    endloop
  endfacet
  facet normal 0 -0.1950903220161287 -0.9807852804032303
    outer loop
      vertex 67.5 0 12.5
      vertex 71 0 12.5
      vertex 71 -1.3393920132778143 12.766421636210497
    endloop
  endfacet
  facet normal 0 0.5555702330196017 -0.8314696123025456
    outer loop
      vertex 55 1.3393920132778143 12.766421636210497
      vertex 55 2.4748737341529163 13.525126265847083
      vertex 59 1.3393920132778143 12.766421636210497
    endloop
  endfacet
  facet normal 0 0.19509032201612866 -0.9807852804032303
    outer loop
      vertex 55 1.3393920132778143 12.766421636210497
      vertex 59 1.3393920132778143 12.766421636210497
      vertex 59 0 12.5
    endloop
  endfacet
  facet normal 0 0.5555702330196017 -0.8314696123025456
    outer loop
      vertex 55 2.4748737341529163 13.525126265847083
      vertex 59 2.4748737341529163 13.525126265847083
      vertex 59 1.3393920132778143 12.766421636210497
    endloop
  endfacet
  facet normal 0 0.8314696123025452 -0.5555702330196021
    outer loop
      vertex 55 2.4748737341529163 13.525126265847083
      vertex 55 3.2335783637895035 14.660607986722185
      vertex 59 2.4748737341529163 13.525126265847083
    endloop
  endfacet
  facet normal 0 0.9807852804032304 -0.19509032201612833
    outer loop
      vertex 55 3.2335783637895035 14.660607986722185
      vertex 55 3.5 16
      vertex 59 3.2335783637895035 14.660607986722185
    endloop
  endfacet
  facet normal 0 0.8314696123025452 -0.5555702330196021
    outer loop
      vertex 55 3.2335783637895035 14.660607986722185
      vertex 59 3.2335783637895035 14.660607986722185
      vertex 59 2.4748737341529163 13.525126265847083
    endloop
  endfacet
  facet normal 0 0.5555702330196017 -0.8314696123025456
    outer loop
      vertex 61.5 1.3393920132778143 12.766421636210497
      vertex 61.5 2.4748737341529163 13.525126265847083
      vertex 65 1.3393920132778143 12.766421636210497
    endloop
  endfacet
  facet normal 0 0.1950903220161287 -0.9807852804032303
    outer loop
      vertex 65 0 12.5
      vertex 61.5 1.3393920132778143 12.766421636210497
      vertex 65 1.3393920132778143 12.766421636210497
    endloop
  endfacet
  facet normal 0 0.5555702330196017 -0.8314696123025456
    outer loop
      vertex 61.5 2.4748737341529163 13.525126265847083
      vertex 65 2.4748737341529163 13.525126265847083
      vertex 65 1.3393920132778143 12.766421636210497
    endloop
  endfacet
  facet normal 0 0.8314696123025453 -0.5555702330196021
    outer loop
      vertex 61.5 2.4748737341529163 13.525126265847083
      vertex 61.5 3.2335783637895035 14.660607986722185
      vertex 65 2.4748737341529163 13.525126265847083
    endloop
  endfacet
  facet normal 0 0.9807852804032303 -0.19509032201612833
    outer loop
      vertex 61.5 3.2335783637895035 14.660607986722185
      vertex 61.5 3.5 16
      vertex 65 3.2335783637895035 14.660607986722185
    endloop
  endfacet
  facet normal 0 0.8314696123025453 -0.5555702330196021
    outer loop
      vertex 61.5 3.2335783637895035 14.660607986722185
      vertex 65 3.2335783637895035 14.660607986722185
      vertex 65 2.4748737341529163 13.525126265847083
    endloop
  endfacet
  facet normal 0 0.5555702330196017 -0.8314696123025456
    outer loop
      vertex 67.5 1.3393920132778143 12.766421636210497
      vertex 67.5 2.4748737341529163 13.525126265847083
      vertex 71 1.3393920132778143 12.766421636210497
    endloop
  endfacet
  facet normal 0 0.8314696123025453 -0.5555702330196021
    outer loop
      vertex 67.5 2.4748737341529163 13.525126265847083
      vertex 67.5 3.2335783637895035 14.660607986722185
      vertex 71 2.4748737341529163 13.525126265847083
    endloop
  endfacet
  facet normal 0 0.9807852804032303 -0.19509032201612833
    outer loop
      vertex 67.5 3.2335783637895035 14.660607986722185
      vertex 67.5 3.5 16
      vertex 71 3.2335783637895035 14.660607986722185
    endloop
  endfacet
  facet normal 0 0.1950903220161287 -0.9807852804032303
    outer loop
      vertex 71 0 12.5
      vertex 67.5 1.3393920132778143 12.766421636210497
      vertex 71 1.3393920132778143 12.766421636210497
    endloop
  endfacet
  facet normal 0 0.5555702330196017 -0.8314696123025456
    outer loop
      vertex 67.5 2.4748737341529163 13.525126265847083
      vertex 71 2.4748737341529163 13.525126265847083
      vertex 71 1.3393920132778143 12.766421636210497
    endloop
  endfacet
  facet normal 0 0.8314696123025453 -0.5555702330196021
    outer loop
      vertex 67.5 3.2335783637895035 14.660607986722185
      vertex 71 3.2335783637895035 14.660607986722185
      vertex 71 2.4748737341529163 13.525126265847083
    endloop
  endfacet
  facet normal 0 -0.9807852804032304 -0.19509032201612833
    outer loop
      vertex 55 -3.2335783637895035 14.660607986722185
      vertex 59 -3.5 16
      vertex 55 -3.5 16
    endloop
  endfacet
  facet normal 0 -0.9807852804032304 0.1950903220161286
    outer loop
      vertex 55 -3.5 16
      vertex 59 -3.2335783637895035 17.339392013277813
      vertex 55 -3.2335783637895035 17.339392013277813
    endloop
  endfacet
  facet normal 0 -0.9807852804032304 0.1950903220161286
    outer loop
      vertex 55 -3.5 16
      vertex 59 -3.5 16
      vertex 59 -3.2335783637895035 17.339392013277813
    endloop
  endfacet
  facet normal 0 -0.8314696123025452 0.5555702330196021
    outer loop
      vertex 55 -3.2335783637895035 17.339392013277813
      vertex 59 -2.4748737341529163 18.474873734152915
      vertex 55 -2.4748737341529163 18.474873734152915
    endloop
  endfacet
  facet normal 0 -0.8314696123025452 0.5555702330196021
    outer loop
      vertex 55 -3.2335783637895035 17.339392013277813
      vertex 59 -3.2335783637895035 17.339392013277813
      vertex 59 -2.4748737341529163 18.474873734152915
    endloop
  endfacet
  facet normal 0 -0.5555702330196035 0.8314696123025443
    outer loop
      vertex 55 -2.4748737341529163 18.474873734152915
      vertex 59 -2.4748737341529163 18.474873734152915
      vertex 59 -1.3393920132778143 19.233578363789505
    endloop
  endfacet
  facet normal 0 -0.5555702330196035 0.8314696123025443
    outer loop
      vertex 55 -2.4748737341529163 18.474873734152915
      vertex 59 -1.3393920132778143 19.233578363789505
      vertex 55 -1.3393920132778143 19.233578363789505
    endloop
  endfacet
  facet normal 0 -0.9807852804032303 -0.19509032201612833
    outer loop
      vertex 61.5 -3.2335783637895035 14.660607986722185
      vertex 65 -3.5 16
      vertex 61.5 -3.5 16
    endloop
  endfacet
  facet normal 0 -0.9807852804032303 0.19509032201612858
    outer loop
      vertex 61.5 -3.5 16
      vertex 65 -3.5 16
      vertex 65 -3.2335783637895035 17.339392013277813
    endloop
  endfacet
  facet normal 0 -0.9807852804032303 0.19509032201612858
    outer loop
      vertex 61.5 -3.5 16
      vertex 65 -3.2335783637895035 17.339392013277813
      vertex 61.5 -3.2335783637895035 17.339392013277813
    endloop
  endfacet
  facet normal 0 -0.8314696123025453 0.5555702330196021
    outer loop
      vertex 61.5 -3.2335783637895035 17.339392013277813
      vertex 65 -3.2335783637895035 17.339392013277813
      vertex 65 -2.4748737341529163 18.474873734152915
    endloop
  endfacet
  facet normal 0 -0.8314696123025453 0.5555702330196021
    outer loop
      vertex 61.5 -3.2335783637895035 17.339392013277813
      vertex 65 -2.4748737341529163 18.474873734152915
      vertex 61.5 -2.4748737341529163 18.474873734152915
    endloop
  endfacet
  facet normal 0 -0.5555702330196035 0.8314696123025443
    outer loop
      vertex 61.5 -2.4748737341529163 18.474873734152915
      vertex 65 -2.4748737341529163 18.474873734152915
      vertex 65 -1.3393920132778143 19.233578363789505
    endloop
  endfacet
  facet normal 0 -0.5555702330196035 0.8314696123025443
    outer loop
      vertex 61.5 -2.4748737341529163 18.474873734152915
      vertex 65 -1.3393920132778143 19.233578363789505
      vertex 61.5 -1.3393920132778143 19.233578363789505
    endloop
  endfacet
  facet normal 0 -0.19509032201612744 0.9807852804032305
    outer loop
      vertex 55 -1.3393920132778143 19.233578363789505
      vertex 59 0 19.5
      vertex 55 0 19.5
    endloop
  endfacet
  facet normal 0 -0.19509032201612744 0.9807852804032305
    outer loop
      vertex 55 -1.3393920132778143 19.233578363789505
      vertex 59 -1.3393920132778143 19.233578363789505
      vertex 59 0 19.5
    endloop
  endfacet
  facet normal 0 0.19509032201612744 0.9807852804032305
    outer loop
      vertex 55 0 19.5
      vertex 59 0 19.5
      vertex 59 1.3393920132778143 19.233578363789505
    endloop
  endfacet
  facet normal 0 -0.19509032201612747 0.9807852804032308
    outer loop
      vertex 61.5 -1.3393920132778143 19.233578363789505
      vertex 65 -1.3393920132778143 19.233578363789505
      vertex 65 0 19.5
    endloop
  endfacet
  facet normal 0 -0.19509032201612747 0.9807852804032308
    outer loop
      vertex 61.5 -1.3393920132778143 19.233578363789505
      vertex 65 0 19.5
      vertex 61.5 0 19.5
    endloop
  endfacet
  facet normal 0 0.19509032201612747 0.9807852804032308
    outer loop
      vertex 61.5 0 19.5
      vertex 65 0 19.5
      vertex 65 1.3393920132778143 19.233578363789505
    endloop
  endfacet
  facet normal 0 -0.9807852804032303 -0.19509032201612833
    outer loop
      vertex 67.5 -3.2335783637895035 14.660607986722185
      vertex 71 -3.5 16
      vertex 67.5 -3.5 16
    endloop
  endfacet
  facet normal 0 -0.9807852804032303 0.19509032201612858
    outer loop
      vertex 67.5 -3.5 16
      vertex 71 -3.2335783637895035 17.339392013277813
      vertex 67.5 -3.2335783637895035 17.339392013277813
    endloop
  endfacet
  facet normal 0 -0.8314696123025453 0.5555702330196021
    outer loop
      vertex 67.5 -3.2335783637895035 17.339392013277813
      vertex 71 -2.4748737341529163 18.474873734152915
      vertex 67.5 -2.4748737341529163 18.474873734152915
    endloop
  endfacet
  facet normal 0 -0.5555702330196035 0.8314696123025443
    outer loop
      vertex 67.5 -2.4748737341529163 18.474873734152915
      vertex 71 -1.3393920132778143 19.233578363789505
      vertex 67.5 -1.3393920132778143 19.233578363789505
    endloop
  endfacet
  facet normal 0 -0.9807852804032303 0.19509032201612858
    outer loop
      vertex 67.5 -3.5 16
      vertex 71 -3.5 16
      vertex 71 -3.2335783637895035 17.339392013277813
    endloop
  endfacet
  facet normal 0 -0.8314696123025453 0.5555702330196021
    outer loop
      vertex 67.5 -3.2335783637895035 17.339392013277813
      vertex 71 -3.2335783637895035 17.339392013277813
      vertex 71 -2.4748737341529163 18.474873734152915
    endloop
  endfacet
  facet normal 0 -0.5555702330196035 0.8314696123025443
    outer loop
      vertex 67.5 -2.4748737341529163 18.474873734152915
      vertex 71 -2.4748737341529163 18.474873734152915
      vertex 71 -1.3393920132778143 19.233578363789505
    endloop
  endfacet
  facet normal 0 -0.19509032201612747 0.9807852804032308
    outer loop
      vertex 67.5 -1.3393920132778143 19.233578363789505
      vertex 71 0 19.5
      vertex 67.5 0 19.5
    endloop
  endfacet
  facet normal 0 -0.19509032201612747 0.9807852804032308
    outer loop
      vertex 67.5 -1.3393920132778143 19.233578363789505
      vertex 71 -1.3393920132778143 19.233578363789505
      vertex 71 0 19.5
    endloop
  endfacet
  facet normal 0 0.19509032201612747 0.9807852804032308
    outer loop
      vertex 67.5 0 19.5
      vertex 71 0 19.5
      vertex 71 1.3393920132778143 19.233578363789505
    endloop
  endfacet
  facet normal 0 0.9807852804032304 0.1950903220161286
    outer loop
      vertex 55 3.5 16
      vertex 55 3.2335783637895035 17.339392013277813
      vertex 59 3.5 16
    endloop
  endfacet
  facet normal 0 0.9807852804032304 -0.19509032201612833
    outer loop
      vertex 59 3.2335783637895035 14.660607986722185
      vertex 55 3.5 16
      vertex 59 3.5 16
    endloop
  endfacet
  facet normal 0 0.9807852804032304 0.1950903220161286
    outer loop
      vertex 55 3.2335783637895035 17.339392013277813
      vertex 59 3.2335783637895035 17.339392013277813
      vertex 59 3.5 16
    endloop
  endfacet
  facet normal 0 0.5555702330196035 0.8314696123025443
    outer loop
      vertex 55 2.4748737341529163 18.474873734152915
      vertex 55 1.3393920132778143 19.233578363789505
      vertex 59 2.4748737341529163 18.474873734152915
    endloop
  endfacet
  facet normal 0 0.8314696123025452 0.5555702330196021
    outer loop
      vertex 55 3.2335783637895035 17.339392013277813
      vertex 55 2.4748737341529163 18.474873734152915
      vertex 59 3.2335783637895035 17.339392013277813
    endloop
  endfacet
  facet normal 0 0.5555702330196035 0.8314696123025443
    outer loop
      vertex 55 1.3393920132778143 19.233578363789505
      vertex 59 1.3393920132778143 19.233578363789505
      vertex 59 2.4748737341529163 18.474873734152915
    endloop
  endfacet
  facet normal 0 0.8314696123025452 0.5555702330196021
    outer loop
      vertex 55 2.4748737341529163 18.474873734152915
      vertex 59 2.4748737341529163 18.474873734152915
      vertex 59 3.2335783637895035 17.339392013277813
    endloop
  endfacet
  facet normal 0 0.9807852804032303 -0.19509032201612833
    outer loop
      vertex 65 3.2335783637895035 14.660607986722185
      vertex 61.5 3.5 16
      vertex 65 3.5 16
    endloop
  endfacet
  facet normal 0 0.9807852804032303 0.19509032201612858
    outer loop
      vertex 61.5 3.5 16
      vertex 61.5 3.2335783637895035 17.339392013277813
      vertex 65 3.5 16
    endloop
  endfacet
  facet normal 0 0.9807852804032303 0.19509032201612858
    outer loop
      vertex 61.5 3.2335783637895035 17.339392013277813
      vertex 65 3.2335783637895035 17.339392013277813
      vertex 65 3.5 16
    endloop
  endfacet
  facet normal 0 0.5555702330196035 0.8314696123025443
    outer loop
      vertex 61.5 2.4748737341529163 18.474873734152915
      vertex 61.5 1.3393920132778143 19.233578363789505
      vertex 65 2.4748737341529163 18.474873734152915
    endloop
  endfacet
  facet normal 0 0.5555702330196035 0.8314696123025443
    outer loop
      vertex 61.5 1.3393920132778143 19.233578363789505
      vertex 65 1.3393920132778143 19.233578363789505
      vertex 65 2.4748737341529163 18.474873734152915
    endloop
  endfacet
  facet normal 0 0.8314696123025453 0.5555702330196021
    outer loop
      vertex 61.5 3.2335783637895035 17.339392013277813
      vertex 61.5 2.4748737341529163 18.474873734152915
      vertex 65 3.2335783637895035 17.339392013277813
    endloop
  endfacet
  facet normal 0 0.8314696123025453 0.5555702330196021
    outer loop
      vertex 61.5 2.4748737341529163 18.474873734152915
      vertex 65 2.4748737341529163 18.474873734152915
      vertex 65 3.2335783637895035 17.339392013277813
    endloop
  endfacet
  facet normal 0 0.19509032201612744 0.9807852804032305
    outer loop
      vertex 55 0 19.5
      vertex 59 1.3393920132778143 19.233578363789505
      vertex 55 1.3393920132778143 19.233578363789505
    endloop
  endfacet
  facet normal 0 0.19509032201612747 0.9807852804032308
    outer loop
      vertex 61.5 0 19.5
      vertex 65 1.3393920132778143 19.233578363789505
      vertex 61.5 1.3393920132778143 19.233578363789505
    endloop
  endfacet
  facet normal 0 0.9807852804032303 0.19509032201612858
    outer loop
      vertex 67.5 3.5 16
      vertex 67.5 3.2335783637895035 17.339392013277813
      vertex 71 3.5 16
    endloop
  endfacet
  facet normal 0 0.5555702330196035 0.8314696123025443
    outer loop
      vertex 67.5 2.4748737341529163 18.474873734152915
      vertex 67.5 1.3393920132778143 19.233578363789505
      vertex 71 2.4748737341529163 18.474873734152915
    endloop
  endfacet
  facet normal 0 0.8314696123025453 0.5555702330196021
    outer loop
      vertex 67.5 3.2335783637895035 17.339392013277813
      vertex 67.5 2.4748737341529163 18.474873734152915
      vertex 71 3.2335783637895035 17.339392013277813
    endloop
  endfacet
  facet normal 0 0.9807852804032303 -0.19509032201612833
    outer loop
      vertex 71 3.2335783637895035 14.660607986722185
      vertex 67.5 3.5 16
      vertex 71 3.5 16
    endloop
  endfacet
  facet normal 0 0.9807852804032303 0.19509032201612858
    outer loop
      vertex 67.5 3.2335783637895035 17.339392013277813
      vertex 71 3.2335783637895035 17.339392013277813
      vertex 71 3.5 16
    endloop
  endfacet
  facet normal 0 0.5555702330196035 0.8314696123025443
    outer loop
      vertex 71 2.4748737341529163 18.474873734152915
      vertex 67.5 1.3393920132778143 19.233578363789505
      vertex 71 1.3393920132778143 19.233578363789505
    endloop
  endfacet
  facet normal 0 0.8314696123025453 0.5555702330196021
    outer loop
      vertex 67.5 2.4748737341529163 18.474873734152915
      vertex 71 2.4748737341529163 18.474873734152915
      vertex 71 3.2335783637895035 17.339392013277813
    endloop
  endfacet
  facet normal 0 0.19509032201612747 0.9807852804032308
    outer loop
      vertex 67.5 0 19.5
      vertex 71 1.3393920132778143 19.233578363789505
      vertex 67.5 1.3393920132778143 19.233578363789505
    endloop
  endfacet
  facet normal 0 -0.5 -0.8660254037844386
    outer loop
      vertex 55 -7.361215932167728 11.75
      vertex 50 -7.361215932167728 11.75
      vertex 50 0 7.5
    endloop
  endfacet
  facet normal 0 -1 0
    outer loop
      vertex 55 -7.361215932167728 11.75
      vertex 50 -7.361215932167728 20.25
      vertex 50 -7.361215932167728 11.75
    endloop
  endfacet
  facet normal -1 0 0
    outer loop
      vertex 50 -7.361215932167728 11.75
      vertex 50 7.361215932167728 11.75
      vertex 50 0 7.5
    endloop
  endfacet
  facet normal 0 -0.5 -0.8660254037844386
    outer loop
      vertex 55 0 7.5
      vertex 55 -7.361215932167728 11.75
      vertex 50 0 7.5
    endloop
  endfacet
  facet normal 1 0 0
    outer loop
      vertex 55 0 7.5
      vertex 55 7.361215932167728 11.75
      vertex 55 -7.361215932167728 11.75
    endloop
  endfacet
  facet normal -1 0 0
    outer loop
      vertex 50 7.361215932167728 11.75
      vertex 50 -7.361215932167728 11.75
      vertex 50 -7.361215932167728 20.25
    endloop
  endfacet
  facet normal 1 0 0
    outer loop
      vertex 55 -7.361215932167728 11.75
      vertex 55 -2.4748737341529163 13.525126265847083
      vertex 55 -3.2335783637895035 14.660607986722185
    endloop
  endfacet
  facet normal 1 0 0
    outer loop
      vertex 55 -7.361215932167728 11.75
      vertex 55 -1.3393920132778143 12.766421636210497
      vertex 55 -2.4748737341529163 13.525126265847083
    endloop
  endfacet
  facet normal 1 0 0
    outer loop
      vertex 55 -7.361215932167728 11.75
      vertex 55 0 12.5
      vertex 55 -1.3393920132778143 12.766421636210497
    endloop
  endfacet
  facet normal 1 0 0
    outer loop
      vertex 55 -7.361215932167728 11.75
      vertex 55 -3.2335783637895035 14.660607986722185
      vertex 55 -3.5 16
    endloop
  endfacet
  facet normal 1 0 0
    outer loop
      vertex 55 -7.361215932167728 11.75
      vertex 55 7.361215932167728 11.75
      vertex 55 0 12.5
    endloop
  endfacet
  facet normal 0 0.5 -0.8660254037844386
    outer loop
      vertex 55 0 7.5
      vertex 50 0 7.5
      vertex 50 7.361215932167728 11.75
    endloop
  endfacet
  facet normal 0 0.5 -0.8660254037844386
    outer loop
      vertex 55 0 7.5
      vertex 50 7.361215932167728 11.75
      vertex 55 7.361215932167728 11.75
    endloop
  endfacet
  facet normal 1 0 0
    outer loop
      vertex 55 0 12.5
      vertex 55 7.361215932167728 11.75
      vertex 55 1.3393920132778143 12.766421636210497
    endloop
  endfacet
  facet normal 1 0 0
    outer loop
      vertex 55 1.3393920132778143 12.766421636210497
      vertex 55 7.361215932167728 11.75
      vertex 55 2.4748737341529163 13.525126265847083
    endloop
  endfacet
  facet normal 1 0 0
    outer loop
      vertex 55 2.4748737341529163 13.525126265847083
      vertex 55 7.361215932167728 11.75
      vertex 55 3.2335783637895035 14.660607986722185
    endloop
  endfacet
  facet normal 1 0 0
    outer loop
      vertex 55 3.2335783637895035 14.660607986722185
      vertex 55 7.361215932167728 11.75
      vertex 55 3.5 16
    endloop
  endfacet
  facet normal 0 1 0
    outer loop
      vertex 55 7.361215932167728 11.75
      vertex 50 7.361215932167728 11.75
      vertex 55 7.361215932167728 20.25
    endloop
  endfacet
  facet normal 1 0 0
    outer loop
      vertex 55 -7.361215932167728 11.75
      vertex 55 -3.5 16
      vertex 55 -7.361215932167728 20.25
    endloop
  endfacet
  facet normal 0 -1 0
    outer loop
      vertex 55 -7.361215932167728 11.75
      vertex 55 -7.361215932167728 20.25
      vertex 50 -7.361215932167728 20.25
    endloop
  endfacet
  facet normal 0 -0.5 0.8660254037844386
    outer loop
      vertex 55 -7.361215932167728 20.25
      vertex 55 0 24.5
      vertex 50 -7.361215932167728 20.25
    endloop
  endfacet
  facet normal 1 0 0
    outer loop
      vertex 55 -7.361215932167728 20.25
      vertex 55 -3.5 16
      vertex 55 -3.2335783637895035 17.339392013277813
    endloop
  endfacet
  facet normal 1 0 0
    outer loop
      vertex 55 -7.361215932167728 20.25
      vertex 55 -3.2335783637895035 17.339392013277813
      vertex 55 -2.4748737341529163 18.474873734152915
    endloop
  endfacet
  facet normal -1 0 0
    outer loop
      vertex 50 -7.361215932167728 20.25
      vertex 50 0 24.5
      vertex 50 7.361215932167728 20.25
    endloop
  endfacet
  facet normal 1 0 0
    outer loop
      vertex 55 -7.361215932167728 20.25
      vertex 55 -2.4748737341529163 18.474873734152915
      vertex 55 -1.3393920132778143 19.233578363789505
    endloop
  endfacet
  facet normal 1 0 0
    outer loop
      vertex 55 -7.361215932167728 20.25
      vertex 55 -1.3393920132778143 19.233578363789505
      vertex 55 0 19.5
    endloop
  endfacet
  facet normal 1 0 0
    outer loop
      vertex 55 -7.361215932167728 20.25
      vertex 55 0 19.5
      vertex 55 7.361215932167728 20.25
    endloop
  endfacet
  facet normal 1 0 0
    outer loop
      vertex 55 -7.361215932167728 20.25
      vertex 55 7.361215932167728 20.25
      vertex 55 0 24.5
    endloop
  endfacet
  facet normal 0 -0.5 0.8660254037844386
    outer loop
      vertex 55 0 24.5
      vertex 50 0 24.5
      vertex 50 -7.361215932167728 20.25
    endloop
  endfacet
  facet normal -1 0 0
    outer loop
      vertex 50 -7.361215932167728 20.25
      vertex 50 7.361215932167728 20.25
      vertex 50 7.361215932167728 11.75
    endloop
  endfacet
  facet normal 1 0 0
    outer loop
      vertex 55 7.361215932167728 11.75
      vertex 55 7.361215932167728 20.25
      vertex 55 3.5 16
    endloop
  endfacet
  facet normal 1 0 0
    outer loop
      vertex 55 3.5 16
      vertex 55 7.361215932167728 20.25
      vertex 55 3.2335783637895035 17.339392013277813
    endloop
  endfacet
  facet normal 1 0 0
    outer loop
      vertex 55 3.2335783637895035 17.339392013277813
      vertex 55 7.361215932167728 20.25
      vertex 55 2.4748737341529163 18.474873734152915
    endloop
  endfacet
  facet normal 1 0 0
    outer loop
      vertex 55 0 19.5
      vertex 55 1.3393920132778143 19.233578363789505
      vertex 55 7.361215932167728 20.25
    endloop
  endfacet
  facet normal 1 0 0
    outer loop
      vertex 55 2.4748737341529163 18.474873734152915
      vertex 55 7.361215932167728 20.25
      vertex 55 1.3393920132778143 19.233578363789505
    endloop
  endfacet
  facet normal 0 0.5 0.8660254037844386
    outer loop
      vertex 55 7.361215932167728 20.25
      vertex 50 7.361215932167728 20.25
      vertex 50 0 24.5
    endloop
  endfacet
  facet normal 0 1 0
    outer loop
      vertex 55 7.361215932167728 20.25
      vertex 50 7.361215932167728 11.75
      vertex 50 7.361215932167728 20.25
    endloop
  endfacet
  facet normal 0 0.5 0.8660254037844386
    outer loop
      vertex 55 0 24.5
      vertex 55 7.361215932167728 20.25
      vertex 50 0 24.5
    endloop
  endfacet
  facet normal 0 -0.5 -0.8660254037844386
    outer loop
      vertex -55 0 7.5
      vertex -50 -7.361215932167728 11.75
      vertex -55 -7.361215932167728 11.75
    endloop
  endfacet
  facet normal 0 -1 0
    outer loop
      vertex -55 -7.361215932167728 11.75
      vertex -50 -7.361215932167728 11.75
      vertex -55 -7.361215932167728 20.25
    endloop
  endfacet
  facet normal 0 -0.5 -0.8660254037844386
    outer loop
      vertex -55 0 7.5
      vertex -50 0 7.5
      vertex -50 -7.361215932167728 11.75
    endloop
  endfacet
  facet normal -1 0 0
    outer loop
      vertex -55 0 7.5
      vertex -55 -7.361215932167728 11.75
      vertex -55 7.361215932167728 11.75
    endloop
  endfacet
  facet normal 1 0 0
    outer loop
      vertex -50 -7.361215932167728 11.75
      vertex -50 0 7.5
      vertex -50 7.361215932167728 11.75
    endloop
  endfacet
  facet normal -1 0 0
    outer loop
      vertex -55 -7.361215932167728 11.75
      vertex -55 -3.2335783637895035 14.660607986722185
      vertex -55 -2.4748737341529163 13.525126265847083
    endloop
  endfacet
  facet normal -1 0 0
    outer loop
      vertex -55 -7.361215932167728 11.75
      vertex -55 -2.4748737341529163 13.525126265847083
      vertex -55 -1.3393920132778143 12.766421636210497
    endloop
  endfacet
  facet normal -1 0 0
    outer loop
      vertex -55 -7.361215932167728 11.75
      vertex -55 -1.3393920132778143 12.766421636210497
      vertex -55 0 12.5
    endloop
  endfacet
  facet normal -1 0 0
    outer loop
      vertex -55 -7.361215932167728 11.75
      vertex -55 -3.5 16
      vertex -55 -3.2335783637895035 14.660607986722185
    endloop
  endfacet
  facet normal -1 0 0
    outer loop
      vertex -55 -7.361215932167728 11.75
      vertex -55 0 12.5
      vertex -55 7.361215932167728 11.75
    endloop
  endfacet
  facet normal 0 0.5 -0.8660254037844386
    outer loop
      vertex -55 0 7.5
      vertex -55 7.361215932167728 11.75
      vertex -50 0 7.5
    endloop
  endfacet
  facet normal 0 0.5 -0.8660254037844386
    outer loop
      vertex -55 7.361215932167728 11.75
      vertex -50 7.361215932167728 11.75
      vertex -50 0 7.5
    endloop
  endfacet
  facet normal -1 0 0
    outer loop
      vertex -55 0 12.5
      vertex -55 1.3393920132778143 12.766421636210497
      vertex -55 7.361215932167728 11.75
    endloop
  endfacet
  facet normal -1 0 0
    outer loop
      vertex -55 1.3393920132778143 12.766421636210497
      vertex -55 2.4748737341529163 13.525126265847083
      vertex -55 7.361215932167728 11.75
    endloop
  endfacet
  facet normal -1 0 0
    outer loop
      vertex -55 2.4748737341529163 13.525126265847083
      vertex -55 3.2335783637895035 14.660607986722185
      vertex -55 7.361215932167728 11.75
    endloop
  endfacet
  facet normal -1 0 0
    outer loop
      vertex -55 3.2335783637895035 14.660607986722185
      vertex -55 3.5 16
      vertex -55 7.361215932167728 11.75
    endloop
  endfacet
  facet normal 1 0 0
    outer loop
      vertex -50 -7.361215932167728 11.75
      vertex -50 7.361215932167728 11.75
      vertex -50 7.361215932167728 20.25
    endloop
  endfacet
  facet normal 0 1 0
    outer loop
      vertex -55 7.361215932167728 11.75
      vertex -50 7.361215932167728 20.25
      vertex -50 7.361215932167728 11.75
    endloop
  endfacet
  facet normal -1 0 0
    outer loop
      vertex -55 -7.361215932167728 11.75
      vertex -55 -7.361215932167728 20.25
      vertex -55 -3.5 16
    endloop
  endfacet
  facet normal 0 -1 0
    outer loop
      vertex -55 -7.361215932167728 20.25
      vertex -50 -7.361215932167728 11.75
      vertex -50 -7.361215932167728 20.25
    endloop
  endfacet
  facet normal 0 -0.5 0.8660254037844386
    outer loop
      vertex -55 -7.361215932167728 20.25
      vertex -50 -7.361215932167728 20.25
      vertex -50 0 24.5
    endloop
  endfacet
  facet normal -1 0 0
    outer loop
      vertex -55 -7.361215932167728 20.25
      vertex -55 -3.2335783637895035 17.339392013277813
      vertex -55 -3.5 16
    endloop
  endfacet
  facet normal -1 0 0
    outer loop
      vertex -55 -7.361215932167728 20.25
      vertex -55 -2.4748737341529163 18.474873734152915
      vertex -55 -3.2335783637895035 17.339392013277813
    endloop
  endfacet
  facet normal 1 0 0
    outer loop
      vertex -50 -7.361215932167728 11.75
      vertex -50 7.361215932167728 20.25
      vertex -50 -7.361215932167728 20.25
    endloop
  endfacet
  facet normal -1 0 0
    outer loop
      vertex -55 -7.361215932167728 20.25
      vertex -55 -1.3393920132778143 19.233578363789505
      vertex -55 -2.4748737341529163 18.474873734152915
    endloop
  endfacet
  facet normal -1 0 0
    outer loop
      vertex -55 -7.361215932167728 20.25
      vertex -55 0 19.5
      vertex -55 -1.3393920132778143 19.233578363789505
    endloop
  endfacet
  facet normal -1 0 0
    outer loop
      vertex -55 -7.361215932167728 20.25
      vertex -55 7.361215932167728 20.25
      vertex -55 0 19.5
    endloop
  endfacet
  facet normal -1 0 0
    outer loop
      vertex -55 -7.361215932167728 20.25
      vertex -55 0 24.5
      vertex -55 7.361215932167728 20.25
    endloop
  endfacet
  facet normal 1 0 0
    outer loop
      vertex -50 -7.361215932167728 20.25
      vertex -50 7.361215932167728 20.25
      vertex -50 0 24.5
    endloop
  endfacet
  facet normal 0 -0.5 0.8660254037844386
    outer loop
      vertex -55 -7.361215932167728 20.25
      vertex -50 0 24.5
      vertex -55 0 24.5
    endloop
  endfacet
  facet normal -1 0 0
    outer loop
      vertex -55 7.361215932167728 11.75
      vertex -55 3.5 16
      vertex -55 7.361215932167728 20.25
    endloop
  endfacet
  facet normal -1 0 0
    outer loop
      vertex -55 3.5 16
      vertex -55 3.2335783637895035 17.339392013277813
      vertex -55 7.361215932167728 20.25
    endloop
  endfacet
  facet normal -1 0 0
    outer loop
      vertex -55 3.2335783637895035 17.339392013277813
      vertex -55 2.4748737341529163 18.474873734152915
      vertex -55 7.361215932167728 20.25
    endloop
  endfacet
  facet normal -1 0 0
    outer loop
      vertex -55 0 19.5
      vertex -55 7.361215932167728 20.25
      vertex -55 1.3393920132778143 19.233578363789505
    endloop
  endfacet
  facet normal -1 0 0
    outer loop
      vertex -55 2.4748737341529163 18.474873734152915
      vertex -55 1.3393920132778143 19.233578363789505
      vertex -55 7.361215932167728 20.25
    endloop
  endfacet
  facet normal 0 0.5 0.8660254037844386
    outer loop
      vertex -55 0 24.5
      vertex -50 7.361215932167728 20.25
      vertex -55 7.361215932167728 20.25
    endloop
  endfacet
  facet normal 0 1 0
    outer loop
      vertex -55 7.361215932167728 11.75
      vertex -55 7.361215932167728 20.25
      vertex -50 7.361215932167728 20.25
    endloop
  endfacet
  facet normal 0 0.5 0.8660254037844386
    outer loop
      vertex -55 0 24.5
      vertex -50 0 24.5
      vertex -50 7.361215932167728 20.25
    endloop
  endfacet
  facet normal 0 -1 0
    outer loop
      vertex -1.545084971874737 -53.5 20.244717418524232
      vertex 0 -53.5 20
      vertex -0.875 -53.5 23.484455543377234
    endloop
  endfacet
  facet normal 0 -1 0
    outer loop
      vertex -1.545084971874737 -53.5 20.244717418524232
      vertex -0.875 -53.5 23.484455543377234
      vertex -1.5155444566227676 -53.5 24.125
    endloop
  endfacet
  facet normal 0 -1 0
    outer loop
      vertex -0.875 -53.5 23.484455543377234
      vertex 0 -53.5 20
      vertex 0 -53.5 23.25
    endloop
  endfacet
  facet normal -0.45399049973954725 0 -0.8910065241883676
    outer loop
      vertex -1.545084971874737 -53.5 20.244717418524232
      vertex -2.938926261462366 -53.5 20.954915028125264
      vertex -1.545084971874737 -44.5 20.244717418524232
    endloop
  endfacet
  facet normal -0.15643446504023067 0 -0.9876883405951378
    outer loop
      vertex -1.545084971874737 -53.5 20.244717418524232
      vertex 0 -44.5 20
      vertex 0 -53.5 20
    endloop
  endfacet
  facet normal -0.707106781186547 0 -0.7071067811865481
    outer loop
      vertex -2.938926261462366 -53.5 20.954915028125264
      vertex -4.045084971874737 -53.5 22.061073738537633
      vertex -2.938926261462366 -44.5 20.954915028125264
    endloop
  endfacet
  facet normal -0.8910065241883683 0 -0.45399049973954597
    outer loop
      vertex -4.045084971874737 -53.5 22.061073738537633
      vertex -4.755282581475767 -53.5 23.454915028125264
      vertex -4.045084971874737 -44.5 22.061073738537633
    endloop
  endfacet
  facet normal -0.45399049973954725 0 -0.8910065241883676
    outer loop
      vertex -2.938926261462366 -53.5 20.954915028125264
      vertex -2.938926261462366 -44.5 20.954915028125264
      vertex -1.545084971874737 -44.5 20.244717418524232
    endloop
  endfacet
  facet normal -0.15643446504023067 0 -0.9876883405951378
    outer loop
      vertex -1.545084971874737 -53.5 20.244717418524232
      vertex -1.545084971874737 -44.5 20.244717418524232
      vertex 0 -44.5 20
    endloop
  endfacet
  facet normal -0.707106781186547 0 -0.7071067811865481
    outer loop
      vertex -4.045084971874737 -53.5 22.061073738537633
      vertex -4.045084971874737 -44.5 22.061073738537633
      vertex -2.938926261462366 -44.5 20.954915028125264
    endloop
  endfacet
  facet normal 0 -1 0
    outer loop
      vertex -4.755282581475767 -53.5 23.454915028125264
      vertex -4.755282581475767 -53.5 26.545084971874736
      vertex -5 -53.5 25
    endloop
  endfacet
  facet normal -0.9876883405951377 0 -0.15643446504023129
    outer loop
      vertex -4.755282581475767 -53.5 23.454915028125264
      vertex -5 -53.5 25
      vertex -4.755282581475767 -44.5 23.454915028125264
    endloop
  endfacet
  facet normal -0.9876883405951377 0 0.15643446504023129
    outer loop
      vertex -5 -53.5 25
      vertex -4.755282581475767 -53.5 26.545084971874736
      vertex -5 -44.5 25
    endloop
  endfacet
  facet normal 0 -1 0
    outer loop
      vertex -2.938926261462366 -53.5 20.954915028125264
      vertex -4.045084971874737 -53.5 27.938926261462367
      vertex -4.045084971874737 -53.5 22.061073738537633
    endloop
  endfacet
  facet normal 0 -1 0
    outer loop
      vertex -1.545084971874737 -53.5 20.244717418524232
      vertex -2.938926261462366 -53.5 29.045084971874736
      vertex -2.938926261462366 -53.5 20.954915028125264
    endloop
  endfacet
  facet normal 0 -1 0
    outer loop
      vertex -4.045084971874737 -53.5 22.061073738537633
      vertex -4.755282581475767 -53.5 26.545084971874736
      vertex -4.755282581475767 -53.5 23.454915028125264
    endloop
  endfacet
  facet normal 0 -1 0
    outer loop
      vertex -1.545084971874737 -53.5 20.244717418524232
      vertex -1.5155444566227676 -53.5 24.125
      vertex -1.75 -53.5 25
    endloop
  endfacet
  facet normal 0 -1 0
    outer loop
      vertex -4.045084971874737 -53.5 22.061073738537633
      vertex -4.045084971874737 -53.5 27.938926261462367
      vertex -4.755282581475767 -53.5 26.545084971874736
    endloop
  endfacet
  facet normal 0 -1 0
    outer loop
      vertex -2.938926261462366 -53.5 20.954915028125264
      vertex -2.938926261462366 -53.5 29.045084971874736
      vertex -4.045084971874737 -53.5 27.938926261462367
    endloop
  endfacet
  facet normal 0 -1 0
    outer loop
      vertex -1.545084971874737 -53.5 20.244717418524232
      vertex -1.75 -53.5 25
      vertex -2.938926261462366 -53.5 29.045084971874736
    endloop
  endfacet
  facet normal 0 -1 0
    outer loop
      vertex -1.75 -53.5 25
      vertex -1.5155444566227676 -53.5 25.875
      vertex -2.938926261462366 -53.5 29.045084971874736
    endloop
  endfacet
  facet normal 0 -1 0
    outer loop
      vertex -1.5155444566227676 -53.5 25.875
      vertex -0.875 -53.5 26.515544456622766
      vertex -1.545084971874737 -53.5 29.755282581475768
    endloop
  endfacet
  facet normal 0 -1 0
    outer loop
      vertex -1.5155444566227676 -53.5 25.875
      vertex -1.545084971874737 -53.5 29.755282581475768
      vertex -2.938926261462366 -53.5 29.045084971874736
    endloop
  endfacet
  facet normal 0 -1 0
    outer loop
      vertex -0.875 -53.5 26.515544456622766
      vertex 0 -53.5 26.75
      vertex -1.545084971874737 -53.5 29.755282581475768
    endloop
  endfacet
  facet normal 0 -1 0
    outer loop
      vertex -1.545084971874737 -53.5 29.755282581475768
      vertex 0 -53.5 26.75
      vertex 0 -53.5 30
    endloop
  endfacet
  facet normal -0.8910065241883683 0 0.45399049973954597
    outer loop
      vertex -4.755282581475767 -53.5 26.545084971874736
      vertex -4.045084971874737 -53.5 27.938926261462367
      vertex -4.755282581475767 -44.5 26.545084971874736
    endloop
  endfacet
  facet normal -0.707106781186547 0 0.7071067811865481
    outer loop
      vertex -4.045084971874737 -53.5 27.938926261462367
      vertex -2.938926261462366 -53.5 29.045084971874736
      vertex -4.045084971874737 -44.5 27.938926261462367
    endloop
  endfacet
  facet normal -0.45399049973954725 0 0.8910065241883676
    outer loop
      vertex -2.938926261462366 -53.5 29.045084971874736
      vertex -1.545084971874737 -53.5 29.755282581475768
      vertex -2.938926261462366 -44.5 29.045084971874736
    endloop
  endfacet
  facet normal -0.15643446504023067 0 0.9876883405951378
    outer loop
      vertex -1.545084971874737 -53.5 29.755282581475768
      vertex 0 -53.5 30
      vertex -1.545084971874737 -44.5 29.755282581475768
    endloop
  endfacet
  facet normal -0.9876883405951377 0 -0.15643446504023129
    outer loop
      vertex -5 -53.5 25
      vertex -5 -44.5 25
      vertex -4.755282581475767 -44.5 23.454915028125264
    endloop
  endfacet
  facet normal -0.9876883405951377 0 0.15643446504023129
    outer loop
      vertex -4.755282581475767 -53.5 26.545084971874736
      vertex -4.755282581475767 -44.5 26.545084971874736
      vertex -5 -44.5 25
    endloop
  endfacet
  facet normal -0.8910065241883683 0 -0.45399049973954597
    outer loop
      vertex -4.045084971874737 -44.5 22.061073738537633
      vertex -4.755282581475767 -53.5 23.454915028125264
      vertex -4.755282581475767 -44.5 23.454915028125264
    endloop
  endfacet
  facet normal -0.8910065241883683 0 0.45399049973954597
    outer loop
      vertex -4.045084971874737 -53.5 27.938926261462367
      vertex -4.045084971874737 -44.5 27.938926261462367
      vertex -4.755282581475767 -44.5 26.545084971874736
    endloop
  endfacet
  facet normal -0.707106781186547 0 0.7071067811865481
    outer loop
      vertex -2.938926261462366 -53.5 29.045084971874736
      vertex -2.938926261462366 -44.5 29.045084971874736
      vertex -4.045084971874737 -44.5 27.938926261462367
    endloop
  endfacet
  facet normal -0.45399049973954725 0 0.8910065241883676
    outer loop
      vertex -1.545084971874737 -53.5 29.755282581475768
      vertex -1.545084971874737 -44.5 29.755282581475768
      vertex -2.938926261462366 -44.5 29.045084971874736
    endloop
  endfacet
  facet normal -0.15643446504023067 0 0.9876883405951378
    outer loop
      vertex -1.545084971874737 -44.5 29.755282581475768
      vertex 0 -53.5 30
      vertex 0 -44.5 30
    endloop
  endfacet
  facet normal 0 -1 0
    outer loop
      vertex 0 -53.5 20
      vertex 1.545084971874737 -53.5 20.244717418524232
      vertex 0 -53.5 23.25
    endloop
  endfacet
  facet normal 0 -1 0
    outer loop
      vertex 1.545084971874737 -53.5 20.244717418524232
      vertex 2.938926261462366 -53.5 20.954915028125264
      vertex 1.5155444566227676 -53.5 24.125
    endloop
  endfacet
  facet normal 0 -1 0
    outer loop
      vertex 1.545084971874737 -53.5 20.244717418524232
      vertex 0.875 -53.5 23.484455543377234
      vertex 0 -53.5 23.25
    endloop
  endfacet
  facet normal 0 -1 0
    outer loop
      vertex 1.545084971874737 -53.5 20.244717418524232
      vertex 1.5155444566227676 -53.5 24.125
      vertex 0.875 -53.5 23.484455543377234
    endloop
  endfacet
  facet normal 0.15643446504023067 0 -0.9876883405951378
    outer loop
      vertex 0 -53.5 20
      vertex 1.545084971874737 -44.5 20.244717418524232
      vertex 1.545084971874737 -53.5 20.244717418524232
    endloop
  endfacet
  facet normal 0.45399049973954725 0 -0.8910065241883676
    outer loop
      vertex 1.545084971874737 -53.5 20.244717418524232
      vertex 2.938926261462366 -44.5 20.954915028125264
      vertex 2.938926261462366 -53.5 20.954915028125264
    endloop
  endfacet
  facet normal 0.707106781186547 0 -0.7071067811865481
    outer loop
      vertex 2.938926261462366 -53.5 20.954915028125264
      vertex 4.045084971874737 -44.5 22.061073738537633
      vertex 4.045084971874737 -53.5 22.061073738537633
    endloop
  endfacet
  facet normal 0.15643446504023067 0 -0.9876883405951378
    outer loop
      vertex 0 -53.5 20
      vertex 0 -44.5 20
      vertex 1.545084971874737 -44.5 20.244717418524232
    endloop
  endfacet
  facet normal 0.45399049973954725 0 -0.8910065241883676
    outer loop
      vertex 1.545084971874737 -53.5 20.244717418524232
      vertex 1.545084971874737 -44.5 20.244717418524232
      vertex 2.938926261462366 -44.5 20.954915028125264
    endloop
  endfacet
  facet normal 0.707106781186547 0 -0.7071067811865481
    outer loop
      vertex 2.938926261462366 -53.5 20.954915028125264
      vertex 2.938926261462366 -44.5 20.954915028125264
      vertex 4.045084971874737 -44.5 22.061073738537633
    endloop
  endfacet
  facet normal 0.8910065241883683 0 -0.45399049973954597
    outer loop
      vertex 4.045084971874737 -53.5 22.061073738537633
      vertex 4.045084971874737 -44.5 22.061073738537633
      vertex 4.755282581475767 -44.5 23.454915028125264
    endloop
  endfacet
  facet normal 0 -1 0
    outer loop
      vertex 2.938926261462366 -53.5 20.954915028125264
      vertex 1.75 -53.5 25
      vertex 1.5155444566227676 -53.5 24.125
    endloop
  endfacet
  facet normal 0 -1 0
    outer loop
      vertex 2.938926261462366 -53.5 20.954915028125264
      vertex 4.045084971874737 -53.5 22.061073738537633
      vertex 2.938926261462366 -53.5 29.045084971874736
    endloop
  endfacet
  facet normal 0 -1 0
    outer loop
      vertex 4.045084971874737 -53.5 22.061073738537633
      vertex 4.755282581475767 -53.5 23.454915028125264
      vertex 4.045084971874737 -53.5 27.938926261462367
    endloop
  endfacet
  facet normal 0 -1 0
    outer loop
      vertex 2.938926261462366 -53.5 20.954915028125264
      vertex 1.545084971874737 -53.5 29.755282581475768
      vertex 1.75 -53.5 25
    endloop
  endfacet
  facet normal 0 -1 0
    outer loop
      vertex 2.938926261462366 -53.5 20.954915028125264
      vertex 2.938926261462366 -53.5 29.045084971874736
      vertex 1.545084971874737 -53.5 29.755282581475768
    endloop
  endfacet
  facet normal 0 -1 0
    outer loop
      vertex 4.755282581475767 -53.5 23.454915028125264
      vertex 4.755282581475767 -53.5 26.545084971874736
      vertex 4.045084971874737 -53.5 27.938926261462367
    endloop
  endfacet
  facet normal 0 -1 0
    outer loop
      vertex 4.045084971874737 -53.5 22.061073738537633
      vertex 4.045084971874737 -53.5 27.938926261462367
      vertex 2.938926261462366 -53.5 29.045084971874736
    endloop
  endfacet
  facet normal 0.8910065241883683 0 -0.45399049973954597
    outer loop
      vertex 4.045084971874737 -53.5 22.061073738537633
      vertex 4.755282581475767 -44.5 23.454915028125264
      vertex 4.755282581475767 -53.5 23.454915028125264
    endloop
  endfacet
  facet normal 0 -1 0
    outer loop
      vertex 4.755282581475767 -53.5 23.454915028125264
      vertex 5 -53.5 25
      vertex 4.755282581475767 -53.5 26.545084971874736
    endloop
  endfacet
  facet normal 0.9876883405951377 0 -0.15643446504023129
    outer loop
      vertex 4.755282581475767 -53.5 23.454915028125264
      vertex 5 -44.5 25
      vertex 5 -53.5 25
    endloop
  endfacet
  facet normal 0.9876883405951377 0 0.15643446504023129
    outer loop
      vertex 5 -53.5 25
      vertex 4.755282581475767 -44.5 26.545084971874736
      vertex 4.755282581475767 -53.5 26.545084971874736
    endloop
  endfacet
  facet normal 0 -1 0
    outer loop
      vertex 1.75 -53.5 25
      vertex 1.545084971874737 -53.5 29.755282581475768
      vertex 1.5155444566227676 -53.5 25.875
    endloop
  endfacet
  facet normal 0 -1 0
    outer loop
      vertex 0.875 -53.5 26.515544456622766
      vertex 1.5155444566227676 -53.5 25.875
      vertex 1.545084971874737 -53.5 29.755282581475768
    endloop
  endfacet
  facet normal 0 -1 0
    outer loop
      vertex 0.875 -53.5 26.515544456622766
      vertex 0 -53.5 30
      vertex 0 -53.5 26.75
    endloop
  endfacet
  facet normal 0 -1 0
    outer loop
      vertex 0.875 -53.5 26.515544456622766
      vertex 1.545084971874737 -53.5 29.755282581475768
      vertex 0 -53.5 30
    endloop
  endfacet
  facet normal 0.8910065241883683 0 0.45399049973954597
    outer loop
      vertex 4.755282581475767 -53.5 26.545084971874736
      vertex 4.045084971874737 -44.5 27.938926261462367
      vertex 4.045084971874737 -53.5 27.938926261462367
    endloop
  endfacet
  facet normal 0.15643446504023067 0 0.9876883405951378
    outer loop
      vertex 0 -53.5 30
      vertex 1.545084971874737 -53.5 29.755282581475768
      vertex 0 -44.5 30
    endloop
  endfacet
  facet normal 0.45399049973954725 0 0.8910065241883676
    outer loop
      vertex 1.545084971874737 -53.5 29.755282581475768
      vertex 2.938926261462366 -53.5 29.045084971874736
      vertex 1.545084971874737 -44.5 29.755282581475768
    endloop
  endfacet
  facet normal 0.707106781186547 0 0.7071067811865481
    outer loop
      vertex 4.045084971874737 -53.5 27.938926261462367
      vertex 2.938926261462366 -44.5 29.045084971874736
      vertex 2.938926261462366 -53.5 29.045084971874736
    endloop
  endfacet
  facet normal 0.9876883405951377 0 -0.15643446504023129
    outer loop
      vertex 4.755282581475767 -53.5 23.454915028125264
      vertex 4.755282581475767 -44.5 23.454915028125264
      vertex 5 -44.5 25
    endloop
  endfacet
  facet normal 0.9876883405951377 0 0.15643446504023129
    outer loop
      vertex 5 -53.5 25
      vertex 5 -44.5 25
      vertex 4.755282581475767 -44.5 26.545084971874736
    endloop
  endfacet
  facet normal 0.8910065241883683 0 0.45399049973954597
    outer loop
      vertex 4.755282581475767 -53.5 26.545084971874736
      vertex 4.755282581475767 -44.5 26.545084971874736
      vertex 4.045084971874737 -44.5 27.938926261462367
    endloop
  endfacet
  facet normal 0.707106781186547 0 0.7071067811865481
    outer loop
      vertex 4.045084971874737 -53.5 27.938926261462367
      vertex 4.045084971874737 -44.5 27.938926261462367
      vertex 2.938926261462366 -44.5 29.045084971874736
    endloop
  endfacet
  facet normal 0.15643446504023067 0 0.9876883405951378
    outer loop
      vertex 1.545084971874737 -53.5 29.755282581475768
      vertex 1.545084971874737 -44.5 29.755282581475768
      vertex 0 -44.5 30
    endloop
  endfacet
  facet normal 0.45399049973954725 0 0.8910065241883676
    outer loop
      vertex 2.938926261462366 -53.5 29.045084971874736
      vertex 2.938926261462366 -44.5 29.045084971874736
      vertex 1.545084971874737 -44.5 29.755282581475768
    endloop
  endfacet
  facet normal -0.4539904997395466 0 -0.891006524188368
    outer loop
      vertex -2.1631189606246317 -44.5 18.342604385933925
      vertex -4.114496766047312 -44.5 19.336881039375367
      vertex -4.114496766047312 -42.5 19.336881039375367
    endloop
  endfacet
  facet normal -0.15643446504023065 0 -0.9876883405951377
    outer loop
      vertex -2.1631189606246317 -44.5 18.342604385933925
      vertex -2.1631189606246317 -42.5 18.342604385933925
      vertex 0 -44.5 18
    endloop
  endfacet
  facet normal 0 -1 0
    outer loop
      vertex -2.1631189606246317 -44.5 18.342604385933925
      vertex 0 -44.5 18
      vertex 0 -44.5 20
    endloop
  endfacet
  facet normal -0.7071067811865481 0 -0.7071067811865469
    outer loop
      vertex -5.663118960624632 -44.5 20.88550323395269
      vertex -4.114496766047312 -42.5 19.336881039375367
      vertex -4.114496766047312 -44.5 19.336881039375367
    endloop
  endfacet
  facet normal -0.8910065241883677 0 -0.45399049973954714
    outer loop
      vertex -5.663118960624632 -44.5 20.88550323395269
      vertex -6.657395614066075 -44.5 22.836881039375367
      vertex -5.663118960624632 -42.5 20.88550323395269
    endloop
  endfacet
  facet normal 0 -1 0
    outer loop
      vertex -2.1631189606246317 -44.5 18.342604385933925
      vertex -1.545084971874737 -44.5 20.244717418524232
      vertex -4.114496766047312 -44.5 19.336881039375367
    endloop
  endfacet
  facet normal 0 -1 0
    outer loop
      vertex -4.114496766047312 -44.5 19.336881039375367
      vertex -2.938926261462366 -44.5 20.954915028125264
      vertex -4.045084971874737 -44.5 22.061073738537633
    endloop
  endfacet
  facet normal 0 -1 0
    outer loop
      vertex -4.114496766047312 -44.5 19.336881039375367
      vertex -1.545084971874737 -44.5 20.244717418524232
      vertex -2.938926261462366 -44.5 20.954915028125264
    endloop
  endfacet
  facet normal 0 -1 0
    outer loop
      vertex -2.1631189606246317 -44.5 18.342604385933925
      vertex 0 -44.5 20
      vertex -1.545084971874737 -44.5 20.244717418524232
    endloop
  endfacet
  facet normal 0 -1 0
    outer loop
      vertex -4.114496766047312 -44.5 19.336881039375367
      vertex -4.045084971874737 -44.5 22.061073738537633
      vertex -4.755282581475767 -44.5 23.454915028125264
    endloop
  endfacet
  facet normal 0 -1 0
    outer loop
      vertex -5.663118960624632 -44.5 20.88550323395269
      vertex -6.657395614066075 -44.5 27.163118960624633
      vertex -6.657395614066075 -44.5 22.836881039375367
    endloop
  endfacet
  facet normal -0.9876883405951377 0 -0.15643446504023098
    outer loop
      vertex -6.657395614066075 -44.5 22.836881039375367
      vertex -7 -44.5 25
      vertex -6.657395614066075 -42.5 22.836881039375367
    endloop
  endfacet
  facet normal 0 -1 0
    outer loop
      vertex -5.663118960624632 -44.5 20.88550323395269
      vertex -4.114496766047312 -44.5 19.336881039375367
      vertex -5.663118960624632 -44.5 29.11449676604731
    endloop
  endfacet
  facet normal 0 -1 0
    outer loop
      vertex -4.114496766047312 -44.5 19.336881039375367
      vertex -4.755282581475767 -44.5 23.454915028125264
      vertex -5.663118960624632 -44.5 29.11449676604731
    endloop
  endfacet
  facet normal 0 -1 0
    outer loop
      vertex -6.657395614066075 -44.5 22.836881039375367
      vertex -6.657395614066075 -44.5 27.163118960624633
      vertex -7 -44.5 25
    endloop
  endfacet
  facet normal 0 -1 0
    outer loop
      vertex -5.663118960624632 -44.5 20.88550323395269
      vertex -5.663118960624632 -44.5 29.11449676604731
      vertex -6.657395614066075 -44.5 27.163118960624633
    endloop
  endfacet
  facet normal -0.9876883405951377 0 0.15643446504023098
    outer loop
      vertex -7 -44.5 25
      vertex -6.657395614066075 -44.5 27.163118960624633
      vertex -7 -42.5 25
    endloop
  endfacet
  facet normal 0 -1 0
    outer loop
      vertex -4.755282581475767 -44.5 23.454915028125264
      vertex -5 -44.5 25
      vertex -5.663118960624632 -44.5 29.11449676604731
    endloop
  endfacet
  facet normal 0 -1 0
    outer loop
      vertex -5 -44.5 25
      vertex -4.755282581475767 -44.5 26.545084971874736
      vertex -5.663118960624632 -44.5 29.11449676604731
    endloop
  endfacet
  facet normal -0.8910065241883677 0 0.45399049973954714
    outer loop
      vertex -6.657395614066075 -44.5 27.163118960624633
      vertex -5.663118960624632 -44.5 29.11449676604731
      vertex -6.657395614066075 -42.5 27.163118960624633
    endloop
  endfacet
  facet normal 0 -1 0
    outer loop
      vertex -4.755282581475767 -44.5 26.545084971874736
      vertex -4.114496766047312 -44.5 30.663118960624633
      vertex -5.663118960624632 -44.5 29.11449676604731
    endloop
  endfacet
  facet normal -0.7071067811865481 0 0.7071067811865469
    outer loop
      vertex -5.663118960624632 -44.5 29.11449676604731
      vertex -4.114496766047312 -44.5 30.663118960624633
      vertex -5.663118960624632 -42.5 29.11449676604731
    endloop
  endfacet
  facet normal 0 -1 0
    outer loop
      vertex -4.755282581475767 -44.5 26.545084971874736
      vertex -4.045084971874737 -44.5 27.938926261462367
      vertex -4.114496766047312 -44.5 30.663118960624633
    endloop
  endfacet
  facet normal 0 -1 0
    outer loop
      vertex -4.045084971874737 -44.5 27.938926261462367
      vertex -2.938926261462366 -44.5 29.045084971874736
      vertex -4.114496766047312 -44.5 30.663118960624633
    endloop
  endfacet
  facet normal 0 -1 0
    outer loop
      vertex -2.938926261462366 -44.5 29.045084971874736
      vertex -1.545084971874737 -44.5 29.755282581475768
      vertex -2.1631189606246317 -44.5 31.657395614066075
    endloop
  endfacet
  facet normal -0.4539904997395466 0 -0.891006524188368
    outer loop
      vertex -2.1631189606246317 -44.5 18.342604385933925
      vertex -4.114496766047312 -42.5 19.336881039375367
      vertex -2.1631189606246317 -42.5 18.342604385933925
    endloop
  endfacet
  facet normal -0.15643446504023065 0 -0.9876883405951377
    outer loop
      vertex -2.1631189606246317 -42.5 18.342604385933925
      vertex 0 -42.5 18
      vertex 0 -44.5 18
    endloop
  endfacet
  facet normal -0.7071067811865481 0 -0.7071067811865469
    outer loop
      vertex -5.663118960624632 -44.5 20.88550323395269
      vertex -5.663118960624632 -42.5 20.88550323395269
      vertex -4.114496766047312 -42.5 19.336881039375367
    endloop
  endfacet
  facet normal -0.8910065241883677 0 -0.45399049973954714
    outer loop
      vertex -6.657395614066075 -44.5 22.836881039375367
      vertex -6.657395614066075 -42.5 22.836881039375367
      vertex -5.663118960624632 -42.5 20.88550323395269
    endloop
  endfacet
  facet normal 0 1 0
    outer loop
      vertex -2.1631189606246317 -42.5 18.342604385933925
      vertex 0 -42.5 23.25
      vertex 0 -42.5 18
    endloop
  endfacet
  facet normal 0 1 0
    outer loop
      vertex -2.1631189606246317 -42.5 18.342604385933925
      vertex -0.875 -42.5 23.484455543377234
      vertex 0 -42.5 23.25
    endloop
  endfacet
  facet normal 0 1 0
    outer loop
      vertex -2.1631189606246317 -42.5 18.342604385933925
      vertex -1.5155444566227676 -42.5 24.125
      vertex -0.875 -42.5 23.484455543377234
    endloop
  endfacet
  facet normal 0 1 0
    outer loop
      vertex -2.1631189606246317 -42.5 18.342604385933925
      vertex -1.75 -42.5 25
      vertex -1.5155444566227676 -42.5 24.125
    endloop
  endfacet
  facet normal 0 1 0
    outer loop
      vertex -5.663118960624632 -42.5 20.88550323395269
      vertex -4.114496766047312 -42.5 30.663118960624633
      vertex -4.114496766047312 -42.5 19.336881039375367
    endloop
  endfacet
  facet normal -0.9876883405951377 0 -0.15643446504023098
    outer loop
      vertex -7 -44.5 25
      vertex -7 -42.5 25
      vertex -6.657395614066075 -42.5 22.836881039375367
    endloop
  endfacet
  facet normal 0 1 0
    outer loop
      vertex -5.663118960624632 -42.5 20.88550323395269
      vertex -6.657395614066075 -42.5 22.836881039375367
      vertex -5.663118960624632 -42.5 29.11449676604731
    endloop
  endfacet
  facet normal 0 1 0
    outer loop
      vertex -6.657395614066075 -42.5 22.836881039375367
      vertex -7 -42.5 25
      vertex -6.657395614066075 -42.5 27.163118960624633
    endloop
  endfacet
  facet normal -0.9876883405951377 0 0.15643446504023098
    outer loop
      vertex -6.657395614066075 -44.5 27.163118960624633
      vertex -6.657395614066075 -42.5 27.163118960624633
      vertex -7 -42.5 25
    endloop
  endfacet
  facet normal 0 1 0
    outer loop
      vertex -6.657395614066075 -42.5 22.836881039375367
      vertex -6.657395614066075 -42.5 27.163118960624633
      vertex -5.663118960624632 -42.5 29.11449676604731
    endloop
  endfacet
  facet normal 0 1 0
    outer loop
      vertex -2.1631189606246317 -42.5 18.342604385933925
      vertex -4.114496766047312 -42.5 19.336881039375367
      vertex -2.1631189606246317 -42.5 31.657395614066075
    endloop
  endfacet
  facet normal 0 1 0
    outer loop
      vertex -2.1631189606246317 -42.5 18.342604385933925
      vertex -2.1631189606246317 -42.5 31.657395614066075
      vertex -1.75 -42.5 25
    endloop
  endfacet
  facet normal 0 1 0
    outer loop
      vertex -5.663118960624632 -42.5 20.88550323395269
      vertex -5.663118960624632 -42.5 29.11449676604731
      vertex -4.114496766047312 -42.5 30.663118960624633
    endloop
  endfacet
  facet normal -0.8910065241883677 0 0.45399049973954714
    outer loop
      vertex -5.663118960624632 -44.5 29.11449676604731
      vertex -5.663118960624632 -42.5 29.11449676604731
      vertex -6.657395614066075 -42.5 27.163118960624633
    endloop
  endfacet
  facet normal -0.7071067811865481 0 0.7071067811865469
    outer loop
      vertex -5.663118960624632 -42.5 29.11449676604731
      vertex -4.114496766047312 -44.5 30.663118960624633
      vertex -4.114496766047312 -42.5 30.663118960624633
    endloop
  endfacet
  facet normal 0 1 0
    outer loop
      vertex -4.114496766047312 -42.5 19.336881039375367
      vertex -4.114496766047312 -42.5 30.663118960624633
      vertex -2.1631189606246317 -42.5 31.657395614066075
    endloop
  endfacet
  facet normal 0 1 0
    outer loop
      vertex -1.75 -42.5 25
      vertex -2.1631189606246317 -42.5 31.657395614066075
      vertex -1.5155444566227676 -42.5 25.875
    endloop
  endfacet
  facet normal 0 1 0
    outer loop
      vertex -1.5155444566227676 -42.5 25.875
      vertex -2.1631189606246317 -42.5 31.657395614066075
      vertex -0.875 -42.5 26.515544456622766
    endloop
  endfacet
  facet normal 0 1 0
    outer loop
      vertex -0.875 -42.5 26.515544456622766
      vertex 0 -42.5 32
      vertex 0 -42.5 26.75
    endloop
  endfacet
  facet normal 0 1 0
    outer loop
      vertex -0.875 -42.5 26.515544456622766
      vertex -2.1631189606246317 -42.5 31.657395614066075
      vertex 0 -42.5 32
    endloop
  endfacet
  facet normal 0 -1 0
    outer loop
      vertex -2.938926261462366 -44.5 29.045084971874736
      vertex -2.1631189606246317 -44.5 31.657395614066075
      vertex -4.114496766047312 -44.5 30.663118960624633
    endloop
  endfacet
  facet normal -0.4539904997395466 0 0.891006524188368
    outer loop
      vertex -4.114496766047312 -44.5 30.663118960624633
      vertex -2.1631189606246317 -44.5 31.657395614066075
      vertex -2.1631189606246317 -42.5 31.657395614066075
    endloop
  endfacet
  facet normal 0 -1 0
    outer loop
      vertex -1.545084971874737 -44.5 29.755282581475768
      vertex 0 -44.5 32
      vertex -2.1631189606246317 -44.5 31.657395614066075
    endloop
  endfacet
  facet normal 0 -1 0
    outer loop
      vertex -1.545084971874737 -44.5 29.755282581475768
      vertex 0 -44.5 30
      vertex 0 -44.5 32
    endloop
  endfacet
  facet normal -0.15643446504023065 0 0.9876883405951377
    outer loop
      vertex -2.1631189606246317 -44.5 31.657395614066075
      vertex 0 -44.5 32
      vertex 0 -42.5 32
    endloop
  endfacet
  facet normal -0.4539904997395466 0 0.891006524188368
    outer loop
      vertex -4.114496766047312 -44.5 30.663118960624633
      vertex -2.1631189606246317 -42.5 31.657395614066075
      vertex -4.114496766047312 -42.5 30.663118960624633
    endloop
  endfacet
  facet normal -0.15643446504023065 0 0.9876883405951377
    outer loop
      vertex -2.1631189606246317 -44.5 31.657395614066075
      vertex 0 -42.5 32
      vertex -2.1631189606246317 -42.5 31.657395614066075
    endloop
  endfacet
  facet normal 0.15643446504023065 0 -0.9876883405951377
    outer loop
      vertex 0 -44.5 18
      vertex 0 -42.5 18
      vertex 2.1631189606246317 -44.5 18.342604385933925
    endloop
  endfacet
  facet normal 0 -1 0
    outer loop
      vertex 0 -44.5 18
      vertex 2.1631189606246317 -44.5 18.342604385933925
      vertex 1.545084971874737 -44.5 20.244717418524232
    endloop
  endfacet
  facet normal 0.4539904997395466 0 -0.891006524188368
    outer loop
      vertex 2.1631189606246317 -44.5 18.342604385933925
      vertex 2.1631189606246317 -42.5 18.342604385933925
      vertex 4.114496766047312 -44.5 19.336881039375367
    endloop
  endfacet
  facet normal 0 -1 0
    outer loop
      vertex 0 -44.5 18
      vertex 1.545084971874737 -44.5 20.244717418524232
      vertex 0 -44.5 20
    endloop
  endfacet
  facet normal 0 -1 0
    outer loop
      vertex 2.1631189606246317 -44.5 18.342604385933925
      vertex 2.938926261462366 -44.5 20.954915028125264
      vertex 1.545084971874737 -44.5 20.244717418524232
    endloop
  endfacet
  facet normal 0 -1 0
    outer loop
      vertex 2.1631189606246317 -44.5 18.342604385933925
      vertex 4.114496766047312 -44.5 19.336881039375367
      vertex 2.938926261462366 -44.5 20.954915028125264
    endloop
  endfacet
  facet normal 0 -1 0
    outer loop
      vertex 4.114496766047312 -44.5 19.336881039375367
      vertex 4.045084971874737 -44.5 22.061073738537633
      vertex 2.938926261462366 -44.5 20.954915028125264
    endloop
  endfacet
  facet normal 0 -1 0
    outer loop
      vertex 4.114496766047312 -44.5 19.336881039375367
      vertex 4.755282581475767 -44.5 23.454915028125264
      vertex 4.045084971874737 -44.5 22.061073738537633
    endloop
  endfacet
  facet normal 0.7071067811865481 0 -0.7071067811865469
    outer loop
      vertex 4.114496766047312 -44.5 19.336881039375367
      vertex 5.663118960624632 -42.5 20.88550323395269
      vertex 5.663118960624632 -44.5 20.88550323395269
    endloop
  endfacet
  facet normal 0 -1 0
    outer loop
      vertex 4.114496766047312 -44.5 19.336881039375367
      vertex 5.663118960624632 -44.5 20.88550323395269
      vertex 4.755282581475767 -44.5 23.454915028125264
    endloop
  endfacet
  facet normal 0.8910065241883677 0 -0.45399049973954714
    outer loop
      vertex 5.663118960624632 -44.5 20.88550323395269
      vertex 6.657395614066075 -42.5 22.836881039375367
      vertex 6.657395614066075 -44.5 22.836881039375367
    endloop
  endfacet
  facet normal 0 -1 0
    outer loop
      vertex 5.663118960624632 -44.5 20.88550323395269
      vertex 5 -44.5 25
      vertex 4.755282581475767 -44.5 23.454915028125264
    endloop
  endfacet
  facet normal 0 -1 0
    outer loop
      vertex 5.663118960624632 -44.5 20.88550323395269
      vertex 4.755282581475767 -44.5 26.545084971874736
      vertex 5 -44.5 25
    endloop
  endfacet
  facet normal 0 -1 0
    outer loop
      vertex 5.663118960624632 -44.5 20.88550323395269
      vertex 6.657395614066075 -44.5 22.836881039375367
      vertex 5.663118960624632 -44.5 29.11449676604731
    endloop
  endfacet
  facet normal 0.9876883405951377 0 -0.15643446504023098
    outer loop
      vertex 6.657395614066075 -44.5 22.836881039375367
      vertex 7 -42.5 25
      vertex 7 -44.5 25
    endloop
  endfacet
  facet normal 0 -1 0
    outer loop
      vertex 6.657395614066075 -44.5 22.836881039375367
      vertex 7 -44.5 25
      vertex 6.657395614066075 -44.5 27.163118960624633
    endloop
  endfacet
  facet normal 0 -1 0
    outer loop
      vertex 5.663118960624632 -44.5 20.88550323395269
      vertex 4.114496766047312 -44.5 30.663118960624633
      vertex 4.755282581475767 -44.5 26.545084971874736
    endloop
  endfacet
  facet normal 0 -1 0
    outer loop
      vertex 6.657395614066075 -44.5 22.836881039375367
      vertex 6.657395614066075 -44.5 27.163118960624633
      vertex 5.663118960624632 -44.5 29.11449676604731
    endloop
  endfacet
  facet normal 0.9876883405951377 0 0.15643446504023098
    outer loop
      vertex 7 -44.5 25
      vertex 6.657395614066075 -42.5 27.163118960624633
      vertex 6.657395614066075 -44.5 27.163118960624633
    endloop
  endfacet
  facet normal 0 -1 0
    outer loop
      vertex 4.755282581475767 -44.5 26.545084971874736
      vertex 4.114496766047312 -44.5 30.663118960624633
      vertex 4.045084971874737 -44.5 27.938926261462367
    endloop
  endfacet
  facet normal 0 -1 0
    outer loop
      vertex 4.045084971874737 -44.5 27.938926261462367
      vertex 4.114496766047312 -44.5 30.663118960624633
      vertex 2.938926261462366 -44.5 29.045084971874736
    endloop
  endfacet
  facet normal 0 -1 0
    outer loop
      vertex 1.545084971874737 -44.5 29.755282581475768
      vertex 2.938926261462366 -44.5 29.045084971874736
      vertex 4.114496766047312 -44.5 30.663118960624633
    endloop
  endfacet
  facet normal 0 -1 0
    outer loop
      vertex 5.663118960624632 -44.5 20.88550323395269
      vertex 5.663118960624632 -44.5 29.11449676604731
      vertex 4.114496766047312 -44.5 30.663118960624633
    endloop
  endfacet
  facet normal 0.8910065241883677 0 0.45399049973954714
    outer loop
      vertex 6.657395614066075 -44.5 27.163118960624633
      vertex 5.663118960624632 -42.5 29.11449676604731
      vertex 5.663118960624632 -44.5 29.11449676604731
    endloop
  endfacet
  facet normal 0.7071067811865481 0 0.7071067811865469
    outer loop
      vertex 5.663118960624632 -44.5 29.11449676604731
      vertex 4.114496766047312 -42.5 30.663118960624633
      vertex 4.114496766047312 -44.5 30.663118960624633
    endloop
  endfacet
  facet normal 0.15643446504023065 0 -0.9876883405951377
    outer loop
      vertex 2.1631189606246317 -44.5 18.342604385933925
      vertex 0 -42.5 18
      vertex 2.1631189606246317 -42.5 18.342604385933925
    endloop
  endfacet
  facet normal 0.4539904997395466 0 -0.891006524188368
    outer loop
      vertex 4.114496766047312 -44.5 19.336881039375367
      vertex 2.1631189606246317 -42.5 18.342604385933925
      vertex 4.114496766047312 -42.5 19.336881039375367
    endloop
  endfacet
  facet normal 0 1 0
    outer loop
      vertex 0 -42.5 18
      vertex 0.875 -42.5 23.484455543377234
      vertex 2.1631189606246317 -42.5 18.342604385933925
    endloop
  endfacet
  facet normal 0 1 0
    outer loop
      vertex 0 -42.5 18
      vertex 0 -42.5 23.25
      vertex 0.875 -42.5 23.484455543377234
    endloop
  endfacet
  facet normal 0 1 0
    outer loop
      vertex 2.1631189606246317 -42.5 18.342604385933925
      vertex 0.875 -42.5 23.484455543377234
      vertex 1.5155444566227676 -42.5 24.125
    endloop
  endfacet
  facet normal 0 1 0
    outer loop
      vertex 2.1631189606246317 -42.5 18.342604385933925
      vertex 1.5155444566227676 -42.5 24.125
      vertex 1.75 -42.5 25
    endloop
  endfacet
  facet normal 0 1 0
    outer loop
      vertex 2.1631189606246317 -42.5 18.342604385933925
      vertex 4.114496766047312 -42.5 30.663118960624633
      vertex 4.114496766047312 -42.5 19.336881039375367
    endloop
  endfacet
  facet normal 0.7071067811865481 0 -0.7071067811865469
    outer loop
      vertex 4.114496766047312 -44.5 19.336881039375367
      vertex 4.114496766047312 -42.5 19.336881039375367
      vertex 5.663118960624632 -42.5 20.88550323395269
    endloop
  endfacet
  facet normal 0.8910065241883677 0 -0.45399049973954714
    outer loop
      vertex 5.663118960624632 -44.5 20.88550323395269
      vertex 5.663118960624632 -42.5 20.88550323395269
      vertex 6.657395614066075 -42.5 22.836881039375367
    endloop
  endfacet
  facet normal 0 1 0
    outer loop
      vertex 2.1631189606246317 -42.5 18.342604385933925
      vertex 1.75 -42.5 25
      vertex 2.1631189606246317 -42.5 31.657395614066075
    endloop
  endfacet
  facet normal 0 1 0
    outer loop
      vertex 4.114496766047312 -42.5 19.336881039375367
      vertex 5.663118960624632 -42.5 29.11449676604731
      vertex 5.663118960624632 -42.5 20.88550323395269
    endloop
  endfacet
  facet normal 0.9876883405951377 0 -0.15643446504023098
    outer loop
      vertex 6.657395614066075 -44.5 22.836881039375367
      vertex 6.657395614066075 -42.5 22.836881039375367
      vertex 7 -42.5 25
    endloop
  endfacet
  facet normal 0 1 0
    outer loop
      vertex 5.663118960624632 -42.5 20.88550323395269
      vertex 6.657395614066075 -42.5 27.163118960624633
      vertex 6.657395614066075 -42.5 22.836881039375367
    endloop
  endfacet
  facet normal 0 1 0
    outer loop
      vertex 6.657395614066075 -42.5 22.836881039375367
      vertex 6.657395614066075 -42.5 27.163118960624633
      vertex 7 -42.5 25
    endloop
  endfacet
  facet normal 0 1 0
    outer loop
      vertex 4.114496766047312 -42.5 19.336881039375367
      vertex 4.114496766047312 -42.5 30.663118960624633
      vertex 5.663118960624632 -42.5 29.11449676604731
    endloop
  endfacet
  facet normal 0.9876883405951377 0 0.15643446504023098
    outer loop
      vertex 7 -44.5 25
      vertex 7 -42.5 25
      vertex 6.657395614066075 -42.5 27.163118960624633
    endloop
  endfacet
  facet normal 0 1 0
    outer loop
      vertex 5.663118960624632 -42.5 20.88550323395269
      vertex 5.663118960624632 -42.5 29.11449676604731
      vertex 6.657395614066075 -42.5 27.163118960624633
    endloop
  endfacet
  facet normal 0 1 0
    outer loop
      vertex 1.75 -42.5 25
      vertex 1.5155444566227676 -42.5 25.875
      vertex 2.1631189606246317 -42.5 31.657395614066075
    endloop
  endfacet
  facet normal 0 1 0
    outer loop
      vertex 0.875 -42.5 26.515544456622766
      vertex 0 -42.5 26.75
      vertex 2.1631189606246317 -42.5 31.657395614066075
    endloop
  endfacet
  facet normal 0 1 0
    outer loop
      vertex 0.875 -42.5 26.515544456622766
      vertex 2.1631189606246317 -42.5 31.657395614066075
      vertex 1.5155444566227676 -42.5 25.875
    endloop
  endfacet
  facet normal 0 1 0
    outer loop
      vertex 2.1631189606246317 -42.5 18.342604385933925
      vertex 2.1631189606246317 -42.5 31.657395614066075
      vertex 4.114496766047312 -42.5 30.663118960624633
    endloop
  endfacet
  facet normal 0 1 0
    outer loop
      vertex 0 -42.5 26.75
      vertex 0 -42.5 32
      vertex 2.1631189606246317 -42.5 31.657395614066075
    endloop
  endfacet
  facet normal 0.8910065241883677 0 0.45399049973954714
    outer loop
      vertex 6.657395614066075 -44.5 27.163118960624633
      vertex 6.657395614066075 -42.5 27.163118960624633
      vertex 5.663118960624632 -42.5 29.11449676604731
    endloop
  endfacet
  facet normal 0.7071067811865481 0 0.7071067811865469
    outer loop
      vertex 5.663118960624632 -44.5 29.11449676604731
      vertex 5.663118960624632 -42.5 29.11449676604731
      vertex 4.114496766047312 -42.5 30.663118960624633
    endloop
  endfacet
  facet normal 0 -1 0
    outer loop
      vertex 0 -44.5 30
      vertex 2.1631189606246317 -44.5 31.657395614066075
      vertex 0 -44.5 32
    endloop
  endfacet
  facet normal 0 -1 0
    outer loop
      vertex 0 -44.5 30
      vertex 1.545084971874737 -44.5 29.755282581475768
      vertex 2.1631189606246317 -44.5 31.657395614066075
    endloop
  endfacet
  facet normal 0.15643446504023065 0 0.9876883405951377
    outer loop
      vertex 0 -44.5 32
      vertex 2.1631189606246317 -44.5 31.657395614066075
      vertex 2.1631189606246317 -42.5 31.657395614066075
    endloop
  endfacet
  facet normal 0 -1 0
    outer loop
      vertex 1.545084971874737 -44.5 29.755282581475768
      vertex 4.114496766047312 -44.5 30.663118960624633
      vertex 2.1631189606246317 -44.5 31.657395614066075
    endloop
  endfacet
  facet normal 0.4539904997395466 0 0.891006524188368
    outer loop
      vertex 2.1631189606246317 -44.5 31.657395614066075
      vertex 4.114496766047312 -44.5 30.663118960624633
      vertex 4.114496766047312 -42.5 30.663118960624633
    endloop
  endfacet
  facet normal 0.15643446504023065 0 0.9876883405951377
    outer loop
      vertex 0 -44.5 32
      vertex 2.1631189606246317 -42.5 31.657395614066075
      vertex 0 -42.5 32
    endloop
  endfacet
  facet normal 0.4539904997395466 0 0.891006524188368
    outer loop
      vertex 2.1631189606246317 -44.5 31.657395614066075
      vertex 4.114496766047312 -42.5 30.663118960624633
      vertex 2.1631189606246317 -42.5 31.657395614066075
    endloop
  endfacet
  facet normal -0.25881904510252196 0 -0.965925826289068
    outer loop
      vertex -0.875 -54.5 23.484455543377234
      vertex -0.875 -53.5 23.484455543377234
      vertex 0 -54.5 23.25
    endloop
  endfacet
  facet normal -0.7071067811865469 0 -0.7071067811865481
    outer loop
      vertex -0.875 -54.5 23.484455543377234
      vertex -1.5155444566227676 -53.5 24.125
      vertex -0.875 -53.5 23.484455543377234
    endloop
  endfacet
  facet normal -0.25881904510252196 0 -0.965925826289068
    outer loop
      vertex -0.875 -53.5 23.484455543377234
      vertex 0 -53.5 23.25
      vertex 0 -54.5 23.25
    endloop
  endfacet
  facet normal -0.7071067811865469 0 -0.7071067811865481
    outer loop
      vertex -0.875 -54.5 23.484455543377234
      vertex -1.5155444566227676 -54.5 24.125
      vertex -1.5155444566227676 -53.5 24.125
    endloop
  endfacet
  facet normal 0 -1 0
    outer loop
      vertex -0.875 -54.5 23.484455543377234
      vertex -1.5155444566227676 -54.5 25.875
      vertex -1.5155444566227676 -54.5 24.125
    endloop
  endfacet
  facet normal -0.9659258262890682 0 -0.2588190451025208
    outer loop
      vertex -1.5155444566227676 -54.5 24.125
      vertex -1.75 -54.5 25
      vertex -1.75 -53.5 25
    endloop
  endfacet
  facet normal -0.9659258262890682 0 -0.2588190451025208
    outer loop
      vertex -1.5155444566227676 -54.5 24.125
      vertex -1.75 -53.5 25
      vertex -1.5155444566227676 -53.5 24.125
    endloop
  endfacet
  facet normal 0 -1 0
    outer loop
      vertex -0.875 -54.5 23.484455543377234
      vertex 0 -54.5 23.25
      vertex -0.875 -54.5 26.515544456622766
    endloop
  endfacet
  facet normal 0 -1 0
    outer loop
      vertex -1.5155444566227676 -54.5 24.125
      vertex -1.5155444566227676 -54.5 25.875
      vertex -1.75 -54.5 25
    endloop
  endfacet
  facet normal -0.9659258262890682 0 0.2588190451025208
    outer loop
      vertex -1.75 -54.5 25
      vertex -1.5155444566227676 -54.5 25.875
      vertex -1.5155444566227676 -53.5 25.875
    endloop
  endfacet
  facet normal -0.9659258262890682 0 0.2588190451025208
    outer loop
      vertex -1.75 -54.5 25
      vertex -1.5155444566227676 -53.5 25.875
      vertex -1.75 -53.5 25
    endloop
  endfacet
  facet normal 0 -1 0
    outer loop
      vertex -0.875 -54.5 23.484455543377234
      vertex -0.875 -54.5 26.515544456622766
      vertex -1.5155444566227676 -54.5 25.875
    endloop
  endfacet
  facet normal 0 -1 0
    outer loop
      vertex -0.875 -54.5 26.515544456622766
      vertex 0 -54.5 23.25
      vertex 0 -54.5 26.75
    endloop
  endfacet
  facet normal -0.7071067811865469 0 0.7071067811865481
    outer loop
      vertex -1.5155444566227676 -54.5 25.875
      vertex -0.875 -53.5 26.515544456622766
      vertex -1.5155444566227676 -53.5 25.875
    endloop
  endfacet
  facet normal -0.7071067811865469 0 0.7071067811865481
    outer loop
      vertex -1.5155444566227676 -54.5 25.875
      vertex -0.875 -54.5 26.515544456622766
      vertex -0.875 -53.5 26.515544456622766
    endloop
  endfacet
  facet normal -0.25881904510252196 0 0.965925826289068
    outer loop
      vertex -0.875 -54.5 26.515544456622766
      vertex 0 -53.5 26.75
      vertex -0.875 -53.5 26.515544456622766
    endloop
  endfacet
  facet normal -0.25881904510252196 0 0.965925826289068
    outer loop
      vertex -0.875 -54.5 26.515544456622766
      vertex 0 -54.5 26.75
      vertex 0 -53.5 26.75
    endloop
  endfacet
  facet normal -0.25881904510252196 0 -0.965925826289068
    outer loop
      vertex -0.875 -42.5 23.484455543377234
      vertex -0.875 -41.5 23.484455543377234
      vertex 0 -42.5 23.25
    endloop
  endfacet
  facet normal -0.7071067811865469 0 -0.7071067811865481
    outer loop
      vertex -0.875 -42.5 23.484455543377234
      vertex -1.5155444566227676 -42.5 24.125
      vertex -1.5155444566227676 -41.5 24.125
    endloop
  endfacet
  facet normal -0.9659258262890682 0 -0.2588190451025208
    outer loop
      vertex -1.5155444566227676 -42.5 24.125
      vertex -1.75 -42.5 25
      vertex -1.75 -41.5 25
    endloop
  endfacet
  facet normal -0.7071067811865469 0 -0.7071067811865481
    outer loop
      vertex -0.875 -42.5 23.484455543377234
      vertex -1.5155444566227676 -41.5 24.125
      vertex -0.875 -41.5 23.484455543377234
    endloop
  endfacet
  facet normal -0.25881904510252196 0 -0.965925826289068
    outer loop
      vertex -0.875 -41.5 23.484455543377234
      vertex 0 -41.5 23.25
      vertex 0 -42.5 23.25
    endloop
  endfacet
  facet normal -0.9659258262890682 0 -0.2588190451025208
    outer loop
      vertex -1.5155444566227676 -42.5 24.125
      vertex -1.75 -41.5 25
      vertex -1.5155444566227676 -41.5 24.125
    endloop
  endfacet
  facet normal 0 1 0
    outer loop
      vertex -0.875 -41.5 23.484455543377234
      vertex -1.5155444566227676 -41.5 24.125
      vertex -0.875 -41.5 26.515544456622766
    endloop
  endfacet
  facet normal 0 1 0
    outer loop
      vertex -0.875 -41.5 23.484455543377234
      vertex 0 -41.5 26.75
      vertex 0 -41.5 23.25
    endloop
  endfacet
  facet normal -0.9659258262890682 0 0.2588190451025208
    outer loop
      vertex -1.75 -42.5 25
      vertex -1.5155444566227676 -42.5 25.875
      vertex -1.5155444566227676 -41.5 25.875
    endloop
  endfacet
  facet normal -0.7071067811865469 0 0.7071067811865481
    outer loop
      vertex -1.5155444566227676 -42.5 25.875
      vertex -0.875 -42.5 26.515544456622766
      vertex -0.875 -41.5 26.515544456622766
    endloop
  endfacet
  facet normal 0 1 0
    outer loop
      vertex -1.5155444566227676 -41.5 24.125
      vertex -1.75 -41.5 25
      vertex -1.5155444566227676 -41.5 25.875
    endloop
  endfacet
  facet normal -0.9659258262890682 0 0.2588190451025208
    outer loop
      vertex -1.75 -42.5 25
      vertex -1.5155444566227676 -41.5 25.875
      vertex -1.75 -41.5 25
    endloop
  endfacet
  facet normal 0 1 0
    outer loop
      vertex -1.5155444566227676 -41.5 24.125
      vertex -1.5155444566227676 -41.5 25.875
      vertex -0.875 -41.5 26.515544456622766
    endloop
  endfacet
  facet normal 0 1 0
    outer loop
      vertex -0.875 -41.5 23.484455543377234
      vertex -0.875 -41.5 26.515544456622766
      vertex 0 -41.5 26.75
    endloop
  endfacet
  facet normal -0.7071067811865469 0 0.7071067811865481
    outer loop
      vertex -1.5155444566227676 -42.5 25.875
      vertex -0.875 -41.5 26.515544456622766
      vertex -1.5155444566227676 -41.5 25.875
    endloop
  endfacet
  facet normal -0.25881904510252196 0 0.965925826289068
    outer loop
      vertex -0.875 -42.5 26.515544456622766
      vertex 0 -41.5 26.75
      vertex -0.875 -41.5 26.515544456622766
    endloop
  endfacet
  facet normal -0.25881904510252196 0 0.965925826289068
    outer loop
      vertex -0.875 -42.5 26.515544456622766
      vertex 0 -42.5 26.75
      vertex 0 -41.5 26.75
    endloop
  endfacet
  facet normal 0.25881904510252196 0 -0.965925826289068
    outer loop
      vertex 0 -54.5 23.25
      vertex 0 -53.5 23.25
      vertex 0.875 -54.5 23.484455543377234
    endloop
  endfacet
  facet normal 0.7071067811865469 0 -0.7071067811865481
    outer loop
      vertex 0.875 -54.5 23.484455543377234
      vertex 0.875 -53.5 23.484455543377234
      vertex 1.5155444566227676 -54.5 24.125
    endloop
  endfacet
  facet normal 0.25881904510252196 0 -0.965925826289068
    outer loop
      vertex 0.875 -54.5 23.484455543377234
      vertex 0 -53.5 23.25
      vertex 0.875 -53.5 23.484455543377234
    endloop
  endfacet
  facet normal 0 -1 0
    outer loop
      vertex 0 -54.5 23.25
      vertex 0.875 -54.5 23.484455543377234
      vertex 0 -54.5 26.75
    endloop
  endfacet
  facet normal 0 -1 0
    outer loop
      vertex 0.875 -54.5 23.484455543377234
      vertex 1.5155444566227676 -54.5 24.125
      vertex 0.875 -54.5 26.515544456622766
    endloop
  endfacet
  facet normal 0.7071067811865469 0 -0.7071067811865481
    outer loop
      vertex 0.875 -53.5 23.484455543377234
      vertex 1.5155444566227676 -53.5 24.125
      vertex 1.5155444566227676 -54.5 24.125
    endloop
  endfacet
  facet normal 0.9659258262890682 0 -0.2588190451025208
    outer loop
      vertex 1.5155444566227676 -54.5 24.125
      vertex 1.5155444566227676 -53.5 24.125
      vertex 1.75 -54.5 25
    endloop
  endfacet
  facet normal 0.9659258262890682 0 -0.2588190451025208
    outer loop
      vertex 1.5155444566227676 -53.5 24.125
      vertex 1.75 -53.5 25
      vertex 1.75 -54.5 25
    endloop
  endfacet
  facet normal 0 -1 0
    outer loop
      vertex 0.875 -54.5 23.484455543377234
      vertex 0.875 -54.5 26.515544456622766
      vertex 0 -54.5 26.75
    endloop
  endfacet
  facet normal 0 -1 0
    outer loop
      vertex 1.5155444566227676 -54.5 24.125
      vertex 1.75 -54.5 25
      vertex 1.5155444566227676 -54.5 25.875
    endloop
  endfacet
  facet normal 0.9659258262890682 0 0.2588190451025208
    outer loop
      vertex 1.75 -54.5 25
      vertex 1.75 -53.5 25
      vertex 1.5155444566227676 -54.5 25.875
    endloop
  endfacet
  facet normal 0 -1 0
    outer loop
      vertex 1.5155444566227676 -54.5 24.125
      vertex 1.5155444566227676 -54.5 25.875
      vertex 0.875 -54.5 26.515544456622766
    endloop
  endfacet
  facet normal 0.9659258262890682 0 0.2588190451025208
    outer loop
      vertex 1.75 -53.5 25
      vertex 1.5155444566227676 -53.5 25.875
      vertex 1.5155444566227676 -54.5 25.875
    endloop
  endfacet
  facet normal 0.25881904510252196 0 0.965925826289068
    outer loop
      vertex 0.875 -54.5 26.515544456622766
      vertex 0.875 -53.5 26.515544456622766
      vertex 0 -54.5 26.75
    endloop
  endfacet
  facet normal 0.7071067811865469 0 0.7071067811865481
    outer loop
      vertex 0.875 -54.5 26.515544456622766
      vertex 1.5155444566227676 -53.5 25.875
      vertex 0.875 -53.5 26.515544456622766
    endloop
  endfacet
  facet normal 0.7071067811865469 0 0.7071067811865481
    outer loop
      vertex 0.875 -54.5 26.515544456622766
      vertex 1.5155444566227676 -54.5 25.875
      vertex 1.5155444566227676 -53.5 25.875
    endloop
  endfacet
  facet normal 0.25881904510252196 0 0.965925826289068
    outer loop
      vertex 0.875 -53.5 26.515544456622766
      vertex 0 -53.5 26.75
      vertex 0 -54.5 26.75
    endloop
  endfacet
  facet normal 0.25881904510252196 0 -0.965925826289068
    outer loop
      vertex 0 -42.5 23.25
      vertex 0 -41.5 23.25
      vertex 0.875 -42.5 23.484455543377234
    endloop
  endfacet
  facet normal 0.7071067811865469 0 -0.7071067811865481
    outer loop
      vertex 0.875 -42.5 23.484455543377234
      vertex 0.875 -41.5 23.484455543377234
      vertex 1.5155444566227676 -42.5 24.125
    endloop
  endfacet
  facet normal 0.9659258262890682 0 -0.2588190451025208
    outer loop
      vertex 1.5155444566227676 -42.5 24.125
      vertex 1.5155444566227676 -41.5 24.125
      vertex 1.75 -42.5 25
    endloop
  endfacet
  facet normal 0.25881904510252196 0 -0.965925826289068
    outer loop
      vertex 0.875 -42.5 23.484455543377234
      vertex 0 -41.5 23.25
      vertex 0.875 -41.5 23.484455543377234
    endloop
  endfacet
  facet normal 0 1 0
    outer loop
      vertex 0 -41.5 23.25
      vertex 0.875 -41.5 26.515544456622766
      vertex 0.875 -41.5 23.484455543377234
    endloop
  endfacet
  facet normal 0.7071067811865469 0 -0.7071067811865481
    outer loop
      vertex 1.5155444566227676 -42.5 24.125
      vertex 0.875 -41.5 23.484455543377234
      vertex 1.5155444566227676 -41.5 24.125
    endloop
  endfacet
  facet normal 0.9659258262890682 0 -0.2588190451025208
    outer loop
      vertex 1.5155444566227676 -41.5 24.125
      vertex 1.75 -41.5 25
      vertex 1.75 -42.5 25
    endloop
  endfacet
  facet normal 0 1 0
    outer loop
      vertex 0.875 -41.5 23.484455543377234
      vertex 1.5155444566227676 -41.5 25.875
      vertex 1.5155444566227676 -41.5 24.125
    endloop
  endfacet
  facet normal 0.9659258262890682 0 0.2588190451025208
    outer loop
      vertex 1.75 -42.5 25
      vertex 1.75 -41.5 25
      vertex 1.5155444566227676 -42.5 25.875
    endloop
  endfacet
  facet normal 0.25881904510252196 0 0.965925826289068
    outer loop
      vertex 0.875 -42.5 26.515544456622766
      vertex 0.875 -41.5 26.515544456622766
      vertex 0 -42.5 26.75
    endloop
  endfacet
  facet normal 0.7071067811865469 0 0.7071067811865481
    outer loop
      vertex 0.875 -42.5 26.515544456622766
      vertex 1.5155444566227676 -42.5 25.875
      vertex 1.5155444566227676 -41.5 25.875
    endloop
  endfacet
  facet normal 0 1 0
    outer loop
      vertex 0 -41.5 23.25
      vertex 0 -41.5 26.75
      vertex 0.875 -41.5 26.515544456622766
    endloop
  endfacet
  facet normal 0 1 0
    outer loop
      vertex 0.875 -41.5 23.484455543377234
      vertex 0.875 -41.5 26.515544456622766
      vertex 1.5155444566227676 -41.5 25.875
    endloop
  endfacet
  facet normal 0 1 0
    outer loop
      vertex 1.5155444566227676 -41.5 24.125
      vertex 1.5155444566227676 -41.5 25.875
      vertex 1.75 -41.5 25
    endloop
  endfacet
  facet normal 0.9659258262890682 0 0.2588190451025208
    outer loop
      vertex 1.5155444566227676 -42.5 25.875
      vertex 1.75 -41.5 25
      vertex 1.5155444566227676 -41.5 25.875
    endloop
  endfacet
  facet normal 0.7071067811865469 0 0.7071067811865481
    outer loop
      vertex 0.875 -42.5 26.515544456622766
      vertex 1.5155444566227676 -41.5 25.875
      vertex 0.875 -41.5 26.515544456622766
    endloop
  endfacet
  facet normal 0.25881904510252196 0 0.965925826289068
    outer loop
      vertex 0.875 -41.5 26.515544456622766
      vertex 0 -41.5 26.75
      vertex 0 -42.5 26.75
    endloop
  endfacet
  facet normal -0.8910065241883682 -0.4539904997395463 0
    outer loop
      vertex -18.706339097770922 -10.854101966249685 50
      vertex -17.854101966249686 -12.526711513754838 50
      vertex -18.706339097770922 -10.854101966249685 55
    endloop
  endfacet
  facet normal 0 0 1
    outer loop
      vertex -18.436764678117328 -11.251981665107191 55
      vertex -18.884711682419383 -9 55
      vertex -18.706339097770922 -10.854101966249685 55
    endloop
  endfacet
  facet normal 0 0 -1
    outer loop
      vertex -16.52671151375484 -13.854101966249685 50
      vertex -14.265314019862949 -12.054738267413951 50
      vertex -14.854101966249685 -14.706339097770922 50
    endloop
  endfacet
  facet normal 0 0 -1
    outer loop
      vertex -14.854101966249685 -14.706339097770922 50
      vertex -14.265314019862949 -12.054738267413951 50
      vertex -13 -12.306424874583561 50
    endloop
  endfacet
  facet normal -0.45399049973954664 -0.8910065241883679 0
    outer loop
      vertex -16.52671151375484 -13.854101966249685 50
      vertex -14.854101966249685 -14.706339097770922 50
      vertex -14.854101966249685 -14.706339097770922 55
    endloop
  endfacet
  facet normal 0 0 -1
    outer loop
      vertex -16.52671151375484 -13.854101966249685 50
      vertex -16.306424874583563 -9 50
      vertex -16.05473826741395 -10.265314019862949 50
    endloop
  endfacet
  facet normal 0 0 -1
    outer loop
      vertex -16.52671151375484 -13.854101966249685 50
      vertex -15.337995450301916 -11.337995450301916 50
      vertex -14.265314019862949 -12.054738267413951 50
    endloop
  endfacet
  facet normal 0 0 -1
    outer loop
      vertex -16.52671151375484 -13.854101966249685 50
      vertex -16.05473826741395 -10.265314019862949 50
      vertex -15.337995450301916 -11.337995450301916 50
    endloop
  endfacet
  facet normal -0.7071067811865475 -0.7071067811865475 0
    outer loop
      vertex -16.52671151375484 -13.854101966249685 50
      vertex -17.854101966249686 -12.526711513754838 55
      vertex -17.854101966249686 -12.526711513754838 50
    endloop
  endfacet
  facet normal 0 0 -1
    outer loop
      vertex -14.854101966249685 -14.706339097770922 50
      vertex -13 -12.306424874583561 50
      vertex -13 -15 50
    endloop
  endfacet
  facet normal 0 0 -1
    outer loop
      vertex -13 -15 50
      vertex -11.734685980137051 -12.054738267413951 50
      vertex -11.145898033750315 -14.706339097770922 50
    endloop
  endfacet
  facet normal 0 0 -1
    outer loop
      vertex -13 -15 50
      vertex -13 -12.306424874583561 50
      vertex -11.734685980137051 -12.054738267413951 50
    endloop
  endfacet
  facet normal -0.15643446504023065 -0.9876883405951378 0
    outer loop
      vertex -14.854101966249685 -14.706339097770922 50
      vertex -13 -15 50
      vertex -13 -15 55
    endloop
  endfacet
  facet normal 0.15643446504023065 -0.9876883405951378 0
    outer loop
      vertex -13 -15 50
      vertex -11.145898033750315 -14.706339097770922 50
      vertex -11.145898033750315 -14.706339097770922 55
    endloop
  endfacet
  facet normal 0.4539904997395471 -0.8910065241883679 0
    outer loop
      vertex -11.145898033750315 -14.706339097770922 50
      vertex -9.473288486245162 -13.854101966249685 50
      vertex -9.473288486245162 -13.854101966249685 55
    endloop
  endfacet
  facet normal 0 0 -1
    outer loop
      vertex -11.145898033750315 -14.706339097770922 50
      vertex -11.734685980137051 -12.054738267413951 50
      vertex -10.662004549698084 -11.337995450301916 50
    endloop
  endfacet
  facet normal 0 0 -1
    outer loop
      vertex -11.145898033750315 -14.706339097770922 50
      vertex -10.662004549698084 -11.337995450301916 50
      vertex -9.945261732586049 -10.265314019862949 50
    endloop
  endfacet
  facet normal 0 0 -1
    outer loop
      vertex -11.145898033750315 -14.706339097770922 50
      vertex -9.945261732586049 -10.265314019862949 50
      vertex -9.473288486245162 -13.854101966249685 50
    endloop
  endfacet
  facet normal 0 0 -1
    outer loop
      vertex -9.473288486245162 -13.854101966249685 50
      vertex -9.945261732586049 -10.265314019862949 50
      vertex -9.693575125416439 -9 50
    endloop
  endfacet
  facet normal 0.7071067811865475 -0.7071067811865475 0
    outer loop
      vertex -9.473288486245162 -13.854101966249685 50
      vertex -8.145898033750315 -12.526711513754838 50
      vertex -9.473288486245162 -13.854101966249685 55
    endloop
  endfacet
  facet normal 0 0 -1
    outer loop
      vertex -9.473288486245162 -13.854101966249685 50
      vertex -8.145898033750315 -5.473288486245162 50
      vertex -8.145898033750315 -12.526711513754838 50
    endloop
  endfacet
  facet normal 0.8910065241883679 -0.4539904997395466 0
    outer loop
      vertex -8.145898033750315 -12.526711513754838 50
      vertex -7.293660902229079 -10.854101966249685 50
      vertex -8.145898033750315 -12.526711513754838 55
    endloop
  endfacet
  facet normal -0.7071067811865475 -0.7071067811865475 0
    outer loop
      vertex -16.52671151375484 -13.854101966249685 50
      vertex -16.52671151375484 -13.854101966249685 55
      vertex -17.854101966249686 -12.526711513754838 55
    endloop
  endfacet
  facet normal 0 0 1
    outer loop
      vertex -16.52671151375484 -13.854101966249685 55
      vertex -15.251981665107191 -14.436764678117328 55
      vertex -17.161119535966442 -13.161119535966442 55
    endloop
  endfacet
  facet normal 0 0 1
    outer loop
      vertex -16.52671151375484 -13.854101966249685 55
      vertex -17.161119535966442 -13.161119535966442 55
      vertex -17.854101966249686 -12.526711513754838 55
    endloop
  endfacet
  facet normal -0.15643446504023065 -0.9876883405951378 0
    outer loop
      vertex -14.854101966249685 -14.706339097770922 50
      vertex -13 -15 55
      vertex -14.854101966249685 -14.706339097770922 55
    endloop
  endfacet
  facet normal 0 0 1
    outer loop
      vertex -15.251981665107191 -14.436764678117328 55
      vertex -14.854101966249685 -14.706339097770922 55
      vertex -13 -15 55
    endloop
  endfacet
  facet normal -0.45399049973954664 -0.8910065241883679 0
    outer loop
      vertex -16.52671151375484 -13.854101966249685 50
      vertex -14.854101966249685 -14.706339097770922 55
      vertex -16.52671151375484 -13.854101966249685 55
    endloop
  endfacet
  facet normal 0 0 1
    outer loop
      vertex -16.52671151375484 -13.854101966249685 55
      vertex -14.854101966249685 -14.706339097770922 55
      vertex -15.251981665107191 -14.436764678117328 55
    endloop
  endfacet
  facet normal -0.8910065241883682 -0.4539904997395463 0
    outer loop
      vertex -18.706339097770922 -10.854101966249685 55
      vertex -17.854101966249686 -12.526711513754838 50
      vertex -17.854101966249686 -12.526711513754838 55
    endloop
  endfacet
  facet normal 0 0 1
    outer loop
      vertex -18.436764678117328 -11.251981665107191 55
      vertex -17.854101966249686 -12.526711513754838 55
      vertex -17.161119535966442 -13.161119535966442 55
    endloop
  endfacet
  facet normal 0 0 1
    outer loop
      vertex -18.436764678117328 -11.251981665107191 55
      vertex -18.706339097770922 -10.854101966249685 55
      vertex -17.854101966249686 -12.526711513754838 55
    endloop
  endfacet
  facet normal 0.15643446504023065 -0.9876883405951378 0
    outer loop
      vertex -13 -15 50
      vertex -11.145898033750315 -14.706339097770922 55
      vertex -13 -15 55
    endloop
  endfacet
  facet normal 0 0 1
    outer loop
      vertex -15.251981665107191 -14.436764678117328 55
      vertex -13 -15 55
      vertex -13 -14.884711682419383 55
    endloop
  endfacet
  facet normal 0 0 1
    outer loop
      vertex -13 -15 55
      vertex -11.145898033750315 -14.706339097770922 55
      vertex -13 -14.884711682419383 55
    endloop
  endfacet
  facet normal 0 0 1
    outer loop
      vertex -13 -14.884711682419383 55
      vertex -11.145898033750315 -14.706339097770922 55
      vertex -10.748018334892809 -14.436764678117328 55
    endloop
  endfacet
  facet normal 0.4539904997395471 -0.8910065241883679 0
    outer loop
      vertex -11.145898033750315 -14.706339097770922 50
      vertex -9.473288486245162 -13.854101966249685 55
      vertex -11.145898033750315 -14.706339097770922 55
    endloop
  endfacet
  facet normal 0 0 1
    outer loop
      vertex -11.145898033750315 -14.706339097770922 55
      vertex -9.473288486245162 -13.854101966249685 55
      vertex -10.748018334892809 -14.436764678117328 55
    endloop
  endfacet
  facet normal 0 0 1
    outer loop
      vertex -10.748018334892809 -14.436764678117328 55
      vertex -9.473288486245162 -13.854101966249685 55
      vertex -8.838880464033558 -13.161119535966442 55
    endloop
  endfacet
  facet normal 0 0 1
    outer loop
      vertex -9.473288486245162 -13.854101966249685 55
      vertex -8.145898033750315 -12.526711513754838 55
      vertex -8.838880464033558 -13.161119535966442 55
    endloop
  endfacet
  facet normal 0.7071067811865475 -0.7071067811865475 0
    outer loop
      vertex -8.145898033750315 -12.526711513754838 50
      vertex -8.145898033750315 -12.526711513754838 55
      vertex -9.473288486245162 -13.854101966249685 55
    endloop
  endfacet
  facet normal 0 0 1
    outer loop
      vertex -8.838880464033558 -13.161119535966442 55
      vertex -8.145898033750315 -12.526711513754838 55
      vertex -7.563235321882673 -11.251981665107191 55
    endloop
  endfacet
  facet normal 0.8910065241883679 -0.4539904997395466 0
    outer loop
      vertex -7.293660902229079 -10.854101966249685 50
      vertex -7.293660902229079 -10.854101966249685 55
      vertex -8.145898033750315 -12.526711513754838 55
    endloop
  endfacet
  facet normal 0 0 1
    outer loop
      vertex -8.145898033750315 -12.526711513754838 55
      vertex -7.293660902229079 -10.854101966249685 55
      vertex -7.563235321882673 -11.251981665107191 55
    endloop
  endfacet
  facet normal 0 0 1
    outer loop
      vertex -7.563235321882673 -11.251981665107191 55
      vertex -7.293660902229079 -10.854101966249685 55
      vertex -7 -9 55
    endloop
  endfacet
  facet normal 0 0 -1
    outer loop
      vertex -18.706339097770922 -10.854101966249685 50
      vertex -19 -9 50
      vertex -18.706339097770922 -7.145898033750315 50
    endloop
  endfacet
  facet normal 0 0 -1
    outer loop
      vertex -18.706339097770922 -10.854101966249685 50
      vertex -18.706339097770922 -7.145898033750315 50
      vertex -17.854101966249686 -5.473288486245162 50
    endloop
  endfacet
  facet normal -0.9876883405951378 -0.15643446504023065 0
    outer loop
      vertex -18.706339097770922 -10.854101966249685 50
      vertex -19 -9 55
      vertex -19 -9 50
    endloop
  endfacet
  facet normal -0.9876883405951378 0.15643446504023065 0
    outer loop
      vertex -19 -9 50
      vertex -18.706339097770922 -7.145898033750315 55
      vertex -18.706339097770922 -7.145898033750315 50
    endloop
  endfacet
  facet normal -0.9876883405951378 -0.15643446504023065 0
    outer loop
      vertex -18.706339097770922 -10.854101966249685 50
      vertex -18.706339097770922 -10.854101966249685 55
      vertex -19 -9 55
    endloop
  endfacet
  facet normal 0 0 1
    outer loop
      vertex -18.706339097770922 -10.854101966249685 55
      vertex -18.884711682419383 -9 55
      vertex -19 -9 55
    endloop
  endfacet
  facet normal -0.9876883405951378 0.15643446504023065 0
    outer loop
      vertex -19 -9 50
      vertex -19 -9 55
      vertex -18.706339097770922 -7.145898033750315 55
    endloop
  endfacet
  facet normal 0 0 1
    outer loop
      vertex -19 -9 55
      vertex -18.884711682419383 -9 55
      vertex -18.436764678117328 -6.748018334892809 55
    endloop
  endfacet
  facet normal 0 0 1
    outer loop
      vertex -19 -9 55
      vertex -18.436764678117328 -6.748018334892809 55
      vertex -18.706339097770922 -7.145898033750315 55
    endloop
  endfacet
  facet normal -0.8910065241883682 0.4539904997395463 0
    outer loop
      vertex -18.706339097770922 -7.145898033750315 50
      vertex -18.706339097770922 -7.145898033750315 55
      vertex -17.854101966249686 -5.473288486245162 55
    endloop
  endfacet
  facet normal 0 0 -1
    outer loop
      vertex -18.706339097770922 -10.854101966249685 50
      vertex -17.854101966249686 -5.473288486245162 50
      vertex -17.854101966249686 -12.526711513754838 50
    endloop
  endfacet
  facet normal 0 0 -1
    outer loop
      vertex -16.52671151375484 -13.854101966249685 50
      vertex -17.854101966249686 -12.526711513754838 50
      vertex -16.52671151375484 -4.145898033750315 50
    endloop
  endfacet
  facet normal 0 0 -1
    outer loop
      vertex -16.52671151375484 -13.854101966249685 50
      vertex -16.52671151375484 -4.145898033750315 50
      vertex -16.306424874583563 -9 50
    endloop
  endfacet
  facet normal 0 0 -1
    outer loop
      vertex -17.854101966249686 -12.526711513754838 50
      vertex -17.854101966249686 -5.473288486245162 50
      vertex -16.52671151375484 -4.145898033750315 50
    endloop
  endfacet
  facet normal 0 0 -1
    outer loop
      vertex -16.306424874583563 -9 50
      vertex -16.52671151375484 -4.145898033750315 50
      vertex -16.05473826741395 -7.734685980137051 50
    endloop
  endfacet
  facet normal 0 0 -1
    outer loop
      vertex -16.05473826741395 -7.734685980137051 50
      vertex -14.854101966249685 -3.293660902229079 50
      vertex -15.337995450301916 -6.662004549698084 50
    endloop
  endfacet
  facet normal 0 0 -1
    outer loop
      vertex -16.05473826741395 -7.734685980137051 50
      vertex -16.52671151375484 -4.145898033750315 50
      vertex -14.854101966249685 -3.293660902229079 50
    endloop
  endfacet
  facet normal 0 0 -1
    outer loop
      vertex -15.337995450301916 -6.662004549698084 50
      vertex -14.854101966249685 -3.293660902229079 50
      vertex -14.265314019862949 -5.945261732586049 50
    endloop
  endfacet
  facet normal -0.8910065241883682 0.4539904997395463 0
    outer loop
      vertex -18.706339097770922 -7.145898033750315 50
      vertex -17.854101966249686 -5.473288486245162 55
      vertex -17.854101966249686 -5.473288486245162 50
    endloop
  endfacet
  facet normal 0 0 -1
    outer loop
      vertex -9.473288486245162 -13.854101966249685 50
      vertex -9.693575125416439 -9 50
      vertex -9.473288486245162 -4.145898033750315 50
    endloop
  endfacet
  facet normal 0 0 -1
    outer loop
      vertex -14.265314019862949 -5.945261732586049 50
      vertex -13 -3 50
      vertex -13 -5.693575125416439 50
    endloop
  endfacet
  facet normal 0 0 -1
    outer loop
      vertex -13 -5.693575125416439 50
      vertex -11.145898033750315 -3.293660902229079 50
      vertex -11.734685980137051 -5.945261732586049 50
    endloop
  endfacet
  facet normal 0 0 -1
    outer loop
      vertex -9.693575125416439 -9 50
      vertex -9.945261732586049 -7.734685980137051 50
      vertex -9.473288486245162 -4.145898033750315 50
    endloop
  endfacet
  facet normal 0 0 -1
    outer loop
      vertex -9.945261732586049 -7.734685980137051 50
      vertex -10.662004549698084 -6.662004549698084 50
      vertex -9.473288486245162 -4.145898033750315 50
    endloop
  endfacet
  facet normal 0 0 -1
    outer loop
      vertex -11.734685980137051 -5.945261732586049 50
      vertex -9.473288486245162 -4.145898033750315 50
      vertex -10.662004549698084 -6.662004549698084 50
    endloop
  endfacet
  facet normal 0 0 -1
    outer loop
      vertex -14.265314019862949 -5.945261732586049 50
      vertex -14.854101966249685 -3.293660902229079 50
      vertex -13 -3 50
    endloop
  endfacet
  facet normal -0.7071067811865475 0.7071067811865475 0
    outer loop
      vertex -17.854101966249686 -5.473288486245162 50
      vertex -16.52671151375484 -4.145898033750315 55
      vertex -16.52671151375484 -4.145898033750315 50
    endloop
  endfacet
  facet normal -0.45399049973954625 0.8910065241883681 0
    outer loop
      vertex -16.52671151375484 -4.145898033750315 50
      vertex -16.52671151375484 -4.145898033750315 55
      vertex -14.854101966249685 -3.293660902229079 50
    endloop
  endfacet
  facet normal -0.15643446504023112 0.9876883405951378 0
    outer loop
      vertex -14.854101966249685 -3.293660902229079 50
      vertex -14.854101966249685 -3.293660902229079 55
      vertex -13 -3 50
    endloop
  endfacet
  facet normal 0 0 -1
    outer loop
      vertex -13 -5.693575125416439 50
      vertex -13 -3 50
      vertex -11.145898033750315 -3.293660902229079 50
    endloop
  endfacet
  facet normal 0 0 -1
    outer loop
      vertex -11.734685980137051 -5.945261732586049 50
      vertex -11.145898033750315 -3.293660902229079 50
      vertex -9.473288486245162 -4.145898033750315 50
    endloop
  endfacet
  facet normal 0.15643446504023112 0.9876883405951378 0
    outer loop
      vertex -13 -3 50
      vertex -13 -3 55
      vertex -11.145898033750315 -3.293660902229079 50
    endloop
  endfacet
  facet normal 0.4539904997395466 0.8910065241883679 0
    outer loop
      vertex -9.473288486245162 -4.145898033750315 50
      vertex -11.145898033750315 -3.293660902229079 50
      vertex -11.145898033750315 -3.293660902229079 55
    endloop
  endfacet
  facet normal 0 0 -1
    outer loop
      vertex -8.145898033750315 -12.526711513754838 50
      vertex -7.293660902229079 -7.145898033750315 50
      vertex -7.293660902229079 -10.854101966249685 50
    endloop
  endfacet
  facet normal 0 0 -1
    outer loop
      vertex -7.293660902229079 -10.854101966249685 50
      vertex -7.293660902229079 -7.145898033750315 50
      vertex -7 -9 50
    endloop
  endfacet
  facet normal 0 0 -1
    outer loop
      vertex -9.473288486245162 -13.854101966249685 50
      vertex -9.473288486245162 -4.145898033750315 50
      vertex -8.145898033750315 -5.473288486245162 50
    endloop
  endfacet
  facet normal 0 0 -1
    outer loop
      vertex -8.145898033750315 -12.526711513754838 50
      vertex -8.145898033750315 -5.473288486245162 50
      vertex -7.293660902229079 -7.145898033750315 50
    endloop
  endfacet
  facet normal 0.9876883405951378 -0.15643446504023112 0
    outer loop
      vertex -7.293660902229079 -10.854101966249685 50
      vertex -7 -9 50
      vertex -7.293660902229079 -10.854101966249685 55
    endloop
  endfacet
  facet normal 0.9876883405951378 0.15643446504023112 0
    outer loop
      vertex -7 -9 50
      vertex -7.293660902229079 -7.145898033750315 50
      vertex -7 -9 55
    endloop
  endfacet
  facet normal 0.8910065241883679 0.4539904997395466 0
    outer loop
      vertex -7.293660902229079 -7.145898033750315 50
      vertex -8.145898033750315 -5.473288486245162 50
      vertex -7.293660902229079 -7.145898033750315 55
    endloop
  endfacet
  facet normal 0.7071067811865475 0.7071067811865475 0
    outer loop
      vertex -9.473288486245162 -4.145898033750315 50
      vertex -8.145898033750315 -5.473288486245162 55
      vertex -8.145898033750315 -5.473288486245162 50
    endloop
  endfacet
  facet normal 0 0 1
    outer loop
      vertex -18.706339097770922 -7.145898033750315 55
      vertex -18.436764678117328 -6.748018334892809 55
      vertex -17.854101966249686 -5.473288486245162 55
    endloop
  endfacet
  facet normal -0.7071067811865475 0.7071067811865475 0
    outer loop
      vertex -17.854101966249686 -5.473288486245162 50
      vertex -17.854101966249686 -5.473288486245162 55
      vertex -16.52671151375484 -4.145898033750315 55
    endloop
  endfacet
  facet normal 0 0 1
    outer loop
      vertex -18.436764678117328 -6.748018334892809 55
      vertex -17.161119535966442 -4.838880464033557 55
      vertex -17.854101966249686 -5.473288486245162 55
    endloop
  endfacet
  facet normal 0 0 1
    outer loop
      vertex -17.854101966249686 -5.473288486245162 55
      vertex -17.161119535966442 -4.838880464033557 55
      vertex -16.52671151375484 -4.145898033750315 55
    endloop
  endfacet
  facet normal 0 0 1
    outer loop
      vertex -17.161119535966442 -4.838880464033557 55
      vertex -15.251981665107191 -3.563235321882673 55
      vertex -16.52671151375484 -4.145898033750315 55
    endloop
  endfacet
  facet normal -0.45399049973954625 0.8910065241883681 0
    outer loop
      vertex -14.854101966249685 -3.293660902229079 50
      vertex -16.52671151375484 -4.145898033750315 55
      vertex -14.854101966249685 -3.293660902229079 55
    endloop
  endfacet
  facet normal 0 0 1
    outer loop
      vertex -16.52671151375484 -4.145898033750315 55
      vertex -15.251981665107191 -3.563235321882673 55
      vertex -14.854101966249685 -3.293660902229079 55
    endloop
  endfacet
  facet normal 0 0 1
    outer loop
      vertex -15.251981665107191 -3.563235321882673 55
      vertex -13 -3.1152883175806174 55
      vertex -14.854101966249685 -3.293660902229079 55
    endloop
  endfacet
  facet normal -0.15643446504023112 0.9876883405951378 0
    outer loop
      vertex -13 -3 50
      vertex -14.854101966249685 -3.293660902229079 55
      vertex -13 -3 55
    endloop
  endfacet
  facet normal 0.15643446504023112 0.9876883405951378 0
    outer loop
      vertex -11.145898033750315 -3.293660902229079 50
      vertex -13 -3 55
      vertex -11.145898033750315 -3.293660902229079 55
    endloop
  endfacet
  facet normal 0 0 1
    outer loop
      vertex -14.854101966249685 -3.293660902229079 55
      vertex -13 -3.1152883175806174 55
      vertex -13 -3 55
    endloop
  endfacet
  facet normal 0 0 1
    outer loop
      vertex -13 -3.1152883175806174 55
      vertex -10.748018334892809 -3.563235321882673 55
      vertex -13 -3 55
    endloop
  endfacet
  facet normal 0 0 1
    outer loop
      vertex -13 -3 55
      vertex -10.748018334892809 -3.563235321882673 55
      vertex -11.145898033750315 -3.293660902229079 55
    endloop
  endfacet
  facet normal 0.4539904997395466 0.8910065241883679 0
    outer loop
      vertex -9.473288486245162 -4.145898033750315 50
      vertex -11.145898033750315 -3.293660902229079 55
      vertex -9.473288486245162 -4.145898033750315 55
    endloop
  endfacet
  facet normal 0 0 1
    outer loop
      vertex -10.748018334892809 -3.563235321882673 55
      vertex -9.473288486245162 -4.145898033750315 55
      vertex -11.145898033750315 -3.293660902229079 55
    endloop
  endfacet
  facet normal 0 0 1
    outer loop
      vertex -10.748018334892809 -3.563235321882673 55
      vertex -8.838880464033558 -4.838880464033557 55
      vertex -9.473288486245162 -4.145898033750315 55
    endloop
  endfacet
  facet normal 0.9876883405951378 -0.15643446504023112 0
    outer loop
      vertex -7.293660902229079 -10.854101966249685 55
      vertex -7 -9 50
      vertex -7 -9 55
    endloop
  endfacet
  facet normal 0 0 1
    outer loop
      vertex -7.563235321882673 -11.251981665107191 55
      vertex -7 -9 55
      vertex -7.115288317580617 -9 55
    endloop
  endfacet
  facet normal 0.9876883405951378 0.15643446504023112 0
    outer loop
      vertex -7.293660902229079 -7.145898033750315 50
      vertex -7.293660902229079 -7.145898033750315 55
      vertex -7 -9 55
    endloop
  endfacet
  facet normal 0 0 1
    outer loop
      vertex -7.115288317580617 -9 55
      vertex -7 -9 55
      vertex -7.293660902229079 -7.145898033750315 55
    endloop
  endfacet
  facet normal 0 0 1
    outer loop
      vertex -7.115288317580617 -9 55
      vertex -7.293660902229079 -7.145898033750315 55
      vertex -7.563235321882673 -6.748018334892809 55
    endloop
  endfacet
  facet normal 0 0 1
    outer loop
      vertex -7.293660902229079 -7.145898033750315 55
      vertex -8.145898033750315 -5.473288486245162 55
      vertex -7.563235321882673 -6.748018334892809 55
    endloop
  endfacet
  facet normal 0.8910065241883679 0.4539904997395466 0
    outer loop
      vertex -8.145898033750315 -5.473288486245162 50
      vertex -8.145898033750315 -5.473288486245162 55
      vertex -7.293660902229079 -7.145898033750315 55
    endloop
  endfacet
  facet normal 0 0 1
    outer loop
      vertex -7.563235321882673 -6.748018334892809 55
      vertex -8.145898033750315 -5.473288486245162 55
      vertex -8.838880464033558 -4.838880464033557 55
    endloop
  endfacet
  facet normal 0 0 1
    outer loop
      vertex -9.473288486245162 -4.145898033750315 55
      vertex -8.838880464033558 -4.838880464033557 55
      vertex -8.145898033750315 -5.473288486245162 55
    endloop
  endfacet
  facet normal 0.7071067811865475 0.7071067811865475 0
    outer loop
      vertex -9.473288486245162 -4.145898033750315 50
      vertex -9.473288486245162 -4.145898033750315 55
      vertex -8.145898033750315 -5.473288486245162 55
    endloop
  endfacet
  facet normal -0.9807852804032305 -0.19509032201612792 0
    outer loop
      vertex -18.436764678117328 -11.251981665107191 55
      vertex -18.436764678117328 -11.251981665107191 56.17054193209677
      vertex -18.884711682419383 -9 55
    endloop
  endfacet
  facet normal -0.21614744150487628 -0.3234875065416003 -0.9212144791753949
    outer loop
      vertex -14.265314019862949 -12.054738267413951 50
      vertex -13.827698137848829 -9.827698137848829 49.11528831758062
      vertex -13.447947004302055 -10.081439733010422 49.11528831758062
    endloop
  endfacet
  facet normal -0.07590088788047246 -0.38157953112891424 -0.9212144791753948
    outer loop
      vertex -13 -12.306424874583561 50
      vertex -13.447947004302055 -10.081439733010422 49.11528831758062
      vertex -13 -10.17054193209677 49.11528831758062
    endloop
  endfacet
  facet normal 0.07590088788047243 -0.3815795311289141 -0.9212144791753949
    outer loop
      vertex -11.734685980137051 -12.054738267413951 50
      vertex -13 -10.17054193209677 49.11528831758062
      vertex -12.552052995697945 -10.081439733010422 49.11528831758062
    endloop
  endfacet
  facet normal 0.21614744150487628 -0.32348750654160063 -0.9212144791753949
    outer loop
      vertex -10.662004549698084 -11.337995450301916 50
      vertex -12.552052995697945 -10.081439733010422 49.11528831758062
      vertex -12.172301862151171 -9.827698137848829 49.11528831758062
    endloop
  endfacet
  facet normal -0.32348750654160047 -0.21614744150487655 -0.9212144791753949
    outer loop
      vertex -15.337995450301916 -11.337995450301916 50
      vertex -16.05473826741395 -10.265314019862949 50
      vertex -14.081439733010422 -9.447947004302055 49.11528831758062
    endloop
  endfacet
  facet normal -0.21614744150487689 -0.3234875065416002 -0.9212144791753948
    outer loop
      vertex -14.265314019862949 -12.054738267413951 50
      vertex -15.337995450301916 -11.337995450301916 50
      vertex -13.827698137848829 -9.827698137848829 49.11528831758062
    endloop
  endfacet
  facet normal -0.07590088788047199 -0.38157953112891413 -0.9212144791753948
    outer loop
      vertex -14.265314019862949 -12.054738267413951 50
      vertex -13.447947004302055 -10.081439733010422 49.11528831758062
      vertex -13 -12.306424874583561 50
    endloop
  endfacet
  facet normal 0.07590088788047203 -0.3815795311289143 -0.9212144791753949
    outer loop
      vertex -13 -12.306424874583561 50
      vertex -13 -10.17054193209677 49.11528831758062
      vertex -11.734685980137051 -12.054738267413951 50
    endloop
  endfacet
  facet normal 0.21614744150487683 -0.32348750654160013 -0.9212144791753948
    outer loop
      vertex -11.734685980137051 -12.054738267413951 50
      vertex -12.552052995697945 -10.081439733010422 49.11528831758062
      vertex -10.662004549698084 -11.337995450301916 50
    endloop
  endfacet
  facet normal 0.32348750654160024 -0.2161474415048769 -0.9212144791753948
    outer loop
      vertex -10.662004549698084 -11.337995450301916 50
      vertex -12.172301862151171 -9.827698137848829 49.11528831758062
      vertex -9.945261732586049 -10.265314019862949 50
    endloop
  endfacet
  facet normal -0.5555702330196025 -0.831469612302545 0
    outer loop
      vertex -17.161119535966442 -13.161119535966442 55
      vertex -15.251981665107191 -14.436764678117328 56.17054193209677
      vertex -17.161119535966442 -13.161119535966442 56.17054193209677
    endloop
  endfacet
  facet normal -0.5147164328119485 -0.7703275794849854 0.37638067707860157
    outer loop
      vertex -17.161119535966442 -13.161119535966442 56.17054193209677
      vertex -15.251981665107191 -14.436764678117328 56.17054193209677
      vertex -16.527626807258077 -12.527626807258077 58.333421398117615
    endloop
  endfacet
  facet normal -0.19509032201612792 -0.9807852804032305 0
    outer loop
      vertex -15.251981665107191 -14.436764678117328 55
      vertex -13 -14.884711682419383 56.17054193209677
      vertex -15.251981665107191 -14.436764678117328 56.17054193209677
    endloop
  endfacet
  facet normal -0.5555702330196025 -0.831469612302545 0
    outer loop
      vertex -17.161119535966442 -13.161119535966442 55
      vertex -15.251981665107191 -14.436764678117328 55
      vertex -15.251981665107191 -14.436764678117328 56.17054193209677
    endloop
  endfacet
  facet normal -0.18074437515937358 -0.9086633352183305 0.3763806770786027
    outer loop
      vertex -15.251981665107191 -14.436764678117328 56.17054193209677
      vertex -13 -14.884711682419383 56.17054193209677
      vertex -14.90913787085925 -13.609066540268497 58.333421398117615
    endloop
  endfacet
  facet normal -0.831469612302545 -0.5555702330196025 0
    outer loop
      vertex -18.436764678117328 -11.251981665107191 55
      vertex -17.161119535966442 -13.161119535966442 55
      vertex -17.161119535966442 -13.161119535966442 56.17054193209677
    endloop
  endfacet
  facet normal -0.831469612302545 -0.5555702330196025 0
    outer loop
      vertex -18.436764678117328 -11.251981665107191 55
      vertex -17.161119535966442 -13.161119535966442 56.17054193209677
      vertex -18.436764678117328 -11.251981665107191 56.17054193209677
    endloop
  endfacet
  facet normal -0.7703275794849854 -0.5147164328119485 0.3763806770786016
    outer loop
      vertex -18.436764678117328 -11.251981665107191 56.17054193209677
      vertex -17.161119535966442 -13.161119535966442 56.17054193209677
      vertex -16.527626807258077 -12.527626807258077 58.333421398117615
    endloop
  endfacet
  facet normal -0.9086633352183305 -0.18074437515937358 0.3763806770786027
    outer loop
      vertex -18.436764678117328 -11.251981665107191 56.17054193209677
      vertex -17.609066540268497 -10.90913787085925 58.333421398117615
      vertex -18.884711682419383 -9 56.17054193209677
    endloop
  endfacet
  facet normal -0.19509032201612792 -0.9807852804032305 0
    outer loop
      vertex -15.251981665107191 -14.436764678117328 55
      vertex -13 -14.884711682419383 55
      vertex -13 -14.884711682419383 56.17054193209677
    endloop
  endfacet
  facet normal 0.19509032201612792 -0.9807852804032305 0
    outer loop
      vertex -13 -14.884711682419383 55
      vertex -10.748018334892809 -14.436764678117328 55
      vertex -10.748018334892809 -14.436764678117328 56.17054193209677
    endloop
  endfacet
  facet normal 0.19509032201612792 -0.9807852804032305 0
    outer loop
      vertex -13 -14.884711682419383 55
      vertex -10.748018334892809 -14.436764678117328 56.17054193209677
      vertex -13 -14.884711682419383 56.17054193209677
    endloop
  endfacet
  facet normal 0.18074437515937358 -0.9086633352183305 0.3763806770786027
    outer loop
      vertex -13 -14.884711682419383 56.17054193209677
      vertex -10.748018334892809 -14.436764678117328 56.17054193209677
      vertex -11.09086212914075 -13.609066540268497 58.333421398117615
    endloop
  endfacet
  facet normal 0.5555702330196025 -0.831469612302545 0
    outer loop
      vertex -10.748018334892809 -14.436764678117328 55
      vertex -8.838880464033558 -13.161119535966442 56.17054193209677
      vertex -10.748018334892809 -14.436764678117328 56.17054193209677
    endloop
  endfacet
  facet normal 0.5555702330196025 -0.831469612302545 0
    outer loop
      vertex -10.748018334892809 -14.436764678117328 55
      vertex -8.838880464033558 -13.161119535966442 55
      vertex -8.838880464033558 -13.161119535966442 56.17054193209677
    endloop
  endfacet
  facet normal 0.5147164328119485 -0.7703275794849854 0.3763806770786016
    outer loop
      vertex -10.748018334892809 -14.436764678117328 56.17054193209677
      vertex -8.838880464033558 -13.161119535966442 56.17054193209677
      vertex -9.472373192741923 -12.527626807258077 58.333421398117615
    endloop
  endfacet
  facet normal -0.514716432811947 -0.7703275794849858 0.37638067707860273
    outer loop
      vertex -15.251981665107191 -14.436764678117328 56.17054193209677
      vertex -14.90913787085925 -13.609066540268497 58.333421398117615
      vertex -16.527626807258077 -12.527626807258077 58.333421398117615
    endloop
  endfacet
  facet normal -0.1392813253171536 -0.7002145072825524 0.7002145072825537
    outer loop
      vertex -14.90913787085925 -13.609066540268497 58.333421398117615
      vertex -13 -13.988817673815271 58.333421398117615
      vertex -14.275645142150884 -12.07967980295602 59.98881767381527
    endloop
  endfacet
  facet normal -0.7703275794849858 -0.514716432811947 0.37638067707860273
    outer loop
      vertex -18.436764678117328 -11.251981665107191 56.17054193209677
      vertex -16.527626807258077 -12.527626807258077 58.333421398117615
      vertex -17.609066540268497 -10.90913787085925 58.333421398117615
    endloop
  endfacet
  facet normal -0.5936131960090993 -0.3966396567602809 0.7002145072825535
    outer loop
      vertex -16.527626807258077 -12.527626807258077 58.333421398117615
      vertex -16.079679802956022 -10.275645142150884 59.98881767381527
      vertex -17.609066540268497 -10.90913787085925 58.333421398117615
    endloop
  endfacet
  facet normal -0.3966396567602804 -0.5936131960090987 0.7002145072825543
    outer loop
      vertex -14.90913787085925 -13.609066540268497 58.333421398117615
      vertex -15.357084875161306 -11.357084875161306 59.98881767381527
      vertex -16.527626807258077 -12.527626807258077 58.333421398117615
    endloop
  endfacet
  facet normal -0.3966396567602818 -0.5936131960090985 0.7002145072825539
    outer loop
      vertex -14.90913787085925 -13.609066540268497 58.333421398117615
      vertex -14.275645142150884 -12.07967980295602 59.98881767381527
      vertex -15.357084875161306 -11.357084875161306 59.98881767381527
    endloop
  endfacet
  facet normal -0.5936131960090975 -0.39663965676028207 0.7002145072825545
    outer loop
      vertex -16.527626807258077 -12.527626807258077 58.333421398117615
      vertex -15.357084875161306 -11.357084875161306 59.98881767381527
      vertex -16.079679802956022 -10.275645142150884 59.98881767381527
    endloop
  endfacet
  facet normal -0.32348750654160036 -0.21614744150487764 0.9212144791753946
    outer loop
      vertex -16.079679802956022 -10.275645142150884 59.98881767381527
      vertex -15.357084875161306 -11.357084875161306 59.98881767381527
      vertex -14.081439733010422 -9.447947004302055 60.88471168241938
    endloop
  endfacet
  facet normal -0.21614744150487747 -0.3234875065416009 0.9212144791753946
    outer loop
      vertex -14.275645142150884 -12.07967980295602 59.98881767381527
      vertex -13.827698137848829 -9.827698137848829 60.88471168241938
      vertex -15.357084875161306 -11.357084875161306 59.98881767381527
    endloop
  endfacet
  facet normal -0.21614744150487672 -0.323487506541601 0.9212144791753946
    outer loop
      vertex -14.275645142150884 -12.07967980295602 59.98881767381527
      vertex -13.447947004302055 -10.081439733010422 60.88471168241938
      vertex -13.827698137848829 -9.827698137848829 60.88471168241938
    endloop
  endfacet
  facet normal -0.1807443751593744 -0.9086633352183308 0.3763806770786021
    outer loop
      vertex -13 -14.884711682419383 56.17054193209677
      vertex -13 -13.988817673815271 58.333421398117615
      vertex -14.90913787085925 -13.609066540268497 58.333421398117615
    endloop
  endfacet
  facet normal 0.1807443751593744 -0.9086633352183308 0.3763806770786021
    outer loop
      vertex -13 -14.884711682419383 56.17054193209677
      vertex -11.09086212914075 -13.609066540268497 58.333421398117615
      vertex -13 -13.988817673815271 58.333421398117615
    endloop
  endfacet
  facet normal 0.13928132531715356 -0.7002145072825522 0.7002145072825537
    outer loop
      vertex -13 -13.988817673815271 58.333421398117615
      vertex -11.09086212914075 -13.609066540268497 58.333421398117615
      vertex -13 -12.333421398117613 59.98881767381527
    endloop
  endfacet
  facet normal 0.514716432811947 -0.7703275794849858 0.37638067707860273
    outer loop
      vertex -10.748018334892809 -14.436764678117328 56.17054193209677
      vertex -9.472373192741923 -12.527626807258077 58.333421398117615
      vertex -11.09086212914075 -13.609066540268497 58.333421398117615
    endloop
  endfacet
  facet normal 0.3966396567602804 -0.5936131960090987 0.7002145072825543
    outer loop
      vertex -11.09086212914075 -13.609066540268497 58.333421398117615
      vertex -9.472373192741923 -12.527626807258077 58.333421398117615
      vertex -10.642915124838694 -11.357084875161306 59.98881767381527
    endloop
  endfacet
  facet normal 0.593613196009099 -0.3966396567602807 0.7002145072825539
    outer loop
      vertex -9.472373192741923 -12.527626807258077 58.333421398117615
      vertex -8.390933459731503 -10.90913787085925 58.333421398117615
      vertex -9.92032019704398 -10.275645142150884 59.98881767381527
    endloop
  endfacet
  facet normal -0.1392813253171533 -0.7002145072825524 0.700214507282554
    outer loop
      vertex -14.275645142150884 -12.07967980295602 59.98881767381527
      vertex -13 -13.988817673815271 58.333421398117615
      vertex -13 -12.333421398117613 59.98881767381527
    endloop
  endfacet
  facet normal 0.13928132531715323 -0.7002145072825525 0.7002145072825539
    outer loop
      vertex -11.09086212914075 -13.609066540268497 58.333421398117615
      vertex -11.724354857849116 -12.07967980295602 59.98881767381527
      vertex -13 -12.333421398117613 59.98881767381527
    endloop
  endfacet
  facet normal -0.07590088788047236 -0.3815795311289149 0.9212144791753946
    outer loop
      vertex -14.275645142150884 -12.07967980295602 59.98881767381527
      vertex -13 -12.333421398117613 59.98881767381527
      vertex -13.447947004302055 -10.081439733010422 60.88471168241938
    endloop
  endfacet
  facet normal -0.0759008878804726 -0.38157953112891485 0.9212144791753946
    outer loop
      vertex -13 -12.333421398117613 59.98881767381527
      vertex -13 -10.17054193209677 60.88471168241938
      vertex -13.447947004302055 -10.081439733010422 60.88471168241938
    endloop
  endfacet
  facet normal 0.07590088788047238 -0.38157953112891496 0.9212144791753946
    outer loop
      vertex -13 -12.333421398117613 59.98881767381527
      vertex -11.724354857849116 -12.07967980295602 59.98881767381527
      vertex -13 -10.17054193209677 60.88471168241938
    endloop
  endfacet
  facet normal 0.21614744150487747 -0.3234875065416009 0.9212144791753946
    outer loop
      vertex -11.724354857849116 -12.07967980295602 59.98881767381527
      vertex -10.642915124838694 -11.357084875161306 59.98881767381527
      vertex -12.172301862151171 -9.827698137848829 60.88471168241938
    endloop
  endfacet
  facet normal 0.07590088788047256 -0.38157953112891485 0.9212144791753945
    outer loop
      vertex -11.724354857849116 -12.07967980295602 59.98881767381527
      vertex -12.552052995697945 -10.081439733010422 60.88471168241938
      vertex -13 -10.17054193209677 60.88471168241938
    endloop
  endfacet
  facet normal 0.21614744150487672 -0.323487506541601 0.9212144791753946
    outer loop
      vertex -11.724354857849116 -12.07967980295602 59.98881767381527
      vertex -12.172301862151171 -9.827698137848829 60.88471168241938
      vertex -12.552052995697945 -10.081439733010422 60.88471168241938
    endloop
  endfacet
  facet normal 0.3966396567602818 -0.5936131960090985 0.7002145072825539
    outer loop
      vertex -11.09086212914075 -13.609066540268497 58.333421398117615
      vertex -10.642915124838694 -11.357084875161306 59.98881767381527
      vertex -11.724354857849116 -12.07967980295602 59.98881767381527
    endloop
  endfacet
  facet normal 0.5936131960090979 -0.3966396567602813 0.7002145072825544
    outer loop
      vertex -9.472373192741923 -12.527626807258077 58.333421398117615
      vertex -9.92032019704398 -10.275645142150884 59.98881767381527
      vertex -10.642915124838694 -11.357084875161306 59.98881767381527
    endloop
  endfacet
  facet normal 0.32348750654160074 -0.21614744150487733 0.9212144791753945
    outer loop
      vertex -10.642915124838694 -11.357084875161306 59.98881767381527
      vertex -9.92032019704398 -10.275645142150884 59.98881767381527
      vertex -11.918560266989578 -9.447947004302055 60.88471168241938
    endloop
  endfacet
  facet normal 0.8314696123025452 -0.5555702330196022 0
    outer loop
      vertex -8.838880464033558 -13.161119535966442 55
      vertex -7.563235321882673 -11.251981665107191 56.17054193209677
      vertex -8.838880464033558 -13.161119535966442 56.17054193209677
    endloop
  endfacet
  facet normal 0.8314696123025452 -0.5555702330196022 0
    outer loop
      vertex -8.838880464033558 -13.161119535966442 55
      vertex -7.563235321882673 -11.251981665107191 55
      vertex -7.563235321882673 -11.251981665107191 56.17054193209677
    endloop
  endfacet
  facet normal 0.7703275794849855 -0.5147164328119481 0.37638067707860157
    outer loop
      vertex -9.472373192741923 -12.527626807258077 58.333421398117615
      vertex -8.838880464033558 -13.161119535966442 56.17054193209677
      vertex -7.563235321882673 -11.251981665107191 56.17054193209677
    endloop
  endfacet
  facet normal 0.9807852804032303 -0.1950903220161283 0
    outer loop
      vertex -7.563235321882673 -11.251981665107191 55
      vertex -7.115288317580617 -9 56.17054193209677
      vertex -7.563235321882673 -11.251981665107191 56.17054193209677
    endloop
  endfacet
  facet normal 0.9086633352183306 -0.18074437515937397 0.3763806770786024
    outer loop
      vertex -7.563235321882673 -11.251981665107191 56.17054193209677
      vertex -7.115288317580617 -9 56.17054193209677
      vertex -8.390933459731503 -10.90913787085925 58.333421398117615
    endloop
  endfacet
  facet normal 0.770327579484986 -0.5147164328119471 0.37638067707860245
    outer loop
      vertex -9.472373192741923 -12.527626807258077 58.333421398117615
      vertex -7.563235321882673 -11.251981665107191 56.17054193209677
      vertex -8.390933459731503 -10.90913787085925 58.333421398117615
    endloop
  endfacet
  facet normal -0.9807852804032305 -0.19509032201612792 0
    outer loop
      vertex -18.436764678117328 -11.251981665107191 56.17054193209677
      vertex -18.884711682419383 -9 56.17054193209677
      vertex -18.884711682419383 -9 55
    endloop
  endfacet
  facet normal -0.9807852804032305 0.19509032201612792 0
    outer loop
      vertex -18.884711682419383 -9 55
      vertex -18.884711682419383 -9 56.17054193209677
      vertex -18.436764678117328 -6.748018334892809 55
    endloop
  endfacet
  facet normal -0.9807852804032305 0.19509032201612792 0
    outer loop
      vertex -18.884711682419383 -9 56.17054193209677
      vertex -18.436764678117328 -6.748018334892809 56.17054193209677
      vertex -18.436764678117328 -6.748018334892809 55
    endloop
  endfacet
  facet normal -0.32348750654160063 -0.21614744150487628 -0.9212144791753949
    outer loop
      vertex -15.337995450301916 -11.337995450301916 50
      vertex -14.081439733010422 -9.447947004302055 49.11528831758062
      vertex -13.827698137848829 -9.827698137848829 49.11528831758062
    endloop
  endfacet
  facet normal -0.3815795311289143 -0.07590088788047249 -0.9212144791753949
    outer loop
      vertex -16.05473826741395 -10.265314019862949 50
      vertex -14.17054193209677 -9 49.11528831758062
      vertex -14.081439733010422 -9.447947004302055 49.11528831758062
    endloop
  endfacet
  facet normal 0 0 -1
    outer loop
      vertex -14.081439733010422 -9.447947004302055 49.11528831758062
      vertex -14.17054193209677 -9 49.11528831758062
      vertex -14.081439733010422 -8.552052995697945 49.11528831758062
    endloop
  endfacet
  facet normal 0 0 -1
    outer loop
      vertex -13.827698137848829 -9.827698137848829 49.11528831758062
      vertex -14.081439733010422 -9.447947004302055 49.11528831758062
      vertex -13.827698137848829 -8.172301862151171 49.11528831758062
    endloop
  endfacet
  facet normal -0.3815795311289139 0.07590088788047243 -0.9212144791753948
    outer loop
      vertex -14.17054193209677 -9 49.11528831758062
      vertex -16.306424874583563 -9 50
      vertex -14.081439733010422 -8.552052995697945 49.11528831758062
    endloop
  endfacet
  facet normal 0 0 -1
    outer loop
      vertex -14.081439733010422 -9.447947004302055 49.11528831758062
      vertex -14.081439733010422 -8.552052995697945 49.11528831758062
      vertex -13.827698137848829 -8.172301862151171 49.11528831758062
    endloop
  endfacet
  facet normal -0.3234875065416006 0.21614744150487636 -0.9212144791753949
    outer loop
      vertex -14.081439733010422 -8.552052995697945 49.11528831758062
      vertex -16.05473826741395 -7.734685980137051 50
      vertex -13.827698137848829 -8.172301862151171 49.11528831758062
    endloop
  endfacet
  facet normal -0.21614744150487641 0.3234875065416007 -0.9212144791753949
    outer loop
      vertex -13.827698137848829 -8.172301862151171 49.11528831758062
      vertex -15.337995450301916 -6.662004549698084 50
      vertex -13.447947004302055 -7.918560266989578 49.11528831758062
    endloop
  endfacet
  facet normal 0 0 -1
    outer loop
      vertex -13.827698137848829 -9.827698137848829 49.11528831758062
      vertex -13.447947004302055 -7.918560266989578 49.11528831758062
      vertex -13.447947004302055 -10.081439733010422 49.11528831758062
    endloop
  endfacet
  facet normal 0 0 -1
    outer loop
      vertex -13.447947004302055 -10.081439733010422 49.11528831758062
      vertex -13 -7.82945806790323 49.11528831758062
      vertex -13 -10.17054193209677 49.11528831758062
    endloop
  endfacet
  facet normal 0 0 -1
    outer loop
      vertex -13 -10.17054193209677 49.11528831758062
      vertex -12.552052995697945 -7.918560266989578 49.11528831758062
      vertex -12.552052995697945 -10.081439733010422 49.11528831758062
    endloop
  endfacet
  facet normal 0 0 -1
    outer loop
      vertex -12.552052995697945 -10.081439733010422 49.11528831758062
      vertex -12.172301862151171 -8.172301862151171 49.11528831758062
      vertex -12.172301862151171 -9.827698137848829 49.11528831758062
    endloop
  endfacet
  facet normal 0 0 -1
    outer loop
      vertex -12.172301862151171 -9.827698137848829 49.11528831758062
      vertex -11.918560266989578 -8.552052995697945 49.11528831758062
      vertex -11.918560266989578 -9.447947004302055 49.11528831758062
    endloop
  endfacet
  facet normal 0 0 -1
    outer loop
      vertex -11.918560266989578 -9.447947004302055 49.11528831758062
      vertex -11.918560266989578 -8.552052995697945 49.11528831758062
      vertex -11.82945806790323 -9 49.11528831758062
    endloop
  endfacet
  facet normal 0 0 -1
    outer loop
      vertex -13.827698137848829 -9.827698137848829 49.11528831758062
      vertex -13.827698137848829 -8.172301862151171 49.11528831758062
      vertex -13.447947004302055 -7.918560266989578 49.11528831758062
    endloop
  endfacet
  facet normal 0 0 -1
    outer loop
      vertex -13.447947004302055 -10.081439733010422 49.11528831758062
      vertex -13.447947004302055 -7.918560266989578 49.11528831758062
      vertex -13 -7.82945806790323 49.11528831758062
    endloop
  endfacet
  facet normal 0 0 -1
    outer loop
      vertex -13 -10.17054193209677 49.11528831758062
      vertex -13 -7.82945806790323 49.11528831758062
      vertex -12.552052995697945 -7.918560266989578 49.11528831758062
    endloop
  endfacet
  facet normal 0 0 -1
    outer loop
      vertex -12.552052995697945 -10.081439733010422 49.11528831758062
      vertex -12.552052995697945 -7.918560266989578 49.11528831758062
      vertex -12.172301862151171 -8.172301862151171 49.11528831758062
    endloop
  endfacet
  facet normal 0 0 -1
    outer loop
      vertex -12.172301862151171 -9.827698137848829 49.11528831758062
      vertex -12.172301862151171 -8.172301862151171 49.11528831758062
      vertex -11.918560266989578 -8.552052995697945 49.11528831758062
    endloop
  endfacet
  facet normal 0.3234875065416007 0.21614744150487641 -0.9212144791753949
    outer loop
      vertex -11.918560266989578 -8.552052995697945 49.11528831758062
      vertex -12.172301862151171 -8.172301862151171 49.11528831758062
      vertex -10.662004549698084 -6.662004549698084 50
    endloop
  endfacet
  facet normal 0.3234875065416003 -0.21614744150487628 -0.9212144791753949
    outer loop
      vertex -9.945261732586049 -10.265314019862949 50
      vertex -12.172301862151171 -9.827698137848829 49.11528831758062
      vertex -11.918560266989578 -9.447947004302055 49.11528831758062
    endloop
  endfacet
  facet normal 0.38157953112891424 -0.07590088788047249 -0.9212144791753948
    outer loop
      vertex -11.918560266989578 -9.447947004302055 49.11528831758062
      vertex -11.82945806790323 -9 49.11528831758062
      vertex -9.693575125416439 -9 50
    endloop
  endfacet
  facet normal 0.38157953112891396 0.07590088788047245 -0.9212144791753949
    outer loop
      vertex -11.82945806790323 -9 49.11528831758062
      vertex -11.918560266989578 -8.552052995697945 49.11528831758062
      vertex -9.945261732586049 -7.734685980137051 50
    endloop
  endfacet
  facet normal -0.07590088788047245 0.38157953112891396 -0.9212144791753949
    outer loop
      vertex -13.447947004302055 -7.918560266989578 49.11528831758062
      vertex -14.265314019862949 -5.945261732586049 50
      vertex -13 -7.82945806790323 49.11528831758062
    endloop
  endfacet
  facet normal 0.07590088788047249 0.38157953112891424 -0.9212144791753948
    outer loop
      vertex -13 -7.82945806790323 49.11528831758062
      vertex -13 -5.693575125416439 50
      vertex -12.552052995697945 -7.918560266989578 49.11528831758062
    endloop
  endfacet
  facet normal 0.21614744150487622 0.3234875065416004 -0.921214479175395
    outer loop
      vertex -12.552052995697945 -7.918560266989578 49.11528831758062
      vertex -11.734685980137051 -5.945261732586049 50
      vertex -12.172301862151171 -8.172301862151171 49.11528831758062
    endloop
  endfacet
  facet normal -0.381579531128914 -0.07590088788047304 -0.921214479175395
    outer loop
      vertex -16.05473826741395 -10.265314019862949 50
      vertex -16.306424874583563 -9 50
      vertex -14.17054193209677 -9 49.11528831758062
    endloop
  endfacet
  facet normal -0.381579531128914 0.07590088788047306 -0.9212144791753948
    outer loop
      vertex -14.081439733010422 -8.552052995697945 49.11528831758062
      vertex -16.306424874583563 -9 50
      vertex -16.05473826741395 -7.734685980137051 50
    endloop
  endfacet
  facet normal -0.3234875065416005 0.21614744150487658 -0.9212144791753949
    outer loop
      vertex -13.827698137848829 -8.172301862151171 49.11528831758062
      vertex -16.05473826741395 -7.734685980137051 50
      vertex -15.337995450301916 -6.662004549698084 50
    endloop
  endfacet
  facet normal -0.21614744150487677 0.3234875065416001 -0.921214479175395
    outer loop
      vertex -13.447947004302055 -7.918560266989578 49.11528831758062
      vertex -15.337995450301916 -6.662004549698084 50
      vertex -14.265314019862949 -5.945261732586049 50
    endloop
  endfacet
  facet normal 0.38157953112891413 -0.07590088788047199 -0.9212144791753948
    outer loop
      vertex -9.945261732586049 -10.265314019862949 50
      vertex -11.918560266989578 -9.447947004302055 49.11528831758062
      vertex -9.693575125416439 -9 50
    endloop
  endfacet
  facet normal 0.3815795311289143 0.07590088788047206 -0.9212144791753949
    outer loop
      vertex -11.82945806790323 -9 49.11528831758062
      vertex -9.945261732586049 -7.734685980137051 50
      vertex -9.693575125416439 -9 50
    endloop
  endfacet
  facet normal 0.3234875065416001 0.21614744150487677 -0.921214479175395
    outer loop
      vertex -11.918560266989578 -8.552052995697945 49.11528831758062
      vertex -10.662004549698084 -6.662004549698084 50
      vertex -9.945261732586049 -7.734685980137051 50
    endloop
  endfacet
  facet normal -0.07590088788047206 0.3815795311289143 -0.9212144791753949
    outer loop
      vertex -13 -7.82945806790323 49.11528831758062
      vertex -14.265314019862949 -5.945261732586049 50
      vertex -13 -5.693575125416439 50
    endloop
  endfacet
  facet normal 0.21614744150487689 0.32348750654160013 -0.9212144791753948
    outer loop
      vertex -12.172301862151171 -8.172301862151171 49.11528831758062
      vertex -11.734685980137051 -5.945261732586049 50
      vertex -10.662004549698084 -6.662004549698084 50
    endloop
  endfacet
  facet normal 0.07590088788047201 0.38157953112891413 -0.9212144791753948
    outer loop
      vertex -12.552052995697945 -7.918560266989578 49.11528831758062
      vertex -13 -5.693575125416439 50
      vertex -11.734685980137051 -5.945261732586049 50
    endloop
  endfacet
  facet normal -0.9086633352183305 0.18074437515937358 0.3763806770786027
    outer loop
      vertex -18.884711682419383 -9 56.17054193209677
      vertex -17.609066540268497 -7.090862129140749 58.333421398117615
      vertex -18.436764678117328 -6.748018334892809 56.17054193209677
    endloop
  endfacet
  facet normal -0.8314696123025451 0.5555702330196024 0
    outer loop
      vertex -18.436764678117328 -6.748018334892809 55
      vertex -18.436764678117328 -6.748018334892809 56.17054193209677
      vertex -17.161119535966442 -4.838880464033557 55
    endloop
  endfacet
  facet normal -0.8314696123025451 0.5555702330196024 0
    outer loop
      vertex -18.436764678117328 -6.748018334892809 56.17054193209677
      vertex -17.161119535966442 -4.838880464033557 56.17054193209677
      vertex -17.161119535966442 -4.838880464033557 55
    endloop
  endfacet
  facet normal -0.7703275794849854 0.5147164328119481 0.3763806770786018
    outer loop
      vertex -18.436764678117328 -6.748018334892809 56.17054193209677
      vertex -16.527626807258077 -5.472373192741924 58.333421398117615
      vertex -17.161119535966442 -4.838880464033557 56.17054193209677
    endloop
  endfacet
  facet normal -0.9086633352183305 -0.1807443751593735 0.3763806770786028
    outer loop
      vertex -17.609066540268497 -10.90913787085925 58.333421398117615
      vertex -17.98881767381527 -9 58.333421398117615
      vertex -18.884711682419383 -9 56.17054193209677
    endloop
  endfacet
  facet normal -0.7002145072825532 -0.13928132531715312 0.7002145072825532
    outer loop
      vertex -17.609066540268497 -10.90913787085925 58.333421398117615
      vertex -16.333421398117615 -9 59.98881767381527
      vertex -17.98881767381527 -9 58.333421398117615
    endloop
  endfacet
  facet normal -0.9086633352183305 0.18074437515937347 0.37638067707860284
    outer loop
      vertex -18.884711682419383 -9 56.17054193209677
      vertex -17.98881767381527 -9 58.333421398117615
      vertex -17.609066540268497 -7.090862129140749 58.333421398117615
    endloop
  endfacet
  facet normal -0.7002145072825532 0.13928132531715312 0.7002145072825532
    outer loop
      vertex -17.98881767381527 -9 58.333421398117615
      vertex -16.333421398117615 -9 59.98881767381527
      vertex -17.609066540268497 -7.090862129140749 58.333421398117615
    endloop
  endfacet
  facet normal -0.7002145072825529 -0.13928132531715343 0.7002145072825533
    outer loop
      vertex -17.609066540268497 -10.90913787085925 58.333421398117615
      vertex -16.079679802956022 -10.275645142150884 59.98881767381527
      vertex -16.333421398117615 -9 59.98881767381527
    endloop
  endfacet
  facet normal -0.7002145072825531 0.13928132531715331 0.7002145072825534
    outer loop
      vertex -16.333421398117615 -9 59.98881767381527
      vertex -16.079679802956022 -7.724354857849115 59.98881767381527
      vertex -17.609066540268497 -7.090862129140749 58.333421398117615
    endloop
  endfacet
  facet normal -0.38157953112891463 -0.0759008878804723 0.9212144791753947
    outer loop
      vertex -16.079679802956022 -10.275645142150884 59.98881767381527
      vertex -14.17054193209677 -9 60.88471168241938
      vertex -16.333421398117615 -9 59.98881767381527
    endloop
  endfacet
  facet normal -0.32348750654160136 -0.2161474415048767 0.9212144791753945
    outer loop
      vertex -15.357084875161306 -11.357084875161306 59.98881767381527
      vertex -13.827698137848829 -9.827698137848829 60.88471168241938
      vertex -14.081439733010422 -9.447947004302055 60.88471168241938
    endloop
  endfacet
  facet normal -0.38157953112891463 -0.07590088788047251 0.9212144791753948
    outer loop
      vertex -16.079679802956022 -10.275645142150884 59.98881767381527
      vertex -14.081439733010422 -9.447947004302055 60.88471168241938
      vertex -14.17054193209677 -9 60.88471168241938
    endloop
  endfacet
  facet normal 0 0 1
    outer loop
      vertex -13.827698137848829 -9.827698137848829 60.88471168241938
      vertex -14.081439733010422 -8.552052995697945 60.88471168241938
      vertex -14.081439733010422 -9.447947004302055 60.88471168241938
    endloop
  endfacet
  facet normal 0 0 1
    outer loop
      vertex -14.081439733010422 -9.447947004302055 60.88471168241938
      vertex -14.081439733010422 -8.552052995697945 60.88471168241938
      vertex -14.17054193209677 -9 60.88471168241938
    endloop
  endfacet
  facet normal -0.38157953112891463 0.07590088788047226 0.9212144791753947
    outer loop
      vertex -16.333421398117615 -9 59.98881767381527
      vertex -14.17054193209677 -9 60.88471168241938
      vertex -16.079679802956022 -7.724354857849115 59.98881767381527
    endloop
  endfacet
  facet normal -0.32348750654160036 0.21614744150487764 0.9212144791753948
    outer loop
      vertex -16.079679802956022 -7.724354857849115 59.98881767381527
      vertex -14.081439733010422 -8.552052995697945 60.88471168241938
      vertex -15.357084875161306 -6.6429151248386935 59.98881767381527
    endloop
  endfacet
  facet normal -0.3815795311289144 0.07590088788047251 0.9212144791753948
    outer loop
      vertex -16.079679802956022 -7.724354857849115 59.98881767381527
      vertex -14.17054193209677 -9 60.88471168241938
      vertex -14.081439733010422 -8.552052995697945 60.88471168241938
    endloop
  endfacet
  facet normal 0 0 1
    outer loop
      vertex -13.827698137848829 -9.827698137848829 60.88471168241938
      vertex -13.827698137848829 -8.172301862151171 60.88471168241938
      vertex -14.081439733010422 -8.552052995697945 60.88471168241938
    endloop
  endfacet
  facet normal -0.3234875065416013 0.21614744150487686 0.9212144791753945
    outer loop
      vertex -14.081439733010422 -8.552052995697945 60.88471168241938
      vertex -13.827698137848829 -8.172301862151171 60.88471168241938
      vertex -15.357084875161306 -6.6429151248386935 59.98881767381527
    endloop
  endfacet
  facet normal -0.7703275794849855 0.5147164328119471 0.3763806770786026
    outer loop
      vertex -18.436764678117328 -6.748018334892809 56.17054193209677
      vertex -17.609066540268497 -7.090862129140749 58.333421398117615
      vertex -16.527626807258077 -5.472373192741924 58.333421398117615
    endloop
  endfacet
  facet normal -0.5936131960090993 0.3966396567602811 0.7002145072825535
    outer loop
      vertex -16.079679802956022 -7.724354857849115 59.98881767381527
      vertex -16.527626807258077 -5.472373192741924 58.333421398117615
      vertex -17.609066540268497 -7.090862129140749 58.333421398117615
    endloop
  endfacet
  facet normal -0.39663965676028107 0.5936131960090987 0.7002145072825541
    outer loop
      vertex -16.527626807258077 -5.472373192741924 58.333421398117615
      vertex -15.357084875161306 -6.6429151248386935 59.98881767381527
      vertex -14.90913787085925 -4.390933459731502 58.333421398117615
    endloop
  endfacet
  facet normal -0.1392813253171532 0.7002145072825524 0.700214507282554
    outer loop
      vertex -14.275645142150884 -5.92032019704398 59.98881767381527
      vertex -13 -4.011182326184729 58.333421398117615
      vertex -14.90913787085925 -4.390933459731502 58.333421398117615
    endloop
  endfacet
  facet normal -0.5936131960090975 0.396639656760282 0.7002145072825543
    outer loop
      vertex -16.079679802956022 -7.724354857849115 59.98881767381527
      vertex -15.357084875161306 -6.6429151248386935 59.98881767381527
      vertex -16.527626807258077 -5.472373192741924 58.333421398117615
    endloop
  endfacet
  facet normal -0.2161474415048772 0.3234875065416009 0.9212144791753946
    outer loop
      vertex -13.827698137848829 -8.172301862151171 60.88471168241938
      vertex -14.275645142150884 -5.92032019704398 59.98881767381527
      vertex -15.357084875161306 -6.6429151248386935 59.98881767381527
    endloop
  endfacet
  facet normal -0.21614744150487666 0.323487506541601 0.9212144791753947
    outer loop
      vertex -13.827698137848829 -8.172301862151171 60.88471168241938
      vertex -13.447947004302055 -7.918560266989578 60.88471168241938
      vertex -14.275645142150884 -5.92032019704398 59.98881767381527
    endloop
  endfacet
  facet normal -0.3966396567602813 0.5936131960090986 0.700214507282554
    outer loop
      vertex -15.357084875161306 -6.6429151248386935 59.98881767381527
      vertex -14.275645142150884 -5.92032019704398 59.98881767381527
      vertex -14.90913787085925 -4.390933459731502 58.333421398117615
    endloop
  endfacet
  facet normal 0 0 1
    outer loop
      vertex -13.827698137848829 -9.827698137848829 60.88471168241938
      vertex -13.447947004302055 -10.081439733010422 60.88471168241938
      vertex -13.827698137848829 -8.172301862151171 60.88471168241938
    endloop
  endfacet
  facet normal 0 0 1
    outer loop
      vertex -13.447947004302055 -10.081439733010422 60.88471168241938
      vertex -13 -10.17054193209677 60.88471168241938
      vertex -13.447947004302055 -7.918560266989578 60.88471168241938
    endloop
  endfacet
  facet normal 0 0 1
    outer loop
      vertex -13 -10.17054193209677 60.88471168241938
      vertex -12.552052995697945 -10.081439733010422 60.88471168241938
      vertex -13 -7.82945806790323 60.88471168241938
    endloop
  endfacet
  facet normal 0.32348750654160136 -0.2161474415048767 0.9212144791753945
    outer loop
      vertex -10.642915124838694 -11.357084875161306 59.98881767381527
      vertex -11.918560266989578 -9.447947004302055 60.88471168241938
      vertex -12.172301862151171 -9.827698137848829 60.88471168241938
    endloop
  endfacet
  facet normal 0 0 1
    outer loop
      vertex -12.552052995697945 -10.081439733010422 60.88471168241938
      vertex -12.172301862151171 -9.827698137848829 60.88471168241938
      vertex -12.552052995697945 -7.918560266989578 60.88471168241938
    endloop
  endfacet
  facet normal 0 0 1
    outer loop
      vertex -12.172301862151171 -9.827698137848829 60.88471168241938
      vertex -11.918560266989578 -9.447947004302055 60.88471168241938
      vertex -12.172301862151171 -8.172301862151171 60.88471168241938
    endloop
  endfacet
  facet normal 0 0 1
    outer loop
      vertex -11.918560266989578 -9.447947004302055 60.88471168241938
      vertex -11.82945806790323 -9 60.88471168241938
      vertex -11.918560266989578 -8.552052995697945 60.88471168241938
    endloop
  endfacet
  facet normal 0 0 1
    outer loop
      vertex -13.827698137848829 -8.172301862151171 60.88471168241938
      vertex -13.447947004302055 -10.081439733010422 60.88471168241938
      vertex -13.447947004302055 -7.918560266989578 60.88471168241938
    endloop
  endfacet
  facet normal 0 0 1
    outer loop
      vertex -13 -10.17054193209677 60.88471168241938
      vertex -13 -7.82945806790323 60.88471168241938
      vertex -13.447947004302055 -7.918560266989578 60.88471168241938
    endloop
  endfacet
  facet normal 0 0 1
    outer loop
      vertex -12.552052995697945 -10.081439733010422 60.88471168241938
      vertex -12.552052995697945 -7.918560266989578 60.88471168241938
      vertex -13 -7.82945806790323 60.88471168241938
    endloop
  endfacet
  facet normal 0 0 1
    outer loop
      vertex -12.172301862151171 -9.827698137848829 60.88471168241938
      vertex -12.172301862151171 -8.172301862151171 60.88471168241938
      vertex -12.552052995697945 -7.918560266989578 60.88471168241938
    endloop
  endfacet
  facet normal 0 0 1
    outer loop
      vertex -11.918560266989578 -9.447947004302055 60.88471168241938
      vertex -11.918560266989578 -8.552052995697945 60.88471168241938
      vertex -12.172301862151171 -8.172301862151171 60.88471168241938
    endloop
  endfacet
  facet normal 0.3234875065416013 0.21614744150487686 0.9212144791753945
    outer loop
      vertex -11.918560266989578 -8.552052995697945 60.88471168241938
      vertex -10.642915124838694 -6.6429151248386935 59.98881767381527
      vertex -12.172301862151171 -8.172301862151171 60.88471168241938
    endloop
  endfacet
  facet normal 0.7002145072825526 -0.13928132531715331 0.7002145072825536
    outer loop
      vertex -9.92032019704398 -10.275645142150884 59.98881767381527
      vertex -8.390933459731503 -10.90913787085925 58.333421398117615
      vertex -9.666578601882387 -9 59.98881767381527
    endloop
  endfacet
  facet normal 0.38157953112891485 -0.07590088788047256 0.9212144791753945
    outer loop
      vertex -9.92032019704398 -10.275645142150884 59.98881767381527
      vertex -11.82945806790323 -9 60.88471168241938
      vertex -11.918560266989578 -9.447947004302055 60.88471168241938
    endloop
  endfacet
  facet normal 0.3815795311289149 -0.07590088788047236 0.9212144791753946
    outer loop
      vertex -9.92032019704398 -10.275645142150884 59.98881767381527
      vertex -9.666578601882387 -9 59.98881767381527
      vertex -11.82945806790323 -9 60.88471168241938
    endloop
  endfacet
  facet normal 0.7002145072825526 0.13928132531715323 0.7002145072825537
    outer loop
      vertex -9.666578601882387 -9 59.98881767381527
      vertex -8.390933459731503 -7.090862129140749 58.333421398117615
      vertex -9.92032019704398 -7.724354857849115 59.98881767381527
    endloop
  endfacet
  facet normal 0.3815795311289149 0.07590088788047233 0.9212144791753947
    outer loop
      vertex -11.82945806790323 -9 60.88471168241938
      vertex -9.666578601882387 -9 59.98881767381527
      vertex -9.92032019704398 -7.724354857849115 59.98881767381527
    endloop
  endfacet
  facet normal 0.38157953112891474 0.07590088788047258 0.9212144791753946
    outer loop
      vertex -11.82945806790323 -9 60.88471168241938
      vertex -9.92032019704398 -7.724354857849115 59.98881767381527
      vertex -11.918560266989578 -8.552052995697945 60.88471168241938
    endloop
  endfacet
  facet normal 0.32348750654160074 0.2161474415048773 0.9212144791753947
    outer loop
      vertex -11.918560266989578 -8.552052995697945 60.88471168241938
      vertex -9.92032019704398 -7.724354857849115 59.98881767381527
      vertex -10.642915124838694 -6.6429151248386935 59.98881767381527
    endloop
  endfacet
  facet normal 0.1392813253171532 0.7002145072825524 0.700214507282554
    outer loop
      vertex -11.724354857849116 -5.92032019704398 59.98881767381527
      vertex -11.09086212914075 -4.390933459731502 58.333421398117615
      vertex -13 -4.011182326184729 58.333421398117615
    endloop
  endfacet
  facet normal 0.593613196009099 0.3966396567602809 0.7002145072825537
    outer loop
      vertex -9.92032019704398 -7.724354857849115 59.98881767381527
      vertex -8.390933459731503 -7.090862129140749 58.333421398117615
      vertex -9.472373192741923 -5.472373192741924 58.333421398117615
    endloop
  endfacet
  facet normal 0.39663965676028107 0.5936131960090987 0.7002145072825541
    outer loop
      vertex -9.472373192741923 -5.472373192741924 58.333421398117615
      vertex -11.09086212914075 -4.390933459731502 58.333421398117615
      vertex -10.642915124838694 -6.6429151248386935 59.98881767381527
    endloop
  endfacet
  facet normal -0.07590088788047263 0.38157953112891485 0.9212144791753946
    outer loop
      vertex -13.447947004302055 -7.918560266989578 60.88471168241938
      vertex -13 -7.82945806790323 60.88471168241938
      vertex -13 -5.666578601882387 59.98881767381527
    endloop
  endfacet
  facet normal 0.07590088788047263 0.38157953112891485 0.9212144791753946
    outer loop
      vertex -13 -7.82945806790323 60.88471168241938
      vertex -12.552052995697945 -7.918560266989578 60.88471168241938
      vertex -13 -5.666578601882387 59.98881767381527
    endloop
  endfacet
  facet normal -0.07590088788047236 0.3815795311289149 0.9212144791753946
    outer loop
      vertex -14.275645142150884 -5.92032019704398 59.98881767381527
      vertex -13.447947004302055 -7.918560266989578 60.88471168241938
      vertex -13 -5.666578601882387 59.98881767381527
    endloop
  endfacet
  facet normal 0.2161474415048772 0.3234875065416009 0.9212144791753946
    outer loop
      vertex -12.172301862151171 -8.172301862151171 60.88471168241938
      vertex -10.642915124838694 -6.6429151248386935 59.98881767381527
      vertex -11.724354857849116 -5.92032019704398 59.98881767381527
    endloop
  endfacet
  facet normal 0.21614744150487666 0.323487506541601 0.9212144791753946
    outer loop
      vertex -12.552052995697945 -7.918560266989578 60.88471168241938
      vertex -12.172301862151171 -8.172301862151171 60.88471168241938
      vertex -11.724354857849116 -5.92032019704398 59.98881767381527
    endloop
  endfacet
  facet normal 0.07590088788047238 0.38157953112891485 0.9212144791753946
    outer loop
      vertex -12.552052995697945 -7.918560266989578 60.88471168241938
      vertex -11.724354857849116 -5.92032019704398 59.98881767381527
      vertex -13 -5.666578601882387 59.98881767381527
    endloop
  endfacet
  facet normal -0.1392813253171533 0.7002145072825524 0.700214507282554
    outer loop
      vertex -14.275645142150884 -5.92032019704398 59.98881767381527
      vertex -13 -5.666578601882387 59.98881767381527
      vertex -13 -4.011182326184729 58.333421398117615
    endloop
  endfacet
  facet normal 0.1392813253171533 0.7002145072825524 0.700214507282554
    outer loop
      vertex -13 -5.666578601882387 59.98881767381527
      vertex -11.724354857849116 -5.92032019704398 59.98881767381527
      vertex -13 -4.011182326184729 58.333421398117615
    endloop
  endfacet
  facet normal 0.5936131960090981 0.3966396567602815 0.7002145072825543
    outer loop
      vertex -9.92032019704398 -7.724354857849115 59.98881767381527
      vertex -9.472373192741923 -5.472373192741924 58.333421398117615
      vertex -10.642915124838694 -6.6429151248386935 59.98881767381527
    endloop
  endfacet
  facet normal 0.3966396567602813 0.5936131960090986 0.700214507282554
    outer loop
      vertex -11.724354857849116 -5.92032019704398 59.98881767381527
      vertex -10.642915124838694 -6.6429151248386935 59.98881767381527
      vertex -11.09086212914075 -4.390933459731502 58.333421398117615
    endloop
  endfacet
  facet normal -0.5555702330196021 0.8314696123025455 0
    outer loop
      vertex -17.161119535966442 -4.838880464033557 55
      vertex -17.161119535966442 -4.838880464033557 56.17054193209677
      vertex -15.251981665107191 -3.563235321882673 55
    endloop
  endfacet
  facet normal -0.5147164328119479 0.7703275794849855 0.37638067707860207
    outer loop
      vertex -17.161119535966442 -4.838880464033557 56.17054193209677
      vertex -16.527626807258077 -5.472373192741924 58.333421398117615
      vertex -15.251981665107191 -3.563235321882673 56.17054193209677
    endloop
  endfacet
  facet normal -0.5555702330196021 0.8314696123025455 0
    outer loop
      vertex -17.161119535966442 -4.838880464033557 56.17054193209677
      vertex -15.251981665107191 -3.563235321882673 56.17054193209677
      vertex -15.251981665107191 -3.563235321882673 55
    endloop
  endfacet
  facet normal -0.1950903220161283 0.9807852804032303 0
    outer loop
      vertex -15.251981665107191 -3.563235321882673 55
      vertex -15.251981665107191 -3.563235321882673 56.17054193209677
      vertex -13 -3.1152883175806174 55
    endloop
  endfacet
  facet normal -0.180744375159374 0.9086633352183308 0.37638067707860207
    outer loop
      vertex -15.251981665107191 -3.563235321882673 56.17054193209677
      vertex -14.90913787085925 -4.390933459731502 58.333421398117615
      vertex -13 -3.1152883175806174 56.17054193209677
    endloop
  endfacet
  facet normal 0.1950903220161283 0.9807852804032303 0
    outer loop
      vertex -10.748018334892809 -3.563235321882673 55
      vertex -13 -3.1152883175806174 56.17054193209677
      vertex -10.748018334892809 -3.563235321882673 56.17054193209677
    endloop
  endfacet
  facet normal 0.180744375159374 0.9086633352183308 0.3763806770786021
    outer loop
      vertex -13 -3.1152883175806174 56.17054193209677
      vertex -11.09086212914075 -4.390933459731502 58.333421398117615
      vertex -10.748018334892809 -3.563235321882673 56.17054193209677
    endloop
  endfacet
  facet normal -0.1950903220161283 0.9807852804032303 0
    outer loop
      vertex -15.251981665107191 -3.563235321882673 56.17054193209677
      vertex -13 -3.1152883175806174 56.17054193209677
      vertex -13 -3.1152883175806174 55
    endloop
  endfacet
  facet normal 0.1950903220161283 0.9807852804032303 0
    outer loop
      vertex -13 -3.1152883175806174 55
      vertex -13 -3.1152883175806174 56.17054193209677
      vertex -10.748018334892809 -3.563235321882673 55
    endloop
  endfacet
  facet normal 0.5555702330196021 0.8314696123025455 0
    outer loop
      vertex -10.748018334892809 -3.563235321882673 56.17054193209677
      vertex -8.838880464033558 -4.838880464033557 56.17054193209677
      vertex -8.838880464033558 -4.838880464033557 55
    endloop
  endfacet
  facet normal 0.5555702330196021 0.8314696123025455 0
    outer loop
      vertex -10.748018334892809 -3.563235321882673 55
      vertex -10.748018334892809 -3.563235321882673 56.17054193209677
      vertex -8.838880464033558 -4.838880464033557 55
    endloop
  endfacet
  facet normal 0.5147164328119478 0.7703275794849855 0.37638067707860207
    outer loop
      vertex -9.472373192741923 -5.472373192741924 58.333421398117615
      vertex -8.838880464033558 -4.838880464033557 56.17054193209677
      vertex -10.748018334892809 -3.563235321882673 56.17054193209677
    endloop
  endfacet
  facet normal -0.5147164328119478 0.7703275794849856 0.3763806770786021
    outer loop
      vertex -16.527626807258077 -5.472373192741924 58.333421398117615
      vertex -14.90913787085925 -4.390933459731502 58.333421398117615
      vertex -15.251981665107191 -3.563235321882673 56.17054193209677
    endloop
  endfacet
  facet normal -0.180744375159374 0.9086633352183308 0.3763806770786021
    outer loop
      vertex -13 -3.1152883175806174 56.17054193209677
      vertex -14.90913787085925 -4.390933459731502 58.333421398117615
      vertex -13 -4.011182326184729 58.333421398117615
    endloop
  endfacet
  facet normal 0.180744375159374 0.9086633352183308 0.3763806770786021
    outer loop
      vertex -13 -3.1152883175806174 56.17054193209677
      vertex -13 -4.011182326184729 58.333421398117615
      vertex -11.09086212914075 -4.390933459731502 58.333421398117615
    endloop
  endfacet
  facet normal 0.5147164328119478 0.7703275794849856 0.3763806770786021
    outer loop
      vertex -9.472373192741923 -5.472373192741924 58.333421398117615
      vertex -10.748018334892809 -3.563235321882673 56.17054193209677
      vertex -11.09086212914075 -4.390933459731502 58.333421398117615
    endloop
  endfacet
  facet normal 0.9807852804032303 -0.1950903220161283 0
    outer loop
      vertex -7.563235321882673 -11.251981665107191 55
      vertex -7.115288317580617 -9 55
      vertex -7.115288317580617 -9 56.17054193209677
    endloop
  endfacet
  facet normal 0.9807852804032303 0.1950903220161283 0
    outer loop
      vertex -7.115288317580617 -9 55
      vertex -7.563235321882673 -6.748018334892809 56.17054193209677
      vertex -7.115288317580617 -9 56.17054193209677
    endloop
  endfacet
  facet normal 0.9807852804032303 0.1950903220161283 0
    outer loop
      vertex -7.115288317580617 -9 55
      vertex -7.563235321882673 -6.748018334892809 55
      vertex -7.563235321882673 -6.748018334892809 56.17054193209677
    endloop
  endfacet
  facet normal 0.9086633352183306 0.18074437515937397 0.3763806770786024
    outer loop
      vertex -7.115288317580617 -9 56.17054193209677
      vertex -7.563235321882673 -6.748018334892809 56.17054193209677
      vertex -8.390933459731503 -7.090862129140749 58.333421398117615
    endloop
  endfacet
  facet normal 0.8314696123025453 0.5555702330196022 0
    outer loop
      vertex -7.563235321882673 -6.748018334892809 55
      vertex -8.838880464033558 -4.838880464033557 56.17054193209677
      vertex -7.563235321882673 -6.748018334892809 56.17054193209677
    endloop
  endfacet
  facet normal 0.8314696123025453 0.5555702330196022 0
    outer loop
      vertex -7.563235321882673 -6.748018334892809 55
      vertex -8.838880464033558 -4.838880464033557 55
      vertex -8.838880464033558 -4.838880464033557 56.17054193209677
    endloop
  endfacet
  facet normal 0.7703275794849856 0.5147164328119479 0.37638067707860184
    outer loop
      vertex -9.472373192741923 -5.472373192741924 58.333421398117615
      vertex -7.563235321882673 -6.748018334892809 56.17054193209677
      vertex -8.838880464033558 -4.838880464033557 56.17054193209677
    endloop
  endfacet
  facet normal 0.9086633352183308 -0.1807443751593744 0.3763806770786021
    outer loop
      vertex -8.390933459731503 -10.90913787085925 58.333421398117615
      vertex -7.115288317580617 -9 56.17054193209677
      vertex -8.011182326184729 -9 58.333421398117615
    endloop
  endfacet
  facet normal 0.7002145072825522 -0.13928132531715356 0.7002145072825537
    outer loop
      vertex -8.390933459731503 -10.90913787085925 58.333421398117615
      vertex -8.011182326184729 -9 58.333421398117615
      vertex -9.666578601882387 -9 59.98881767381527
    endloop
  endfacet
  facet normal 0.9086633352183308 0.1807443751593744 0.3763806770786021
    outer loop
      vertex -7.115288317580617 -9 56.17054193209677
      vertex -8.390933459731503 -7.090862129140749 58.333421398117615
      vertex -8.011182326184729 -9 58.333421398117615
    endloop
  endfacet
  facet normal 0.7002145072825522 0.13928132531715356 0.7002145072825537
    outer loop
      vertex -9.666578601882387 -9 59.98881767381527
      vertex -8.011182326184729 -9 58.333421398117615
      vertex -8.390933459731503 -7.090862129140749 58.333421398117615
    endloop
  endfacet
  facet normal 0.7703275794849856 0.5147164328119472 0.3763806770786024
    outer loop
      vertex -9.472373192741923 -5.472373192741924 58.333421398117615
      vertex -8.390933459731503 -7.090862129140749 58.333421398117615
      vertex -7.563235321882673 -6.748018334892809 56.17054193209677
    endloop
  endfacet
  facet normal -0.7071067811865475 -0.7071067811865475 0
    outer loop
      vertex 4.473288486245162 -13.854101966249685 50
      vertex 3.1458980337503153 -12.526711513754838 55
      vertex 3.1458980337503153 -12.526711513754838 50
    endloop
  endfacet
  facet normal -0.8910065241883679 -0.4539904997395466 0
    outer loop
      vertex 2.293660902229079 -10.854101966249685 50
      vertex 3.1458980337503153 -12.526711513754838 50
      vertex 2.293660902229079 -10.854101966249685 55
    endloop
  endfacet
  facet normal 0 0 -1
    outer loop
      vertex 4.473288486245162 -13.854101966249685 50
      vertex 6.734685980137051 -12.054738267413951 50
      vertex 6.145898033750315 -14.706339097770922 50
    endloop
  endfacet
  facet normal 0 0 -1
    outer loop
      vertex 6.145898033750315 -14.706339097770922 50
      vertex 8 -12.306424874583561 50
      vertex 8 -15 50
    endloop
  endfacet
  facet normal 0 0 -1
    outer loop
      vertex 6.145898033750315 -14.706339097770922 50
      vertex 6.734685980137051 -12.054738267413951 50
      vertex 8 -12.306424874583561 50
    endloop
  endfacet
  facet normal 0 0 -1
    outer loop
      vertex 8 -15 50
      vertex 9.265314019862949 -12.054738267413951 50
      vertex 9.854101966249685 -14.706339097770922 50
    endloop
  endfacet
  facet normal 0 0 -1
    outer loop
      vertex 8 -15 50
      vertex 8 -12.306424874583561 50
      vertex 9.265314019862949 -12.054738267413951 50
    endloop
  endfacet
  facet normal -0.4539904997395471 -0.8910065241883679 0
    outer loop
      vertex 4.473288486245162 -13.854101966249685 50
      vertex 6.145898033750315 -14.706339097770922 50
      vertex 6.145898033750315 -14.706339097770922 55
    endloop
  endfacet
  facet normal -0.15643446504023065 -0.9876883405951378 0
    outer loop
      vertex 6.145898033750315 -14.706339097770922 50
      vertex 8 -15 50
      vertex 8 -15 55
    endloop
  endfacet
  facet normal 0 0 -1
    outer loop
      vertex 4.473288486245162 -13.854101966249685 50
      vertex 5.662004549698084 -11.337995450301916 50
      vertex 6.734685980137051 -12.054738267413951 50
    endloop
  endfacet
  facet normal 0 0 -1
    outer loop
      vertex 4.473288486245162 -13.854101966249685 50
      vertex 4.945261732586049 -10.265314019862949 50
      vertex 5.662004549698084 -11.337995450301916 50
    endloop
  endfacet
  facet normal 0 0 -1
    outer loop
      vertex 4.473288486245162 -13.854101966249685 50
      vertex 4.693575125416439 -9 50
      vertex 4.945261732586049 -10.265314019862949 50
    endloop
  endfacet
  facet normal 0.15643446504023065 -0.9876883405951378 0
    outer loop
      vertex 8 -15 50
      vertex 9.854101966249685 -14.706339097770922 50
      vertex 9.854101966249685 -14.706339097770922 55
    endloop
  endfacet
  facet normal 0.4539904997395471 -0.8910065241883679 0
    outer loop
      vertex 9.854101966249685 -14.706339097770922 50
      vertex 11.526711513754838 -13.854101966249685 50
      vertex 11.526711513754838 -13.854101966249685 55
    endloop
  endfacet
  facet normal 0.7071067811865475 -0.7071067811865475 0
    outer loop
      vertex 11.526711513754838 -13.854101966249685 50
      vertex 12.854101966249685 -12.526711513754838 50
      vertex 11.526711513754838 -13.854101966249685 55
    endloop
  endfacet
  facet normal 0 0 -1
    outer loop
      vertex 9.854101966249685 -14.706339097770922 50
      vertex 9.265314019862949 -12.054738267413951 50
      vertex 10.337995450301916 -11.337995450301916 50
    endloop
  endfacet
  facet normal 0 0 -1
    outer loop
      vertex 9.854101966249685 -14.706339097770922 50
      vertex 11.054738267413951 -10.265314019862949 50
      vertex 11.526711513754838 -13.854101966249685 50
    endloop
  endfacet
  facet normal 0 0 -1
    outer loop
      vertex 9.854101966249685 -14.706339097770922 50
      vertex 10.337995450301916 -11.337995450301916 50
      vertex 11.054738267413951 -10.265314019862949 50
    endloop
  endfacet
  facet normal 0 0 -1
    outer loop
      vertex 11.526711513754838 -13.854101966249685 50
      vertex 11.054738267413951 -10.265314019862949 50
      vertex 11.306424874583561 -9 50
    endloop
  endfacet
  facet normal 0 0 -1
    outer loop
      vertex 11.526711513754838 -13.854101966249685 50
      vertex 12.854101966249685 -5.473288486245162 50
      vertex 12.854101966249685 -12.526711513754838 50
    endloop
  endfacet
  facet normal 0.8910065241883679 -0.4539904997395471 0
    outer loop
      vertex 12.854101966249685 -12.526711513754838 50
      vertex 13.706339097770922 -10.854101966249685 50
      vertex 12.854101966249685 -12.526711513754838 55
    endloop
  endfacet
  facet normal -0.7071067811865475 -0.7071067811865475 0
    outer loop
      vertex 4.473288486245162 -13.854101966249685 50
      vertex 4.473288486245162 -13.854101966249685 55
      vertex 3.1458980337503153 -12.526711513754838 55
    endloop
  endfacet
  facet normal 0 0 1
    outer loop
      vertex 4.473288486245162 -13.854101966249685 55
      vertex 3.838880464033557 -13.161119535966442 55
      vertex 3.1458980337503153 -12.526711513754838 55
    endloop
  endfacet
  facet normal -0.8910065241883679 -0.4539904997395466 0
    outer loop
      vertex 3.1458980337503153 -12.526711513754838 50
      vertex 3.1458980337503153 -12.526711513754838 55
      vertex 2.293660902229079 -10.854101966249685 55
    endloop
  endfacet
  facet normal 0 0 1
    outer loop
      vertex 3.838880464033557 -13.161119535966442 55
      vertex 2.563235321882673 -11.251981665107191 55
      vertex 3.1458980337503153 -12.526711513754838 55
    endloop
  endfacet
  facet normal 0 0 1
    outer loop
      vertex 2.293660902229079 -10.854101966249685 55
      vertex 3.1458980337503153 -12.526711513754838 55
      vertex 2.563235321882673 -11.251981665107191 55
    endloop
  endfacet
  facet normal 0 0 1
    outer loop
      vertex 2.293660902229079 -10.854101966249685 55
      vertex 2.563235321882673 -11.251981665107191 55
      vertex 2.1152883175806174 -9 55
    endloop
  endfacet
  facet normal -0.15643446504023065 -0.9876883405951378 0
    outer loop
      vertex 6.145898033750315 -14.706339097770922 50
      vertex 8 -15 55
      vertex 6.145898033750315 -14.706339097770922 55
    endloop
  endfacet
  facet normal 0 0 1
    outer loop
      vertex 5.748018334892809 -14.436764678117328 55
      vertex 6.145898033750315 -14.706339097770922 55
      vertex 8 -15 55
    endloop
  endfacet
  facet normal -0.4539904997395471 -0.8910065241883679 0
    outer loop
      vertex 4.473288486245162 -13.854101966249685 50
      vertex 6.145898033750315 -14.706339097770922 55
      vertex 4.473288486245162 -13.854101966249685 55
    endloop
  endfacet
  facet normal 0 0 1
    outer loop
      vertex 4.473288486245162 -13.854101966249685 55
      vertex 5.748018334892809 -14.436764678117328 55
      vertex 3.838880464033557 -13.161119535966442 55
    endloop
  endfacet
  facet normal 0 0 1
    outer loop
      vertex 4.473288486245162 -13.854101966249685 55
      vertex 6.145898033750315 -14.706339097770922 55
      vertex 5.748018334892809 -14.436764678117328 55
    endloop
  endfacet
  facet normal 0.15643446504023065 -0.9876883405951378 0
    outer loop
      vertex 8 -15 50
      vertex 9.854101966249685 -14.706339097770922 55
      vertex 8 -15 55
    endloop
  endfacet
  facet normal 0 0 1
    outer loop
      vertex 5.748018334892809 -14.436764678117328 55
      vertex 8 -15 55
      vertex 8 -14.884711682419383 55
    endloop
  endfacet
  facet normal 0 0 1
    outer loop
      vertex 8 -15 55
      vertex 9.854101966249685 -14.706339097770922 55
      vertex 8 -14.884711682419383 55
    endloop
  endfacet
  facet normal 0.4539904997395471 -0.8910065241883679 0
    outer loop
      vertex 9.854101966249685 -14.706339097770922 50
      vertex 11.526711513754838 -13.854101966249685 55
      vertex 9.854101966249685 -14.706339097770922 55
    endloop
  endfacet
  facet normal 0 0 1
    outer loop
      vertex 8 -14.884711682419383 55
      vertex 9.854101966249685 -14.706339097770922 55
      vertex 10.251981665107191 -14.436764678117328 55
    endloop
  endfacet
  facet normal 0 0 1
    outer loop
      vertex 9.854101966249685 -14.706339097770922 55
      vertex 11.526711513754838 -13.854101966249685 55
      vertex 10.251981665107191 -14.436764678117328 55
    endloop
  endfacet
  facet normal 0 0 1
    outer loop
      vertex 10.251981665107191 -14.436764678117328 55
      vertex 11.526711513754838 -13.854101966249685 55
      vertex 12.161119535966442 -13.161119535966442 55
    endloop
  endfacet
  facet normal 0 0 1
    outer loop
      vertex 11.526711513754838 -13.854101966249685 55
      vertex 12.854101966249685 -12.526711513754838 55
      vertex 12.161119535966442 -13.161119535966442 55
    endloop
  endfacet
  facet normal 0.7071067811865475 -0.7071067811865475 0
    outer loop
      vertex 12.854101966249685 -12.526711513754838 50
      vertex 12.854101966249685 -12.526711513754838 55
      vertex 11.526711513754838 -13.854101966249685 55
    endloop
  endfacet
  facet normal 0 0 1
    outer loop
      vertex 12.161119535966442 -13.161119535966442 55
      vertex 12.854101966249685 -12.526711513754838 55
      vertex 13.436764678117328 -11.251981665107191 55
    endloop
  endfacet
  facet normal 0.8910065241883679 -0.4539904997395471 0
    outer loop
      vertex 13.706339097770922 -10.854101966249685 50
      vertex 13.706339097770922 -10.854101966249685 55
      vertex 12.854101966249685 -12.526711513754838 55
    endloop
  endfacet
  facet normal 0 0 1
    outer loop
      vertex 12.854101966249685 -12.526711513754838 55
      vertex 13.706339097770922 -10.854101966249685 55
      vertex 13.436764678117328 -11.251981665107191 55
    endloop
  endfacet
  facet normal 0 0 1
    outer loop
      vertex 13.436764678117328 -11.251981665107191 55
      vertex 13.706339097770922 -10.854101966249685 55
      vertex 14 -9 55
    endloop
  endfacet
  facet normal 0 0 -1
    outer loop
      vertex 2.293660902229079 -10.854101966249685 50
      vertex 2 -9 50
      vertex 2.293660902229079 -7.145898033750315 50
    endloop
  endfacet
  facet normal 0 0 -1
    outer loop
      vertex 2.293660902229079 -10.854101966249685 50
      vertex 3.1458980337503153 -5.473288486245162 50
      vertex 3.1458980337503153 -12.526711513754838 50
    endloop
  endfacet
  facet normal 0 0 -1
    outer loop
      vertex 4.473288486245162 -13.854101966249685 50
      vertex 3.1458980337503153 -12.526711513754838 50
      vertex 4.473288486245162 -4.145898033750315 50
    endloop
  endfacet
  facet normal 0 0 -1
    outer loop
      vertex 4.473288486245162 -13.854101966249685 50
      vertex 4.473288486245162 -4.145898033750315 50
      vertex 4.693575125416439 -9 50
    endloop
  endfacet
  facet normal 0 0 -1
    outer loop
      vertex 2.293660902229079 -10.854101966249685 50
      vertex 2.293660902229079 -7.145898033750315 50
      vertex 3.1458980337503153 -5.473288486245162 50
    endloop
  endfacet
  facet normal -0.9876883405951378 -0.15643446504023112 0
    outer loop
      vertex 2.293660902229079 -10.854101966249685 50
      vertex 2 -9 55
      vertex 2 -9 50
    endloop
  endfacet
  facet normal -0.9876883405951378 0.15643446504023112 0
    outer loop
      vertex 2 -9 50
      vertex 2.293660902229079 -7.145898033750315 55
      vertex 2.293660902229079 -7.145898033750315 50
    endloop
  endfacet
  facet normal 0 0 -1
    outer loop
      vertex 3.1458980337503153 -12.526711513754838 50
      vertex 3.1458980337503153 -5.473288486245162 50
      vertex 4.473288486245162 -4.145898033750315 50
    endloop
  endfacet
  facet normal -0.8910065241883679 0.4539904997395466 0
    outer loop
      vertex 2.293660902229079 -7.145898033750315 50
      vertex 3.1458980337503153 -5.473288486245162 55
      vertex 3.1458980337503153 -5.473288486245162 50
    endloop
  endfacet
  facet normal 0 0 -1
    outer loop
      vertex 4.693575125416439 -9 50
      vertex 4.473288486245162 -4.145898033750315 50
      vertex 4.945261732586049 -7.734685980137051 50
    endloop
  endfacet
  facet normal 0 0 -1
    outer loop
      vertex 4.945261732586049 -7.734685980137051 50
      vertex 6.145898033750315 -3.293660902229079 50
      vertex 5.662004549698084 -6.662004549698084 50
    endloop
  endfacet
  facet normal 0 0 -1
    outer loop
      vertex 4.945261732586049 -7.734685980137051 50
      vertex 4.473288486245162 -4.145898033750315 50
      vertex 6.145898033750315 -3.293660902229079 50
    endloop
  endfacet
  facet normal 0 0 -1
    outer loop
      vertex 5.662004549698084 -6.662004549698084 50
      vertex 6.145898033750315 -3.293660902229079 50
      vertex 6.734685980137051 -5.945261732586049 50
    endloop
  endfacet
  facet normal 0 0 -1
    outer loop
      vertex 6.734685980137051 -5.945261732586049 50
      vertex 8 -3 50
      vertex 8 -5.693575125416439 50
    endloop
  endfacet
  facet normal 0 0 -1
    outer loop
      vertex 8 -5.693575125416439 50
      vertex 9.854101966249685 -3.293660902229079 50
      vertex 9.265314019862949 -5.945261732586049 50
    endloop
  endfacet
  facet normal -0.7071067811865475 0.7071067811865475 0
    outer loop
      vertex 3.1458980337503153 -5.473288486245162 50
      vertex 4.473288486245162 -4.145898033750315 55
      vertex 4.473288486245162 -4.145898033750315 50
    endloop
  endfacet
  facet normal 0 0 -1
    outer loop
      vertex 6.734685980137051 -5.945261732586049 50
      vertex 6.145898033750315 -3.293660902229079 50
      vertex 8 -3 50
    endloop
  endfacet
  facet normal 0 0 -1
    outer loop
      vertex 8 -5.693575125416439 50
      vertex 8 -3 50
      vertex 9.854101966249685 -3.293660902229079 50
    endloop
  endfacet
  facet normal -0.4539904997395466 0.8910065241883679 0
    outer loop
      vertex 4.473288486245162 -4.145898033750315 50
      vertex 4.473288486245162 -4.145898033750315 55
      vertex 6.145898033750315 -3.293660902229079 50
    endloop
  endfacet
  facet normal -0.15643446504023112 0.9876883405951378 0
    outer loop
      vertex 6.145898033750315 -3.293660902229079 50
      vertex 6.145898033750315 -3.293660902229079 55
      vertex 8 -3 50
    endloop
  endfacet
  facet normal 0.15643446504023112 0.9876883405951378 0
    outer loop
      vertex 8 -3 50
      vertex 8 -3 55
      vertex 9.854101966249685 -3.293660902229079 50
    endloop
  endfacet
  facet normal 0 0 -1
    outer loop
      vertex 11.526711513754838 -13.854101966249685 50
      vertex 11.306424874583561 -9 50
      vertex 11.526711513754838 -4.145898033750315 50
    endloop
  endfacet
  facet normal 0 0 -1
    outer loop
      vertex 12.854101966249685 -12.526711513754838 50
      vertex 13.706339097770922 -7.145898033750315 50
      vertex 13.706339097770922 -10.854101966249685 50
    endloop
  endfacet
  facet normal 0 0 -1
    outer loop
      vertex 11.526711513754838 -13.854101966249685 50
      vertex 11.526711513754838 -4.145898033750315 50
      vertex 12.854101966249685 -5.473288486245162 50
    endloop
  endfacet
  facet normal 0 0 -1
    outer loop
      vertex 12.854101966249685 -12.526711513754838 50
      vertex 12.854101966249685 -5.473288486245162 50
      vertex 13.706339097770922 -7.145898033750315 50
    endloop
  endfacet
  facet normal 0 0 -1
    outer loop
      vertex 11.306424874583561 -9 50
      vertex 11.054738267413951 -7.734685980137051 50
      vertex 11.526711513754838 -4.145898033750315 50
    endloop
  endfacet
  facet normal 0 0 -1
    outer loop
      vertex 11.054738267413951 -7.734685980137051 50
      vertex 10.337995450301916 -6.662004549698084 50
      vertex 11.526711513754838 -4.145898033750315 50
    endloop
  endfacet
  facet normal 0 0 -1
    outer loop
      vertex 10.337995450301916 -6.662004549698084 50
      vertex 9.265314019862949 -5.945261732586049 50
      vertex 11.526711513754838 -4.145898033750315 50
    endloop
  endfacet
  facet normal 0.8910065241883679 0.4539904997395471 0
    outer loop
      vertex 13.706339097770922 -7.145898033750315 50
      vertex 12.854101966249685 -5.473288486245162 50
      vertex 13.706339097770922 -7.145898033750315 55
    endloop
  endfacet
  facet normal 0.7071067811865475 0.7071067811865475 0
    outer loop
      vertex 12.854101966249685 -5.473288486245162 50
      vertex 11.526711513754838 -4.145898033750315 50
      vertex 12.854101966249685 -5.473288486245162 55
    endloop
  endfacet
  facet normal 0 0 -1
    outer loop
      vertex 13.706339097770922 -10.854101966249685 50
      vertex 13.706339097770922 -7.145898033750315 50
      vertex 14 -9 50
    endloop
  endfacet
  facet normal 0.9876883405951378 -0.15643446504023065 0
    outer loop
      vertex 13.706339097770922 -10.854101966249685 50
      vertex 14 -9 50
      vertex 13.706339097770922 -10.854101966249685 55
    endloop
  endfacet
  facet normal 0.9876883405951378 0.15643446504023065 0
    outer loop
      vertex 13.706339097770922 -7.145898033750315 50
      vertex 14 -9 55
      vertex 14 -9 50
    endloop
  endfacet
  facet normal 0 0 -1
    outer loop
      vertex 9.265314019862949 -5.945261732586049 50
      vertex 9.854101966249685 -3.293660902229079 50
      vertex 11.526711513754838 -4.145898033750315 50
    endloop
  endfacet
  facet normal 0.4539904997395466 0.8910065241883679 0
    outer loop
      vertex 9.854101966249685 -3.293660902229079 50
      vertex 9.854101966249685 -3.293660902229079 55
      vertex 11.526711513754838 -4.145898033750315 50
    endloop
  endfacet
  facet normal -0.9876883405951378 -0.15643446504023112 0
    outer loop
      vertex 2.293660902229079 -10.854101966249685 50
      vertex 2.293660902229079 -10.854101966249685 55
      vertex 2 -9 55
    endloop
  endfacet
  facet normal 0 0 1
    outer loop
      vertex 2.293660902229079 -10.854101966249685 55
      vertex 2.1152883175806174 -9 55
      vertex 2 -9 55
    endloop
  endfacet
  facet normal -0.9876883405951378 0.15643446504023112 0
    outer loop
      vertex 2 -9 50
      vertex 2 -9 55
      vertex 2.293660902229079 -7.145898033750315 55
    endloop
  endfacet
  facet normal 0 0 1
    outer loop
      vertex 2 -9 55
      vertex 2.1152883175806174 -9 55
      vertex 2.563235321882673 -6.748018334892809 55
    endloop
  endfacet
  facet normal 0 0 1
    outer loop
      vertex 2 -9 55
      vertex 2.563235321882673 -6.748018334892809 55
      vertex 2.293660902229079 -7.145898033750315 55
    endloop
  endfacet
  facet normal -0.8910065241883679 0.4539904997395466 0
    outer loop
      vertex 2.293660902229079 -7.145898033750315 50
      vertex 2.293660902229079 -7.145898033750315 55
      vertex 3.1458980337503153 -5.473288486245162 55
    endloop
  endfacet
  facet normal 0 0 1
    outer loop
      vertex 2.293660902229079 -7.145898033750315 55
      vertex 2.563235321882673 -6.748018334892809 55
      vertex 3.1458980337503153 -5.473288486245162 55
    endloop
  endfacet
  facet normal -0.7071067811865475 0.7071067811865475 0
    outer loop
      vertex 3.1458980337503153 -5.473288486245162 50
      vertex 3.1458980337503153 -5.473288486245162 55
      vertex 4.473288486245162 -4.145898033750315 55
    endloop
  endfacet
  facet normal 0 0 1
    outer loop
      vertex 2.563235321882673 -6.748018334892809 55
      vertex 3.838880464033557 -4.838880464033557 55
      vertex 3.1458980337503153 -5.473288486245162 55
    endloop
  endfacet
  facet normal 0 0 1
    outer loop
      vertex 3.1458980337503153 -5.473288486245162 55
      vertex 3.838880464033557 -4.838880464033557 55
      vertex 4.473288486245162 -4.145898033750315 55
    endloop
  endfacet
  facet normal -0.4539904997395466 0.8910065241883679 0
    outer loop
      vertex 6.145898033750315 -3.293660902229079 50
      vertex 4.473288486245162 -4.145898033750315 55
      vertex 6.145898033750315 -3.293660902229079 55
    endloop
  endfacet
  facet normal 0 0 1
    outer loop
      vertex 3.838880464033557 -4.838880464033557 55
      vertex 5.748018334892809 -3.563235321882673 55
      vertex 4.473288486245162 -4.145898033750315 55
    endloop
  endfacet
  facet normal 0 0 1
    outer loop
      vertex 4.473288486245162 -4.145898033750315 55
      vertex 5.748018334892809 -3.563235321882673 55
      vertex 6.145898033750315 -3.293660902229079 55
    endloop
  endfacet
  facet normal 0 0 1
    outer loop
      vertex 5.748018334892809 -3.563235321882673 55
      vertex 8 -3.1152883175806174 55
      vertex 6.145898033750315 -3.293660902229079 55
    endloop
  endfacet
  facet normal -0.15643446504023112 0.9876883405951378 0
    outer loop
      vertex 8 -3 50
      vertex 6.145898033750315 -3.293660902229079 55
      vertex 8 -3 55
    endloop
  endfacet
  facet normal 0 0 1
    outer loop
      vertex 6.145898033750315 -3.293660902229079 55
      vertex 8 -3.1152883175806174 55
      vertex 8 -3 55
    endloop
  endfacet
  facet normal 0 0 1
    outer loop
      vertex 8 -3.1152883175806174 55
      vertex 10.251981665107191 -3.563235321882673 55
      vertex 8 -3 55
    endloop
  endfacet
  facet normal 0 0 1
    outer loop
      vertex 13.436764678117328 -11.251981665107191 55
      vertex 14 -9 55
      vertex 13.884711682419383 -9 55
    endloop
  endfacet
  facet normal 0 0 1
    outer loop
      vertex 13.706339097770922 -7.145898033750315 55
      vertex 13.436764678117328 -6.748018334892809 55
      vertex 13.884711682419383 -9 55
    endloop
  endfacet
  facet normal 0 0 1
    outer loop
      vertex 13.706339097770922 -7.145898033750315 55
      vertex 12.854101966249685 -5.473288486245162 55
      vertex 13.436764678117328 -6.748018334892809 55
    endloop
  endfacet
  facet normal 0.8910065241883679 0.4539904997395471 0
    outer loop
      vertex 12.854101966249685 -5.473288486245162 50
      vertex 12.854101966249685 -5.473288486245162 55
      vertex 13.706339097770922 -7.145898033750315 55
    endloop
  endfacet
  facet normal 0 0 1
    outer loop
      vertex 12.161119535966442 -4.838880464033557 55
      vertex 12.854101966249685 -5.473288486245162 55
      vertex 11.526711513754838 -4.145898033750315 55
    endloop
  endfacet
  facet normal 0 0 1
    outer loop
      vertex 13.436764678117328 -6.748018334892809 55
      vertex 12.854101966249685 -5.473288486245162 55
      vertex 12.161119535966442 -4.838880464033557 55
    endloop
  endfacet
  facet normal 0.9876883405951378 -0.15643446504023065 0
    outer loop
      vertex 13.706339097770922 -10.854101966249685 55
      vertex 14 -9 50
      vertex 14 -9 55
    endloop
  endfacet
  facet normal 0.9876883405951378 0.15643446504023065 0
    outer loop
      vertex 13.706339097770922 -7.145898033750315 50
      vertex 13.706339097770922 -7.145898033750315 55
      vertex 14 -9 55
    endloop
  endfacet
  facet normal 0 0 1
    outer loop
      vertex 13.706339097770922 -7.145898033750315 55
      vertex 13.884711682419383 -9 55
      vertex 14 -9 55
    endloop
  endfacet
  facet normal 0.4539904997395466 0.8910065241883679 0
    outer loop
      vertex 11.526711513754838 -4.145898033750315 50
      vertex 9.854101966249685 -3.293660902229079 55
      vertex 11.526711513754838 -4.145898033750315 55
    endloop
  endfacet
  facet normal 0 0 1
    outer loop
      vertex 12.161119535966442 -4.838880464033557 55
      vertex 11.526711513754838 -4.145898033750315 55
      vertex 10.251981665107191 -3.563235321882673 55
    endloop
  endfacet
  facet normal 0 0 1
    outer loop
      vertex 10.251981665107191 -3.563235321882673 55
      vertex 11.526711513754838 -4.145898033750315 55
      vertex 9.854101966249685 -3.293660902229079 55
    endloop
  endfacet
  facet normal 0.15643446504023112 0.9876883405951378 0
    outer loop
      vertex 9.854101966249685 -3.293660902229079 50
      vertex 8 -3 55
      vertex 9.854101966249685 -3.293660902229079 55
    endloop
  endfacet
  facet normal 0 0 1
    outer loop
      vertex 8 -3 55
      vertex 10.251981665107191 -3.563235321882673 55
      vertex 9.854101966249685 -3.293660902229079 55
    endloop
  endfacet
  facet normal 0.7071067811865475 0.7071067811865475 0
    outer loop
      vertex 11.526711513754838 -4.145898033750315 50
      vertex 11.526711513754838 -4.145898033750315 55
      vertex 12.854101966249685 -5.473288486245162 55
    endloop
  endfacet
  facet normal -0.21614744150487672 -0.32348750654160024 -0.9212144791753949
    outer loop
      vertex 6.734685980137051 -12.054738267413951 50
      vertex 7.172301862151171 -9.827698137848829 49.11528831758062
      vertex 7.552052995697944 -10.081439733010422 49.11528831758062
    endloop
  endfacet
  facet normal -0.07590088788047232 -0.3815795311289143 -0.9212144791753948
    outer loop
      vertex 8 -12.306424874583561 50
      vertex 7.552052995697944 -10.081439733010422 49.11528831758062
      vertex 8 -10.17054193209677 49.11528831758062
    endloop
  endfacet
  facet normal 0.07590088788047243 -0.3815795311289141 -0.9212144791753949
    outer loop
      vertex 9.265314019862949 -12.054738267413951 50
      vertex 8 -10.17054193209677 49.11528831758062
      vertex 8.447947004302055 -10.081439733010422 49.11528831758062
    endloop
  endfacet
  facet normal -0.21614744150487689 -0.3234875065416002 -0.9212144791753948
    outer loop
      vertex 6.734685980137051 -12.054738267413951 50
      vertex 5.662004549698084 -11.337995450301916 50
      vertex 7.172301862151171 -9.827698137848829 49.11528831758062
    endloop
  endfacet
  facet normal -0.32348750654160013 -0.21614744150487683 -0.921214479175395
    outer loop
      vertex 5.662004549698084 -11.337995450301916 50
      vertex 4.945261732586049 -10.265314019862949 50
      vertex 6.918560266989578 -9.447947004302055 49.11528831758062
    endloop
  endfacet
  facet normal -0.07590088788047201 -0.38157953112891424 -0.9212144791753949
    outer loop
      vertex 6.734685980137051 -12.054738267413951 50
      vertex 7.552052995697944 -10.081439733010422 49.11528831758062
      vertex 8 -12.306424874583561 50
    endloop
  endfacet
  facet normal 0.07590088788047203 -0.3815795311289143 -0.9212144791753949
    outer loop
      vertex 8 -12.306424874583561 50
      vertex 8 -10.17054193209677 49.11528831758062
      vertex 9.265314019862949 -12.054738267413951 50
    endloop
  endfacet
  facet normal 0.21614744150487628 -0.32348750654160063 -0.9212144791753949
    outer loop
      vertex 10.337995450301916 -11.337995450301916 50
      vertex 8.447947004302055 -10.081439733010422 49.11528831758062
      vertex 8.827698137848829 -9.827698137848829 49.11528831758062
    endloop
  endfacet
  facet normal 0.21614744150487683 -0.32348750654160013 -0.9212144791753948
    outer loop
      vertex 9.265314019862949 -12.054738267413951 50
      vertex 8.447947004302055 -10.081439733010422 49.11528831758062
      vertex 10.337995450301916 -11.337995450301916 50
    endloop
  endfacet
  facet normal 0.32348750654160024 -0.2161474415048769 -0.9212144791753948
    outer loop
      vertex 10.337995450301916 -11.337995450301916 50
      vertex 8.827698137848829 -9.827698137848829 49.11528831758062
      vertex 11.054738267413951 -10.265314019862949 50
    endloop
  endfacet
  facet normal -0.5555702330196024 -0.8314696123025451 0
    outer loop
      vertex 3.838880464033557 -13.161119535966442 55
      vertex 5.748018334892809 -14.436764678117328 56.17054193209677
      vertex 3.838880464033557 -13.161119535966442 56.17054193209677
    endloop
  endfacet
  facet normal -0.8314696123025455 -0.5555702330196021 0
    outer loop
      vertex 3.838880464033557 -13.161119535966442 55
      vertex 3.838880464033557 -13.161119535966442 56.17054193209677
      vertex 2.563235321882673 -11.251981665107191 55
    endloop
  endfacet
  facet normal -0.8314696123025455 -0.5555702330196021 0
    outer loop
      vertex 3.838880464033557 -13.161119535966442 56.17054193209677
      vertex 2.563235321882673 -11.251981665107191 56.17054193209677
      vertex 2.563235321882673 -11.251981665107191 55
    endloop
  endfacet
  facet normal -0.7703275794849855 -0.5147164328119479 0.37638067707860207
    outer loop
      vertex 3.838880464033557 -13.161119535966442 56.17054193209677
      vertex 4.472373192741924 -12.527626807258077 58.333421398117615
      vertex 2.563235321882673 -11.251981665107191 56.17054193209677
    endloop
  endfacet
  facet normal -0.9807852804032303 -0.1950903220161283 0
    outer loop
      vertex 2.563235321882673 -11.251981665107191 55
      vertex 2.563235321882673 -11.251981665107191 56.17054193209677
      vertex 2.1152883175806174 -9 55
    endloop
  endfacet
  facet normal -0.9086633352183308 -0.180744375159374 0.37638067707860207
    outer loop
      vertex 2.563235321882673 -11.251981665107191 56.17054193209677
      vertex 3.390933459731502 -10.90913787085925 58.333421398117615
      vertex 2.1152883175806174 -9 56.17054193209677
    endloop
  endfacet
  facet normal -0.19509032201612792 -0.9807852804032305 0
    outer loop
      vertex 5.748018334892809 -14.436764678117328 55
      vertex 8 -14.884711682419383 56.17054193209677
      vertex 5.748018334892809 -14.436764678117328 56.17054193209677
    endloop
  endfacet
  facet normal -0.5555702330196024 -0.8314696123025451 0
    outer loop
      vertex 3.838880464033557 -13.161119535966442 55
      vertex 5.748018334892809 -14.436764678117328 55
      vertex 5.748018334892809 -14.436764678117328 56.17054193209677
    endloop
  endfacet
  facet normal -0.5147164328119481 -0.7703275794849854 0.3763806770786018
    outer loop
      vertex 3.838880464033557 -13.161119535966442 56.17054193209677
      vertex 5.748018334892809 -14.436764678117328 56.17054193209677
      vertex 4.472373192741924 -12.527626807258077 58.333421398117615
    endloop
  endfacet
  facet normal -0.18074437515937358 -0.9086633352183305 0.3763806770786027
    outer loop
      vertex 5.748018334892809 -14.436764678117328 56.17054193209677
      vertex 8 -14.884711682419383 56.17054193209677
      vertex 6.090862129140749 -13.609066540268497 58.333421398117615
    endloop
  endfacet
  facet normal -0.19509032201612792 -0.9807852804032305 0
    outer loop
      vertex 5.748018334892809 -14.436764678117328 55
      vertex 8 -14.884711682419383 55
      vertex 8 -14.884711682419383 56.17054193209677
    endloop
  endfacet
  facet normal 0.19509032201612792 -0.9807852804032305 0
    outer loop
      vertex 8 -14.884711682419383 55
      vertex 10.251981665107191 -14.436764678117328 56.17054193209677
      vertex 8 -14.884711682419383 56.17054193209677
    endloop
  endfacet
  facet normal -0.7703275794849856 -0.5147164328119477 0.37638067707860207
    outer loop
      vertex 2.563235321882673 -11.251981665107191 56.17054193209677
      vertex 4.472373192741924 -12.527626807258077 58.333421398117615
      vertex 3.390933459731502 -10.90913787085925 58.333421398117615
    endloop
  endfacet
  facet normal -0.5936131960090988 -0.3966396567602811 0.7002145072825541
    outer loop
      vertex 4.472373192741924 -12.527626807258077 58.333421398117615
      vertex 4.92032019704398 -10.275645142150884 59.98881767381527
      vertex 3.390933459731502 -10.90913787085925 58.333421398117615
    endloop
  endfacet
  facet normal -0.5147164328119471 -0.7703275794849855 0.3763806770786026
    outer loop
      vertex 5.748018334892809 -14.436764678117328 56.17054193209677
      vertex 6.090862129140749 -13.609066540268497 58.333421398117615
      vertex 4.472373192741924 -12.527626807258077 58.333421398117615
    endloop
  endfacet
  facet normal -0.1807443751593744 -0.9086633352183308 0.3763806770786021
    outer loop
      vertex 8 -14.884711682419383 56.17054193209677
      vertex 8 -13.988817673815271 58.333421398117615
      vertex 6.090862129140749 -13.609066540268497 58.333421398117615
    endloop
  endfacet
  facet normal 0.1807443751593744 -0.9086633352183308 0.3763806770786021
    outer loop
      vertex 8 -14.884711682419383 56.17054193209677
      vertex 9.90913787085925 -13.609066540268497 58.333421398117615
      vertex 8 -13.988817673815271 58.333421398117615
    endloop
  endfacet
  facet normal -0.13928132531715362 -0.7002145072825525 0.7002145072825537
    outer loop
      vertex 6.090862129140749 -13.609066540268497 58.333421398117615
      vertex 8 -13.988817673815271 58.333421398117615
      vertex 6.724354857849115 -12.07967980295602 59.98881767381527
    endloop
  endfacet
  facet normal 0.13928132531715356 -0.7002145072825522 0.7002145072825537
    outer loop
      vertex 8 -13.988817673815271 58.333421398117615
      vertex 9.90913787085925 -13.609066540268497 58.333421398117615
      vertex 8 -12.333421398117613 59.98881767381527
    endloop
  endfacet
  facet normal -0.3966396567602807 -0.5936131960090987 0.7002145072825541
    outer loop
      vertex 4.472373192741924 -12.527626807258077 58.333421398117615
      vertex 6.090862129140749 -13.609066540268497 58.333421398117615
      vertex 5.6429151248386935 -11.357084875161306 59.98881767381527
    endloop
  endfacet
  facet normal -0.3966396567602818 -0.5936131960090986 0.7002145072825536
    outer loop
      vertex 6.090862129140749 -13.609066540268497 58.333421398117615
      vertex 6.724354857849115 -12.07967980295602 59.98881767381527
      vertex 5.6429151248386935 -11.357084875161306 59.98881767381527
    endloop
  endfacet
  facet normal -0.5936131960090985 -0.3966396567602813 0.7002145072825542
    outer loop
      vertex 4.472373192741924 -12.527626807258077 58.333421398117615
      vertex 5.6429151248386935 -11.357084875161306 59.98881767381527
      vertex 4.92032019704398 -10.275645142150884 59.98881767381527
    endloop
  endfacet
  facet normal -0.21614744150487736 -0.3234875065416008 0.9212144791753945
    outer loop
      vertex 6.724354857849115 -12.07967980295602 59.98881767381527
      vertex 7.172301862151171 -9.827698137848829 60.88471168241938
      vertex 5.6429151248386935 -11.357084875161306 59.98881767381527
    endloop
  endfacet
  facet normal -0.32348750654160086 -0.21614744150487714 0.9212144791753945
    outer loop
      vertex 5.6429151248386935 -11.357084875161306 59.98881767381527
      vertex 6.918560266989578 -9.447947004302055 60.88471168241938
      vertex 4.92032019704398 -10.275645142150884 59.98881767381527
    endloop
  endfacet
  facet normal -0.1392813253171531 -0.7002145072825525 0.700214507282554
    outer loop
      vertex 8 -13.988817673815271 58.333421398117615
      vertex 8 -12.333421398117613 59.98881767381527
      vertex 6.724354857849115 -12.07967980295602 59.98881767381527
    endloop
  endfacet
  facet normal 0.13928132531715331 -0.7002145072825526 0.7002145072825536
    outer loop
      vertex 8 -12.333421398117613 59.98881767381527
      vertex 9.90913787085925 -13.609066540268497 58.333421398117615
      vertex 9.275645142150884 -12.07967980295602 59.98881767381527
    endloop
  endfacet
  facet normal -0.07590088788047232 -0.3815795311289149 0.9212144791753947
    outer loop
      vertex 6.724354857849115 -12.07967980295602 59.98881767381527
      vertex 8 -12.333421398117613 59.98881767381527
      vertex 7.552052995697944 -10.081439733010422 60.88471168241938
    endloop
  endfacet
  facet normal -0.21614744150487714 -0.32348750654160086 0.9212144791753946
    outer loop
      vertex 6.724354857849115 -12.07967980295602 59.98881767381527
      vertex 7.552052995697944 -10.081439733010422 60.88471168241938
      vertex 7.172301862151171 -9.827698137848829 60.88471168241938
    endloop
  endfacet
  facet normal -0.07590088788047245 -0.38157953112891496 0.9212144791753946
    outer loop
      vertex 8 -12.333421398117613 59.98881767381527
      vertex 8 -10.17054193209677 60.88471168241938
      vertex 7.552052995697944 -10.081439733010422 60.88471168241938
    endloop
  endfacet
  facet normal 0.07590088788047238 -0.38157953112891496 0.9212144791753946
    outer loop
      vertex 8 -12.333421398117613 59.98881767381527
      vertex 9.275645142150884 -12.07967980295602 59.98881767381527
      vertex 8 -10.17054193209677 60.88471168241938
    endloop
  endfacet
  facet normal 0.07590088788047256 -0.38157953112891485 0.9212144791753945
    outer loop
      vertex 9.275645142150884 -12.07967980295602 59.98881767381527
      vertex 8.447947004302055 -10.081439733010422 60.88471168241938
      vertex 8 -10.17054193209677 60.88471168241938
    endloop
  endfacet
  facet normal 0.21614744150487672 -0.323487506541601 0.9212144791753946
    outer loop
      vertex 9.275645142150884 -12.07967980295602 59.98881767381527
      vertex 8.827698137848829 -9.827698137848829 60.88471168241938
      vertex 8.447947004302055 -10.081439733010422 60.88471168241938
    endloop
  endfacet
  facet normal 0.19509032201612792 -0.9807852804032305 0
    outer loop
      vertex 8 -14.884711682419383 55
      vertex 10.251981665107191 -14.436764678117328 55
      vertex 10.251981665107191 -14.436764678117328 56.17054193209677
    endloop
  endfacet
  facet normal 0.5555702330196025 -0.831469612302545 0
    outer loop
      vertex 10.251981665107191 -14.436764678117328 55
      vertex 12.161119535966442 -13.161119535966442 56.17054193209677
      vertex 10.251981665107191 -14.436764678117328 56.17054193209677
    endloop
  endfacet
  facet normal 0.18074437515937358 -0.9086633352183305 0.3763806770786027
    outer loop
      vertex 8 -14.884711682419383 56.17054193209677
      vertex 10.251981665107191 -14.436764678117328 56.17054193209677
      vertex 9.90913787085925 -13.609066540268497 58.333421398117615
    endloop
  endfacet
  facet normal 0.5147164328119485 -0.7703275794849854 0.3763806770786016
    outer loop
      vertex 10.251981665107191 -14.436764678117328 56.17054193209677
      vertex 12.161119535966442 -13.161119535966442 56.17054193209677
      vertex 11.527626807258077 -12.527626807258077 58.333421398117615
    endloop
  endfacet
  facet normal 0.5555702330196025 -0.831469612302545 0
    outer loop
      vertex 10.251981665107191 -14.436764678117328 55
      vertex 12.161119535966442 -13.161119535966442 55
      vertex 12.161119535966442 -13.161119535966442 56.17054193209677
    endloop
  endfacet
  facet normal 0.831469612302545 -0.5555702330196025 0
    outer loop
      vertex 12.161119535966442 -13.161119535966442 55
      vertex 13.436764678117328 -11.251981665107191 56.17054193209677
      vertex 12.161119535966442 -13.161119535966442 56.17054193209677
    endloop
  endfacet
  facet normal 0.831469612302545 -0.5555702330196025 0
    outer loop
      vertex 12.161119535966442 -13.161119535966442 55
      vertex 13.436764678117328 -11.251981665107191 55
      vertex 13.436764678117328 -11.251981665107191 56.17054193209677
    endloop
  endfacet
  facet normal 0.7703275794849854 -0.5147164328119485 0.37638067707860157
    outer loop
      vertex 12.161119535966442 -13.161119535966442 56.17054193209677
      vertex 13.436764678117328 -11.251981665107191 56.17054193209677
      vertex 11.527626807258077 -12.527626807258077 58.333421398117615
    endloop
  endfacet
  facet normal 0.9807852804032305 -0.19509032201612792 0
    outer loop
      vertex 13.436764678117328 -11.251981665107191 55
      vertex 13.884711682419383 -9 56.17054193209677
      vertex 13.436764678117328 -11.251981665107191 56.17054193209677
    endloop
  endfacet
  facet normal 0.9086633352183305 -0.18074437515937358 0.3763806770786027
    outer loop
      vertex 13.436764678117328 -11.251981665107191 56.17054193209677
      vertex 13.884711682419383 -9 56.17054193209677
      vertex 12.609066540268497 -10.90913787085925 58.333421398117615
    endloop
  endfacet
  facet normal 0.514716432811947 -0.7703275794849858 0.37638067707860273
    outer loop
      vertex 10.251981665107191 -14.436764678117328 56.17054193209677
      vertex 11.527626807258077 -12.527626807258077 58.333421398117615
      vertex 9.90913787085925 -13.609066540268497 58.333421398117615
    endloop
  endfacet
  facet normal 0.3966396567602804 -0.5936131960090987 0.7002145072825543
    outer loop
      vertex 9.90913787085925 -13.609066540268497 58.333421398117615
      vertex 11.527626807258077 -12.527626807258077 58.333421398117615
      vertex 10.357084875161306 -11.357084875161306 59.98881767381527
    endloop
  endfacet
  facet normal 0.7703275794849858 -0.514716432811947 0.37638067707860273
    outer loop
      vertex 13.436764678117328 -11.251981665107191 56.17054193209677
      vertex 12.609066540268497 -10.90913787085925 58.333421398117615
      vertex 11.527626807258077 -12.527626807258077 58.333421398117615
    endloop
  endfacet
  facet normal 0.593613196009099 -0.3966396567602807 0.7002145072825539
    outer loop
      vertex 11.527626807258077 -12.527626807258077 58.333421398117615
      vertex 12.609066540268497 -10.90913787085925 58.333421398117615
      vertex 11.07967980295602 -10.275645142150884 59.98881767381527
    endloop
  endfacet
  facet normal 0.3966396567602818 -0.5936131960090985 0.7002145072825539
    outer loop
      vertex 9.90913787085925 -13.609066540268497 58.333421398117615
      vertex 10.357084875161306 -11.357084875161306 59.98881767381527
      vertex 9.275645142150884 -12.07967980295602 59.98881767381527
    endloop
  endfacet
  facet normal 0.5936131960090979 -0.3966396567602813 0.7002145072825544
    outer loop
      vertex 11.527626807258077 -12.527626807258077 58.333421398117615
      vertex 11.07967980295602 -10.275645142150884 59.98881767381527
      vertex 10.357084875161306 -11.357084875161306 59.98881767381527
    endloop
  endfacet
  facet normal 0.21614744150487747 -0.3234875065416009 0.9212144791753946
    outer loop
      vertex 9.275645142150884 -12.07967980295602 59.98881767381527
      vertex 10.357084875161306 -11.357084875161306 59.98881767381527
      vertex 8.827698137848829 -9.827698137848829 60.88471168241938
    endloop
  endfacet
  facet normal 0.32348750654160074 -0.21614744150487733 0.9212144791753945
    outer loop
      vertex 10.357084875161306 -11.357084875161306 59.98881767381527
      vertex 11.07967980295602 -10.275645142150884 59.98881767381527
      vertex 9.081439733010422 -9.447947004302055 60.88471168241938
    endloop
  endfacet
  facet normal -0.3815795311289141 -0.07590088788047243 -0.9212144791753949
    outer loop
      vertex 4.945261732586049 -10.265314019862949 50
      vertex 6.82945806790323 -9 49.11528831758062
      vertex 6.918560266989578 -9.447947004302055 49.11528831758062
    endloop
  endfacet
  facet normal -0.32348750654160063 -0.21614744150487628 -0.9212144791753949
    outer loop
      vertex 5.662004549698084 -11.337995450301916 50
      vertex 6.918560266989578 -9.447947004302055 49.11528831758062
      vertex 7.172301862151171 -9.827698137848829 49.11528831758062
    endloop
  endfacet
  facet normal 0 0 -1
    outer loop
      vertex 6.82945806790323 -9 49.11528831758062
      vertex 6.918560266989578 -8.552052995697945 49.11528831758062
      vertex 6.918560266989578 -9.447947004302055 49.11528831758062
    endloop
  endfacet
  facet normal -0.38157953112891424 0.07590088788047249 -0.9212144791753948
    outer loop
      vertex 6.82945806790323 -9 49.11528831758062
      vertex 4.693575125416439 -9 50
      vertex 6.918560266989578 -8.552052995697945 49.11528831758062
    endloop
  endfacet
  facet normal -0.3234875065416004 0.21614744150487622 -0.921214479175395
    outer loop
      vertex 6.918560266989578 -8.552052995697945 49.11528831758062
      vertex 4.945261732586049 -7.734685980137051 50
      vertex 7.172301862151171 -8.172301862151171 49.11528831758062
    endloop
  endfacet
  facet normal -0.2161474415048767 0.32348750654160036 -0.9212144791753948
    outer loop
      vertex 7.172301862151171 -8.172301862151171 49.11528831758062
      vertex 5.662004549698084 -6.662004549698084 50
      vertex 7.552052995697944 -7.918560266989578 49.11528831758062
    endloop
  endfacet
  facet normal 0 0 -1
    outer loop
      vertex 7.172301862151171 -9.827698137848829 49.11528831758062
      vertex 7.552052995697944 -7.918560266989578 49.11528831758062
      vertex 7.552052995697944 -10.081439733010422 49.11528831758062
    endloop
  endfacet
  facet normal 0 0 -1
    outer loop
      vertex 7.172301862151171 -9.827698137848829 49.11528831758062
      vertex 6.918560266989578 -9.447947004302055 49.11528831758062
      vertex 7.172301862151171 -8.172301862151171 49.11528831758062
    endloop
  endfacet
  facet normal 0 0 -1
    outer loop
      vertex 7.552052995697944 -10.081439733010422 49.11528831758062
      vertex 8 -7.82945806790323 49.11528831758062
      vertex 8 -10.17054193209677 49.11528831758062
    endloop
  endfacet
  facet normal 0 0 -1
    outer loop
      vertex 8 -10.17054193209677 49.11528831758062
      vertex 8.447947004302055 -7.918560266989578 49.11528831758062
      vertex 8.447947004302055 -10.081439733010422 49.11528831758062
    endloop
  endfacet
  facet normal 0 0 -1
    outer loop
      vertex 8.447947004302055 -10.081439733010422 49.11528831758062
      vertex 8.827698137848829 -8.172301862151171 49.11528831758062
      vertex 8.827698137848829 -9.827698137848829 49.11528831758062
    endloop
  endfacet
  facet normal 0 0 -1
    outer loop
      vertex 8.827698137848829 -9.827698137848829 49.11528831758062
      vertex 9.081439733010422 -8.552052995697945 49.11528831758062
      vertex 9.081439733010422 -9.447947004302055 49.11528831758062
    endloop
  endfacet
  facet normal 0 0 -1
    outer loop
      vertex 9.081439733010422 -9.447947004302055 49.11528831758062
      vertex 9.081439733010422 -8.552052995697945 49.11528831758062
      vertex 9.17054193209677 -9 49.11528831758062
    endloop
  endfacet
  facet normal 0 0 -1
    outer loop
      vertex 6.918560266989578 -9.447947004302055 49.11528831758062
      vertex 6.918560266989578 -8.552052995697945 49.11528831758062
      vertex 7.172301862151171 -8.172301862151171 49.11528831758062
    endloop
  endfacet
  facet normal 0 0 -1
    outer loop
      vertex 7.172301862151171 -9.827698137848829 49.11528831758062
      vertex 7.172301862151171 -8.172301862151171 49.11528831758062
      vertex 7.552052995697944 -7.918560266989578 49.11528831758062
    endloop
  endfacet
  facet normal 0 0 -1
    outer loop
      vertex 7.552052995697944 -10.081439733010422 49.11528831758062
      vertex 7.552052995697944 -7.918560266989578 49.11528831758062
      vertex 8 -7.82945806790323 49.11528831758062
    endloop
  endfacet
  facet normal 0 0 -1
    outer loop
      vertex 8 -10.17054193209677 49.11528831758062
      vertex 8 -7.82945806790323 49.11528831758062
      vertex 8.447947004302055 -7.918560266989578 49.11528831758062
    endloop
  endfacet
  facet normal 0 0 -1
    outer loop
      vertex 8.447947004302055 -10.081439733010422 49.11528831758062
      vertex 8.447947004302055 -7.918560266989578 49.11528831758062
      vertex 8.827698137848829 -8.172301862151171 49.11528831758062
    endloop
  endfacet
  facet normal 0 0 -1
    outer loop
      vertex 8.827698137848829 -9.827698137848829 49.11528831758062
      vertex 8.827698137848829 -8.172301862151171 49.11528831758062
      vertex 9.081439733010422 -8.552052995697945 49.11528831758062
    endloop
  endfacet
  facet normal -0.0759008878804723 0.38157953112891413 -0.9212144791753949
    outer loop
      vertex 7.552052995697944 -7.918560266989578 49.11528831758062
      vertex 6.734685980137051 -5.945261732586049 50
      vertex 8 -7.82945806790323 49.11528831758062
    endloop
  endfacet
  facet normal 0.07590088788047249 0.38157953112891424 -0.9212144791753948
    outer loop
      vertex 8 -7.82945806790323 49.11528831758062
      vertex 8 -5.693575125416439 50
      vertex 8.447947004302055 -7.918560266989578 49.11528831758062
    endloop
  endfacet
  facet normal 0.21614744150487622 0.3234875065416004 -0.921214479175395
    outer loop
      vertex 8.447947004302055 -7.918560266989578 49.11528831758062
      vertex 9.265314019862949 -5.945261732586049 50
      vertex 8.827698137848829 -8.172301862151171 49.11528831758062
    endloop
  endfacet
  facet normal -0.38157953112891424 -0.07590088788047201 -0.9212144791753949
    outer loop
      vertex 4.945261732586049 -10.265314019862949 50
      vertex 4.693575125416439 -9 50
      vertex 6.82945806790323 -9 49.11528831758062
    endloop
  endfacet
  facet normal -0.38157953112891413 0.07590088788047201 -0.9212144791753948
    outer loop
      vertex 6.918560266989578 -8.552052995697945 49.11528831758062
      vertex 4.693575125416439 -9 50
      vertex 4.945261732586049 -7.734685980137051 50
    endloop
  endfacet
  facet normal -0.32348750654160013 0.21614744150487689 -0.9212144791753948
    outer loop
      vertex 7.172301862151171 -8.172301862151171 49.11528831758062
      vertex 4.945261732586049 -7.734685980137051 50
      vertex 5.662004549698084 -6.662004549698084 50
    endloop
  endfacet
  facet normal -0.21614744150487677 0.32348750654160013 -0.9212144791753948
    outer loop
      vertex 7.552052995697944 -7.918560266989578 49.11528831758062
      vertex 5.662004549698084 -6.662004549698084 50
      vertex 6.734685980137051 -5.945261732586049 50
    endloop
  endfacet
  facet normal -0.07590088788047206 0.3815795311289143 -0.9212144791753949
    outer loop
      vertex 8 -7.82945806790323 49.11528831758062
      vertex 6.734685980137051 -5.945261732586049 50
      vertex 8 -5.693575125416439 50
    endloop
  endfacet
  facet normal 0.07590088788047201 0.38157953112891413 -0.9212144791753948
    outer loop
      vertex 8.447947004302055 -7.918560266989578 49.11528831758062
      vertex 8 -5.693575125416439 50
      vertex 9.265314019862949 -5.945261732586049 50
    endloop
  endfacet
  facet normal 0.3234875065416003 -0.21614744150487628 -0.9212144791753949
    outer loop
      vertex 11.054738267413951 -10.265314019862949 50
      vertex 8.827698137848829 -9.827698137848829 49.11528831758062
      vertex 9.081439733010422 -9.447947004302055 49.11528831758062
    endloop
  endfacet
  facet normal 0.38157953112891424 -0.07590088788047249 -0.9212144791753948
    outer loop
      vertex 9.081439733010422 -9.447947004302055 49.11528831758062
      vertex 9.17054193209677 -9 49.11528831758062
      vertex 11.306424874583561 -9 50
    endloop
  endfacet
  facet normal 0.38157953112891396 0.07590088788047245 -0.9212144791753949
    outer loop
      vertex 9.17054193209677 -9 49.11528831758062
      vertex 9.081439733010422 -8.552052995697945 49.11528831758062
      vertex 11.054738267413951 -7.734685980137051 50
    endloop
  endfacet
  facet normal 0.3234875065416007 0.21614744150487641 -0.9212144791753949
    outer loop
      vertex 9.081439733010422 -8.552052995697945 49.11528831758062
      vertex 8.827698137848829 -8.172301862151171 49.11528831758062
      vertex 10.337995450301916 -6.662004549698084 50
    endloop
  endfacet
  facet normal 0.38157953112891413 -0.07590088788047199 -0.9212144791753948
    outer loop
      vertex 11.054738267413951 -10.265314019862949 50
      vertex 9.081439733010422 -9.447947004302055 49.11528831758062
      vertex 11.306424874583561 -9 50
    endloop
  endfacet
  facet normal 0.3234875065416001 0.21614744150487677 -0.921214479175395
    outer loop
      vertex 9.081439733010422 -8.552052995697945 49.11528831758062
      vertex 10.337995450301916 -6.662004549698084 50
      vertex 11.054738267413951 -7.734685980137051 50
    endloop
  endfacet
  facet normal 0.3815795311289143 0.07590088788047206 -0.9212144791753949
    outer loop
      vertex 9.17054193209677 -9 49.11528831758062
      vertex 11.054738267413951 -7.734685980137051 50
      vertex 11.306424874583561 -9 50
    endloop
  endfacet
  facet normal 0.21614744150487689 0.32348750654160013 -0.9212144791753948
    outer loop
      vertex 8.827698137848829 -8.172301862151171 49.11528831758062
      vertex 9.265314019862949 -5.945261732586049 50
      vertex 10.337995450301916 -6.662004549698084 50
    endloop
  endfacet
  facet normal -0.9807852804032303 -0.1950903220161283 0
    outer loop
      vertex 2.563235321882673 -11.251981665107191 56.17054193209677
      vertex 2.1152883175806174 -9 56.17054193209677
      vertex 2.1152883175806174 -9 55
    endloop
  endfacet
  facet normal -0.9807852804032303 0.1950903220161283 0
    outer loop
      vertex 2.1152883175806174 -9 55
      vertex 2.1152883175806174 -9 56.17054193209677
      vertex 2.563235321882673 -6.748018334892809 55
    endloop
  endfacet
  facet normal -0.9807852804032303 0.1950903220161283 0
    outer loop
      vertex 2.1152883175806174 -9 56.17054193209677
      vertex 2.563235321882673 -6.748018334892809 56.17054193209677
      vertex 2.563235321882673 -6.748018334892809 55
    endloop
  endfacet
  facet normal -0.9086633352183308 0.180744375159374 0.3763806770786021
    outer loop
      vertex 2.1152883175806174 -9 56.17054193209677
      vertex 3.390933459731502 -7.090862129140749 58.333421398117615
      vertex 2.563235321882673 -6.748018334892809 56.17054193209677
    endloop
  endfacet
  facet normal -0.8314696123025456 0.5555702330196018 0
    outer loop
      vertex 2.563235321882673 -6.748018334892809 55
      vertex 2.563235321882673 -6.748018334892809 56.17054193209677
      vertex 3.838880464033557 -4.838880464033557 55
    endloop
  endfacet
  facet normal -0.8314696123025456 0.5555702330196018 0
    outer loop
      vertex 3.838880464033557 -4.838880464033557 55
      vertex 2.563235321882673 -6.748018334892809 56.17054193209677
      vertex 3.838880464033557 -4.838880464033557 56.17054193209677
    endloop
  endfacet
  facet normal -0.7703275794849856 0.5147164328119477 0.37638067707860234
    outer loop
      vertex 2.563235321882673 -6.748018334892809 56.17054193209677
      vertex 4.472373192741924 -5.472373192741924 58.333421398117615
      vertex 3.838880464033557 -4.838880464033557 56.17054193209677
    endloop
  endfacet
  facet normal -0.9086633352183308 -0.18074437515937397 0.3763806770786021
    outer loop
      vertex 3.390933459731502 -10.90913787085925 58.333421398117615
      vertex 3.011182326184729 -9 58.333421398117615
      vertex 2.1152883175806174 -9 56.17054193209677
    endloop
  endfacet
  facet normal -0.7002145072825524 -0.13928132531715326 0.7002145072825539
    outer loop
      vertex 3.390933459731502 -10.90913787085925 58.333421398117615
      vertex 4.666578601882387 -9 59.98881767381527
      vertex 3.011182326184729 -9 58.333421398117615
    endloop
  endfacet
  facet normal -0.9086633352183308 0.180744375159374 0.3763806770786021
    outer loop
      vertex 2.1152883175806174 -9 56.17054193209677
      vertex 3.011182326184729 -9 58.333421398117615
      vertex 3.390933459731502 -7.090862129140749 58.333421398117615
    endloop
  endfacet
  facet normal -0.7002145072825524 0.13928132531715326 0.700214507282554
    outer loop
      vertex 3.011182326184729 -9 58.333421398117615
      vertex 4.666578601882387 -9 59.98881767381527
      vertex 3.390933459731502 -7.090862129140749 58.333421398117615
    endloop
  endfacet
  facet normal -0.7002145072825524 -0.13928132531715334 0.7002145072825539
    outer loop
      vertex 3.390933459731502 -10.90913787085925 58.333421398117615
      vertex 4.92032019704398 -10.275645142150884 59.98881767381527
      vertex 4.666578601882387 -9 59.98881767381527
    endloop
  endfacet
  facet normal -0.7002145072825525 0.13928132531715326 0.7002145072825539
    outer loop
      vertex 3.390933459731502 -7.090862129140749 58.333421398117615
      vertex 4.666578601882387 -9 59.98881767381527
      vertex 4.92032019704398 -7.724354857849115 59.98881767381527
    endloop
  endfacet
  facet normal -0.7703275794849855 0.5147164328119479 0.3763806770786021
    outer loop
      vertex 2.563235321882673 -6.748018334892809 56.17054193209677
      vertex 3.390933459731502 -7.090862129140749 58.333421398117615
      vertex 4.472373192741924 -5.472373192741924 58.333421398117615
    endloop
  endfacet
  facet normal -0.5936131960090986 0.39663965676028123 0.7002145072825537
    outer loop
      vertex 3.390933459731502 -7.090862129140749 58.333421398117615
      vertex 4.92032019704398 -7.724354857849115 59.98881767381527
      vertex 4.472373192741924 -5.472373192741924 58.333421398117615
    endloop
  endfacet
  facet normal -0.3815795311289149 -0.07590088788047236 0.9212144791753946
    outer loop
      vertex 4.92032019704398 -10.275645142150884 59.98881767381527
      vertex 6.82945806790323 -9 60.88471168241938
      vertex 4.666578601882387 -9 59.98881767381527
    endloop
  endfacet
  facet normal -0.38157953112891485 -0.07590088788047256 0.9212144791753945
    outer loop
      vertex 4.92032019704398 -10.275645142150884 59.98881767381527
      vertex 6.918560266989578 -9.447947004302055 60.88471168241938
      vertex 6.82945806790323 -9 60.88471168241938
    endloop
  endfacet
  facet normal -0.32348750654160136 -0.2161474415048769 0.9212144791753945
    outer loop
      vertex 5.6429151248386935 -11.357084875161306 59.98881767381527
      vertex 7.172301862151171 -9.827698137848829 60.88471168241938
      vertex 6.918560266989578 -9.447947004302055 60.88471168241938
    endloop
  endfacet
  facet normal 0 0 1
    outer loop
      vertex 6.82945806790323 -9 60.88471168241938
      vertex 6.918560266989578 -9.447947004302055 60.88471168241938
      vertex 6.918560266989578 -8.552052995697945 60.88471168241938
    endloop
  endfacet
  facet normal -0.3815795311289149 0.07590088788047232 0.9212144791753947
    outer loop
      vertex 4.666578601882387 -9 59.98881767381527
      vertex 6.82945806790323 -9 60.88471168241938
      vertex 4.92032019704398 -7.724354857849115 59.98881767381527
    endloop
  endfacet
  facet normal -0.38157953112891474 0.07590088788047258 0.9212144791753946
    outer loop
      vertex 6.82945806790323 -9 60.88471168241938
      vertex 6.918560266989578 -8.552052995697945 60.88471168241938
      vertex 4.92032019704398 -7.724354857849115 59.98881767381527
    endloop
  endfacet
  facet normal -0.3234875065416008 0.2161474415048771 0.9212144791753947
    outer loop
      vertex 4.92032019704398 -7.724354857849115 59.98881767381527
      vertex 6.918560266989578 -8.552052995697945 60.88471168241938
      vertex 5.6429151248386935 -6.6429151248386935 59.98881767381527
    endloop
  endfacet
  facet normal -0.32348750654160124 0.2161474415048768 0.9212144791753946
    outer loop
      vertex 6.918560266989578 -8.552052995697945 60.88471168241938
      vertex 7.172301862151171 -8.172301862151171 60.88471168241938
      vertex 5.6429151248386935 -6.6429151248386935 59.98881767381527
    endloop
  endfacet
  facet normal 0 0 1
    outer loop
      vertex 7.172301862151171 -9.827698137848829 60.88471168241938
      vertex 6.918560266989578 -8.552052995697945 60.88471168241938
      vertex 6.918560266989578 -9.447947004302055 60.88471168241938
    endloop
  endfacet
  facet normal 0 0 1
    outer loop
      vertex 7.172301862151171 -9.827698137848829 60.88471168241938
      vertex 7.552052995697944 -10.081439733010422 60.88471168241938
      vertex 7.172301862151171 -8.172301862151171 60.88471168241938
    endloop
  endfacet
  facet normal 0 0 1
    outer loop
      vertex 7.552052995697944 -10.081439733010422 60.88471168241938
      vertex 8 -10.17054193209677 60.88471168241938
      vertex 7.552052995697944 -7.918560266989578 60.88471168241938
    endloop
  endfacet
  facet normal 0 0 1
    outer loop
      vertex 8 -10.17054193209677 60.88471168241938
      vertex 8.447947004302055 -10.081439733010422 60.88471168241938
      vertex 8 -7.82945806790323 60.88471168241938
    endloop
  endfacet
  facet normal 0 0 1
    outer loop
      vertex 8.447947004302055 -10.081439733010422 60.88471168241938
      vertex 8.827698137848829 -9.827698137848829 60.88471168241938
      vertex 8.447947004302055 -7.918560266989578 60.88471168241938
    endloop
  endfacet
  facet normal 0 0 1
    outer loop
      vertex 8.827698137848829 -9.827698137848829 60.88471168241938
      vertex 9.081439733010422 -9.447947004302055 60.88471168241938
      vertex 8.827698137848829 -8.172301862151171 60.88471168241938
    endloop
  endfacet
  facet normal 0 0 1
    outer loop
      vertex 9.081439733010422 -9.447947004302055 60.88471168241938
      vertex 9.17054193209677 -9 60.88471168241938
      vertex 9.081439733010422 -8.552052995697945 60.88471168241938
    endloop
  endfacet
  facet normal 0 0 1
    outer loop
      vertex 7.172301862151171 -9.827698137848829 60.88471168241938
      vertex 7.172301862151171 -8.172301862151171 60.88471168241938
      vertex 6.918560266989578 -8.552052995697945 60.88471168241938
    endloop
  endfacet
  facet normal 0 0 1
    outer loop
      vertex 7.552052995697944 -10.081439733010422 60.88471168241938
      vertex 7.552052995697944 -7.918560266989578 60.88471168241938
      vertex 7.172301862151171 -8.172301862151171 60.88471168241938
    endloop
  endfacet
  facet normal 0 0 1
    outer loop
      vertex 8 -10.17054193209677 60.88471168241938
      vertex 8 -7.82945806790323 60.88471168241938
      vertex 7.552052995697944 -7.918560266989578 60.88471168241938
    endloop
  endfacet
  facet normal 0 0 1
    outer loop
      vertex 8.447947004302055 -10.081439733010422 60.88471168241938
      vertex 8.447947004302055 -7.918560266989578 60.88471168241938
      vertex 8 -7.82945806790323 60.88471168241938
    endloop
  endfacet
  facet normal 0 0 1
    outer loop
      vertex 8.827698137848829 -9.827698137848829 60.88471168241938
      vertex 8.827698137848829 -8.172301862151171 60.88471168241938
      vertex 8.447947004302055 -7.918560266989578 60.88471168241938
    endloop
  endfacet
  facet normal 0 0 1
    outer loop
      vertex 9.081439733010422 -9.447947004302055 60.88471168241938
      vertex 9.081439733010422 -8.552052995697945 60.88471168241938
      vertex 8.827698137848829 -8.172301862151171 60.88471168241938
    endloop
  endfacet
  facet normal -0.39663965676028123 0.5936131960090986 0.7002145072825537
    outer loop
      vertex 4.472373192741924 -5.472373192741924 58.333421398117615
      vertex 5.6429151248386935 -6.6429151248386935 59.98881767381527
      vertex 6.090862129140749 -4.390933459731502 58.333421398117615
    endloop
  endfacet
  facet normal -0.1392813253171532 0.7002145072825524 0.7002145072825537
    outer loop
      vertex 6.724354857849115 -5.92032019704398 59.98881767381527
      vertex 8 -4.011182326184729 58.333421398117615
      vertex 6.090862129140749 -4.390933459731502 58.333421398117615
    endloop
  endfacet
  facet normal 0.13928132531715326 0.7002145072825524 0.700214507282554
    outer loop
      vertex 8 -4.011182326184729 58.333421398117615
      vertex 9.275645142150884 -5.92032019704398 59.98881767381527
      vertex 9.90913787085925 -4.390933459731502 58.333421398117615
    endloop
  endfacet
  facet normal -0.5936131960090986 0.3966396567602814 0.7002145072825539
    outer loop
      vertex 4.472373192741924 -5.472373192741924 58.333421398117615
      vertex 4.92032019704398 -7.724354857849115 59.98881767381527
      vertex 5.6429151248386935 -6.6429151248386935 59.98881767381527
    endloop
  endfacet
  facet normal -0.21614744150487714 0.32348750654160086 0.9212144791753945
    outer loop
      vertex 7.172301862151171 -8.172301862151171 60.88471168241938
      vertex 6.724354857849115 -5.92032019704398 59.98881767381527
      vertex 5.6429151248386935 -6.6429151248386935 59.98881767381527
    endloop
  endfacet
  facet normal -0.3966396567602814 0.5936131960090987 0.7002145072825539
    outer loop
      vertex 5.6429151248386935 -6.6429151248386935 59.98881767381527
      vertex 6.724354857849115 -5.92032019704398 59.98881767381527
      vertex 6.090862129140749 -4.390933459731502 58.333421398117615
    endloop
  endfacet
  facet normal -0.21614744150487702 0.32348750654160086 0.9212144791753945
    outer loop
      vertex 7.172301862151171 -8.172301862151171 60.88471168241938
      vertex 7.552052995697944 -7.918560266989578 60.88471168241938
      vertex 6.724354857849115 -5.92032019704398 59.98881767381527
    endloop
  endfacet
  facet normal -0.07590088788047247 0.38157953112891496 0.9212144791753946
    outer loop
      vertex 7.552052995697944 -7.918560266989578 60.88471168241938
      vertex 8 -7.82945806790323 60.88471168241938
      vertex 8 -5.666578601882387 59.98881767381527
    endloop
  endfacet
  facet normal -0.07590088788047233 0.3815795311289149 0.9212144791753947
    outer loop
      vertex 7.552052995697944 -7.918560266989578 60.88471168241938
      vertex 8 -5.666578601882387 59.98881767381527
      vertex 6.724354857849115 -5.92032019704398 59.98881767381527
    endloop
  endfacet
  facet normal 0.07590088788047263 0.38157953112891485 0.9212144791753946
    outer loop
      vertex 8 -7.82945806790323 60.88471168241938
      vertex 8.447947004302055 -7.918560266989578 60.88471168241938
      vertex 8 -5.666578601882387 59.98881767381527
    endloop
  endfacet
  facet normal 0.21614744150487666 0.323487506541601 0.9212144791753946
    outer loop
      vertex 8.447947004302055 -7.918560266989578 60.88471168241938
      vertex 8.827698137848829 -8.172301862151171 60.88471168241938
      vertex 9.275645142150884 -5.92032019704398 59.98881767381527
    endloop
  endfacet
  facet normal 0.07590088788047238 0.38157953112891485 0.9212144791753946
    outer loop
      vertex 8.447947004302055 -7.918560266989578 60.88471168241938
      vertex 9.275645142150884 -5.92032019704398 59.98881767381527
      vertex 8 -5.666578601882387 59.98881767381527
    endloop
  endfacet
  facet normal -0.1392813253171532 0.7002145072825525 0.700214507282554
    outer loop
      vertex 6.724354857849115 -5.92032019704398 59.98881767381527
      vertex 8 -5.666578601882387 59.98881767381527
      vertex 8 -4.011182326184729 58.333421398117615
    endloop
  endfacet
  facet normal 0.1392813253171533 0.7002145072825524 0.700214507282554
    outer loop
      vertex 8 -5.666578601882387 59.98881767381527
      vertex 9.275645142150884 -5.92032019704398 59.98881767381527
      vertex 8 -4.011182326184729 58.333421398117615
    endloop
  endfacet
  facet normal -0.5555702330196018 0.8314696123025456 0
    outer loop
      vertex 3.838880464033557 -4.838880464033557 55
      vertex 3.838880464033557 -4.838880464033557 56.17054193209677
      vertex 5.748018334892809 -3.563235321882673 55
    endloop
  endfacet
  facet normal -0.5555702330196018 0.8314696123025456 0
    outer loop
      vertex 3.838880464033557 -4.838880464033557 56.17054193209677
      vertex 5.748018334892809 -3.563235321882673 56.17054193209677
      vertex 5.748018334892809 -3.563235321882673 55
    endloop
  endfacet
  facet normal -0.1950903220161283 0.9807852804032303 0
    outer loop
      vertex 5.748018334892809 -3.563235321882673 55
      vertex 5.748018334892809 -3.563235321882673 56.17054193209677
      vertex 8 -3.1152883175806174 55
    endloop
  endfacet
  facet normal -0.5147164328119477 0.7703275794849856 0.37638067707860245
    outer loop
      vertex 3.838880464033557 -4.838880464033557 56.17054193209677
      vertex 4.472373192741924 -5.472373192741924 58.333421398117615
      vertex 5.748018334892809 -3.563235321882673 56.17054193209677
    endloop
  endfacet
  facet normal -0.180744375159374 0.9086633352183308 0.37638067707860207
    outer loop
      vertex 5.748018334892809 -3.563235321882673 56.17054193209677
      vertex 6.090862129140749 -4.390933459731502 58.333421398117615
      vertex 8 -3.1152883175806174 56.17054193209677
    endloop
  endfacet
  facet normal -0.1950903220161283 0.9807852804032303 0
    outer loop
      vertex 8 -3.1152883175806174 55
      vertex 5.748018334892809 -3.563235321882673 56.17054193209677
      vertex 8 -3.1152883175806174 56.17054193209677
    endloop
  endfacet
  facet normal 0.1950903220161283 0.9807852804032303 0
    outer loop
      vertex 8 -3.1152883175806174 55
      vertex 8 -3.1152883175806174 56.17054193209677
      vertex 10.251981665107191 -3.563235321882673 55
    endloop
  endfacet
  facet normal -0.514716432811948 0.7703275794849855 0.37638067707860207
    outer loop
      vertex 4.472373192741924 -5.472373192741924 58.333421398117615
      vertex 6.090862129140749 -4.390933459731502 58.333421398117615
      vertex 5.748018334892809 -3.563235321882673 56.17054193209677
    endloop
  endfacet
  facet normal -0.180744375159374 0.9086633352183308 0.3763806770786021
    outer loop
      vertex 8 -3.1152883175806174 56.17054193209677
      vertex 6.090862129140749 -4.390933459731502 58.333421398117615
      vertex 8 -4.011182326184729 58.333421398117615
    endloop
  endfacet
  facet normal 0.180744375159374 0.9086633352183308 0.3763806770786021
    outer loop
      vertex 8 -3.1152883175806174 56.17054193209677
      vertex 8 -4.011182326184729 58.333421398117615
      vertex 9.90913787085925 -4.390933459731502 58.333421398117615
    endloop
  endfacet
  facet normal 0.9807852804032305 -0.19509032201612792 0
    outer loop
      vertex 13.436764678117328 -11.251981665107191 55
      vertex 13.884711682419383 -9 55
      vertex 13.884711682419383 -9 56.17054193209677
    endloop
  endfacet
  facet normal 0.9807852804032305 0.19509032201612792 0
    outer loop
      vertex 13.436764678117328 -6.748018334892809 56.17054193209677
      vertex 13.884711682419383 -9 56.17054193209677
      vertex 13.884711682419383 -9 55
    endloop
  endfacet
  facet normal 0.9807852804032305 0.19509032201612792 0
    outer loop
      vertex 13.436764678117328 -6.748018334892809 55
      vertex 13.436764678117328 -6.748018334892809 56.17054193209677
      vertex 13.884711682419383 -9 55
    endloop
  endfacet
  facet normal 0.9086633352183305 0.18074437515937358 0.3763806770786027
    outer loop
      vertex 13.436764678117328 -6.748018334892809 56.17054193209677
      vertex 12.609066540268497 -7.090862129140749 58.333421398117615
      vertex 13.884711682419383 -9 56.17054193209677
    endloop
  endfacet
  facet normal 0.8314696123025451 0.5555702330196024 0
    outer loop
      vertex 13.436764678117328 -6.748018334892809 55
      vertex 12.161119535966442 -4.838880464033557 56.17054193209677
      vertex 13.436764678117328 -6.748018334892809 56.17054193209677
    endloop
  endfacet
  facet normal 0.8314696123025451 0.5555702330196024 0
    outer loop
      vertex 13.436764678117328 -6.748018334892809 55
      vertex 12.161119535966442 -4.838880464033557 55
      vertex 12.161119535966442 -4.838880464033557 56.17054193209677
    endloop
  endfacet
  facet normal 0.7703275794849854 0.5147164328119481 0.3763806770786018
    outer loop
      vertex 13.436764678117328 -6.748018334892809 56.17054193209677
      vertex 12.161119535966442 -4.838880464033557 56.17054193209677
      vertex 11.527626807258077 -5.472373192741924 58.333421398117615
    endloop
  endfacet
  facet normal 0.9086633352183308 -0.1807443751593744 0.3763806770786021
    outer loop
      vertex 12.609066540268497 -10.90913787085925 58.333421398117615
      vertex 13.884711682419383 -9 56.17054193209677
      vertex 12.988817673815271 -9 58.333421398117615
    endloop
  endfacet
  facet normal 0.7002145072825522 -0.13928132531715356 0.7002145072825537
    outer loop
      vertex 12.609066540268497 -10.90913787085925 58.333421398117615
      vertex 12.988817673815271 -9 58.333421398117615
      vertex 11.333421398117613 -9 59.98881767381527
    endloop
  endfacet
  facet normal 0.9086633352183308 0.1807443751593744 0.3763806770786021
    outer loop
      vertex 13.884711682419383 -9 56.17054193209677
      vertex 12.609066540268497 -7.090862129140749 58.333421398117615
      vertex 12.988817673815271 -9 58.333421398117615
    endloop
  endfacet
  facet normal 0.7002145072825522 0.13928132531715356 0.7002145072825537
    outer loop
      vertex 12.988817673815271 -9 58.333421398117615
      vertex 12.609066540268497 -7.090862129140749 58.333421398117615
      vertex 11.333421398117613 -9 59.98881767381527
    endloop
  endfacet
  facet normal 0.32348750654160136 -0.2161474415048767 0.9212144791753945
    outer loop
      vertex 10.357084875161306 -11.357084875161306 59.98881767381527
      vertex 9.081439733010422 -9.447947004302055 60.88471168241938
      vertex 8.827698137848829 -9.827698137848829 60.88471168241938
    endloop
  endfacet
  facet normal 0.38157953112891485 -0.07590088788047256 0.9212144791753945
    outer loop
      vertex 11.07967980295602 -10.275645142150884 59.98881767381527
      vertex 9.17054193209677 -9 60.88471168241938
      vertex 9.081439733010422 -9.447947004302055 60.88471168241938
    endloop
  endfacet
  facet normal 0.3815795311289149 -0.07590088788047236 0.9212144791753946
    outer loop
      vertex 11.07967980295602 -10.275645142150884 59.98881767381527
      vertex 11.333421398117613 -9 59.98881767381527
      vertex 9.17054193209677 -9 60.88471168241938
    endloop
  endfacet
  facet normal 0.38157953112891474 0.07590088788047258 0.9212144791753946
    outer loop
      vertex 9.17054193209677 -9 60.88471168241938
      vertex 11.07967980295602 -7.724354857849115 59.98881767381527
      vertex 9.081439733010422 -8.552052995697945 60.88471168241938
    endloop
  endfacet
  facet normal 0.32348750654160074 0.2161474415048773 0.9212144791753947
    outer loop
      vertex 9.081439733010422 -8.552052995697945 60.88471168241938
      vertex 11.07967980295602 -7.724354857849115 59.98881767381527
      vertex 10.357084875161306 -6.6429151248386935 59.98881767381527
    endloop
  endfacet
  facet normal 0.3234875065416013 0.21614744150487686 0.9212144791753945
    outer loop
      vertex 9.081439733010422 -8.552052995697945 60.88471168241938
      vertex 10.357084875161306 -6.6429151248386935 59.98881767381527
      vertex 8.827698137848829 -8.172301862151171 60.88471168241938
    endloop
  endfacet
  facet normal 0.3815795311289149 0.07590088788047233 0.9212144791753947
    outer loop
      vertex 9.17054193209677 -9 60.88471168241938
      vertex 11.333421398117613 -9 59.98881767381527
      vertex 11.07967980295602 -7.724354857849115 59.98881767381527
    endloop
  endfacet
  facet normal 0.7002145072825525 -0.13928132531715323 0.7002145072825539
    outer loop
      vertex 12.609066540268497 -10.90913787085925 58.333421398117615
      vertex 11.333421398117613 -9 59.98881767381527
      vertex 11.07967980295602 -10.275645142150884 59.98881767381527
    endloop
  endfacet
  facet normal 0.7002145072825526 0.13928132531715323 0.7002145072825537
    outer loop
      vertex 11.333421398117613 -9 59.98881767381527
      vertex 12.609066540268497 -7.090862129140749 58.333421398117615
      vertex 11.07967980295602 -7.724354857849115 59.98881767381527
    endloop
  endfacet
  facet normal 0.39663965676028107 0.5936131960090987 0.7002145072825541
    outer loop
      vertex 11.527626807258077 -5.472373192741924 58.333421398117615
      vertex 9.90913787085925 -4.390933459731502 58.333421398117615
      vertex 10.357084875161306 -6.6429151248386935 59.98881767381527
    endloop
  endfacet
  facet normal 0.7703275794849855 0.5147164328119471 0.3763806770786026
    outer loop
      vertex 13.436764678117328 -6.748018334892809 56.17054193209677
      vertex 11.527626807258077 -5.472373192741924 58.333421398117615
      vertex 12.609066540268497 -7.090862129140749 58.333421398117615
    endloop
  endfacet
  facet normal 0.593613196009099 0.3966396567602809 0.7002145072825537
    outer loop
      vertex 11.07967980295602 -7.724354857849115 59.98881767381527
      vertex 12.609066540268497 -7.090862129140749 58.333421398117615
      vertex 11.527626807258077 -5.472373192741924 58.333421398117615
    endloop
  endfacet
  facet normal 0.5936131960090981 0.3966396567602815 0.7002145072825543
    outer loop
      vertex 11.07967980295602 -7.724354857849115 59.98881767381527
      vertex 11.527626807258077 -5.472373192741924 58.333421398117615
      vertex 10.357084875161306 -6.6429151248386935 59.98881767381527
    endloop
  endfacet
  facet normal 0.2161474415048772 0.3234875065416009 0.9212144791753946
    outer loop
      vertex 8.827698137848829 -8.172301862151171 60.88471168241938
      vertex 10.357084875161306 -6.6429151248386935 59.98881767381527
      vertex 9.275645142150884 -5.92032019704398 59.98881767381527
    endloop
  endfacet
  facet normal 0.3966396567602813 0.5936131960090986 0.700214507282554
    outer loop
      vertex 10.357084875161306 -6.6429151248386935 59.98881767381527
      vertex 9.90913787085925 -4.390933459731502 58.333421398117615
      vertex 9.275645142150884 -5.92032019704398 59.98881767381527
    endloop
  endfacet
  facet normal 0.1950903220161283 0.9807852804032303 0
    outer loop
      vertex 8 -3.1152883175806174 56.17054193209677
      vertex 10.251981665107191 -3.563235321882673 56.17054193209677
      vertex 10.251981665107191 -3.563235321882673 55
    endloop
  endfacet
  facet normal 0.5555702330196021 0.8314696123025455 0
    outer loop
      vertex 12.161119535966442 -4.838880464033557 55
      vertex 10.251981665107191 -3.563235321882673 55
      vertex 10.251981665107191 -3.563235321882673 56.17054193209677
    endloop
  endfacet
  facet normal 0.180744375159374 0.9086633352183308 0.3763806770786021
    outer loop
      vertex 8 -3.1152883175806174 56.17054193209677
      vertex 9.90913787085925 -4.390933459731502 58.333421398117615
      vertex 10.251981665107191 -3.563235321882673 56.17054193209677
    endloop
  endfacet
  facet normal 0.5147164328119479 0.7703275794849855 0.37638067707860207
    outer loop
      vertex 12.161119535966442 -4.838880464033557 56.17054193209677
      vertex 10.251981665107191 -3.563235321882673 56.17054193209677
      vertex 11.527626807258077 -5.472373192741924 58.333421398117615
    endloop
  endfacet
  facet normal 0.5555702330196021 0.8314696123025455 0
    outer loop
      vertex 12.161119535966442 -4.838880464033557 55
      vertex 10.251981665107191 -3.563235321882673 56.17054193209677
      vertex 12.161119535966442 -4.838880464033557 56.17054193209677
    endloop
  endfacet
  facet normal 0.5147164328119478 0.7703275794849856 0.3763806770786021
    outer loop
      vertex 11.527626807258077 -5.472373192741924 58.333421398117615
      vertex 10.251981665107191 -3.563235321882673 56.17054193209677
      vertex 9.90913787085925 -4.390933459731502 58.333421398117615
    endloop
  endfacet
  facet normal 0 0 -1
    outer loop
      vertex -20.5 7.5 47.5
      vertex -19 9 47.5
      vertex 19 9 47.5
    endloop
  endfacet
  facet normal 0 -1 0
    outer loop
      vertex -20.5 7.5 47.5
      vertex 20.5 7.5 50
      vertex -20.5 7.5 50
    endloop
  endfacet
  facet normal 0 0 1
    outer loop
      vertex -20.5 7.5 50
      vertex 20.5 7.5 50
      vertex -19 9 50
    endloop
  endfacet
  facet normal 0 0 -1
    outer loop
      vertex -20.5 7.5 47.5
      vertex -19 21 47.5
      vertex -19 9 47.5
    endloop
  endfacet
  facet normal -1 0 0
    outer loop
      vertex -20.5 7.5 47.5
      vertex -20.5 7.5 50
      vertex -20.5 22.5 50
    endloop
  endfacet
  facet normal 0 0 -1
    outer loop
      vertex -20.5 7.5 47.5
      vertex -20.5 22.5 47.5
      vertex -19 21 47.5
    endloop
  endfacet
  facet normal 0 0 1
    outer loop
      vertex -20.5 7.5 50
      vertex -19 9 50
      vertex -20.5 22.5 50
    endloop
  endfacet
  facet normal -1 0 0
    outer loop
      vertex -20.5 7.5 47.5
      vertex -20.5 22.5 50
      vertex -20.5 22.5 47.5
    endloop
  endfacet
  facet normal 0 0 1
    outer loop
      vertex -19 9 50
      vertex -19 21 50
      vertex -20.5 22.5 50
    endloop
  endfacet
  facet normal 0 0 -1
    outer loop
      vertex -19 21 47.5
      vertex -20.5 22.5 47.5
      vertex 20.5 22.5 47.5
    endloop
  endfacet
  facet normal 0 1 0
    outer loop
      vertex -20.5 22.5 47.5
      vertex -20.5 22.5 50
      vertex 20.5 22.5 47.5
    endloop
  endfacet
  facet normal 0 0 1
    outer loop
      vertex -19 21 50
      vertex 19 21 50
      vertex -20.5 22.5 50
    endloop
  endfacet
  facet normal 0 0 -1
    outer loop
      vertex -20.5 7.5 47.5
      vertex 19 9 47.5
      vertex 20.5 7.5 47.5
    endloop
  endfacet
  facet normal 0 -1 0
    outer loop
      vertex -20.5 7.5 47.5
      vertex 20.5 7.5 47.5
      vertex 20.5 7.5 50
    endloop
  endfacet
  facet normal 0 0 1
    outer loop
      vertex -19 9 50
      vertex 20.5 7.5 50
      vertex 19 9 50
    endloop
  endfacet
  facet normal 0 0 -1
    outer loop
      vertex -19 21 47.5
      vertex 20.5 22.5 47.5
      vertex 19 21 47.5
    endloop
  endfacet
  facet normal 0 1 0
    outer loop
      vertex -20.5 22.5 50
      vertex 20.5 22.5 50
      vertex 20.5 22.5 47.5
    endloop
  endfacet
  facet normal 0 0 1
    outer loop
      vertex -20.5 22.5 50
      vertex 19 21 50
      vertex 20.5 22.5 50
    endloop
  endfacet
  facet normal 0 0 -1
    outer loop
      vertex 20.5 7.5 47.5
      vertex 19 9 47.5
      vertex 20.5 22.5 47.5
    endloop
  endfacet
  facet normal 1 0 0
    outer loop
      vertex 20.5 7.5 47.5
      vertex 20.5 22.5 47.5
      vertex 20.5 7.5 50
    endloop
  endfacet
  facet normal 0 0 1
    outer loop
      vertex 20.5 7.5 50
      vertex 19 21 50
      vertex 19 9 50
    endloop
  endfacet
  facet normal 0 0 1
    outer loop
      vertex 20.5 7.5 50
      vertex 20.5 22.5 50
      vertex 19 21 50
    endloop
  endfacet
  facet normal 0 0 -1
    outer loop
      vertex 19 9 47.5
      vertex 19 21 47.5
      vertex 20.5 22.5 47.5
    endloop
  endfacet
  facet normal 1 0 0
    outer loop
      vertex 20.5 7.5 50
      vertex 20.5 22.5 47.5
      vertex 20.5 22.5 50
    endloop
  endfacet
  facet normal 0 1 0
    outer loop
      vertex -19 9 47.5
      vertex -19 9 50
      vertex 19 9 47.5
    endloop
  endfacet
  facet normal 1 0 0
    outer loop
      vertex -19 9 47.5
      vertex -19 21 50
      vertex -19 9 50
    endloop
  endfacet
  facet normal 1 0 0
    outer loop
      vertex -19 9 47.5
      vertex -19 21 47.5
      vertex -19 21 50
    endloop
  endfacet
  facet normal 0 -1 0
    outer loop
      vertex -19 21 47.5
      vertex 19 21 50
      vertex -19 21 50
    endloop
  endfacet
  facet normal 0 1 0
    outer loop
      vertex -19 9 50
      vertex 19 9 50
      vertex 19 9 47.5
    endloop
  endfacet
  facet normal 0 -1 0
    outer loop
      vertex -19 21 47.5
      vertex 19 21 47.5
      vertex 19 21 50
    endloop
  endfacet
  facet normal -1 0 0
    outer loop
      vertex 19 9 47.5
      vertex 19 9 50
      vertex 19 21 47.5
    endloop
  endfacet
  facet normal -1 0 0
    outer loop
      vertex 19 9 50
      vertex 19 21 50
      vertex 19 21 47.5
    endloop
  endfacet
  facet normal 0 -1 0
    outer loop
      vertex -17 10.5 47.7
      vertex 17 10.5 49.800000000000004
      vertex -17 10.5 49.800000000000004
    endloop
  endfacet
  facet normal -1 0 0
    outer loop
      vertex -17 10.5 47.7
      vertex -17 10.5 49.800000000000004
      vertex -17 19.5 49.800000000000004
    endloop
  endfacet
  facet normal -1 0 0
    outer loop
      vertex -17 10.5 47.7
      vertex -17 19.5 49.800000000000004
      vertex -17 19.5 47.7
    endloop
  endfacet
  facet normal 0 0 -1
    outer loop
      vertex -17 10.5 47.7
      vertex -17 19.5 47.7
      vertex 17 19.5 47.7
    endloop
  endfacet
  facet normal 0 0 1
    outer loop
      vertex -17 10.5 49.800000000000004
      vertex 17 10.5 49.800000000000004
      vertex -17 19.5 49.800000000000004
    endloop
  endfacet
  facet normal 0 1 0
    outer loop
      vertex -17 19.5 47.7
      vertex -17 19.5 49.800000000000004
      vertex 17 19.5 47.7
    endloop
  endfacet
  facet normal 0 -1 0
    outer loop
      vertex -17 10.5 47.7
      vertex 17 10.5 47.7
      vertex 17 10.5 49.800000000000004
    endloop
  endfacet
  facet normal 0 0 -1
    outer loop
      vertex -17 10.5 47.7
      vertex 17 19.5 47.7
      vertex 17 10.5 47.7
    endloop
  endfacet
  facet normal 0 0 1
    outer loop
      vertex -17 19.5 49.800000000000004
      vertex 17 10.5 49.800000000000004
      vertex 17 19.5 49.800000000000004
    endloop
  endfacet
  facet normal 0 1 0
    outer loop
      vertex -17 19.5 49.800000000000004
      vertex 17 19.5 49.800000000000004
      vertex 17 19.5 47.7
    endloop
  endfacet
  facet normal 1 0 0
    outer loop
      vertex 17 10.5 47.7
      vertex 17 19.5 47.7
      vertex 17 10.5 49.800000000000004
    endloop
  endfacet
  facet normal 1 0 0
    outer loop
      vertex 17 10.5 49.800000000000004
      vertex 17 19.5 47.7
      vertex 17 19.5 49.800000000000004
    endloop
  endfacet
endsolid OpenSCAD_Model
