solid OpenSCAD_Model
  facet normal 1 0 0
    outer loop
      vertex 41.5 25.5 27.2
      vertex 41.5 -8.099999999999998 27.2
      vertex 41.5 -6.77848101265823 26.759493670886076
    endloop
  endfacet
  facet normal 1 0 0
    outer loop
      vertex 41.5 25.5 26
      vertex 41.5 -6.77848101265823 26.759493670886076
      vertex 41.5 5.1990291262135955 26.233009708737864
    endloop
  endfacet
  facet normal 1 0 0
    outer loop
      vertex 41.5 25.5 26
      vertex 41.5 5.1990291262135955 26.233009708737864
      vertex 41.5 9.79112382237127 26
    endloop
  endfacet
  facet normal 1 0 0
    outer loop
      vertex 41.5 25.5 26
      vertex 41.5 25.5 27.2
      vertex 41.5 -6.77848101265823 26.759493670886076
    endloop
  endfacet
  facet normal 0 0 -1
    outer loop
      vertex -41.03108891324553 -27.25 0
      vertex -41.5 -25.5 0
      vertex -39.75 -28.531088913245537 0
    endloop
  endfacet
  facet normal 0 0 -1
    outer loop
      vertex -41.03108891324553 -27.25 0
      vertex -41.38074039201174 -26.405866657858823 0
      vertex -41.5 -25.5 0
    endloop
  endfacet
  facet normal 0 0 -1
    outer loop
      vertex -39.75 -28.531088913245537 0
      vertex -38 -29 0
      vertex -38.90586665785882 -28.880740392011738 0
    endloop
  endfacet
  facet normal 0 0 -1
    outer loop
      vertex -41.03108891324553 -27.25 0
      vertex -39.75 -28.531088913245537 0
      vertex -40.474873734152915 -27.974873734152915 0
    endloop
  endfacet
  facet normal -1 0 0
    outer loop
      vertex -41.5 -25.5 0
      vertex -41.5 -7.361215932167728 11.75
      vertex -41.5 0 7.5
    endloop
  endfacet
  facet normal -1 0 0
    outer loop
      vertex -41.5 -25.5 0
      vertex -41.5 -7.361215932167728 20.25
      vertex -41.5 -7.361215932167728 11.75
    endloop
  endfacet
  facet normal -0.7933533402912352 -0.6087614290087207 0
    outer loop
      vertex -41.03108891324553 -27.25 0
      vertex -40.474873734152915 -27.974873734152915 0
      vertex -40.474873734152915 -27.974873734152915 33
    endloop
  endfacet
  facet normal -0.9238795325112862 -0.38268343236509117 0
    outer loop
      vertex -41.03108891324553 -27.25 0
      vertex -41.38074039201174 -26.405866657858823 33
      vertex -41.38074039201174 -26.405866657858823 0
    endloop
  endfacet
  facet normal -0.9914448613738103 -0.13052619222005257 0
    outer loop
      vertex -41.5 -25.5 0
      vertex -41.38074039201174 -26.405866657858823 0
      vertex -41.38074039201174 -26.405866657858823 33
    endloop
  endfacet
  facet normal -0.38268343236508784 -0.9238795325112876 0
    outer loop
      vertex -39.75 -28.531088913245537 0
      vertex -38.90586665785882 -28.880740392011738 0
      vertex -38.90586665785882 -28.880740392011738 33
    endloop
  endfacet
  facet normal -0.13052619222005257 -0.9914448613738103 0
    outer loop
      vertex -38.90586665785882 -28.880740392011738 0
      vertex -38 -29 0
      vertex -38.90586665785882 -28.880740392011738 33
    endloop
  endfacet
  facet normal -0.6087614290087232 -0.7933533402912333 0
    outer loop
      vertex -39.75 -28.531088913245537 0
      vertex -40.474873734152915 -27.974873734152915 33
      vertex -40.474873734152915 -27.974873734152915 0
    endloop
  endfacet
  facet normal -1 0 0
    outer loop
      vertex -41.5 -25.5 0
      vertex -41.5 -25.5 33
      vertex -41.5 -7.361215932167728 20.25
    endloop
  endfacet
  facet normal 0 0 -1
    outer loop
      vertex -39.75 -28.531088913245537 0
      vertex 39.75 -28.531088913245537 0
      vertex -38 -29 0
    endloop
  endfacet
  facet normal -0.7933533402912352 -0.6087614290087207 0
    outer loop
      vertex -41.03108891324553 -27.25 33
      vertex -41.03108891324553 -27.25 0
      vertex -40.474873734152915 -27.974873734152915 33
    endloop
  endfacet
  facet normal -0.9238795325112862 -0.38268343236509117 0
    outer loop
      vertex -41.03108891324553 -27.25 33
      vertex -41.38074039201174 -26.405866657858823 33
      vertex -41.03108891324553 -27.25 0
    endloop
  endfacet
  facet normal -0.9914448613738103 -0.13052619222005257 0
    outer loop
      vertex -41.5 -25.5 0
      vertex -41.38074039201174 -26.405866657858823 33
      vertex -41.5 -25.5 33
    endloop
  endfacet
  facet normal -0.6087614290087232 -0.7933533402912333 0
    outer loop
      vertex -39.75 -28.531088913245537 0
      vertex -39.75 -28.531088913245537 33
      vertex -40.474873734152915 -27.974873734152915 33
    endloop
  endfacet
  facet normal -0.38268343236508784 -0.9238795325112876 0
    outer loop
      vertex -39.75 -28.531088913245537 0
      vertex -38.90586665785882 -28.880740392011738 33
      vertex -39.75 -28.531088913245537 33
    endloop
  endfacet
  facet normal -0.13052619222005257 -0.9914448613738103 0
    outer loop
      vertex -38 -29 0
      vertex -38 -29 33
      vertex -38.90586665785882 -28.880740392011738 33
    endloop
  endfacet
  facet normal -1 0 0
    outer loop
      vertex -41.5 -25.5 33
      vertex -41.5 0 24.5
      vertex -41.5 -7.361215932167728 20.25
    endloop
  endfacet
  facet normal 0 0 1
    outer loop
      vertex -41.03108891324553 -27.25 33
      vertex -39.75 -28.531088913245537 33
      vertex -41.5 -25.5 33
    endloop
  endfacet
  facet normal 0 0 1
    outer loop
      vertex -41.03108891324553 -27.25 33
      vertex -41.5 -25.5 33
      vertex -41.38074039201174 -26.405866657858823 33
    endloop
  endfacet
  facet normal 0 0 1
    outer loop
      vertex -39.75 -28.531088913245537 33
      vertex -38.90586665785882 -28.880740392011738 33
      vertex -38 -29 33
    endloop
  endfacet
  facet normal 0 0 1
    outer loop
      vertex -41.03108891324553 -27.25 33
      vertex -40.474873734152915 -27.974873734152915 33
      vertex -39.75 -28.531088913245537 33
    endloop
  endfacet
  facet normal 0 0 1
    outer loop
      vertex -39.75 -28.531088913245537 33
      vertex -37.98743686707646 -25.487436867076458 33
      vertex -38.36678918189475 -24.919696006638908 33
    endloop
  endfacet
  facet normal 0 0 1
    outer loop
      vertex -39.75 -28.531088913245537 33
      vertex -38.36678918189475 -24.919696006638908 33
      vertex -38.5 -24.25 33
    endloop
  endfacet
  facet normal 0 0 1
    outer loop
      vertex -39.75 -28.531088913245537 33
      vertex -37.41969600663891 -25.866789181894752 33
      vertex -37.98743686707646 -25.487436867076458 33
    endloop
  endfacet
  facet normal 0 0 1
    outer loop
      vertex -39.75 -28.531088913245537 33
      vertex -36.75 -26 33
      vertex -37.41969600663891 -25.866789181894752 33
    endloop
  endfacet
  facet normal 0 -1 0
    outer loop
      vertex -38 -29 0
      vertex 38 -29 33
      vertex -38 -29 33
    endloop
  endfacet
  facet normal 0 0 1
    outer loop
      vertex -39.75 -28.531088913245537 33
      vertex -38 -29 33
      vertex 39.75 -28.531088913245537 33
    endloop
  endfacet
  facet normal 0 0 1
    outer loop
      vertex -39.75 -28.531088913245537 33
      vertex 39.75 -28.531088913245537 33
      vertex -36.75 -26 33
    endloop
  endfacet
  facet normal 0 0 -1
    outer loop
      vertex -39.75 -28.531088913245537 0
      vertex -41.5 -25.5 0
      vertex -41.5 25.5 0
    endloop
  endfacet
  facet normal -1 0 0
    outer loop
      vertex -41.5 -25.5 0
      vertex -41.5 0 7.5
      vertex -41.5 25.5 0
    endloop
  endfacet
  facet normal 0 0 -1
    outer loop
      vertex -39.75 -28.531088913245537 0
      vertex -41.5 25.5 0
      vertex -38 29 0
    endloop
  endfacet
  facet normal -1 0 0
    outer loop
      vertex -41.5 25.5 0
      vertex -41.5 0 7.5
      vertex -41.5 7.361215932167728 11.75
    endloop
  endfacet
  facet normal -1 0 0
    outer loop
      vertex -41.5 25.5 0
      vertex -41.5 7.361215932167728 11.75
      vertex -41.5 7.361215932167728 20.25
    endloop
  endfacet
  facet normal 0 0 -1
    outer loop
      vertex -41.5 25.5 0
      vertex -41.38074039201174 26.405866657858823 0
      vertex -41.03108891324553 27.25 0
    endloop
  endfacet
  facet normal 0 0 -1
    outer loop
      vertex -41.5 25.5 0
      vertex -41.03108891324553 27.25 0
      vertex -40.474873734152915 27.974873734152915 0
    endloop
  endfacet
  facet normal 0 0 -1
    outer loop
      vertex -41.5 25.5 0
      vertex -40.474873734152915 27.974873734152915 0
      vertex -38 29 0
    endloop
  endfacet
  facet normal 0 0 -1
    outer loop
      vertex -40.474873734152915 27.974873734152915 0
      vertex -39.75 28.531088913245537 0
      vertex -38 29 0
    endloop
  endfacet
  facet normal 0 0 -1
    outer loop
      vertex -39.75 28.531088913245537 0
      vertex -38.90586665785882 28.880740392011738 0
      vertex -38 29 0
    endloop
  endfacet
  facet normal -0.9914448613738103 0.13052619222005257 0
    outer loop
      vertex -41.5 25.5 0
      vertex -41.5 25.5 33
      vertex -41.38074039201174 26.405866657858823 0
    endloop
  endfacet
  facet normal -0.9238795325112862 0.38268343236509117 0
    outer loop
      vertex -41.38074039201174 26.405866657858823 0
      vertex -41.03108891324553 27.25 33
      vertex -41.03108891324553 27.25 0
    endloop
  endfacet
  facet normal -0.7933533402912352 0.6087614290087207 0
    outer loop
      vertex -41.03108891324553 27.25 0
      vertex -40.474873734152915 27.974873734152915 33
      vertex -40.474873734152915 27.974873734152915 0
    endloop
  endfacet
  facet normal -0.6087614290087232 0.7933533402912333 0
    outer loop
      vertex -40.474873734152915 27.974873734152915 0
      vertex -39.75 28.531088913245537 33
      vertex -39.75 28.531088913245537 0
    endloop
  endfacet
  facet normal -0.38268343236508784 0.9238795325112876 0
    outer loop
      vertex -39.75 28.531088913245537 0
      vertex -38.90586665785882 28.880740392011738 33
      vertex -38.90586665785882 28.880740392011738 0
    endloop
  endfacet
  facet normal -0.13052619222005257 0.9914448613738103 0
    outer loop
      vertex -38 29 0
      vertex -38.90586665785882 28.880740392011738 0
      vertex -38.90586665785882 28.880740392011738 33
    endloop
  endfacet
  facet normal -1 0 0
    outer loop
      vertex -41.5 25.5 0
      vertex -41.5 7.361215932167728 20.25
      vertex -41.5 25.5 33
    endloop
  endfacet
  facet normal 0 0 -1
    outer loop
      vertex -39.75 -28.531088913245537 0
      vertex -38 29 0
      vertex 41.5 -25.5 0
    endloop
  endfacet
  facet normal 0 1 0
    outer loop
      vertex -38 29 0
      vertex -38 29 33
      vertex 38 29 0
    endloop
  endfacet
  facet normal -1 0 0
    outer loop
      vertex -41.5 -25.5 33
      vertex -41.5 25.5 33
      vertex -41.5 0 24.5
    endloop
  endfacet
  facet normal 0 0 1
    outer loop
      vertex -39.75 -28.531088913245537 33
      vertex -39.75 28.531088913245537 33
      vertex -41.5 -25.5 33
    endloop
  endfacet
  facet normal 0 0 1
    outer loop
      vertex -39.75 -28.531088913245537 33
      vertex -38.5 -24.25 33
      vertex -39.75 28.531088913245537 33
    endloop
  endfacet
  facet normal 0 0 1
    outer loop
      vertex -41.5 -25.5 33
      vertex -40.474873734152915 27.974873734152915 33
      vertex -41.5 25.5 33
    endloop
  endfacet
  facet normal -1 0 0
    outer loop
      vertex -41.5 25.5 33
      vertex -41.5 7.361215932167728 20.25
      vertex -41.5 0 24.5
    endloop
  endfacet
  facet normal -0.9914448613738103 0.13052619222005257 0
    outer loop
      vertex -41.5 25.5 33
      vertex -41.38074039201174 26.405866657858823 33
      vertex -41.38074039201174 26.405866657858823 0
    endloop
  endfacet
  facet normal -0.9238795325112862 0.38268343236509117 0
    outer loop
      vertex -41.38074039201174 26.405866657858823 33
      vertex -41.03108891324553 27.25 33
      vertex -41.38074039201174 26.405866657858823 0
    endloop
  endfacet
  facet normal -0.7933533402912352 0.6087614290087207 0
    outer loop
      vertex -41.03108891324553 27.25 33
      vertex -40.474873734152915 27.974873734152915 33
      vertex -41.03108891324553 27.25 0
    endloop
  endfacet
  facet normal -0.6087614290087232 0.7933533402912333 0
    outer loop
      vertex -40.474873734152915 27.974873734152915 33
      vertex -39.75 28.531088913245537 33
      vertex -40.474873734152915 27.974873734152915 0
    endloop
  endfacet
  facet normal -0.38268343236508784 0.9238795325112876 0
    outer loop
      vertex -39.75 28.531088913245537 33
      vertex -38.90586665785882 28.880740392011738 33
      vertex -39.75 28.531088913245537 0
    endloop
  endfacet
  facet normal -0.13052619222005257 0.9914448613738103 0
    outer loop
      vertex -38 29 0
      vertex -38.90586665785882 28.880740392011738 33
      vertex -38 29 33
    endloop
  endfacet
  facet normal 0 0 1
    outer loop
      vertex -41.5 -25.5 33
      vertex -39.75 28.531088913245537 33
      vertex -40.474873734152915 27.974873734152915 33
    endloop
  endfacet
  facet normal 0 0 1
    outer loop
      vertex -38.5 -24.25 33
      vertex -38.5 24.25 33
      vertex -39.75 28.531088913245537 33
    endloop
  endfacet
  facet normal 0 0 1
    outer loop
      vertex -41.5 25.5 33
      vertex -41.03108891324553 27.25 33
      vertex -41.38074039201174 26.405866657858823 33
    endloop
  endfacet
  facet normal 0 0 1
    outer loop
      vertex -41.5 25.5 33
      vertex -40.474873734152915 27.974873734152915 33
      vertex -41.03108891324553 27.25 33
    endloop
  endfacet
  facet normal 0 0 1
    outer loop
      vertex -38.5 24.25 33
      vertex -38.36678918189475 24.919696006638908 33
      vertex -39.75 28.531088913245537 33
    endloop
  endfacet
  facet normal 0 0 1
    outer loop
      vertex -38.36678918189475 24.919696006638908 33
      vertex -37.98743686707646 25.487436867076458 33
      vertex -39.75 28.531088913245537 33
    endloop
  endfacet
  facet normal 0 0 1
    outer loop
      vertex -39.75 28.531088913245537 33
      vertex -38 29 33
      vertex -38.90586665785882 28.880740392011738 33
    endloop
  endfacet
  facet normal 0 0 1
    outer loop
      vertex -39.75 28.531088913245537 33
      vertex -37.98743686707646 25.487436867076458 33
      vertex -37.41969600663891 25.866789181894752 33
    endloop
  endfacet
  facet normal 0 0 1
    outer loop
      vertex -39.75 28.531088913245537 33
      vertex -37.41969600663891 25.866789181894752 33
      vertex -36.75 26 33
    endloop
  endfacet
  facet normal 0 0 1
    outer loop
      vertex -39.75 28.531088913245537 33
      vertex -36.75 26 33
      vertex 36.75 26 33
    endloop
  endfacet
  facet normal 0 0 1
    outer loop
      vertex -39.75 28.531088913245537 33
      vertex 39.75 28.531088913245537 33
      vertex -38 29 33
    endloop
  endfacet
  facet normal 0 0 -1
    outer loop
      vertex -38 -29 0
      vertex 39.75 -28.531088913245537 0
      vertex 38 -29 0
    endloop
  endfacet
  facet normal 0 0 -1
    outer loop
      vertex -39.75 -28.531088913245537 0
      vertex 41.5 -25.5 0
      vertex 39.75 -28.531088913245537 0
    endloop
  endfacet
  facet normal 0 -1 0
    outer loop
      vertex -38 -29 0
      vertex 38 -29 0
      vertex 38 -29 33
    endloop
  endfacet
  facet normal 0 0 -1
    outer loop
      vertex 38 -29 0
      vertex 39.75 -28.531088913245537 0
      vertex 38.90586665785882 -28.880740392011738 0
    endloop
  endfacet
  facet normal 0 0 -1
    outer loop
      vertex 39.75 -28.531088913245537 0
      vertex 41.03108891324553 -27.25 0
      vertex 40.474873734152915 -27.974873734152915 0
    endloop
  endfacet
  facet normal 0 0 -1
    outer loop
      vertex 39.75 -28.531088913245537 0
      vertex 41.5 -25.5 0
      vertex 41.03108891324553 -27.25 0
    endloop
  endfacet
  facet normal 0 0 -1
    outer loop
      vertex 41.03108891324553 -27.25 0
      vertex 41.5 -25.5 0
      vertex 41.38074039201174 -26.405866657858823 0
    endloop
  endfacet
  facet normal 1 0 0
    outer loop
      vertex 41.5 -25.5 0
      vertex 41.5 0 7.5
      vertex 41.5 -7.361215932167728 11.75
    endloop
  endfacet
  facet normal 1 0 0
    outer loop
      vertex 41.5 -25.5 0
      vertex 41.5 -7.361215932167728 11.75
      vertex 41.5 -7.361215932167728 20.25
    endloop
  endfacet
  facet normal 0.13052619222005257 -0.9914448613738103 0
    outer loop
      vertex 38 -29 0
      vertex 38.90586665785882 -28.880740392011738 0
      vertex 38.90586665785882 -28.880740392011738 33
    endloop
  endfacet
  facet normal 0.38268343236508784 -0.9238795325112876 0
    outer loop
      vertex 38.90586665785882 -28.880740392011738 0
      vertex 39.75 -28.531088913245537 0
      vertex 38.90586665785882 -28.880740392011738 33
    endloop
  endfacet
  facet normal 0.6087614290087232 -0.7933533402912333 0
    outer loop
      vertex 40.474873734152915 -27.974873734152915 0
      vertex 39.75 -28.531088913245537 33
      vertex 39.75 -28.531088913245537 0
    endloop
  endfacet
  facet normal 0.7933533402912352 -0.6087614290087207 0
    outer loop
      vertex 40.474873734152915 -27.974873734152915 0
      vertex 41.03108891324553 -27.25 0
      vertex 41.03108891324553 -27.25 33
    endloop
  endfacet
  facet normal 0.9238795325112862 -0.38268343236509117 0
    outer loop
      vertex 41.03108891324553 -27.25 0
      vertex 41.38074039201174 -26.405866657858823 0
      vertex 41.03108891324553 -27.25 33
    endloop
  endfacet
  facet normal 0.9914448613738103 -0.13052619222005257 0
    outer loop
      vertex 41.38074039201174 -26.405866657858823 0
      vertex 41.5 -25.5 0
      vertex 41.5 -25.5 33
    endloop
  endfacet
  facet normal 1 0 0
    outer loop
      vertex 41.5 -25.5 0
      vertex 41.5 -7.361215932167728 20.25
      vertex 41.5 -25.5 33
    endloop
  endfacet
  facet normal 0 0 1
    outer loop
      vertex -38 -29 33
      vertex 38 -29 33
      vertex 39.75 -28.531088913245537 33
    endloop
  endfacet
  facet normal 0 0 1
    outer loop
      vertex -36.75 -26 33
      vertex 39.75 -28.531088913245537 33
      vertex 36.75 -26 33
    endloop
  endfacet
  facet normal 0.13052619222005257 -0.9914448613738103 0
    outer loop
      vertex 38 -29 0
      vertex 38.90586665785882 -28.880740392011738 33
      vertex 38 -29 33
    endloop
  endfacet
  facet normal 0.38268343236508784 -0.9238795325112876 0
    outer loop
      vertex 38.90586665785882 -28.880740392011738 33
      vertex 39.75 -28.531088913245537 0
      vertex 39.75 -28.531088913245537 33
    endloop
  endfacet
  facet normal 0.6087614290087232 -0.7933533402912333 0
    outer loop
      vertex 40.474873734152915 -27.974873734152915 0
      vertex 40.474873734152915 -27.974873734152915 33
      vertex 39.75 -28.531088913245537 33
    endloop
  endfacet
  facet normal 0.7933533402912352 -0.6087614290087207 0
    outer loop
      vertex 40.474873734152915 -27.974873734152915 0
      vertex 41.03108891324553 -27.25 33
      vertex 40.474873734152915 -27.974873734152915 33
    endloop
  endfacet
  facet normal 0.9238795325112862 -0.38268343236509117 0
    outer loop
      vertex 41.38074039201174 -26.405866657858823 0
      vertex 41.38074039201174 -26.405866657858823 33
      vertex 41.03108891324553 -27.25 33
    endloop
  endfacet
  facet normal 0.9914448613738103 -0.13052619222005257 0
    outer loop
      vertex 41.38074039201174 -26.405866657858823 0
      vertex 41.5 -25.5 33
      vertex 41.38074039201174 -26.405866657858823 33
    endloop
  endfacet
  facet normal 1 0 0
    outer loop
      vertex 41.5 -25.5 33
      vertex 41.5 -7.361215932167728 20.25
      vertex 41.5 -8.099999999999998 27.2
    endloop
  endfacet
  facet normal 0 0 1
    outer loop
      vertex 38 -29 33
      vertex 38.90586665785882 -28.880740392011738 33
      vertex 39.75 -28.531088913245537 33
    endloop
  endfacet
  facet normal 0 0 1
    outer loop
      vertex 39.75 -28.531088913245537 33
      vertex 40.474873734152915 -27.974873734152915 33
      vertex 41.03108891324553 -27.25 33
    endloop
  endfacet
  facet normal 0 0 1
    outer loop
      vertex 36.75 -26 33
      vertex 39.75 -28.531088913245537 33
      vertex 37.41969600663891 -25.866789181894752 33
    endloop
  endfacet
  facet normal 0 0 1
    outer loop
      vertex 37.41969600663891 -25.866789181894752 33
      vertex 39.75 -28.531088913245537 33
      vertex 37.98743686707646 -25.487436867076458 33
    endloop
  endfacet
  facet normal 0 0 1
    outer loop
      vertex 37.98743686707646 -25.487436867076458 33
      vertex 39.75 -28.531088913245537 33
      vertex 38.36678918189475 -24.919696006638908 33
    endloop
  endfacet
  facet normal 0 0 1
    outer loop
      vertex 39.75 -28.531088913245537 33
      vertex 38.5 -24.25 33
      vertex 38.36678918189475 -24.919696006638908 33
    endloop
  endfacet
  facet normal 0 0 1
    outer loop
      vertex 39.75 -28.531088913245537 33
      vertex 41.03108891324553 -27.25 33
      vertex 41.5 -25.5 33
    endloop
  endfacet
  facet normal 0 0 1
    outer loop
      vertex 41.03108891324553 -27.25 33
      vertex 41.38074039201174 -26.405866657858823 33
      vertex 41.5 -25.5 33
    endloop
  endfacet
  facet normal 0 0 -1
    outer loop
      vertex -38 29 0
      vertex 39.75 28.531088913245537 0
      vertex 41.5 -25.5 0
    endloop
  endfacet
  facet normal 0 0 -1
    outer loop
      vertex -38 29 0
      vertex 38 29 0
      vertex 39.75 28.531088913245537 0
    endloop
  endfacet
  facet normal 1 0 0
    outer loop
      vertex 41.5 -25.5 0
      vertex 41.5 25.5 0
      vertex 41.5 0 7.5
    endloop
  endfacet
  facet normal 1 0 0
    outer loop
      vertex 41.5 7.361215932167728 11.75
      vertex 41.5 9.79112382237127 26
      vertex 41.5 7.361215932167728 20.25
    endloop
  endfacet
  facet normal 0 0 -1
    outer loop
      vertex 41.5 -25.5 0
      vertex 39.75 28.531088913245537 0
      vertex 41.5 25.5 0
    endloop
  endfacet
  facet normal 1 0 0
    outer loop
      vertex 41.5 25.5 0
      vertex 41.5 7.361215932167728 11.75
      vertex 41.5 0 7.5
    endloop
  endfacet
  facet normal 0 0 -1
    outer loop
      vertex 38 29 0
      vertex 38.90586665785882 28.880740392011738 0
      vertex 39.75 28.531088913245537 0
    endloop
  endfacet
  facet normal 0 0 -1
    outer loop
      vertex 39.75 28.531088913245537 0
      vertex 40.474873734152915 27.974873734152915 0
      vertex 41.03108891324553 27.25 0
    endloop
  endfacet
  facet normal 0 0 -1
    outer loop
      vertex 41.5 25.5 0
      vertex 41.03108891324553 27.25 0
      vertex 41.38074039201174 26.405866657858823 0
    endloop
  endfacet
  facet normal 0 0 -1
    outer loop
      vertex 41.5 25.5 0
      vertex 39.75 28.531088913245537 0
      vertex 41.03108891324553 27.25 0
    endloop
  endfacet
  facet normal 1 0 0
    outer loop
      vertex 41.5 25.5 0
      vertex 41.5 9.79112382237127 26
      vertex 41.5 7.361215932167728 11.75
    endloop
  endfacet
  facet normal 0.13052619222005257 0.9914448613738103 0
    outer loop
      vertex 38 29 0
      vertex 38 29 33
      vertex 38.90586665785882 28.880740392011738 0
    endloop
  endfacet
  facet normal 0.38268343236508784 0.9238795325112876 0
    outer loop
      vertex 38.90586665785882 28.880740392011738 0
      vertex 39.75 28.531088913245537 33
      vertex 39.75 28.531088913245537 0
    endloop
  endfacet
  facet normal 0.6087614290087232 0.7933533402912333 0
    outer loop
      vertex 39.75 28.531088913245537 0
      vertex 39.75 28.531088913245537 33
      vertex 40.474873734152915 27.974873734152915 0
    endloop
  endfacet
  facet normal 0.9914448613738103 0.13052619222005257 0
    outer loop
      vertex 41.5 25.5 0
      vertex 41.38074039201174 26.405866657858823 0
      vertex 41.38074039201174 26.405866657858823 33
    endloop
  endfacet
  facet normal 0.9238795325112862 0.38268343236509117 0
    outer loop
      vertex 41.38074039201174 26.405866657858823 0
      vertex 41.03108891324553 27.25 0
      vertex 41.03108891324553 27.25 33
    endloop
  endfacet
  facet normal 0.7933533402912352 0.6087614290087207 0
    outer loop
      vertex 40.474873734152915 27.974873734152915 0
      vertex 40.474873734152915 27.974873734152915 33
      vertex 41.03108891324553 27.25 0
    endloop
  endfacet
  facet normal 1 0 0
    outer loop
      vertex 41.5 25.5 0
      vertex 41.5 25.5 26
      vertex 41.5 9.79112382237127 26
    endloop
  endfacet
  facet normal 0.9914448613738103 0.13052619222005257 0
    outer loop
      vertex 41.5 25.5 0
      vertex 41.38074039201174 26.405866657858823 33
      vertex 41.5 25.5 26
    endloop
  endfacet
  facet normal 0 1 0
    outer loop
      vertex -38 29 33
      vertex 38 29 33
      vertex 38 29 0
    endloop
  endfacet
  facet normal 0 0 1
    outer loop
      vertex -39.75 28.531088913245537 33
      vertex 36.75 26 33
      vertex 39.75 28.531088913245537 33
    endloop
  endfacet
  facet normal 0 0 1
    outer loop
      vertex -38 29 33
      vertex 39.75 28.531088913245537 33
      vertex 38 29 33
    endloop
  endfacet
  facet normal 1 0 0
    outer loop
      vertex 41.5 -7.361215932167728 20.25
      vertex 41.5 -6.77848101265823 26.759493670886076
      vertex 41.5 -8.099999999999998 27.2
    endloop
  endfacet
  facet normal 1 0 0
    outer loop
      vertex 41.5 -7.361215932167728 20.25
      vertex 41.5 0 24.5
      vertex 41.5 -6.77848101265823 26.759493670886076
    endloop
  endfacet
  facet normal 1 0 0
    outer loop
      vertex 41.5 -6.77848101265823 26.759493670886076
      vertex 41.5 0 24.5
      vertex 41.5 5.1990291262135955 26.233009708737864
    endloop
  endfacet
  facet normal 1 0 0
    outer loop
      vertex 41.5 -25.5 33
      vertex 41.5 -8.099999999999998 27.2
      vertex 41.5 25.5 33
    endloop
  endfacet
  facet normal 1 0 0
    outer loop
      vertex 41.5 0 24.5
      vertex 41.5 7.361215932167728 20.25
      vertex 41.5 5.1990291262135955 26.233009708737864
    endloop
  endfacet
  facet normal 1 0 0
    outer loop
      vertex 41.5 9.79112382237127 26
      vertex 41.5 5.1990291262135955 26.233009708737864
      vertex 41.5 7.361215932167728 20.25
    endloop
  endfacet
  facet normal 0 0 1
    outer loop
      vertex 39.75 -28.531088913245537 33
      vertex 38.5 24.25 33
      vertex 38.5 -24.25 33
    endloop
  endfacet
  facet normal 0 0 1
    outer loop
      vertex 39.75 -28.531088913245537 33
      vertex 41.5 -25.5 33
      vertex 39.75 28.531088913245537 33
    endloop
  endfacet
  facet normal 0 0 1
    outer loop
      vertex 39.75 -28.531088913245537 33
      vertex 39.75 28.531088913245537 33
      vertex 38.5 24.25 33
    endloop
  endfacet
  facet normal 1 0 0
    outer loop
      vertex 41.5 25.5 33
      vertex 41.5 -8.099999999999998 27.2
      vertex 41.5 25.5 27.2
    endloop
  endfacet
  facet normal 0.13052619222005257 0.9914448613738103 0
    outer loop
      vertex 38.90586665785882 28.880740392011738 0
      vertex 38 29 33
      vertex 38.90586665785882 28.880740392011738 33
    endloop
  endfacet
  facet normal 0.38268343236508784 0.9238795325112876 0
    outer loop
      vertex 38.90586665785882 28.880740392011738 0
      vertex 38.90586665785882 28.880740392011738 33
      vertex 39.75 28.531088913245537 33
    endloop
  endfacet
  facet normal 0.6087614290087232 0.7933533402912333 0
    outer loop
      vertex 39.75 28.531088913245537 33
      vertex 40.474873734152915 27.974873734152915 33
      vertex 40.474873734152915 27.974873734152915 0
    endloop
  endfacet
  facet normal 0.9238795325112862 0.38268343236509117 0
    outer loop
      vertex 41.38074039201174 26.405866657858823 0
      vertex 41.03108891324553 27.25 33
      vertex 41.38074039201174 26.405866657858823 33
    endloop
  endfacet
  facet normal 0.7933533402912352 0.6087614290087207 0
    outer loop
      vertex 41.03108891324553 27.25 0
      vertex 40.474873734152915 27.974873734152915 33
      vertex 41.03108891324553 27.25 33
    endloop
  endfacet
  facet normal 0.9914448613738104 0.13052619222005254 0
    outer loop
      vertex 41.38074039201174 26.405866657858823 33
      vertex 41.5 25.5 27.2
      vertex 41.5 25.5 26
    endloop
  endfacet
  facet normal 0.9914448613738104 0.1305261922200526 0
    outer loop
      vertex 41.38074039201174 26.405866657858823 33
      vertex 41.5 25.5 33
      vertex 41.5 25.5 27.2
    endloop
  endfacet
  facet normal 0 0 1
    outer loop
      vertex 41.5 -25.5 33
      vertex 41.5 25.5 33
      vertex 39.75 28.531088913245537 33
    endloop
  endfacet
  facet normal 0 0 1
    outer loop
      vertex 38.5 24.25 33
      vertex 39.75 28.531088913245537 33
      vertex 38.36678918189475 24.919696006638908 33
    endloop
  endfacet
  facet normal 0 0 1
    outer loop
      vertex 38.36678918189475 24.919696006638908 33
      vertex 39.75 28.531088913245537 33
      vertex 37.98743686707646 25.487436867076458 33
    endloop
  endfacet
  facet normal 0 0 1
    outer loop
      vertex 36.75 26 33
      vertex 37.41969600663891 25.866789181894752 33
      vertex 39.75 28.531088913245537 33
    endloop
  endfacet
  facet normal 0 0 1
    outer loop
      vertex 37.41969600663891 25.866789181894752 33
      vertex 37.98743686707646 25.487436867076458 33
      vertex 39.75 28.531088913245537 33
    endloop
  endfacet
  facet normal 0 0 1
    outer loop
      vertex 41.38074039201174 26.405866657858823 33
      vertex 40.474873734152915 27.974873734152915 33
      vertex 39.75 28.531088913245537 33
    endloop
  endfacet
  facet normal 0 0 1
    outer loop
      vertex 38 29 33
      vertex 39.75 28.531088913245537 33
      vertex 38.90586665785882 28.880740392011738 33
    endloop
  endfacet
  facet normal 0 0 1
    outer loop
      vertex 41.5 25.5 33
      vertex 41.38074039201174 26.405866657858823 33
      vertex 39.75 28.531088913245537 33
    endloop
  endfacet
  facet normal 0 0 1
    outer loop
      vertex 41.38074039201174 26.405866657858823 33
      vertex 41.03108891324553 27.25 33
      vertex 40.474873734152915 27.974873734152915 33
    endloop
  endfacet
  facet normal 0 0 1
    outer loop
      vertex -37.98743686707646 -25.487436867076458 3.01
      vertex -37.41969600663891 -25.866789181894752 3.01
      vertex -38.5 -24.25 3.01
    endloop
  endfacet
  facet normal 0 0 1
    outer loop
      vertex -37.98743686707646 -25.487436867076458 3.01
      vertex -38.5 -24.25 3.01
      vertex -38.36678918189475 -24.919696006638908 3.01
    endloop
  endfacet
  facet normal 1 0 0
    outer loop
      vertex -38.5 -24.25 3.01
      vertex -38.5 0 7.5
      vertex -38.5 -7.361215932167728 11.75
    endloop
  endfacet
  facet normal 0.5555702330196023 0.8314696123025452 0
    outer loop
      vertex -37.98743686707646 -25.487436867076458 3.01
      vertex -37.98743686707646 -25.487436867076458 33
      vertex -37.41969600663891 -25.866789181894752 3.01
    endloop
  endfacet
  facet normal 0.831469612302546 0.555570233019601 0
    outer loop
      vertex -37.98743686707646 -25.487436867076458 3.01
      vertex -38.36678918189475 -24.919696006638908 3.01
      vertex -38.36678918189475 -24.919696006638908 33
    endloop
  endfacet
  facet normal 0.19509032201612717 0.9807852804032307 0
    outer loop
      vertex -37.41969600663891 -25.866789181894752 3.01
      vertex -37.41969600663891 -25.866789181894752 33
      vertex -36.75 -26 3.01
    endloop
  endfacet
  facet normal 0.9807852804032307 0.19509032201612717 0
    outer loop
      vertex -38.36678918189475 -24.919696006638908 3.01
      vertex -38.5 -24.25 3.01
      vertex -38.5 -24.25 33
    endloop
  endfacet
  facet normal 1 0 0
    outer loop
      vertex -38.5 -24.25 3.01
      vertex -38.5 -7.361215932167728 11.75
      vertex -38.5 -7.361215932167728 20.25
    endloop
  endfacet
  facet normal 1 0 0
    outer loop
      vertex -38.5 -24.25 3.01
      vertex -38.5 -7.361215932167728 20.25
      vertex -38.5 -24.25 33
    endloop
  endfacet
  facet normal 0 0 1
    outer loop
      vertex -37.41969600663891 -25.866789181894752 3.01
      vertex -36.75 -26 3.01
      vertex 36.75 -26 3.01
    endloop
  endfacet
  facet normal 0 1 0
    outer loop
      vertex -36.75 -26 3.01
      vertex -36.75 -26 33
      vertex 36.75 -26 3.01
    endloop
  endfacet
  facet normal 0.5555702330196023 0.8314696123025452 0
    outer loop
      vertex -37.41969600663891 -25.866789181894752 3.01
      vertex -37.98743686707646 -25.487436867076458 33
      vertex -37.41969600663891 -25.866789181894752 33
    endloop
  endfacet
  facet normal 0.831469612302546 0.555570233019601 0
    outer loop
      vertex -37.98743686707646 -25.487436867076458 3.01
      vertex -38.36678918189475 -24.919696006638908 33
      vertex -37.98743686707646 -25.487436867076458 33
    endloop
  endfacet
  facet normal 0.19509032201612717 0.9807852804032307 0
    outer loop
      vertex -36.75 -26 3.01
      vertex -37.41969600663891 -25.866789181894752 33
      vertex -36.75 -26 33
    endloop
  endfacet
  facet normal 0.9807852804032307 0.19509032201612717 0
    outer loop
      vertex -38.36678918189475 -24.919696006638908 3.01
      vertex -38.5 -24.25 33
      vertex -38.36678918189475 -24.919696006638908 33
    endloop
  endfacet
  facet normal 1 0 0
    outer loop
      vertex -38.5 -24.25 33
      vertex -38.5 -7.361215932167728 20.25
      vertex -38.5 0 24.5
    endloop
  endfacet
  facet normal 0 0 1
    outer loop
      vertex -37.41969600663891 -25.866789181894752 3.01
      vertex -38.5 24.25 3.01
      vertex -38.5 -24.25 3.01
    endloop
  endfacet
  facet normal 1 0 0
    outer loop
      vertex -38.5 -24.25 3.01
      vertex -38.5 24.25 3.01
      vertex -38.5 0 7.5
    endloop
  endfacet
  facet normal 0 0 1
    outer loop
      vertex -37.41969600663891 -25.866789181894752 3.01
      vertex -36.75 26 3.01
      vertex -38.5 24.25 3.01
    endloop
  endfacet
  facet normal 1 0 0
    outer loop
      vertex -38.5 0 7.5
      vertex -38.5 24.25 3.01
      vertex -38.5 7.361215932167728 11.75
    endloop
  endfacet
  facet normal 0 0 1
    outer loop
      vertex -38.5 24.25 3.01
      vertex -37.98743686707646 25.487436867076458 3.01
      vertex -38.36678918189475 24.919696006638908 3.01
    endloop
  endfacet
  facet normal 0 0 1
    outer loop
      vertex -38.5 24.25 3.01
      vertex -36.75 26 3.01
      vertex -37.98743686707646 25.487436867076458 3.01
    endloop
  endfacet
  facet normal 0 0 1
    outer loop
      vertex -37.98743686707646 25.487436867076458 3.01
      vertex -36.75 26 3.01
      vertex -37.41969600663891 25.866789181894752 3.01
    endloop
  endfacet
  facet normal 1 0 0
    outer loop
      vertex -38.5 7.361215932167728 11.75
      vertex -38.5 24.25 3.01
      vertex -38.5 7.361215932167728 20.25
    endloop
  endfacet
  facet normal 1 0 0
    outer loop
      vertex -38.5 24.25 3.01
      vertex -38.5 24.25 33
      vertex -38.5 7.361215932167728 20.25
    endloop
  endfacet
  facet normal 0.9807852804032307 -0.19509032201612717 0
    outer loop
      vertex -38.5 24.25 3.01
      vertex -38.36678918189475 24.919696006638908 3.01
      vertex -38.36678918189475 24.919696006638908 33
    endloop
  endfacet
  facet normal 0.831469612302546 -0.555570233019601 0
    outer loop
      vertex -38.36678918189475 24.919696006638908 3.01
      vertex -37.98743686707646 25.487436867076458 3.01
      vertex -37.98743686707646 25.487436867076458 33
    endloop
  endfacet
  facet normal 0.5555702330196023 -0.8314696123025452 0
    outer loop
      vertex -37.98743686707646 25.487436867076458 3.01
      vertex -37.41969600663891 25.866789181894752 3.01
      vertex -37.41969600663891 25.866789181894752 33
    endloop
  endfacet
  facet normal 0.19509032201612717 -0.9807852804032307 0
    outer loop
      vertex -37.41969600663891 25.866789181894752 3.01
      vertex -36.75 26 3.01
      vertex -36.75 26 33
    endloop
  endfacet
  facet normal 0 0 1
    outer loop
      vertex -37.41969600663891 -25.866789181894752 3.01
      vertex 38.5 -24.25 3.01
      vertex -36.75 26 3.01
    endloop
  endfacet
  facet normal 1 0 0
    outer loop
      vertex -38.5 -24.25 33
      vertex -38.5 0 24.5
      vertex -38.5 24.25 33
    endloop
  endfacet
  facet normal 1 0 0
    outer loop
      vertex -38.5 0 24.5
      vertex -38.5 7.361215932167728 20.25
      vertex -38.5 24.25 33
    endloop
  endfacet
  facet normal 0.9807852804032307 -0.19509032201612717 0
    outer loop
      vertex -38.5 24.25 3.01
      vertex -38.36678918189475 24.919696006638908 33
      vertex -38.5 24.25 33
    endloop
  endfacet
  facet normal 0.831469612302546 -0.555570233019601 0
    outer loop
      vertex -38.36678918189475 24.919696006638908 3.01
      vertex -37.98743686707646 25.487436867076458 33
      vertex -38.36678918189475 24.919696006638908 33
    endloop
  endfacet
  facet normal 0.5555702330196023 -0.8314696123025452 0
    outer loop
      vertex -37.98743686707646 25.487436867076458 3.01
      vertex -37.41969600663891 25.866789181894752 33
      vertex -37.98743686707646 25.487436867076458 33
    endloop
  endfacet
  facet normal 0.19509032201612717 -0.9807852804032307 0
    outer loop
      vertex -37.41969600663891 25.866789181894752 3.01
      vertex -36.75 26 33
      vertex -37.41969600663891 25.866789181894752 33
    endloop
  endfacet
  facet normal 0 -1 0
    outer loop
      vertex -36.75 26 3.01
      vertex 36.75 26 33
      vertex -36.75 26 33
    endloop
  endfacet
  facet normal 0 0 1
    outer loop
      vertex -37.41969600663891 -25.866789181894752 3.01
      vertex 36.75 -26 3.01
      vertex 38.5 -24.25 3.01
    endloop
  endfacet
  facet normal 0 0 1
    outer loop
      vertex 36.75 -26 3.01
      vertex 37.41969600663891 -25.866789181894752 3.01
      vertex 37.98743686707646 -25.487436867076458 3.01
    endloop
  endfacet
  facet normal 0 0 1
    outer loop
      vertex 36.75 -26 3.01
      vertex 37.98743686707646 -25.487436867076458 3.01
      vertex 38.5 -24.25 3.01
    endloop
  endfacet
  facet normal 0 0 1
    outer loop
      vertex 37.98743686707646 -25.487436867076458 3.01
      vertex 38.36678918189475 -24.919696006638908 3.01
      vertex 38.5 -24.25 3.01
    endloop
  endfacet
  facet normal -1 0 0
    outer loop
      vertex 38.5 -24.25 3.01
      vertex 38.5 -7.361215932167728 11.75
      vertex 38.5 0 7.5
    endloop
  endfacet
  facet normal -0.19509032201612717 0.9807852804032307 0
    outer loop
      vertex 36.75 -26 3.01
      vertex 36.75 -26 33
      vertex 37.41969600663891 -25.866789181894752 3.01
    endloop
  endfacet
  facet normal -0.5555702330196023 0.8314696123025452 0
    outer loop
      vertex 37.41969600663891 -25.866789181894752 3.01
      vertex 37.41969600663891 -25.866789181894752 33
      vertex 37.98743686707646 -25.487436867076458 3.01
    endloop
  endfacet
  facet normal -0.831469612302546 0.555570233019601 0
    outer loop
      vertex 37.98743686707646 -25.487436867076458 3.01
      vertex 37.98743686707646 -25.487436867076458 33
      vertex 38.36678918189475 -24.919696006638908 3.01
    endloop
  endfacet
  facet normal -0.9807852804032307 0.19509032201612717 0
    outer loop
      vertex 38.36678918189475 -24.919696006638908 3.01
      vertex 38.36678918189475 -24.919696006638908 33
      vertex 38.5 -24.25 3.01
    endloop
  endfacet
  facet normal -1 0 0
    outer loop
      vertex 38.5 -24.25 3.01
      vertex 38.5 -7.361215932167728 20.25
      vertex 38.5 -7.361215932167728 11.75
    endloop
  endfacet
  facet normal -1 0 0
    outer loop
      vertex 38.5 -24.25 3.01
      vertex 38.5 -24.25 33
      vertex 38.5 -7.361215932167728 20.25
    endloop
  endfacet
  facet normal 0 1 0
    outer loop
      vertex -36.75 -26 33
      vertex 36.75 -26 33
      vertex 36.75 -26 3.01
    endloop
  endfacet
  facet normal -0.19509032201612717 0.9807852804032307 0
    outer loop
      vertex 37.41969600663891 -25.866789181894752 3.01
      vertex 36.75 -26 33
      vertex 37.41969600663891 -25.866789181894752 33
    endloop
  endfacet
  facet normal -0.5555702330196023 0.8314696123025452 0
    outer loop
      vertex 37.98743686707646 -25.487436867076458 3.01
      vertex 37.41969600663891 -25.866789181894752 33
      vertex 37.98743686707646 -25.487436867076458 33
    endloop
  endfacet
  facet normal -0.831469612302546 0.555570233019601 0
    outer loop
      vertex 38.36678918189475 -24.919696006638908 3.01
      vertex 37.98743686707646 -25.487436867076458 33
      vertex 38.36678918189475 -24.919696006638908 33
    endloop
  endfacet
  facet normal -0.9807852804032307 0.19509032201612717 0
    outer loop
      vertex 38.5 -24.25 3.01
      vertex 38.36678918189475 -24.919696006638908 33
      vertex 38.5 -24.25 33
    endloop
  endfacet
  facet normal -1 0 0
    outer loop
      vertex 38.5 -24.25 33
      vertex 38.5 0 24.5
      vertex 38.5 -7.361215932167728 20.25
    endloop
  endfacet
  facet normal 0 0 1
    outer loop
      vertex -36.75 26 3.01
      vertex 38.5 -24.25 3.01
      vertex 37.41969600663891 25.866789181894752 3.01
    endloop
  endfacet
  facet normal 0 0 1
    outer loop
      vertex -36.75 26 3.01
      vertex 37.41969600663891 25.866789181894752 3.01
      vertex 36.75 26 3.01
    endloop
  endfacet
  facet normal 0 -1 0
    outer loop
      vertex -36.75 26 3.01
      vertex 36.75 26 3.01
      vertex 36.75 26 33
    endloop
  endfacet
  facet normal -1 0 0
    outer loop
      vertex 38.5 -24.25 3.01
      vertex 38.5 0 7.5
      vertex 38.5 24.25 3.01
    endloop
  endfacet
  facet normal 0 0 1
    outer loop
      vertex 38.5 -24.25 3.01
      vertex 38.5 24.25 3.01
      vertex 37.41969600663891 25.866789181894752 3.01
    endloop
  endfacet
  facet normal -1 0 0
    outer loop
      vertex 38.5 0 7.5
      vertex 38.5 7.361215932167728 11.75
      vertex 38.5 24.25 3.01
    endloop
  endfacet
  facet normal 0 0 1
    outer loop
      vertex 38.5 24.25 3.01
      vertex 37.98743686707646 25.487436867076458 3.01
      vertex 37.41969600663891 25.866789181894752 3.01
    endloop
  endfacet
  facet normal 0 0 1
    outer loop
      vertex 38.5 24.25 3.01
      vertex 38.36678918189475 24.919696006638908 3.01
      vertex 37.98743686707646 25.487436867076458 3.01
    endloop
  endfacet
  facet normal -1 0 0
    outer loop
      vertex 38.5 7.361215932167728 11.75
      vertex 38.5 7.361215932167728 20.25
      vertex 38.5 24.25 3.01
    endloop
  endfacet
  facet normal -1 0 0
    outer loop
      vertex 38.5 24.25 3.01
      vertex 38.5 7.361215932167728 20.25
      vertex 38.5 24.25 33
    endloop
  endfacet
  facet normal -0.9807852804032307 -0.19509032201612717 0
    outer loop
      vertex 38.5 24.25 3.01
      vertex 38.5 24.25 33
      vertex 38.36678918189475 24.919696006638908 3.01
    endloop
  endfacet
  facet normal -0.831469612302546 -0.555570233019601 0
    outer loop
      vertex 38.36678918189475 24.919696006638908 3.01
      vertex 38.36678918189475 24.919696006638908 33
      vertex 37.98743686707646 25.487436867076458 3.01
    endloop
  endfacet
  facet normal -0.19509032201612717 -0.9807852804032307 0
    outer loop
      vertex 36.75 26 3.01
      vertex 37.41969600663891 25.866789181894752 3.01
      vertex 37.41969600663891 25.866789181894752 33
    endloop
  endfacet
  facet normal -0.5555702330196023 -0.8314696123025452 0
    outer loop
      vertex 37.41969600663891 25.866789181894752 3.01
      vertex 37.98743686707646 25.487436867076458 3.01
      vertex 37.98743686707646 25.487436867076458 33
    endloop
  endfacet
  facet normal -1 0 0
    outer loop
      vertex 38.5 -24.25 33
      vertex 38.5 24.25 33
      vertex 38.5 0 24.5
    endloop
  endfacet
  facet normal -1 0 0
    outer loop
      vertex 38.5 0 24.5
      vertex 38.5 24.25 33
      vertex 38.5 7.361215932167728 20.25
    endloop
  endfacet
  facet normal -0.9807852804032307 -0.19509032201612717 0
    outer loop
      vertex 38.36678918189475 24.919696006638908 3.01
      vertex 38.5 24.25 33
      vertex 38.36678918189475 24.919696006638908 33
    endloop
  endfacet
  facet normal -0.831469612302546 -0.555570233019601 0
    outer loop
      vertex 37.98743686707646 25.487436867076458 3.01
      vertex 38.36678918189475 24.919696006638908 33
      vertex 37.98743686707646 25.487436867076458 33
    endloop
  endfacet
  facet normal -0.19509032201612717 -0.9807852804032307 0
    outer loop
      vertex 36.75 26 3.01
      vertex 37.41969600663891 25.866789181894752 33
      vertex 36.75 26 33
    endloop
  endfacet
  facet normal -0.5555702330196023 -0.8314696123025452 0
    outer loop
      vertex 37.41969600663891 25.866789181894752 3.01
      vertex 37.98743686707646 25.487436867076458 33
      vertex 37.41969600663891 25.866789181894752 33
    endloop
  endfacet
  facet normal 0 0.5 0.8660254037844387
    outer loop
      vertex -38.5 -7.361215932167728 11.75
      vertex -41.5 0 7.5
      vertex -41.5 -7.361215932167728 11.75
    endloop
  endfacet
  facet normal 0 0.5 0.8660254037844387
    outer loop
      vertex -38.5 -7.361215932167728 11.75
      vertex -38.5 0 7.5
      vertex -41.5 0 7.5
    endloop
  endfacet
  facet normal 0 -0.5 0.8660254037844387
    outer loop
      vertex -38.5 0 7.5
      vertex -41.5 7.361215932167728 11.75
      vertex -41.5 0 7.5
    endloop
  endfacet
  facet normal 0 -0.5 0.8660254037844387
    outer loop
      vertex -38.5 0 7.5
      vertex -38.5 7.361215932167728 11.75
      vertex -41.5 7.361215932167728 11.75
    endloop
  endfacet
  facet normal 0 1 0
    outer loop
      vertex -38.5 -7.361215932167728 11.75
      vertex -41.5 -7.361215932167728 11.75
      vertex -38.5 -7.361215932167728 20.25
    endloop
  endfacet
  facet normal 0 1 0
    outer loop
      vertex -38.5 -7.361215932167728 20.25
      vertex -41.5 -7.361215932167728 11.75
      vertex -41.5 -7.361215932167728 20.25
    endloop
  endfacet
  facet normal 0 0.5 -0.8660254037844387
    outer loop
      vertex -38.5 -7.361215932167728 20.25
      vertex -41.5 -7.361215932167728 20.25
      vertex -38.5 0 24.5
    endloop
  endfacet
  facet normal 0 -1 0
    outer loop
      vertex -38.5 7.361215932167728 11.75
      vertex -41.5 7.361215932167728 20.25
      vertex -41.5 7.361215932167728 11.75
    endloop
  endfacet
  facet normal 0 -1 0
    outer loop
      vertex -38.5 7.361215932167728 11.75
      vertex -38.5 7.361215932167728 20.25
      vertex -41.5 7.361215932167728 20.25
    endloop
  endfacet
  facet normal 0 -0.5 -0.8660254037844387
    outer loop
      vertex -38.5 7.361215932167728 20.25
      vertex -41.5 0 24.5
      vertex -41.5 7.361215932167728 20.25
    endloop
  endfacet
  facet normal 0 0.5 -0.8660254037844387
    outer loop
      vertex -38.5 0 24.5
      vertex -41.5 -7.361215932167728 20.25
      vertex -41.5 0 24.5
    endloop
  endfacet
  facet normal 0 -0.5 -0.8660254037844387
    outer loop
      vertex -38.5 0 24.5
      vertex -41.5 0 24.5
      vertex -38.5 7.361215932167728 20.25
    endloop
  endfacet
  facet normal 0 0.5 0.8660254037844387
    outer loop
      vertex 38.5 -7.361215932167728 11.75
      vertex 41.5 -7.361215932167728 11.75
      vertex 38.5 0 7.5
    endloop
  endfacet
  facet normal 0 0.5 0.8660254037844387
    outer loop
      vertex 38.5 0 7.5
      vertex 41.5 -7.361215932167728 11.75
      vertex 41.5 0 7.5
    endloop
  endfacet
  facet normal 0 -0.5 0.8660254037844387
    outer loop
      vertex 38.5 0 7.5
      vertex 41.5 0 7.5
      vertex 38.5 7.361215932167728 11.75
    endloop
  endfacet
  facet normal 0 -0.5 0.8660254037844387
    outer loop
      vertex 38.5 7.361215932167728 11.75
      vertex 41.5 0 7.5
      vertex 41.5 7.361215932167728 11.75
    endloop
  endfacet
  facet normal 0 1 0
    outer loop
      vertex 38.5 -7.361215932167728 11.75
      vertex 41.5 -7.361215932167728 20.25
      vertex 41.5 -7.361215932167728 11.75
    endloop
  endfacet
  facet normal 0 1 0
    outer loop
      vertex 38.5 -7.361215932167728 11.75
      vertex 38.5 -7.361215932167728 20.25
      vertex 41.5 -7.361215932167728 20.25
    endloop
  endfacet
  facet normal 0 0.5 -0.8660254037844387
    outer loop
      vertex 38.5 -7.361215932167728 20.25
      vertex 41.5 0 24.5
      vertex 41.5 -7.361215932167728 20.25
    endloop
  endfacet
  facet normal 0 -1 0
    outer loop
      vertex 38.5 7.361215932167728 11.75
      vertex 41.5 7.361215932167728 11.75
      vertex 38.5 7.361215932167728 20.25
    endloop
  endfacet
  facet normal 0 -1 0
    outer loop
      vertex 38.5 7.361215932167728 20.25
      vertex 41.5 7.361215932167728 11.75
      vertex 41.5 7.361215932167728 20.25
    endloop
  endfacet
  facet normal 0 -0.5 -0.8660254037844387
    outer loop
      vertex 38.5 0 24.5
      vertex 38.5 7.361215932167728 20.25
      vertex 41.5 7.361215932167728 20.25
    endloop
  endfacet
  facet normal 0 0.5 -0.8660254037844387
    outer loop
      vertex 38.5 -7.361215932167728 20.25
      vertex 38.5 0 24.5
      vertex 41.5 0 24.5
    endloop
  endfacet
  facet normal 0 -0.5 -0.8660254037844387
    outer loop
      vertex 38.5 0 24.5
      vertex 41.5 7.361215932167728 20.25
      vertex 41.5 0 24.5
    endloop
  endfacet
  facet normal -1 0 0
    outer loop
      vertex -53 -3.5355339059327378 12.464466094067262
      vertex -53 -3.2335783637895035 14.660607986722185
      vertex -53 -2.4748737341529163 13.525126265847083
    endloop
  endfacet
  facet normal -1 0 0
    outer loop
      vertex -53 -3.5355339059327378 12.464466094067262
      vertex -53 1.913417161825449 11.380602337443566
      vertex -53 -1.913417161825449 11.380602337443566
    endloop
  endfacet
  facet normal -1 0 0
    outer loop
      vertex -53 -3.5355339059327378 12.464466094067262
      vertex -53 -2.4748737341529163 13.525126265847083
      vertex -53 -1.3393920132778143 12.766421636210497
    endloop
  endfacet
  facet normal -1 0 0
    outer loop
      vertex -53 -3.5355339059327378 12.464466094067262
      vertex -53 -1.3393920132778143 12.766421636210497
      vertex -53 0 12.5
    endloop
  endfacet
  facet normal 0.5071711469260751 -0.716598228874126 -0.47881562850449577
    outer loop
      vertex -53 -3.5355339059327378 12.464466094067262
      vertex -50.5 -2.4748737341529163 13.525126265847083
      vertex -53 -4.619397662556434 14.08658283817455
    endloop
  endfacet
  facet normal 0.5071711469260752 -0.1681376891695365 -0.8452852448767917
    outer loop
      vertex -53 -1.913417161825449 11.380602337443566
      vertex -53 0 11
      vertex -50.5 -1.3393920132778143 12.766421636210497
    endloop
  endfacet
  facet normal 0.507171146926075 -0.16813768916953695 -0.8452852448767917
    outer loop
      vertex -50.5 -1.3393920132778143 12.766421636210497
      vertex -53 0 11
      vertex -50.5 0 12.5
    endloop
  endfacet
  facet normal 0.5071711469260751 -0.47881562850449566 -0.716598228874126
    outer loop
      vertex -53 -3.5355339059327378 12.464466094067262
      vertex -53 -1.913417161825449 11.380602337443566
      vertex -50.5 -2.4748737341529163 13.525126265847083
    endloop
  endfacet
  facet normal 0.5071711469260753 -0.47881562850449516 -0.7165982288741263
    outer loop
      vertex -53 -1.913417161825449 11.380602337443566
      vertex -50.5 -1.3393920132778143 12.766421636210497
      vertex -50.5 -2.4748737341529163 13.525126265847083
    endloop
  endfacet
  facet normal -1 0 0
    outer loop
      vertex -53 -3.5355339059327378 12.464466094067262
      vertex -53 -4.619397662556434 14.08658283817455
      vertex -53 -3.2335783637895035 14.660607986722185
    endloop
  endfacet
  facet normal -1 0 0
    outer loop
      vertex -53 -4.619397662556434 14.08658283817455
      vertex -53 -3.5 16
      vertex -53 -3.2335783637895035 14.660607986722185
    endloop
  endfacet
  facet normal -1 0 0
    outer loop
      vertex -53 -4.619397662556434 14.08658283817455
      vertex -53 -5 16
      vertex -53 -3.5 16
    endloop
  endfacet
  facet normal 0.5071711469260751 -0.8452852448767918 -0.16813768916953645
    outer loop
      vertex -53 -4.619397662556434 14.08658283817455
      vertex -50.5 -3.2335783637895035 14.660607986722185
      vertex -53 -5 16
    endloop
  endfacet
  facet normal 0.5071711469260752 -0.716598228874126 -0.47881562850449544
    outer loop
      vertex -50.5 -2.4748737341529163 13.525126265847083
      vertex -50.5 -3.2335783637895035 14.660607986722185
      vertex -53 -4.619397662556434 14.08658283817455
    endloop
  endfacet
  facet normal 0.507171146926075 -0.8452852448767917 -0.1681376891695367
    outer loop
      vertex -53 -5 16
      vertex -50.5 -3.2335783637895035 14.660607986722185
      vertex -50.5 -3.5 16
    endloop
  endfacet
  facet normal -1 0 0
    outer loop
      vertex -53 -5 16
      vertex -53 -4.619397662556434 17.91341716182545
      vertex -53 -3.2335783637895035 17.339392013277813
    endloop
  endfacet
  facet normal -1 0 0
    outer loop
      vertex -53 -5 16
      vertex -53 -3.2335783637895035 17.339392013277813
      vertex -53 -3.5 16
    endloop
  endfacet
  facet normal -1 0 0
    outer loop
      vertex -53 -3.2335783637895035 17.339392013277813
      vertex -53 -4.619397662556434 17.91341716182545
      vertex -53 -2.4748737341529163 18.474873734152915
    endloop
  endfacet
  facet normal -1 0 0
    outer loop
      vertex -53 -4.619397662556434 17.91341716182545
      vertex -53 -3.5355339059327378 19.535533905932738
      vertex -53 -2.4748737341529163 18.474873734152915
    endloop
  endfacet
  facet normal 0.5071711469260752 -0.8452852448767917 0.16813768916953642
    outer loop
      vertex -53 -5 16
      vertex -50.5 -3.2335783637895035 17.339392013277813
      vertex -53 -4.619397662556434 17.91341716182545
    endloop
  endfacet
  facet normal 0.507171146926075 -0.8452852448767917 0.16813768916953692
    outer loop
      vertex -53 -5 16
      vertex -50.5 -3.5 16
      vertex -50.5 -3.2335783637895035 17.339392013277813
    endloop
  endfacet
  facet normal 0.5071711469260755 -0.7165982288741259 0.4788156285044952
    outer loop
      vertex -53 -4.619397662556434 17.91341716182545
      vertex -50.5 -3.2335783637895035 17.339392013277813
      vertex -50.5 -2.4748737341529163 18.474873734152915
    endloop
  endfacet
  facet normal 0.5071711469260753 -0.7165982288741259 0.4788156285044957
    outer loop
      vertex -53 -4.619397662556434 17.91341716182545
      vertex -50.5 -2.4748737341529163 18.474873734152915
      vertex -53 -3.5355339059327378 19.535533905932738
    endloop
  endfacet
  facet normal -1 0 0
    outer loop
      vertex -53 -2.4748737341529163 18.474873734152915
      vertex -53 -3.5355339059327378 19.535533905932738
      vertex -53 -1.3393920132778143 19.233578363789505
    endloop
  endfacet
  facet normal -1 0 0
    outer loop
      vertex -53 -3.5355339059327378 19.535533905932738
      vertex -53 0 19.5
      vertex -53 -1.3393920132778143 19.233578363789505
    endloop
  endfacet
  facet normal -1 0 0
    outer loop
      vertex -53 -3.5355339059327378 19.535533905932738
      vertex -53 -1.913417161825449 20.619397662556434
      vertex -53 3.5355339059327378 19.535533905932738
    endloop
  endfacet
  facet normal 0.5071711469260755 -0.47881562850449555 0.7165982288741259
    outer loop
      vertex -50.5 -2.4748737341529163 18.474873734152915
      vertex -53 -1.913417161825449 20.619397662556434
      vertex -53 -3.5355339059327378 19.535533905932738
    endloop
  endfacet
  facet normal 0.5071711469260747 -0.4788156285044968 0.7165982288741255
    outer loop
      vertex -50.5 -2.4748737341529163 18.474873734152915
      vertex -50.5 -1.3393920132778143 19.233578363789505
      vertex -53 -1.913417161825449 20.619397662556434
    endloop
  endfacet
  facet normal 0.5071711469260748 -0.16813768916953656 0.845285244876792
    outer loop
      vertex -53 -1.913417161825449 20.619397662556434
      vertex -50.5 -1.3393920132778143 19.233578363789505
      vertex -53 0 21
    endloop
  endfacet
  facet normal 0.5071711469260751 -0.16813768916953586 0.8452852448767919
    outer loop
      vertex -50.5 -1.3393920132778143 19.233578363789505
      vertex -50.5 0 19.5
      vertex -53 0 21
    endloop
  endfacet
  facet normal -1 0 0
    outer loop
      vertex -53 -1.913417161825449 11.380602337443566
      vertex -53 1.913417161825449 11.380602337443566
      vertex -53 0 11
    endloop
  endfacet
  facet normal -1 0 0
    outer loop
      vertex -53 -3.5355339059327378 12.464466094067262
      vertex -53 3.5355339059327378 12.464466094067262
      vertex -53 1.913417161825449 11.380602337443566
    endloop
  endfacet
  facet normal -1 0 0
    outer loop
      vertex -53 -3.5355339059327378 12.464466094067262
      vertex -53 0 12.5
      vertex -53 3.5355339059327378 12.464466094067262
    endloop
  endfacet
  facet normal -1 0 0
    outer loop
      vertex -53 0 12.5
      vertex -53 1.3393920132778143 12.766421636210497
      vertex -53 3.5355339059327378 12.464466094067262
    endloop
  endfacet
  facet normal -1 0 0
    outer loop
      vertex -53 1.3393920132778143 12.766421636210497
      vertex -53 2.4748737341529163 13.525126265847083
      vertex -53 3.5355339059327378 12.464466094067262
    endloop
  endfacet
  facet normal -1 0 0
    outer loop
      vertex -53 2.4748737341529163 13.525126265847083
      vertex -53 4.619397662556434 14.08658283817455
      vertex -53 3.5355339059327378 12.464466094067262
    endloop
  endfacet
  facet normal 0.507171146926075 0.16813768916953695 -0.8452852448767917
    outer loop
      vertex -53 0 11
      vertex -50.5 1.3393920132778143 12.766421636210497
      vertex -50.5 0 12.5
    endloop
  endfacet
  facet normal 0.5071711469260752 0.1681376891695365 -0.8452852448767917
    outer loop
      vertex -53 0 11
      vertex -53 1.913417161825449 11.380602337443566
      vertex -50.5 1.3393920132778143 12.766421636210497
    endloop
  endfacet
  facet normal 0.5071711469260753 0.47881562850449516 -0.7165982288741263
    outer loop
      vertex -53 1.913417161825449 11.380602337443566
      vertex -50.5 2.4748737341529163 13.525126265847083
      vertex -50.5 1.3393920132778143 12.766421636210497
    endloop
  endfacet
  facet normal 0.5071711469260751 0.47881562850449566 -0.716598228874126
    outer loop
      vertex -53 1.913417161825449 11.380602337443566
      vertex -53 3.5355339059327378 12.464466094067262
      vertex -50.5 2.4748737341529163 13.525126265847083
    endloop
  endfacet
  facet normal 0.5071711469260751 0.716598228874126 -0.47881562850449577
    outer loop
      vertex -53 3.5355339059327378 12.464466094067262
      vertex -53 4.619397662556434 14.08658283817455
      vertex -50.5 2.4748737341529163 13.525126265847083
    endloop
  endfacet
  facet normal -1 0 0
    outer loop
      vertex -53 2.4748737341529163 13.525126265847083
      vertex -53 3.2335783637895035 14.660607986722185
      vertex -53 4.619397662556434 14.08658283817455
    endloop
  endfacet
  facet normal -1 0 0
    outer loop
      vertex -53 3.2335783637895035 14.660607986722185
      vertex -53 5 16
      vertex -53 4.619397662556434 14.08658283817455
    endloop
  endfacet
  facet normal -1 0 0
    outer loop
      vertex -53 3.2335783637895035 14.660607986722185
      vertex -53 3.5 16
      vertex -53 5 16
    endloop
  endfacet
  facet normal 0.5071711469260752 0.716598228874126 -0.47881562850449544
    outer loop
      vertex -50.5 2.4748737341529163 13.525126265847083
      vertex -53 4.619397662556434 14.08658283817455
      vertex -50.5 3.2335783637895035 14.660607986722185
    endloop
  endfacet
  facet normal 0.5071711469260751 0.8452852448767918 -0.16813768916953645
    outer loop
      vertex -50.5 3.2335783637895035 14.660607986722185
      vertex -53 4.619397662556434 14.08658283817455
      vertex -53 5 16
    endloop
  endfacet
  facet normal 0.507171146926075 0.8452852448767917 -0.16813768916953664
    outer loop
      vertex -50.5 3.2335783637895035 14.660607986722185
      vertex -53 5 16
      vertex -50.5 3.5 16
    endloop
  endfacet
  facet normal -1 0 0
    outer loop
      vertex -53 3.5 16
      vertex -53 4.619397662556434 17.91341716182545
      vertex -53 5 16
    endloop
  endfacet
  facet normal -1 0 0
    outer loop
      vertex -53 3.5 16
      vertex -53 3.2335783637895035 17.339392013277813
      vertex -53 4.619397662556434 17.91341716182545
    endloop
  endfacet
  facet normal -1 0 0
    outer loop
      vertex -53 3.2335783637895035 17.339392013277813
      vertex -53 2.4748737341529163 18.474873734152915
      vertex -53 3.5355339059327378 19.535533905932738
    endloop
  endfacet
  facet normal -1 0 0
    outer loop
      vertex -53 3.2335783637895035 17.339392013277813
      vertex -53 3.5355339059327378 19.535533905932738
      vertex -53 4.619397662556434 17.91341716182545
    endloop
  endfacet
  facet normal 0.507171146926075 0.8452852448767917 0.16813768916953686
    outer loop
      vertex -50.5 3.5 16
      vertex -53 5 16
      vertex -50.5 3.2335783637895035 17.339392013277813
    endloop
  endfacet
  facet normal 0.5071711469260752 0.8452852448767917 0.16813768916953642
    outer loop
      vertex -53 5 16
      vertex -53 4.619397662556434 17.91341716182545
      vertex -50.5 3.2335783637895035 17.339392013277813
    endloop
  endfacet
  facet normal 0.5071711469260755 0.7165982288741259 0.4788156285044953
    outer loop
      vertex -50.5 3.2335783637895035 17.339392013277813
      vertex -53 4.619397662556434 17.91341716182545
      vertex -50.5 2.4748737341529163 18.474873734152915
    endloop
  endfacet
  facet normal 0.5071711469260753 0.7165982288741259 0.4788156285044957
    outer loop
      vertex -50.5 2.4748737341529163 18.474873734152915
      vertex -53 4.619397662556434 17.91341716182545
      vertex -53 3.5355339059327378 19.535533905932738
    endloop
  endfacet
  facet normal -1 0 0
    outer loop
      vertex -53 -3.5355339059327378 19.535533905932738
      vertex -53 3.5355339059327378 19.535533905932738
      vertex -53 0 19.5
    endloop
  endfacet
  facet normal -1 0 0
    outer loop
      vertex -53 0 19.5
      vertex -53 3.5355339059327378 19.535533905932738
      vertex -53 1.3393920132778143 19.233578363789505
    endloop
  endfacet
  facet normal -1 0 0
    outer loop
      vertex -53 -1.913417161825449 20.619397662556434
      vertex -53 1.913417161825449 20.619397662556434
      vertex -53 3.5355339059327378 19.535533905932738
    endloop
  endfacet
  facet normal -1 0 0
    outer loop
      vertex -53 -1.913417161825449 20.619397662556434
      vertex -53 0 21
      vertex -53 1.913417161825449 20.619397662556434
    endloop
  endfacet
  facet normal -1 0 0
    outer loop
      vertex -53 2.4748737341529163 18.474873734152915
      vertex -53 1.3393920132778143 19.233578363789505
      vertex -53 3.5355339059327378 19.535533905932738
    endloop
  endfacet
  facet normal 0.5071711469260751 0.16813768916953586 0.8452852448767919
    outer loop
      vertex -53 0 21
      vertex -50.5 0 19.5
      vertex -50.5 1.3393920132778143 19.233578363789505
    endloop
  endfacet
  facet normal 0.5071711469260747 0.4788156285044968 0.7165982288741255
    outer loop
      vertex -50.5 2.4748737341529163 18.474873734152915
      vertex -53 1.913417161825449 20.619397662556434
      vertex -50.5 1.3393920132778143 19.233578363789505
    endloop
  endfacet
  facet normal 0.5071711469260748 0.16813768916953656 0.845285244876792
    outer loop
      vertex -53 0 21
      vertex -50.5 1.3393920132778143 19.233578363789505
      vertex -53 1.913417161825449 20.619397662556434
    endloop
  endfacet
  facet normal 0.5071711469260755 0.47881562850449555 0.7165982288741259
    outer loop
      vertex -50.5 2.4748737341529163 18.474873734152915
      vertex -53 3.5355339059327378 19.535533905932738
      vertex -53 1.913417161825449 20.619397662556434
    endloop
  endfacet
  facet normal -0.5071711469260751 -0.716598228874126 -0.47881562850449577
    outer loop
      vertex 50.5 -2.4748737341529163 13.525126265847083
      vertex 53 -3.5355339059327378 12.464466094067262
      vertex 53 -4.619397662556434 14.08658283817455
    endloop
  endfacet
  facet normal -0.507171146926075 -0.16813768916953695 -0.8452852448767917
    outer loop
      vertex 50.5 -1.3393920132778143 12.766421636210497
      vertex 50.5 0 12.5
      vertex 53 0 11
    endloop
  endfacet
  facet normal -0.5071711469260752 -0.1681376891695365 -0.8452852448767917
    outer loop
      vertex 50.5 -1.3393920132778143 12.766421636210497
      vertex 53 0 11
      vertex 53 -1.913417161825449 11.380602337443566
    endloop
  endfacet
  facet normal -0.5071711469260751 -0.4788156285044951 -0.7165982288741263
    outer loop
      vertex 50.5 -2.4748737341529163 13.525126265847083
      vertex 50.5 -1.3393920132778143 12.766421636210497
      vertex 53 -1.913417161825449 11.380602337443566
    endloop
  endfacet
  facet normal -0.5071711469260751 -0.47881562850449566 -0.716598228874126
    outer loop
      vertex 50.5 -2.4748737341529163 13.525126265847083
      vertex 53 -1.913417161825449 11.380602337443566
      vertex 53 -3.5355339059327378 12.464466094067262
    endloop
  endfacet
  facet normal 1 0 0
    outer loop
      vertex 53 -3.5355339059327378 12.464466094067262
      vertex 53 -2.4748737341529163 13.525126265847083
      vertex 53 -4.619397662556434 14.08658283817455
    endloop
  endfacet
  facet normal 1 0 0
    outer loop
      vertex 53 -3.5355339059327378 12.464466094067262
      vertex 53 -1.913417161825449 11.380602337443566
      vertex 53 3.5355339059327378 12.464466094067262
    endloop
  endfacet
  facet normal 1 0 0
    outer loop
      vertex 53 -3.5355339059327378 12.464466094067262
      vertex 53 -1.3393920132778143 12.766421636210497
      vertex 53 -2.4748737341529163 13.525126265847083
    endloop
  endfacet
  facet normal 1 0 0
    outer loop
      vertex 53 -3.5355339059327378 12.464466094067262
      vertex 53 0 12.5
      vertex 53 -1.3393920132778143 12.766421636210497
    endloop
  endfacet
  facet normal -0.5071711469260751 -0.8452852448767918 -0.16813768916953645
    outer loop
      vertex 50.5 -3.2335783637895035 14.660607986722185
      vertex 53 -4.619397662556434 14.08658283817455
      vertex 53 -5 16
    endloop
  endfacet
  facet normal -0.5071711469260752 -0.716598228874126 -0.47881562850449544
    outer loop
      vertex 50.5 -2.4748737341529163 13.525126265847083
      vertex 53 -4.619397662556434 14.08658283817455
      vertex 50.5 -3.2335783637895035 14.660607986722185
    endloop
  endfacet
  facet normal -0.507171146926075 -0.8452852448767917 -0.16813768916953664
    outer loop
      vertex 50.5 -3.2335783637895035 14.660607986722185
      vertex 53 -5 16
      vertex 50.5 -3.5 16
    endloop
  endfacet
  facet normal 1 0 0
    outer loop
      vertex 53 -4.619397662556434 14.08658283817455
      vertex 53 -3.2335783637895035 14.660607986722185
      vertex 53 -5 16
    endloop
  endfacet
  facet normal 1 0 0
    outer loop
      vertex 53 -2.4748737341529163 13.525126265847083
      vertex 53 -3.2335783637895035 14.660607986722185
      vertex 53 -4.619397662556434 14.08658283817455
    endloop
  endfacet
  facet normal 1 0 0
    outer loop
      vertex 53 -3.2335783637895035 14.660607986722185
      vertex 53 -3.5 16
      vertex 53 -5 16
    endloop
  endfacet
  facet normal -0.5071711469260752 -0.8452852448767917 0.16813768916953642
    outer loop
      vertex 53 -5 16
      vertex 53 -4.619397662556434 17.91341716182545
      vertex 50.5 -3.2335783637895035 17.339392013277813
    endloop
  endfacet
  facet normal -0.507171146926075 -0.8452852448767917 0.16813768916953686
    outer loop
      vertex 50.5 -3.5 16
      vertex 53 -5 16
      vertex 50.5 -3.2335783637895035 17.339392013277813
    endloop
  endfacet
  facet normal -0.5071711469260755 -0.7165982288741259 0.4788156285044953
    outer loop
      vertex 50.5 -3.2335783637895035 17.339392013277813
      vertex 53 -4.619397662556434 17.91341716182545
      vertex 50.5 -2.4748737341529163 18.474873734152915
    endloop
  endfacet
  facet normal -0.5071711469260753 -0.7165982288741259 0.4788156285044957
    outer loop
      vertex 50.5 -2.4748737341529163 18.474873734152915
      vertex 53 -4.619397662556434 17.91341716182545
      vertex 53 -3.5355339059327378 19.535533905932738
    endloop
  endfacet
  facet normal 1 0 0
    outer loop
      vertex 53 -5 16
      vertex 53 -3.5 16
      vertex 53 -4.619397662556434 17.91341716182545
    endloop
  endfacet
  facet normal 1 0 0
    outer loop
      vertex 53 -3.5 16
      vertex 53 -3.2335783637895035 17.339392013277813
      vertex 53 -4.619397662556434 17.91341716182545
    endloop
  endfacet
  facet normal 1 0 0
    outer loop
      vertex 53 -3.2335783637895035 17.339392013277813
      vertex 53 -3.5355339059327378 19.535533905932738
      vertex 53 -4.619397662556434 17.91341716182545
    endloop
  endfacet
  facet normal 1 0 0
    outer loop
      vertex 53 -3.2335783637895035 17.339392013277813
      vertex 53 -2.4748737341529163 18.474873734152915
      vertex 53 -3.5355339059327378 19.535533905932738
    endloop
  endfacet
  facet normal -0.5071711469260747 -0.4788156285044968 0.7165982288741255
    outer loop
      vertex 50.5 -2.4748737341529163 18.474873734152915
      vertex 53 -1.913417161825449 20.619397662556434
      vertex 50.5 -1.3393920132778143 19.233578363789505
    endloop
  endfacet
  facet normal -0.5071711469260755 -0.47881562850449555 0.7165982288741259
    outer loop
      vertex 50.5 -2.4748737341529163 18.474873734152915
      vertex 53 -3.5355339059327378 19.535533905932738
      vertex 53 -1.913417161825449 20.619397662556434
    endloop
  endfacet
  facet normal -0.5071711469260751 -0.16813768916953586 0.8452852448767919
    outer loop
      vertex 50.5 -1.3393920132778143 19.233578363789505
      vertex 53 0 21
      vertex 50.5 0 19.5
    endloop
  endfacet
  facet normal -0.5071711469260748 -0.16813768916953656 0.845285244876792
    outer loop
      vertex 50.5 -1.3393920132778143 19.233578363789505
      vertex 53 -1.913417161825449 20.619397662556434
      vertex 53 0 21
    endloop
  endfacet
  facet normal 1 0 0
    outer loop
      vertex 53 -2.4748737341529163 18.474873734152915
      vertex 53 -1.3393920132778143 19.233578363789505
      vertex 53 -3.5355339059327378 19.535533905932738
    endloop
  endfacet
  facet normal 1 0 0
    outer loop
      vertex 53 -3.5355339059327378 19.535533905932738
      vertex 53 -1.3393920132778143 19.233578363789505
      vertex 53 0 19.5
    endloop
  endfacet
  facet normal 1 0 0
    outer loop
      vertex 53 -3.5355339059327378 19.535533905932738
      vertex 53 1.913417161825449 20.619397662556434
      vertex 53 -1.913417161825449 20.619397662556434
    endloop
  endfacet
  facet normal -0.507171146926075 0.16813768916953695 -0.8452852448767917
    outer loop
      vertex 50.5 0 12.5
      vertex 50.5 1.3393920132778143 12.766421636210497
      vertex 53 0 11
    endloop
  endfacet
  facet normal -0.5071711469260752 0.1681376891695365 -0.8452852448767917
    outer loop
      vertex 50.5 1.3393920132778143 12.766421636210497
      vertex 53 1.913417161825449 11.380602337443566
      vertex 53 0 11
    endloop
  endfacet
  facet normal -0.5071711469260752 0.4788156285044951 -0.7165982288741263
    outer loop
      vertex 50.5 1.3393920132778143 12.766421636210497
      vertex 50.5 2.4748737341529163 13.525126265847083
      vertex 53 1.913417161825449 11.380602337443566
    endloop
  endfacet
  facet normal -0.5071711469260751 0.47881562850449566 -0.716598228874126
    outer loop
      vertex 50.5 2.4748737341529163 13.525126265847083
      vertex 53 3.5355339059327378 12.464466094067262
      vertex 53 1.913417161825449 11.380602337443566
    endloop
  endfacet
  facet normal -0.5071711469260751 0.716598228874126 -0.47881562850449577
    outer loop
      vertex 50.5 2.4748737341529163 13.525126265847083
      vertex 53 4.619397662556434 14.08658283817455
      vertex 53 3.5355339059327378 12.464466094067262
    endloop
  endfacet
  facet normal 1 0 0
    outer loop
      vertex 53 -1.913417161825449 11.380602337443566
      vertex 53 0 11
      vertex 53 1.913417161825449 11.380602337443566
    endloop
  endfacet
  facet normal 1 0 0
    outer loop
      vertex 53 -1.913417161825449 11.380602337443566
      vertex 53 1.913417161825449 11.380602337443566
      vertex 53 3.5355339059327378 12.464466094067262
    endloop
  endfacet
  facet normal 1 0 0
    outer loop
      vertex 53 -3.5355339059327378 12.464466094067262
      vertex 53 3.5355339059327378 12.464466094067262
      vertex 53 0 12.5
    endloop
  endfacet
  facet normal 1 0 0
    outer loop
      vertex 53 0 12.5
      vertex 53 3.5355339059327378 12.464466094067262
      vertex 53 1.3393920132778143 12.766421636210497
    endloop
  endfacet
  facet normal 1 0 0
    outer loop
      vertex 53 1.3393920132778143 12.766421636210497
      vertex 53 3.5355339059327378 12.464466094067262
      vertex 53 2.4748737341529163 13.525126265847083
    endloop
  endfacet
  facet normal 1 0 0
    outer loop
      vertex 53 2.4748737341529163 13.525126265847083
      vertex 53 3.5355339059327378 12.464466094067262
      vertex 53 3.2335783637895035 14.660607986722185
    endloop
  endfacet
  facet normal -0.5071711469260752 0.716598228874126 -0.47881562850449544
    outer loop
      vertex 50.5 2.4748737341529163 13.525126265847083
      vertex 50.5 3.2335783637895035 14.660607986722185
      vertex 53 4.619397662556434 14.08658283817455
    endloop
  endfacet
  facet normal -0.5071711469260751 0.8452852448767918 -0.16813768916953645
    outer loop
      vertex 50.5 3.2335783637895035 14.660607986722185
      vertex 53 5 16
      vertex 53 4.619397662556434 14.08658283817455
    endloop
  endfacet
  facet normal -0.507171146926075 0.8452852448767917 -0.16813768916953664
    outer loop
      vertex 50.5 3.2335783637895035 14.660607986722185
      vertex 50.5 3.5 16
      vertex 53 5 16
    endloop
  endfacet
  facet normal 1 0 0
    outer loop
      vertex 53 3.5355339059327378 12.464466094067262
      vertex 53 4.619397662556434 14.08658283817455
      vertex 53 3.2335783637895035 14.660607986722185
    endloop
  endfacet
  facet normal 1 0 0
    outer loop
      vertex 53 3.2335783637895035 14.660607986722185
      vertex 53 4.619397662556434 14.08658283817455
      vertex 53 3.5 16
    endloop
  endfacet
  facet normal 1 0 0
    outer loop
      vertex 53 3.5 16
      vertex 53 4.619397662556434 14.08658283817455
      vertex 53 5 16
    endloop
  endfacet
  facet normal -0.507171146926075 0.8452852448767917 0.16813768916953686
    outer loop
      vertex 50.5 3.5 16
      vertex 50.5 3.2335783637895035 17.339392013277813
      vertex 53 5 16
    endloop
  endfacet
  facet normal -0.5071711469260752 0.8452852448767917 0.16813768916953642
    outer loop
      vertex 53 5 16
      vertex 50.5 3.2335783637895035 17.339392013277813
      vertex 53 4.619397662556434 17.91341716182545
    endloop
  endfacet
  facet normal -0.5071711469260755 0.7165982288741259 0.4788156285044953
    outer loop
      vertex 50.5 3.2335783637895035 17.339392013277813
      vertex 50.5 2.4748737341529163 18.474873734152915
      vertex 53 4.619397662556434 17.91341716182545
    endloop
  endfacet
  facet normal -0.5071711469260753 0.7165982288741259 0.4788156285044957
    outer loop
      vertex 50.5 2.4748737341529163 18.474873734152915
      vertex 53 3.5355339059327378 19.535533905932738
      vertex 53 4.619397662556434 17.91341716182545
    endloop
  endfacet
  facet normal 1 0 0
    outer loop
      vertex 53 3.5 16
      vertex 53 5 16
      vertex 53 3.2335783637895035 17.339392013277813
    endloop
  endfacet
  facet normal 1 0 0
    outer loop
      vertex 53 5 16
      vertex 53 4.619397662556434 17.91341716182545
      vertex 53 3.2335783637895035 17.339392013277813
    endloop
  endfacet
  facet normal 1 0 0
    outer loop
      vertex 53 3.2335783637895035 17.339392013277813
      vertex 53 4.619397662556434 17.91341716182545
      vertex 53 2.4748737341529163 18.474873734152915
    endloop
  endfacet
  facet normal 1 0 0
    outer loop
      vertex 53 2.4748737341529163 18.474873734152915
      vertex 53 4.619397662556434 17.91341716182545
      vertex 53 3.5355339059327378 19.535533905932738
    endloop
  endfacet
  facet normal -0.5071711469260751 0.16813768916953586 0.8452852448767919
    outer loop
      vertex 50.5 0 19.5
      vertex 53 0 21
      vertex 50.5 1.3393920132778143 19.233578363789505
    endloop
  endfacet
  facet normal -0.5071711469260747 0.4788156285044968 0.7165982288741255
    outer loop
      vertex 50.5 2.4748737341529163 18.474873734152915
      vertex 50.5 1.3393920132778143 19.233578363789505
      vertex 53 1.913417161825449 20.619397662556434
    endloop
  endfacet
  facet normal -0.5071711469260748 0.16813768916953656 0.845285244876792
    outer loop
      vertex 50.5 1.3393920132778143 19.233578363789505
      vertex 53 0 21
      vertex 53 1.913417161825449 20.619397662556434
    endloop
  endfacet
  facet normal -0.5071711469260755 0.47881562850449555 0.7165982288741259
    outer loop
      vertex 50.5 2.4748737341529163 18.474873734152915
      vertex 53 1.913417161825449 20.619397662556434
      vertex 53 3.5355339059327378 19.535533905932738
    endloop
  endfacet
  facet normal 1 0 0
    outer loop
      vertex 53 -3.5355339059327378 19.535533905932738
      vertex 53 0 19.5
      vertex 53 3.5355339059327378 19.535533905932738
    endloop
  endfacet
  facet normal 1 0 0
    outer loop
      vertex 53 -3.5355339059327378 19.535533905932738
      vertex 53 3.5355339059327378 19.535533905932738
      vertex 53 1.913417161825449 20.619397662556434
    endloop
  endfacet
  facet normal 1 0 0
    outer loop
      vertex 53 0 19.5
      vertex 53 1.3393920132778143 19.233578363789505
      vertex 53 3.5355339059327378 19.535533905932738
    endloop
  endfacet
  facet normal 1 0 0
    outer loop
      vertex 53 -1.913417161825449 20.619397662556434
      vertex 53 1.913417161825449 20.619397662556434
      vertex 53 0 21
    endloop
  endfacet
  facet normal 1 0 0
    outer loop
      vertex 53 2.4748737341529163 18.474873734152915
      vertex 53 3.5355339059327378 19.535533905932738
      vertex 53 1.3393920132778143 19.233578363789505
    endloop
  endfacet
  facet normal -1 0 0
    outer loop
      vertex -59 -3.5355339059327378 12.464466094067262
      vertex -59 -3.2335783637895035 14.660607986722185
      vertex -59 -2.4748737341529163 13.525126265847083
    endloop
  endfacet
  facet normal 0.5071711469260751 -0.716598228874126 -0.47881562850449577
    outer loop
      vertex -59 -3.5355339059327378 12.464466094067262
      vertex -56.5 -2.4748737341529163 13.525126265847083
      vertex -59 -4.619397662556434 14.08658283817455
    endloop
  endfacet
  facet normal -1 0 0
    outer loop
      vertex -59 -3.5355339059327378 12.464466094067262
      vertex -59 1.913417161825449 11.380602337443566
      vertex -59 -1.913417161825449 11.380602337443566
    endloop
  endfacet
  facet normal 0.5071711469260752 -0.1681376891695365 -0.8452852448767917
    outer loop
      vertex -59 -1.913417161825449 11.380602337443566
      vertex -59 0 11
      vertex -56.5 -1.3393920132778143 12.766421636210497
    endloop
  endfacet
  facet normal 0.507171146926075 -0.16813768916953695 -0.8452852448767917
    outer loop
      vertex -56.5 -1.3393920132778143 12.766421636210497
      vertex -59 0 11
      vertex -56.5 0 12.5
    endloop
  endfacet
  facet normal -1 0 0
    outer loop
      vertex -59 -3.5355339059327378 12.464466094067262
      vertex -59 -2.4748737341529163 13.525126265847083
      vertex -59 -1.3393920132778143 12.766421636210497
    endloop
  endfacet
  facet normal -1 0 0
    outer loop
      vertex -59 -3.5355339059327378 12.464466094067262
      vertex -59 -1.3393920132778143 12.766421636210497
      vertex -59 0 12.5
    endloop
  endfacet
  facet normal 0.5071711469260751 -0.47881562850449566 -0.716598228874126
    outer loop
      vertex -59 -3.5355339059327378 12.464466094067262
      vertex -59 -1.913417161825449 11.380602337443566
      vertex -56.5 -2.4748737341529163 13.525126265847083
    endloop
  endfacet
  facet normal 0.5071711469260753 -0.47881562850449516 -0.7165982288741263
    outer loop
      vertex -59 -1.913417161825449 11.380602337443566
      vertex -56.5 -1.3393920132778143 12.766421636210497
      vertex -56.5 -2.4748737341529163 13.525126265847083
    endloop
  endfacet
  facet normal -1 0 0
    outer loop
      vertex -59 -3.5355339059327378 12.464466094067262
      vertex -59 -4.619397662556434 14.08658283817455
      vertex -59 -3.2335783637895035 14.660607986722185
    endloop
  endfacet
  facet normal -1 0 0
    outer loop
      vertex -59 -4.619397662556434 14.08658283817455
      vertex -59 -3.5 16
      vertex -59 -3.2335783637895035 14.660607986722185
    endloop
  endfacet
  facet normal 0.5071711469260751 -0.8452852448767918 -0.16813768916953645
    outer loop
      vertex -59 -4.619397662556434 14.08658283817455
      vertex -56.5 -3.2335783637895035 14.660607986722185
      vertex -59 -5 16
    endloop
  endfacet
  facet normal 0.5071711469260752 -0.716598228874126 -0.4788156285044953
    outer loop
      vertex -59 -4.619397662556434 14.08658283817455
      vertex -56.5 -2.4748737341529163 13.525126265847083
      vertex -56.5 -3.2335783637895035 14.660607986722185
    endloop
  endfacet
  facet normal -1 0 0
    outer loop
      vertex -59 -4.619397662556434 14.08658283817455
      vertex -59 -5 16
      vertex -59 -3.5 16
    endloop
  endfacet
  facet normal 0.507171146926075 -0.8452852448767917 -0.1681376891695367
    outer loop
      vertex -59 -5 16
      vertex -56.5 -3.2335783637895035 14.660607986722185
      vertex -56.5 -3.5 16
    endloop
  endfacet
  facet normal -1 0 0
    outer loop
      vertex -59 -5 16
      vertex -59 -4.619397662556434 17.91341716182545
      vertex -59 -3.2335783637895035 17.339392013277813
    endloop
  endfacet
  facet normal -1 0 0
    outer loop
      vertex -59 -5 16
      vertex -59 -3.2335783637895035 17.339392013277813
      vertex -59 -3.5 16
    endloop
  endfacet
  facet normal 0.5071711469260752 -0.8452852448767917 0.16813768916953642
    outer loop
      vertex -59 -5 16
      vertex -56.5 -3.2335783637895035 17.339392013277813
      vertex -59 -4.619397662556434 17.91341716182545
    endloop
  endfacet
  facet normal 0.507171146926075 -0.8452852448767917 0.16813768916953692
    outer loop
      vertex -59 -5 16
      vertex -56.5 -3.5 16
      vertex -56.5 -3.2335783637895035 17.339392013277813
    endloop
  endfacet
  facet normal -1 0 0
    outer loop
      vertex -59 -3.2335783637895035 17.339392013277813
      vertex -59 -4.619397662556434 17.91341716182545
      vertex -59 -2.4748737341529163 18.474873734152915
    endloop
  endfacet
  facet normal -1 0 0
    outer loop
      vertex -59 -4.619397662556434 17.91341716182545
      vertex -59 -3.5355339059327378 19.535533905932738
      vertex -59 -2.4748737341529163 18.474873734152915
    endloop
  endfacet
  facet normal 0.5071711469260755 -0.7165982288741259 0.4788156285044952
    outer loop
      vertex -59 -4.619397662556434 17.91341716182545
      vertex -56.5 -3.2335783637895035 17.339392013277813
      vertex -56.5 -2.4748737341529163 18.474873734152915
    endloop
  endfacet
  facet normal 0.5071711469260753 -0.7165982288741259 0.4788156285044957
    outer loop
      vertex -59 -4.619397662556434 17.91341716182545
      vertex -56.5 -2.4748737341529163 18.474873734152915
      vertex -59 -3.5355339059327378 19.535533905932738
    endloop
  endfacet
  facet normal -1 0 0
    outer loop
      vertex -59 -2.4748737341529163 18.474873734152915
      vertex -59 -3.5355339059327378 19.535533905932738
      vertex -59 -1.3393920132778143 19.233578363789505
    endloop
  endfacet
  facet normal -1 0 0
    outer loop
      vertex -59 -3.5355339059327378 19.535533905932738
      vertex -59 0 19.5
      vertex -59 -1.3393920132778143 19.233578363789505
    endloop
  endfacet
  facet normal -1 0 0
    outer loop
      vertex -59 -3.5355339059327378 19.535533905932738
      vertex -59 -1.913417161825449 20.619397662556434
      vertex -59 3.5355339059327378 19.535533905932738
    endloop
  endfacet
  facet normal 0.5071711469260755 -0.47881562850449555 0.7165982288741259
    outer loop
      vertex -59 -3.5355339059327378 19.535533905932738
      vertex -56.5 -2.4748737341529163 18.474873734152915
      vertex -59 -1.913417161825449 20.619397662556434
    endloop
  endfacet
  facet normal 0.5071711469260748 -0.4788156285044969 0.7165982288741255
    outer loop
      vertex -59 -1.913417161825449 20.619397662556434
      vertex -56.5 -2.4748737341529163 18.474873734152915
      vertex -56.5 -1.3393920132778143 19.233578363789505
    endloop
  endfacet
  facet normal 0.5071711469260748 -0.16813768916953656 0.845285244876792
    outer loop
      vertex -59 -1.913417161825449 20.619397662556434
      vertex -56.5 -1.3393920132778143 19.233578363789505
      vertex -59 0 21
    endloop
  endfacet
  facet normal 0.5071711469260751 -0.16813768916953586 0.8452852448767919
    outer loop
      vertex -56.5 -1.3393920132778143 19.233578363789505
      vertex -56.5 0 19.5
      vertex -59 0 21
    endloop
  endfacet
  facet normal -1 0 0
    outer loop
      vertex -59 -1.913417161825449 11.380602337443566
      vertex -59 1.913417161825449 11.380602337443566
      vertex -59 0 11
    endloop
  endfacet
  facet normal -1 0 0
    outer loop
      vertex -59 -3.5355339059327378 12.464466094067262
      vertex -59 3.5355339059327378 12.464466094067262
      vertex -59 1.913417161825449 11.380602337443566
    endloop
  endfacet
  facet normal 0.507171146926075 0.16813768916953695 -0.8452852448767917
    outer loop
      vertex -59 0 11
      vertex -56.5 1.3393920132778143 12.766421636210497
      vertex -56.5 0 12.5
    endloop
  endfacet
  facet normal 0.5071711469260752 0.1681376891695365 -0.8452852448767917
    outer loop
      vertex -59 0 11
      vertex -59 1.913417161825449 11.380602337443566
      vertex -56.5 1.3393920132778143 12.766421636210497
    endloop
  endfacet
  facet normal -1 0 0
    outer loop
      vertex -59 -3.5355339059327378 12.464466094067262
      vertex -59 0 12.5
      vertex -59 3.5355339059327378 12.464466094067262
    endloop
  endfacet
  facet normal -1 0 0
    outer loop
      vertex -59 0 12.5
      vertex -59 1.3393920132778143 12.766421636210497
      vertex -59 3.5355339059327378 12.464466094067262
    endloop
  endfacet
  facet normal 0.5071711469260753 0.47881562850449516 -0.7165982288741263
    outer loop
      vertex -59 1.913417161825449 11.380602337443566
      vertex -56.5 2.4748737341529163 13.525126265847083
      vertex -56.5 1.3393920132778143 12.766421636210497
    endloop
  endfacet
  facet normal -1 0 0
    outer loop
      vertex -59 1.3393920132778143 12.766421636210497
      vertex -59 2.4748737341529163 13.525126265847083
      vertex -59 3.5355339059327378 12.464466094067262
    endloop
  endfacet
  facet normal -1 0 0
    outer loop
      vertex -59 2.4748737341529163 13.525126265847083
      vertex -59 4.619397662556434 14.08658283817455
      vertex -59 3.5355339059327378 12.464466094067262
    endloop
  endfacet
  facet normal 0.5071711469260751 0.47881562850449566 -0.716598228874126
    outer loop
      vertex -59 1.913417161825449 11.380602337443566
      vertex -59 3.5355339059327378 12.464466094067262
      vertex -56.5 2.4748737341529163 13.525126265847083
    endloop
  endfacet
  facet normal 0.5071711469260751 0.716598228874126 -0.47881562850449577
    outer loop
      vertex -59 3.5355339059327378 12.464466094067262
      vertex -59 4.619397662556434 14.08658283817455
      vertex -56.5 2.4748737341529163 13.525126265847083
    endloop
  endfacet
  facet normal -1 0 0
    outer loop
      vertex -59 2.4748737341529163 13.525126265847083
      vertex -59 3.2335783637895035 14.660607986722185
      vertex -59 4.619397662556434 14.08658283817455
    endloop
  endfacet
  facet normal -1 0 0
    outer loop
      vertex -59 3.2335783637895035 14.660607986722185
      vertex -59 5 16
      vertex -59 4.619397662556434 14.08658283817455
    endloop
  endfacet
  facet normal 0.5071711469260752 0.716598228874126 -0.4788156285044953
    outer loop
      vertex -59 4.619397662556434 14.08658283817455
      vertex -56.5 3.2335783637895035 14.660607986722185
      vertex -56.5 2.4748737341529163 13.525126265847083
    endloop
  endfacet
  facet normal 0.5071711469260751 0.8452852448767918 -0.16813768916953645
    outer loop
      vertex -59 4.619397662556434 14.08658283817455
      vertex -59 5 16
      vertex -56.5 3.2335783637895035 14.660607986722185
    endloop
  endfacet
  facet normal -1 0 0
    outer loop
      vertex -59 3.2335783637895035 14.660607986722185
      vertex -59 3.5 16
      vertex -59 5 16
    endloop
  endfacet
  facet normal 0.507171146926075 0.8452852448767917 -0.1681376891695367
    outer loop
      vertex -59 5 16
      vertex -56.5 3.5 16
      vertex -56.5 3.2335783637895035 14.660607986722185
    endloop
  endfacet
  facet normal -1 0 0
    outer loop
      vertex -59 3.5 16
      vertex -59 4.619397662556434 17.91341716182545
      vertex -59 5 16
    endloop
  endfacet
  facet normal -1 0 0
    outer loop
      vertex -59 3.5 16
      vertex -59 3.2335783637895035 17.339392013277813
      vertex -59 4.619397662556434 17.91341716182545
    endloop
  endfacet
  facet normal 0.507171146926075 0.8452852448767917 0.16813768916953692
    outer loop
      vertex -59 5 16
      vertex -56.5 3.2335783637895035 17.339392013277813
      vertex -56.5 3.5 16
    endloop
  endfacet
  facet normal 0.5071711469260752 0.8452852448767917 0.16813768916953642
    outer loop
      vertex -59 5 16
      vertex -59 4.619397662556434 17.91341716182545
      vertex -56.5 3.2335783637895035 17.339392013277813
    endloop
  endfacet
  facet normal -1 0 0
    outer loop
      vertex -59 3.2335783637895035 17.339392013277813
      vertex -59 2.4748737341529163 18.474873734152915
      vertex -59 3.5355339059327378 19.535533905932738
    endloop
  endfacet
  facet normal -1 0 0
    outer loop
      vertex -59 3.2335783637895035 17.339392013277813
      vertex -59 3.5355339059327378 19.535533905932738
      vertex -59 4.619397662556434 17.91341716182545
    endloop
  endfacet
  facet normal 0.5071711469260755 0.7165982288741259 0.4788156285044952
    outer loop
      vertex -59 4.619397662556434 17.91341716182545
      vertex -56.5 2.4748737341529163 18.474873734152915
      vertex -56.5 3.2335783637895035 17.339392013277813
    endloop
  endfacet
  facet normal 0.5071711469260753 0.7165982288741259 0.4788156285044957
    outer loop
      vertex -59 3.5355339059327378 19.535533905932738
      vertex -56.5 2.4748737341529163 18.474873734152915
      vertex -59 4.619397662556434 17.91341716182545
    endloop
  endfacet
  facet normal -1 0 0
    outer loop
      vertex -59 -3.5355339059327378 19.535533905932738
      vertex -59 3.5355339059327378 19.535533905932738
      vertex -59 0 19.5
    endloop
  endfacet
  facet normal -1 0 0
    outer loop
      vertex -59 0 19.5
      vertex -59 3.5355339059327378 19.535533905932738
      vertex -59 1.3393920132778143 19.233578363789505
    endloop
  endfacet
  facet normal -1 0 0
    outer loop
      vertex -59 -1.913417161825449 20.619397662556434
      vertex -59 1.913417161825449 20.619397662556434
      vertex -59 3.5355339059327378 19.535533905932738
    endloop
  endfacet
  facet normal 0.5071711469260751 0.16813768916953586 0.8452852448767919
    outer loop
      vertex -59 0 21
      vertex -56.5 0 19.5
      vertex -56.5 1.3393920132778143 19.233578363789505
    endloop
  endfacet
  facet normal 0.5071711469260748 0.4788156285044969 0.7165982288741255
    outer loop
      vertex -59 1.913417161825449 20.619397662556434
      vertex -56.5 1.3393920132778143 19.233578363789505
      vertex -56.5 2.4748737341529163 18.474873734152915
    endloop
  endfacet
  facet normal 0.5071711469260748 0.16813768916953656 0.845285244876792
    outer loop
      vertex -59 0 21
      vertex -56.5 1.3393920132778143 19.233578363789505
      vertex -59 1.913417161825449 20.619397662556434
    endloop
  endfacet
  facet normal -1 0 0
    outer loop
      vertex -59 -1.913417161825449 20.619397662556434
      vertex -59 0 21
      vertex -59 1.913417161825449 20.619397662556434
    endloop
  endfacet
  facet normal -1 0 0
    outer loop
      vertex -59 2.4748737341529163 18.474873734152915
      vertex -59 1.3393920132778143 19.233578363789505
      vertex -59 3.5355339059327378 19.535533905932738
    endloop
  endfacet
  facet normal 0.5071711469260755 0.47881562850449555 0.7165982288741259
    outer loop
      vertex -59 1.913417161825449 20.619397662556434
      vertex -56.5 2.4748737341529163 18.474873734152915
      vertex -59 3.5355339059327378 19.535533905932738
    endloop
  endfacet
  facet normal -0.5071711469260751 -0.716598228874126 -0.47881562850449577
    outer loop
      vertex 56.5 -2.4748737341529163 13.525126265847083
      vertex 59 -3.5355339059327378 12.464466094067262
      vertex 59 -4.619397662556434 14.08658283817455
    endloop
  endfacet
  facet normal 1 0 0
    outer loop
      vertex 59 -3.5355339059327378 12.464466094067262
      vertex 59 -2.4748737341529163 13.525126265847083
      vertex 59 -4.619397662556434 14.08658283817455
    endloop
  endfacet
  facet normal -0.507171146926075 -0.16813768916953695 -0.8452852448767917
    outer loop
      vertex 56.5 -1.3393920132778143 12.766421636210497
      vertex 56.5 0 12.5
      vertex 59 0 11
    endloop
  endfacet
  facet normal -0.5071711469260752 -0.1681376891695365 -0.8452852448767917
    outer loop
      vertex 56.5 -1.3393920132778143 12.766421636210497
      vertex 59 0 11
      vertex 59 -1.913417161825449 11.380602337443566
    endloop
  endfacet
  facet normal 1 0 0
    outer loop
      vertex 59 -3.5355339059327378 12.464466094067262
      vertex 59 -1.913417161825449 11.380602337443566
      vertex 59 3.5355339059327378 12.464466094067262
    endloop
  endfacet
  facet normal -0.5071711469260751 -0.4788156285044951 -0.7165982288741263
    outer loop
      vertex 56.5 -2.4748737341529163 13.525126265847083
      vertex 56.5 -1.3393920132778143 12.766421636210497
      vertex 59 -1.913417161825449 11.380602337443566
    endloop
  endfacet
  facet normal -0.5071711469260751 -0.47881562850449566 -0.716598228874126
    outer loop
      vertex 56.5 -2.4748737341529163 13.525126265847083
      vertex 59 -1.913417161825449 11.380602337443566
      vertex 59 -3.5355339059327378 12.464466094067262
    endloop
  endfacet
  facet normal 1 0 0
    outer loop
      vertex 59 -3.5355339059327378 12.464466094067262
      vertex 59 -1.3393920132778143 12.766421636210497
      vertex 59 -2.4748737341529163 13.525126265847083
    endloop
  endfacet
  facet normal 1 0 0
    outer loop
      vertex 59 -3.5355339059327378 12.464466094067262
      vertex 59 0 12.5
      vertex 59 -1.3393920132778143 12.766421636210497
    endloop
  endfacet
  facet normal -0.5071711469260751 -0.8452852448767918 -0.16813768916953645
    outer loop
      vertex 56.5 -3.2335783637895035 14.660607986722185
      vertex 59 -4.619397662556434 14.08658283817455
      vertex 59 -5 16
    endloop
  endfacet
  facet normal -0.5071711469260752 -0.716598228874126 -0.47881562850449544
    outer loop
      vertex 56.5 -2.4748737341529163 13.525126265847083
      vertex 59 -4.619397662556434 14.08658283817455
      vertex 56.5 -3.2335783637895035 14.660607986722185
    endloop
  endfacet
  facet normal 1 0 0
    outer loop
      vertex 59 -4.619397662556434 14.08658283817455
      vertex 59 -3.2335783637895035 14.660607986722185
      vertex 59 -5 16
    endloop
  endfacet
  facet normal 1 0 0
    outer loop
      vertex 59 -2.4748737341529163 13.525126265847083
      vertex 59 -3.2335783637895035 14.660607986722185
      vertex 59 -4.619397662556434 14.08658283817455
    endloop
  endfacet
  facet normal -0.507171146926075 -0.8452852448767917 -0.16813768916953664
    outer loop
      vertex 56.5 -3.2335783637895035 14.660607986722185
      vertex 59 -5 16
      vertex 56.5 -3.5 16
    endloop
  endfacet
  facet normal 1 0 0
    outer loop
      vertex 59 -3.2335783637895035 14.660607986722185
      vertex 59 -3.5 16
      vertex 59 -5 16
    endloop
  endfacet
  facet normal -0.5071711469260752 -0.8452852448767917 0.16813768916953642
    outer loop
      vertex 59 -5 16
      vertex 59 -4.619397662556434 17.91341716182545
      vertex 56.5 -3.2335783637895035 17.339392013277813
    endloop
  endfacet
  facet normal -0.507171146926075 -0.8452852448767917 0.16813768916953686
    outer loop
      vertex 56.5 -3.5 16
      vertex 59 -5 16
      vertex 56.5 -3.2335783637895035 17.339392013277813
    endloop
  endfacet
  facet normal 1 0 0
    outer loop
      vertex 59 -5 16
      vertex 59 -3.5 16
      vertex 59 -4.619397662556434 17.91341716182545
    endloop
  endfacet
  facet normal 1 0 0
    outer loop
      vertex 59 -3.5 16
      vertex 59 -3.2335783637895035 17.339392013277813
      vertex 59 -4.619397662556434 17.91341716182545
    endloop
  endfacet
  facet normal -0.5071711469260755 -0.7165982288741259 0.4788156285044953
    outer loop
      vertex 56.5 -3.2335783637895035 17.339392013277813
      vertex 59 -4.619397662556434 17.91341716182545
      vertex 56.5 -2.4748737341529163 18.474873734152915
    endloop
  endfacet
  facet normal -0.5071711469260753 -0.7165982288741259 0.4788156285044957
    outer loop
      vertex 56.5 -2.4748737341529163 18.474873734152915
      vertex 59 -4.619397662556434 17.91341716182545
      vertex 59 -3.5355339059327378 19.535533905932738
    endloop
  endfacet
  facet normal 1 0 0
    outer loop
      vertex 59 -3.2335783637895035 17.339392013277813
      vertex 59 -3.5355339059327378 19.535533905932738
      vertex 59 -4.619397662556434 17.91341716182545
    endloop
  endfacet
  facet normal 1 0 0
    outer loop
      vertex 59 -3.2335783637895035 17.339392013277813
      vertex 59 -2.4748737341529163 18.474873734152915
      vertex 59 -3.5355339059327378 19.535533905932738
    endloop
  endfacet
  facet normal -0.5071711469260747 -0.4788156285044968 0.7165982288741255
    outer loop
      vertex 56.5 -2.4748737341529163 18.474873734152915
      vertex 59 -1.913417161825449 20.619397662556434
      vertex 56.5 -1.3393920132778143 19.233578363789505
    endloop
  endfacet
  facet normal -0.5071711469260755 -0.47881562850449555 0.7165982288741259
    outer loop
      vertex 56.5 -2.4748737341529163 18.474873734152915
      vertex 59 -3.5355339059327378 19.535533905932738
      vertex 59 -1.913417161825449 20.619397662556434
    endloop
  endfacet
  facet normal -0.5071711469260751 -0.16813768916953586 0.8452852448767919
    outer loop
      vertex 56.5 -1.3393920132778143 19.233578363789505
      vertex 59 0 21
      vertex 56.5 0 19.5
    endloop
  endfacet
  facet normal -0.5071711469260748 -0.16813768916953656 0.845285244876792
    outer loop
      vertex 56.5 -1.3393920132778143 19.233578363789505
      vertex 59 -1.913417161825449 20.619397662556434
      vertex 59 0 21
    endloop
  endfacet
  facet normal 1 0 0
    outer loop
      vertex 59 -2.4748737341529163 18.474873734152915
      vertex 59 -1.3393920132778143 19.233578363789505
      vertex 59 -3.5355339059327378 19.535533905932738
    endloop
  endfacet
  facet normal 1 0 0
    outer loop
      vertex 59 -3.5355339059327378 19.535533905932738
      vertex 59 -1.3393920132778143 19.233578363789505
      vertex 59 0 19.5
    endloop
  endfacet
  facet normal 1 0 0
    outer loop
      vertex 59 -3.5355339059327378 19.535533905932738
      vertex 59 1.913417161825449 20.619397662556434
      vertex 59 -1.913417161825449 20.619397662556434
    endloop
  endfacet
  facet normal -0.507171146926075 0.16813768916953695 -0.8452852448767917
    outer loop
      vertex 56.5 0 12.5
      vertex 56.5 1.3393920132778143 12.766421636210497
      vertex 59 0 11
    endloop
  endfacet
  facet normal -0.5071711469260752 0.1681376891695365 -0.8452852448767917
    outer loop
      vertex 56.5 1.3393920132778143 12.766421636210497
      vertex 59 1.913417161825449 11.380602337443566
      vertex 59 0 11
    endloop
  endfacet
  facet normal 1 0 0
    outer loop
      vertex 59 -1.913417161825449 11.380602337443566
      vertex 59 0 11
      vertex 59 1.913417161825449 11.380602337443566
    endloop
  endfacet
  facet normal 1 0 0
    outer loop
      vertex 59 -1.913417161825449 11.380602337443566
      vertex 59 1.913417161825449 11.380602337443566
      vertex 59 3.5355339059327378 12.464466094067262
    endloop
  endfacet
  facet normal -0.5071711469260752 0.4788156285044951 -0.7165982288741263
    outer loop
      vertex 56.5 1.3393920132778143 12.766421636210497
      vertex 56.5 2.4748737341529163 13.525126265847083
      vertex 59 1.913417161825449 11.380602337443566
    endloop
  endfacet
  facet normal 1 0 0
    outer loop
      vertex 59 -3.5355339059327378 12.464466094067262
      vertex 59 3.5355339059327378 12.464466094067262
      vertex 59 0 12.5
    endloop
  endfacet
  facet normal 1 0 0
    outer loop
      vertex 59 0 12.5
      vertex 59 3.5355339059327378 12.464466094067262
      vertex 59 1.3393920132778143 12.766421636210497
    endloop
  endfacet
  facet normal -0.5071711469260751 0.47881562850449566 -0.716598228874126
    outer loop
      vertex 56.5 2.4748737341529163 13.525126265847083
      vertex 59 3.5355339059327378 12.464466094067262
      vertex 59 1.913417161825449 11.380602337443566
    endloop
  endfacet
  facet normal -0.5071711469260751 0.716598228874126 -0.47881562850449577
    outer loop
      vertex 56.5 2.4748737341529163 13.525126265847083
      vertex 59 4.619397662556434 14.08658283817455
      vertex 59 3.5355339059327378 12.464466094067262
    endloop
  endfacet
  facet normal 1 0 0
    outer loop
      vertex 59 1.3393920132778143 12.766421636210497
      vertex 59 3.5355339059327378 12.464466094067262
      vertex 59 2.4748737341529163 13.525126265847083
    endloop
  endfacet
  facet normal 1 0 0
    outer loop
      vertex 59 2.4748737341529163 13.525126265847083
      vertex 59 3.5355339059327378 12.464466094067262
      vertex 59 3.2335783637895035 14.660607986722185
    endloop
  endfacet
  facet normal -0.5071711469260752 0.716598228874126 -0.47881562850449544
    outer loop
      vertex 56.5 2.4748737341529163 13.525126265847083
      vertex 56.5 3.2335783637895035 14.660607986722185
      vertex 59 4.619397662556434 14.08658283817455
    endloop
  endfacet
  facet normal -0.5071711469260751 0.8452852448767918 -0.16813768916953645
    outer loop
      vertex 56.5 3.2335783637895035 14.660607986722185
      vertex 59 5 16
      vertex 59 4.619397662556434 14.08658283817455
    endloop
  endfacet
  facet normal 1 0 0
    outer loop
      vertex 59 3.5355339059327378 12.464466094067262
      vertex 59 4.619397662556434 14.08658283817455
      vertex 59 3.2335783637895035 14.660607986722185
    endloop
  endfacet
  facet normal 1 0 0
    outer loop
      vertex 59 3.2335783637895035 14.660607986722185
      vertex 59 4.619397662556434 14.08658283817455
      vertex 59 3.5 16
    endloop
  endfacet
  facet normal -0.507171146926075 0.8452852448767917 -0.16813768916953664
    outer loop
      vertex 56.5 3.2335783637895035 14.660607986722185
      vertex 56.5 3.5 16
      vertex 59 5 16
    endloop
  endfacet
  facet normal 1 0 0
    outer loop
      vertex 59 3.5 16
      vertex 59 4.619397662556434 14.08658283817455
      vertex 59 5 16
    endloop
  endfacet
  facet normal -0.507171146926075 0.8452852448767917 0.16813768916953686
    outer loop
      vertex 56.5 3.5 16
      vertex 56.5 3.2335783637895035 17.339392013277813
      vertex 59 5 16
    endloop
  endfacet
  facet normal -0.5071711469260752 0.8452852448767917 0.16813768916953642
    outer loop
      vertex 59 5 16
      vertex 56.5 3.2335783637895035 17.339392013277813
      vertex 59 4.619397662556434 17.91341716182545
    endloop
  endfacet
  facet normal 1 0 0
    outer loop
      vertex 59 3.5 16
      vertex 59 5 16
      vertex 59 3.2335783637895035 17.339392013277813
    endloop
  endfacet
  facet normal 1 0 0
    outer loop
      vertex 59 5 16
      vertex 59 4.619397662556434 17.91341716182545
      vertex 59 3.2335783637895035 17.339392013277813
    endloop
  endfacet
  facet normal -0.5071711469260755 0.7165982288741259 0.4788156285044953
    outer loop
      vertex 56.5 3.2335783637895035 17.339392013277813
      vertex 56.5 2.4748737341529163 18.474873734152915
      vertex 59 4.619397662556434 17.91341716182545
    endloop
  endfacet
  facet normal -0.5071711469260753 0.7165982288741259 0.4788156285044957
    outer loop
      vertex 56.5 2.4748737341529163 18.474873734152915
      vertex 59 3.5355339059327378 19.535533905932738
      vertex 59 4.619397662556434 17.91341716182545
    endloop
  endfacet
  facet normal 1 0 0
    outer loop
      vertex 59 3.2335783637895035 17.339392013277813
      vertex 59 4.619397662556434 17.91341716182545
      vertex 59 2.4748737341529163 18.474873734152915
    endloop
  endfacet
  facet normal 1 0 0
    outer loop
      vertex 59 2.4748737341529163 18.474873734152915
      vertex 59 4.619397662556434 17.91341716182545
      vertex 59 3.5355339059327378 19.535533905932738
    endloop
  endfacet
  facet normal -0.5071711469260751 0.16813768916953586 0.8452852448767919
    outer loop
      vertex 56.5 0 19.5
      vertex 59 0 21
      vertex 56.5 1.3393920132778143 19.233578363789505
    endloop
  endfacet
  facet normal -0.5071711469260747 0.4788156285044968 0.7165982288741255
    outer loop
      vertex 56.5 2.4748737341529163 18.474873734152915
      vertex 56.5 1.3393920132778143 19.233578363789505
      vertex 59 1.913417161825449 20.619397662556434
    endloop
  endfacet
  facet normal -0.5071711469260748 0.16813768916953656 0.845285244876792
    outer loop
      vertex 56.5 1.3393920132778143 19.233578363789505
      vertex 59 0 21
      vertex 59 1.913417161825449 20.619397662556434
    endloop
  endfacet
  facet normal 1 0 0
    outer loop
      vertex 59 -3.5355339059327378 19.535533905932738
      vertex 59 0 19.5
      vertex 59 3.5355339059327378 19.535533905932738
    endloop
  endfacet
  facet normal 1 0 0
    outer loop
      vertex 59 -3.5355339059327378 19.535533905932738
      vertex 59 3.5355339059327378 19.535533905932738
      vertex 59 1.913417161825449 20.619397662556434
    endloop
  endfacet
  facet normal 1 0 0
    outer loop
      vertex 59 0 19.5
      vertex 59 1.3393920132778143 19.233578363789505
      vertex 59 3.5355339059327378 19.535533905932738
    endloop
  endfacet
  facet normal 1 0 0
    outer loop
      vertex 59 -1.913417161825449 20.619397662556434
      vertex 59 1.913417161825449 20.619397662556434
      vertex 59 0 21
    endloop
  endfacet
  facet normal -0.5071711469260755 0.47881562850449555 0.7165982288741259
    outer loop
      vertex 56.5 2.4748737341529163 18.474873734152915
      vertex 59 1.913417161825449 20.619397662556434
      vertex 59 3.5355339059327378 19.535533905932738
    endloop
  endfacet
  facet normal 1 0 0
    outer loop
      vertex 59 2.4748737341529163 18.474873734152915
      vertex 59 3.5355339059327378 19.535533905932738
      vertex 59 1.3393920132778143 19.233578363789505
    endloop
  endfacet
  facet normal 0.5071711469260751 -0.716598228874126 -0.47881562850449577
    outer loop
      vertex -65 -3.5355339059327378 12.464466094067262
      vertex -62.5 -2.4748737341529163 13.525126265847083
      vertex -65 -4.619397662556434 14.08658283817455
    endloop
  endfacet
  facet normal -1 0 0
    outer loop
      vertex -65 -3.5355339059327378 12.464466094067262
      vertex -65 1.913417161825449 11.380602337443566
      vertex -65 -1.913417161825449 11.380602337443566
    endloop
  endfacet
  facet normal 0.5071711469260752 -0.1681376891695365 -0.8452852448767917
    outer loop
      vertex -65 -1.913417161825449 11.380602337443566
      vertex -65 0 11
      vertex -62.5 -1.3393920132778143 12.766421636210497
    endloop
  endfacet
  facet normal 0.507171146926075 -0.16813768916953695 -0.8452852448767917
    outer loop
      vertex -62.5 -1.3393920132778143 12.766421636210497
      vertex -65 0 11
      vertex -62.5 0 12.5
    endloop
  endfacet
  facet normal 0.5071711469260751 -0.47881562850449566 -0.716598228874126
    outer loop
      vertex -65 -3.5355339059327378 12.464466094067262
      vertex -65 -1.913417161825449 11.380602337443566
      vertex -62.5 -2.4748737341529163 13.525126265847083
    endloop
  endfacet
  facet normal 0.5071711469260753 -0.47881562850449516 -0.7165982288741263
    outer loop
      vertex -65 -1.913417161825449 11.380602337443566
      vertex -62.5 -1.3393920132778143 12.766421636210497
      vertex -62.5 -2.4748737341529163 13.525126265847083
    endloop
  endfacet
  facet normal -1 0 0
    outer loop
      vertex -65 -3.5355339059327378 12.464466094067262
      vertex -65 -4.619397662556434 14.08658283817455
      vertex -65 3.5355339059327378 12.464466094067262
    endloop
  endfacet
  facet normal 0.5071711469260751 -0.8452852448767918 -0.16813768916953645
    outer loop
      vertex -65 -4.619397662556434 14.08658283817455
      vertex -62.5 -3.2335783637895035 14.660607986722185
      vertex -65 -5 16
    endloop
  endfacet
  facet normal 0.5071711469260752 -0.716598228874126 -0.47881562850449544
    outer loop
      vertex -62.5 -2.4748737341529163 13.525126265847083
      vertex -62.5 -3.2335783637895035 14.660607986722185
      vertex -65 -4.619397662556434 14.08658283817455
    endloop
  endfacet
  facet normal 0.507171146926075 -0.8452852448767917 -0.16813768916953664
    outer loop
      vertex -62.5 -3.2335783637895035 14.660607986722185
      vertex -62.5 -3.5 16
      vertex -65 -5 16
    endloop
  endfacet
  facet normal -1 0 0
    outer loop
      vertex -65 -4.619397662556434 14.08658283817455
      vertex -65 -5 16
      vertex -65 4.619397662556434 14.08658283817455
    endloop
  endfacet
  facet normal 0.5071711469260752 -0.8452852448767917 0.16813768916953642
    outer loop
      vertex -65 -5 16
      vertex -62.5 -3.2335783637895035 17.339392013277813
      vertex -65 -4.619397662556434 17.91341716182545
    endloop
  endfacet
  facet normal 0.507171146926075 -0.8452852448767917 0.16813768916953692
    outer loop
      vertex -65 -5 16
      vertex -62.5 -3.5 16
      vertex -62.5 -3.2335783637895035 17.339392013277813
    endloop
  endfacet
  facet normal 0.5071711469260755 -0.7165982288741259 0.4788156285044953
    outer loop
      vertex -62.5 -3.2335783637895035 17.339392013277813
      vertex -62.5 -2.4748737341529163 18.474873734152915
      vertex -65 -4.619397662556434 17.91341716182545
    endloop
  endfacet
  facet normal 0.5071711469260753 -0.7165982288741259 0.4788156285044957
    outer loop
      vertex -65 -4.619397662556434 17.91341716182545
      vertex -62.5 -2.4748737341529163 18.474873734152915
      vertex -65 -3.5355339059327378 19.535533905932738
    endloop
  endfacet
  facet normal -1 0 0
    outer loop
      vertex -65 -5 16
      vertex -65 -4.619397662556434 17.91341716182545
      vertex -65 5 16
    endloop
  endfacet
  facet normal -1 0 0
    outer loop
      vertex -65 -4.619397662556434 17.91341716182545
      vertex -65 -3.5355339059327378 19.535533905932738
      vertex -65 4.619397662556434 17.91341716182545
    endloop
  endfacet
  facet normal 0.5071711469260755 -0.47881562850449555 0.7165982288741259
    outer loop
      vertex -62.5 -2.4748737341529163 18.474873734152915
      vertex -65 -1.913417161825449 20.619397662556434
      vertex -65 -3.5355339059327378 19.535533905932738
    endloop
  endfacet
  facet normal 0.5071711469260747 -0.4788156285044968 0.7165982288741255
    outer loop
      vertex -62.5 -2.4748737341529163 18.474873734152915
      vertex -62.5 -1.3393920132778143 19.233578363789505
      vertex -65 -1.913417161825449 20.619397662556434
    endloop
  endfacet
  facet normal 0.5071711469260748 -0.16813768916953656 0.845285244876792
    outer loop
      vertex -62.5 -1.3393920132778143 19.233578363789505
      vertex -65 0 21
      vertex -65 -1.913417161825449 20.619397662556434
    endloop
  endfacet
  facet normal -1 0 0
    outer loop
      vertex -65 -3.5355339059327378 19.535533905932738
      vertex -65 -1.913417161825449 20.619397662556434
      vertex -65 3.5355339059327378 19.535533905932738
    endloop
  endfacet
  facet normal 0.5071711469260751 -0.16813768916953586 0.8452852448767919
    outer loop
      vertex -62.5 -1.3393920132778143 19.233578363789505
      vertex -62.5 0 19.5
      vertex -65 0 21
    endloop
  endfacet
  facet normal -1 0 0
    outer loop
      vertex -65 -1.913417161825449 11.380602337443566
      vertex -65 1.913417161825449 11.380602337443566
      vertex -65 0 11
    endloop
  endfacet
  facet normal -1 0 0
    outer loop
      vertex -65 -3.5355339059327378 12.464466094067262
      vertex -65 3.5355339059327378 12.464466094067262
      vertex -65 1.913417161825449 11.380602337443566
    endloop
  endfacet
  facet normal 0.507171146926075 0.16813768916953695 -0.8452852448767917
    outer loop
      vertex -65 0 11
      vertex -62.5 1.3393920132778143 12.766421636210497
      vertex -62.5 0 12.5
    endloop
  endfacet
  facet normal 0.5071711469260752 0.1681376891695365 -0.8452852448767917
    outer loop
      vertex -65 0 11
      vertex -65 1.913417161825449 11.380602337443566
      vertex -62.5 1.3393920132778143 12.766421636210497
    endloop
  endfacet
  facet normal 0.5071711469260753 0.47881562850449516 -0.7165982288741263
    outer loop
      vertex -65 1.913417161825449 11.380602337443566
      vertex -62.5 2.4748737341529163 13.525126265847083
      vertex -62.5 1.3393920132778143 12.766421636210497
    endloop
  endfacet
  facet normal -1 0 0
    outer loop
      vertex -65 -4.619397662556434 14.08658283817455
      vertex -65 4.619397662556434 14.08658283817455
      vertex -65 3.5355339059327378 12.464466094067262
    endloop
  endfacet
  facet normal 0.5071711469260751 0.47881562850449566 -0.716598228874126
    outer loop
      vertex -65 1.913417161825449 11.380602337443566
      vertex -65 3.5355339059327378 12.464466094067262
      vertex -62.5 2.4748737341529163 13.525126265847083
    endloop
  endfacet
  facet normal 0.5071711469260751 0.716598228874126 -0.47881562850449577
    outer loop
      vertex -65 3.5355339059327378 12.464466094067262
      vertex -65 4.619397662556434 14.08658283817455
      vertex -62.5 2.4748737341529163 13.525126265847083
    endloop
  endfacet
  facet normal -1 0 0
    outer loop
      vertex -65 -5 16
      vertex -65 5 16
      vertex -65 4.619397662556434 14.08658283817455
    endloop
  endfacet
  facet normal 0.5071711469260752 0.716598228874126 -0.47881562850449544
    outer loop
      vertex -62.5 2.4748737341529163 13.525126265847083
      vertex -65 4.619397662556434 14.08658283817455
      vertex -62.5 3.2335783637895035 14.660607986722185
    endloop
  endfacet
  facet normal 0.5071711469260751 0.8452852448767918 -0.16813768916953645
    outer loop
      vertex -62.5 3.2335783637895035 14.660607986722185
      vertex -65 4.619397662556434 14.08658283817455
      vertex -65 5 16
    endloop
  endfacet
  facet normal 0.507171146926075 0.8452852448767917 -0.16813768916953664
    outer loop
      vertex -62.5 3.2335783637895035 14.660607986722185
      vertex -65 5 16
      vertex -62.5 3.5 16
    endloop
  endfacet
  facet normal -1 0 0
    outer loop
      vertex -65 -4.619397662556434 17.91341716182545
      vertex -65 4.619397662556434 17.91341716182545
      vertex -65 5 16
    endloop
  endfacet
  facet normal 0.507171146926075 0.8452852448767917 0.16813768916953686
    outer loop
      vertex -62.5 3.5 16
      vertex -65 5 16
      vertex -62.5 3.2335783637895035 17.339392013277813
    endloop
  endfacet
  facet normal 0.5071711469260752 0.8452852448767917 0.16813768916953642
    outer loop
      vertex -65 5 16
      vertex -65 4.619397662556434 17.91341716182545
      vertex -62.5 3.2335783637895035 17.339392013277813
    endloop
  endfacet
  facet normal 0.5071711469260755 0.7165982288741259 0.4788156285044953
    outer loop
      vertex -62.5 3.2335783637895035 17.339392013277813
      vertex -65 4.619397662556434 17.91341716182545
      vertex -62.5 2.4748737341529163 18.474873734152915
    endloop
  endfacet
  facet normal 0.5071711469260753 0.7165982288741259 0.4788156285044957
    outer loop
      vertex -62.5 2.4748737341529163 18.474873734152915
      vertex -65 4.619397662556434 17.91341716182545
      vertex -65 3.5355339059327378 19.535533905932738
    endloop
  endfacet
  facet normal 0.5071711469260751 0.16813768916953586 0.8452852448767919
    outer loop
      vertex -62.5 0 19.5
      vertex -62.5 1.3393920132778143 19.233578363789505
      vertex -65 0 21
    endloop
  endfacet
  facet normal -1 0 0
    outer loop
      vertex -65 -3.5355339059327378 19.535533905932738
      vertex -65 3.5355339059327378 19.535533905932738
      vertex -65 4.619397662556434 17.91341716182545
    endloop
  endfacet
  facet normal 0.5071711469260747 0.4788156285044968 0.7165982288741255
    outer loop
      vertex -62.5 2.4748737341529163 18.474873734152915
      vertex -65 1.913417161825449 20.619397662556434
      vertex -62.5 1.3393920132778143 19.233578363789505
    endloop
  endfacet
  facet normal -1 0 0
    outer loop
      vertex -65 -1.913417161825449 20.619397662556434
      vertex -65 1.913417161825449 20.619397662556434
      vertex -65 3.5355339059327378 19.535533905932738
    endloop
  endfacet
  facet normal 0.5071711469260748 0.16813768916953656 0.845285244876792
    outer loop
      vertex -62.5 1.3393920132778143 19.233578363789505
      vertex -65 1.913417161825449 20.619397662556434
      vertex -65 0 21
    endloop
  endfacet
  facet normal -1 0 0
    outer loop
      vertex -65 -1.913417161825449 20.619397662556434
      vertex -65 0 21
      vertex -65 1.913417161825449 20.619397662556434
    endloop
  endfacet
  facet normal 0.5071711469260755 0.47881562850449555 0.7165982288741259
    outer loop
      vertex -62.5 2.4748737341529163 18.474873734152915
      vertex -65 3.5355339059327378 19.535533905932738
      vertex -65 1.913417161825449 20.619397662556434
    endloop
  endfacet
  facet normal -0.5071711469260751 -0.716598228874126 -0.47881562850449577
    outer loop
      vertex 65 -3.5355339059327378 12.464466094067262
      vertex 65 -4.619397662556434 14.08658283817455
      vertex 62.5 -2.4748737341529163 13.525126265847083
    endloop
  endfacet
  facet normal -0.507171146926075 -0.16813768916953695 -0.8452852448767917
    outer loop
      vertex 62.5 -1.3393920132778143 12.766421636210497
      vertex 62.5 0 12.5
      vertex 65 0 11
    endloop
  endfacet
  facet normal -0.5071711469260752 -0.1681376891695365 -0.8452852448767917
    outer loop
      vertex 65 -1.913417161825449 11.380602337443566
      vertex 62.5 -1.3393920132778143 12.766421636210497
      vertex 65 0 11
    endloop
  endfacet
  facet normal 1 0 0
    outer loop
      vertex 65 -3.5355339059327378 12.464466094067262
      vertex 65 -1.913417161825449 11.380602337443566
      vertex 65 3.5355339059327378 12.464466094067262
    endloop
  endfacet
  facet normal -0.5071711469260753 -0.47881562850449516 -0.7165982288741263
    outer loop
      vertex 65 -1.913417161825449 11.380602337443566
      vertex 62.5 -2.4748737341529163 13.525126265847083
      vertex 62.5 -1.3393920132778143 12.766421636210497
    endloop
  endfacet
  facet normal -0.5071711469260751 -0.47881562850449566 -0.716598228874126
    outer loop
      vertex 65 -3.5355339059327378 12.464466094067262
      vertex 62.5 -2.4748737341529163 13.525126265847083
      vertex 65 -1.913417161825449 11.380602337443566
    endloop
  endfacet
  facet normal 1 0 0
    outer loop
      vertex 65 -3.5355339059327378 12.464466094067262
      vertex 65 4.619397662556434 14.08658283817455
      vertex 65 -4.619397662556434 14.08658283817455
    endloop
  endfacet
  facet normal -0.5071711469260751 -0.8452852448767918 -0.16813768916953645
    outer loop
      vertex 62.5 -3.2335783637895035 14.660607986722185
      vertex 65 -4.619397662556434 14.08658283817455
      vertex 65 -5 16
    endloop
  endfacet
  facet normal -0.5071711469260752 -0.716598228874126 -0.47881562850449544
    outer loop
      vertex 62.5 -2.4748737341529163 13.525126265847083
      vertex 65 -4.619397662556434 14.08658283817455
      vertex 62.5 -3.2335783637895035 14.660607986722185
    endloop
  endfacet
  facet normal -0.507171146926075 -0.8452852448767917 -0.16813768916953664
    outer loop
      vertex 62.5 -3.2335783637895035 14.660607986722185
      vertex 65 -5 16
      vertex 62.5 -3.5 16
    endloop
  endfacet
  facet normal 1 0 0
    outer loop
      vertex 65 -4.619397662556434 14.08658283817455
      vertex 65 5 16
      vertex 65 -5 16
    endloop
  endfacet
  facet normal -0.5071711469260752 -0.8452852448767917 0.16813768916953642
    outer loop
      vertex 65 -5 16
      vertex 65 -4.619397662556434 17.91341716182545
      vertex 62.5 -3.2335783637895035 17.339392013277813
    endloop
  endfacet
  facet normal -0.507171146926075 -0.8452852448767917 0.16813768916953686
    outer loop
      vertex 62.5 -3.5 16
      vertex 65 -5 16
      vertex 62.5 -3.2335783637895035 17.339392013277813
    endloop
  endfacet
  facet normal -0.5071711469260755 -0.7165982288741259 0.4788156285044953
    outer loop
      vertex 62.5 -3.2335783637895035 17.339392013277813
      vertex 65 -4.619397662556434 17.91341716182545
      vertex 62.5 -2.4748737341529163 18.474873734152915
    endloop
  endfacet
  facet normal -0.5071711469260753 -0.7165982288741259 0.4788156285044957
    outer loop
      vertex 65 -4.619397662556434 17.91341716182545
      vertex 65 -3.5355339059327378 19.535533905932738
      vertex 62.5 -2.4748737341529163 18.474873734152915
    endloop
  endfacet
  facet normal 1 0 0
    outer loop
      vertex 65 -5 16
      vertex 65 4.619397662556434 17.91341716182545
      vertex 65 -4.619397662556434 17.91341716182545
    endloop
  endfacet
  facet normal -0.5071711469260747 -0.4788156285044968 0.7165982288741255
    outer loop
      vertex 62.5 -2.4748737341529163 18.474873734152915
      vertex 65 -1.913417161825449 20.619397662556434
      vertex 62.5 -1.3393920132778143 19.233578363789505
    endloop
  endfacet
  facet normal -0.5071711469260755 -0.47881562850449555 0.7165982288741259
    outer loop
      vertex 62.5 -2.4748737341529163 18.474873734152915
      vertex 65 -3.5355339059327378 19.535533905932738
      vertex 65 -1.913417161825449 20.619397662556434
    endloop
  endfacet
  facet normal 1 0 0
    outer loop
      vertex 65 -4.619397662556434 17.91341716182545
      vertex 65 3.5355339059327378 19.535533905932738
      vertex 65 -3.5355339059327378 19.535533905932738
    endloop
  endfacet
  facet normal -0.5071711469260751 -0.16813768916953586 0.8452852448767919
    outer loop
      vertex 62.5 -1.3393920132778143 19.233578363789505
      vertex 65 0 21
      vertex 62.5 0 19.5
    endloop
  endfacet
  facet normal -0.5071711469260748 -0.16813768916953656 0.845285244876792
    outer loop
      vertex 62.5 -1.3393920132778143 19.233578363789505
      vertex 65 -1.913417161825449 20.619397662556434
      vertex 65 0 21
    endloop
  endfacet
  facet normal 1 0 0
    outer loop
      vertex 65 -3.5355339059327378 19.535533905932738
      vertex 65 1.913417161825449 20.619397662556434
      vertex 65 -1.913417161825449 20.619397662556434
    endloop
  endfacet
  facet normal 1 0 0
    outer loop
      vertex 65 -1.913417161825449 11.380602337443566
      vertex 65 0 11
      vertex 65 1.913417161825449 11.380602337443566
    endloop
  endfacet
  facet normal -0.507171146926075 0.16813768916953695 -0.8452852448767917
    outer loop
      vertex 65 0 11
      vertex 62.5 0 12.5
      vertex 62.5 1.3393920132778143 12.766421636210497
    endloop
  endfacet
  facet normal -0.5071711469260752 0.1681376891695365 -0.8452852448767917
    outer loop
      vertex 65 0 11
      vertex 62.5 1.3393920132778143 12.766421636210497
      vertex 65 1.913417161825449 11.380602337443566
    endloop
  endfacet
  facet normal 1 0 0
    outer loop
      vertex 65 -1.913417161825449 11.380602337443566
      vertex 65 1.913417161825449 11.380602337443566
      vertex 65 3.5355339059327378 12.464466094067262
    endloop
  endfacet
  facet normal -0.5071711469260753 0.47881562850449516 -0.7165982288741263
    outer loop
      vertex 65 1.913417161825449 11.380602337443566
      vertex 62.5 1.3393920132778143 12.766421636210497
      vertex 62.5 2.4748737341529163 13.525126265847083
    endloop
  endfacet
  facet normal 1 0 0
    outer loop
      vertex 65 -3.5355339059327378 12.464466094067262
      vertex 65 3.5355339059327378 12.464466094067262
      vertex 65 4.619397662556434 14.08658283817455
    endloop
  endfacet
  facet normal -0.5071711469260751 0.47881562850449566 -0.716598228874126
    outer loop
      vertex 65 1.913417161825449 11.380602337443566
      vertex 62.5 2.4748737341529163 13.525126265847083
      vertex 65 3.5355339059327378 12.464466094067262
    endloop
  endfacet
  facet normal -0.5071711469260751 0.716598228874126 -0.47881562850449577
    outer loop
      vertex 62.5 2.4748737341529163 13.525126265847083
      vertex 65 4.619397662556434 14.08658283817455
      vertex 65 3.5355339059327378 12.464466094067262
    endloop
  endfacet
  facet normal 1 0 0
    outer loop
      vertex 65 -4.619397662556434 14.08658283817455
      vertex 65 4.619397662556434 14.08658283817455
      vertex 65 5 16
    endloop
  endfacet
  facet normal -0.5071711469260752 0.716598228874126 -0.47881562850449544
    outer loop
      vertex 62.5 2.4748737341529163 13.525126265847083
      vertex 62.5 3.2335783637895035 14.660607986722185
      vertex 65 4.619397662556434 14.08658283817455
    endloop
  endfacet
  facet normal -0.5071711469260751 0.8452852448767918 -0.16813768916953645
    outer loop
      vertex 62.5 3.2335783637895035 14.660607986722185
      vertex 65 5 16
      vertex 65 4.619397662556434 14.08658283817455
    endloop
  endfacet
  facet normal -0.507171146926075 0.8452852448767917 -0.16813768916953664
    outer loop
      vertex 62.5 3.2335783637895035 14.660607986722185
      vertex 62.5 3.5 16
      vertex 65 5 16
    endloop
  endfacet
  facet normal 1 0 0
    outer loop
      vertex 65 -5 16
      vertex 65 5 16
      vertex 65 4.619397662556434 17.91341716182545
    endloop
  endfacet
  facet normal 1 0 0
    outer loop
      vertex 65 -4.619397662556434 17.91341716182545
      vertex 65 4.619397662556434 17.91341716182545
      vertex 65 3.5355339059327378 19.535533905932738
    endloop
  endfacet
  facet normal -0.507171146926075 0.8452852448767917 0.16813768916953686
    outer loop
      vertex 62.5 3.5 16
      vertex 62.5 3.2335783637895035 17.339392013277813
      vertex 65 5 16
    endloop
  endfacet
  facet normal -0.5071711469260752 0.8452852448767917 0.16813768916953642
    outer loop
      vertex 65 5 16
      vertex 62.5 3.2335783637895035 17.339392013277813
      vertex 65 4.619397662556434 17.91341716182545
    endloop
  endfacet
  facet normal -0.5071711469260755 0.7165982288741259 0.4788156285044953
    outer loop
      vertex 62.5 3.2335783637895035 17.339392013277813
      vertex 62.5 2.4748737341529163 18.474873734152915
      vertex 65 4.619397662556434 17.91341716182545
    endloop
  endfacet
  facet normal -0.5071711469260753 0.7165982288741259 0.4788156285044957
    outer loop
      vertex 62.5 2.4748737341529163 18.474873734152915
      vertex 65 3.5355339059327378 19.535533905932738
      vertex 65 4.619397662556434 17.91341716182545
    endloop
  endfacet
  facet normal -0.5071711469260751 0.16813768916953586 0.8452852448767919
    outer loop
      vertex 62.5 0 19.5
      vertex 65 0 21
      vertex 62.5 1.3393920132778143 19.233578363789505
    endloop
  endfacet
  facet normal 1 0 0
    outer loop
      vertex 65 -3.5355339059327378 19.535533905932738
      vertex 65 3.5355339059327378 19.535533905932738
      vertex 65 1.913417161825449 20.619397662556434
    endloop
  endfacet
  facet normal -0.5071711469260747 0.4788156285044968 0.7165982288741255
    outer loop
      vertex 62.5 2.4748737341529163 18.474873734152915
      vertex 62.5 1.3393920132778143 19.233578363789505
      vertex 65 1.913417161825449 20.619397662556434
    endloop
  endfacet
  facet normal -0.5071711469260748 0.16813768916953656 0.845285244876792
    outer loop
      vertex 62.5 1.3393920132778143 19.233578363789505
      vertex 65 0 21
      vertex 65 1.913417161825449 20.619397662556434
    endloop
  endfacet
  facet normal 1 0 0
    outer loop
      vertex 65 -1.913417161825449 20.619397662556434
      vertex 65 1.913417161825449 20.619397662556434
      vertex 65 0 21
    endloop
  endfacet
  facet normal -0.5071711469260755 0.47881562850449555 0.7165982288741259
    outer loop
      vertex 62.5 2.4748737341529163 18.474873734152915
      vertex 65 1.913417161825449 20.619397662556434
      vertex 65 3.5355339059327378 19.535533905932738
    endloop
  endfacet
  facet normal 0 -0.5555702330196017 -0.8314696123025456
    outer loop
      vertex -62.5 -2.4748737341529163 13.525126265847083
      vertex -62.5 -1.3393920132778143 12.766421636210497
      vertex -59 -2.4748737341529163 13.525126265847083
    endloop
  endfacet
  facet normal 0 -0.1950903220161287 -0.9807852804032303
    outer loop
      vertex -62.5 -1.3393920132778143 12.766421636210497
      vertex -62.5 0 12.5
      vertex -59 -1.3393920132778143 12.766421636210497
    endloop
  endfacet
  facet normal 0 -0.5555702330196017 -0.8314696123025456
    outer loop
      vertex -62.5 -1.3393920132778143 12.766421636210497
      vertex -59 -1.3393920132778143 12.766421636210497
      vertex -59 -2.4748737341529163 13.525126265847083
    endloop
  endfacet
  facet normal 0 -0.1950903220161287 -0.9807852804032303
    outer loop
      vertex -59 -1.3393920132778143 12.766421636210497
      vertex -62.5 0 12.5
      vertex -59 0 12.5
    endloop
  endfacet
  facet normal 0 -0.8314696123025453 -0.5555702330196021
    outer loop
      vertex -62.5 -2.4748737341529163 13.525126265847083
      vertex -59 -3.2335783637895035 14.660607986722185
      vertex -62.5 -3.2335783637895035 14.660607986722185
    endloop
  endfacet
  facet normal 0 -0.9807852804032303 -0.19509032201612833
    outer loop
      vertex -62.5 -3.2335783637895035 14.660607986722185
      vertex -59 -3.5 16
      vertex -62.5 -3.5 16
    endloop
  endfacet
  facet normal 0 -0.9807852804032303 -0.19509032201612833
    outer loop
      vertex -62.5 -3.2335783637895035 14.660607986722185
      vertex -59 -3.2335783637895035 14.660607986722185
      vertex -59 -3.5 16
    endloop
  endfacet
  facet normal 0 -0.8314696123025453 -0.5555702330196021
    outer loop
      vertex -62.5 -2.4748737341529163 13.525126265847083
      vertex -59 -2.4748737341529163 13.525126265847083
      vertex -59 -3.2335783637895035 14.660607986722185
    endloop
  endfacet
  facet normal 0 -0.5555702330196017 -0.8314696123025456
    outer loop
      vertex -56.5 -2.4748737341529163 13.525126265847083
      vertex -56.5 -1.3393920132778143 12.766421636210497
      vertex -53 -2.4748737341529163 13.525126265847083
    endloop
  endfacet
  facet normal 0 -0.1950903220161287 -0.9807852804032303
    outer loop
      vertex -56.5 -1.3393920132778143 12.766421636210497
      vertex -56.5 0 12.5
      vertex -53 -1.3393920132778143 12.766421636210497
    endloop
  endfacet
  facet normal 0 -0.5555702330196017 -0.8314696123025456
    outer loop
      vertex -56.5 -1.3393920132778143 12.766421636210497
      vertex -53 -1.3393920132778143 12.766421636210497
      vertex -53 -2.4748737341529163 13.525126265847083
    endloop
  endfacet
  facet normal 0 -0.1950903220161287 -0.9807852804032303
    outer loop
      vertex -53 -1.3393920132778143 12.766421636210497
      vertex -56.5 0 12.5
      vertex -53 0 12.5
    endloop
  endfacet
  facet normal 0 -0.5555702330196017 -0.8314696123025456
    outer loop
      vertex -50.5 -2.4748737341529163 13.525126265847083
      vertex -50.5 -1.3393920132778143 12.766421636210497
      vertex -46.5 -2.4748737341529163 13.525126265847083
    endloop
  endfacet
  facet normal 0 -0.19509032201612866 -0.9807852804032303
    outer loop
      vertex -50.5 -1.3393920132778143 12.766421636210497
      vertex -50.5 0 12.5
      vertex -46.5 -1.3393920132778143 12.766421636210497
    endloop
  endfacet
  facet normal 0 -0.8314696123025453 -0.5555702330196021
    outer loop
      vertex -56.5 -2.4748737341529163 13.525126265847083
      vertex -53 -3.2335783637895035 14.660607986722185
      vertex -56.5 -3.2335783637895035 14.660607986722185
    endloop
  endfacet
  facet normal 0 -0.9807852804032303 -0.19509032201612833
    outer loop
      vertex -56.5 -3.2335783637895035 14.660607986722185
      vertex -53 -3.5 16
      vertex -56.5 -3.5 16
    endloop
  endfacet
  facet normal 0 -0.9807852804032303 -0.19509032201612833
    outer loop
      vertex -56.5 -3.2335783637895035 14.660607986722185
      vertex -53 -3.2335783637895035 14.660607986722185
      vertex -53 -3.5 16
    endloop
  endfacet
  facet normal 0 -0.8314696123025453 -0.5555702330196021
    outer loop
      vertex -56.5 -2.4748737341529163 13.525126265847083
      vertex -53 -2.4748737341529163 13.525126265847083
      vertex -53 -3.2335783637895035 14.660607986722185
    endloop
  endfacet
  facet normal 0 -0.8314696123025452 -0.5555702330196021
    outer loop
      vertex -50.5 -2.4748737341529163 13.525126265847083
      vertex -46.5 -3.2335783637895035 14.660607986722185
      vertex -50.5 -3.2335783637895035 14.660607986722185
    endloop
  endfacet
  facet normal 0 -0.9807852804032304 -0.19509032201612833
    outer loop
      vertex -50.5 -3.2335783637895035 14.660607986722185
      vertex -46.5 -3.5 16
      vertex -50.5 -3.5 16
    endloop
  endfacet
  facet normal 0 -0.9807852804032303 0.19509032201612858
    outer loop
      vertex -62.5 -3.5 16
      vertex -59 -3.2335783637895035 17.339392013277813
      vertex -62.5 -3.2335783637895035 17.339392013277813
    endloop
  endfacet
  facet normal 0 -0.8314696123025453 0.5555702330196021
    outer loop
      vertex -62.5 -3.2335783637895035 17.339392013277813
      vertex -59 -2.4748737341529163 18.474873734152915
      vertex -62.5 -2.4748737341529163 18.474873734152915
    endloop
  endfacet
  facet normal 0 -0.5555702330196035 0.8314696123025443
    outer loop
      vertex -62.5 -2.4748737341529163 18.474873734152915
      vertex -59 -1.3393920132778143 19.233578363789505
      vertex -62.5 -1.3393920132778143 19.233578363789505
    endloop
  endfacet
  facet normal 0 -0.9807852804032303 0.19509032201612858
    outer loop
      vertex -62.5 -3.5 16
      vertex -59 -3.5 16
      vertex -59 -3.2335783637895035 17.339392013277813
    endloop
  endfacet
  facet normal 0 -0.8314696123025453 0.5555702330196021
    outer loop
      vertex -62.5 -3.2335783637895035 17.339392013277813
      vertex -59 -3.2335783637895035 17.339392013277813
      vertex -59 -2.4748737341529163 18.474873734152915
    endloop
  endfacet
  facet normal 0 -0.5555702330196035 0.8314696123025443
    outer loop
      vertex -62.5 -2.4748737341529163 18.474873734152915
      vertex -59 -2.4748737341529163 18.474873734152915
      vertex -59 -1.3393920132778143 19.233578363789505
    endloop
  endfacet
  facet normal 0 -0.19509032201612747 0.9807852804032308
    outer loop
      vertex -62.5 -1.3393920132778143 19.233578363789505
      vertex -59 0 19.5
      vertex -62.5 0 19.5
    endloop
  endfacet
  facet normal 0 -0.19509032201612747 0.9807852804032308
    outer loop
      vertex -62.5 -1.3393920132778143 19.233578363789505
      vertex -59 -1.3393920132778143 19.233578363789505
      vertex -59 0 19.5
    endloop
  endfacet
  facet normal 0 -0.9807852804032303 0.19509032201612858
    outer loop
      vertex -56.5 -3.5 16
      vertex -53 -3.2335783637895035 17.339392013277813
      vertex -56.5 -3.2335783637895035 17.339392013277813
    endloop
  endfacet
  facet normal 0 -0.9807852804032303 0.19509032201612858
    outer loop
      vertex -56.5 -3.5 16
      vertex -53 -3.5 16
      vertex -53 -3.2335783637895035 17.339392013277813
    endloop
  endfacet
  facet normal 0 -0.8314696123025453 0.5555702330196021
    outer loop
      vertex -56.5 -3.2335783637895035 17.339392013277813
      vertex -53 -3.2335783637895035 17.339392013277813
      vertex -53 -2.4748737341529163 18.474873734152915
    endloop
  endfacet
  facet normal 0 -0.8314696123025453 0.5555702330196021
    outer loop
      vertex -56.5 -3.2335783637895035 17.339392013277813
      vertex -53 -2.4748737341529163 18.474873734152915
      vertex -56.5 -2.4748737341529163 18.474873734152915
    endloop
  endfacet
  facet normal 0 -0.5555702330196035 0.8314696123025443
    outer loop
      vertex -56.5 -2.4748737341529163 18.474873734152915
      vertex -53 -1.3393920132778143 19.233578363789505
      vertex -56.5 -1.3393920132778143 19.233578363789505
    endloop
  endfacet
  facet normal 0 -0.5555702330196035 0.8314696123025443
    outer loop
      vertex -56.5 -2.4748737341529163 18.474873734152915
      vertex -53 -2.4748737341529163 18.474873734152915
      vertex -53 -1.3393920132778143 19.233578363789505
    endloop
  endfacet
  facet normal 0 -0.9807852804032304 0.1950903220161286
    outer loop
      vertex -50.5 -3.5 16
      vertex -46.5 -3.2335783637895035 17.339392013277813
      vertex -50.5 -3.2335783637895035 17.339392013277813
    endloop
  endfacet
  facet normal 0 -0.8314696123025452 0.5555702330196021
    outer loop
      vertex -50.5 -3.2335783637895035 17.339392013277813
      vertex -46.5 -2.4748737341529163 18.474873734152915
      vertex -50.5 -2.4748737341529163 18.474873734152915
    endloop
  endfacet
  facet normal 0 -0.5555702330196035 0.8314696123025443
    outer loop
      vertex -50.5 -2.4748737341529163 18.474873734152915
      vertex -46.5 -1.3393920132778143 19.233578363789505
      vertex -50.5 -1.3393920132778143 19.233578363789505
    endloop
  endfacet
  facet normal 0 -0.19509032201612747 0.9807852804032308
    outer loop
      vertex -56.5 -1.3393920132778143 19.233578363789505
      vertex -53 0 19.5
      vertex -56.5 0 19.5
    endloop
  endfacet
  facet normal 0 -0.19509032201612747 0.9807852804032308
    outer loop
      vertex -56.5 -1.3393920132778143 19.233578363789505
      vertex -53 -1.3393920132778143 19.233578363789505
      vertex -53 0 19.5
    endloop
  endfacet
  facet normal 0 -0.19509032201612744 0.9807852804032305
    outer loop
      vertex -50.5 -1.3393920132778143 19.233578363789505
      vertex -46.5 0 19.5
      vertex -50.5 0 19.5
    endloop
  endfacet
  facet normal 0 0.1950903220161287 -0.9807852804032303
    outer loop
      vertex -62.5 0 12.5
      vertex -62.5 1.3393920132778143 12.766421636210497
      vertex -59 0 12.5
    endloop
  endfacet
  facet normal 0 0.5555702330196017 -0.8314696123025456
    outer loop
      vertex -62.5 1.3393920132778143 12.766421636210497
      vertex -62.5 2.4748737341529163 13.525126265847083
      vertex -59 1.3393920132778143 12.766421636210497
    endloop
  endfacet
  facet normal 0 0.1950903220161287 -0.9807852804032303
    outer loop
      vertex -62.5 1.3393920132778143 12.766421636210497
      vertex -59 1.3393920132778143 12.766421636210497
      vertex -59 0 12.5
    endloop
  endfacet
  facet normal 0 0.5555702330196017 -0.8314696123025456
    outer loop
      vertex -62.5 2.4748737341529163 13.525126265847083
      vertex -59 2.4748737341529163 13.525126265847083
      vertex -59 1.3393920132778143 12.766421636210497
    endloop
  endfacet
  facet normal 0 0.8314696123025453 -0.5555702330196021
    outer loop
      vertex -62.5 2.4748737341529163 13.525126265847083
      vertex -62.5 3.2335783637895035 14.660607986722185
      vertex -59 2.4748737341529163 13.525126265847083
    endloop
  endfacet
  facet normal 0 0.9807852804032303 -0.19509032201612833
    outer loop
      vertex -62.5 3.2335783637895035 14.660607986722185
      vertex -62.5 3.5 16
      vertex -59 3.2335783637895035 14.660607986722185
    endloop
  endfacet
  facet normal 0 0.8314696123025453 -0.5555702330196021
    outer loop
      vertex -59 2.4748737341529163 13.525126265847083
      vertex -62.5 3.2335783637895035 14.660607986722185
      vertex -59 3.2335783637895035 14.660607986722185
    endloop
  endfacet
  facet normal 0 0.9807852804032303 -0.19509032201612833
    outer loop
      vertex -62.5 3.5 16
      vertex -59 3.5 16
      vertex -59 3.2335783637895035 14.660607986722185
    endloop
  endfacet
  facet normal 0 0.1950903220161287 -0.9807852804032303
    outer loop
      vertex -56.5 0 12.5
      vertex -56.5 1.3393920132778143 12.766421636210497
      vertex -53 0 12.5
    endloop
  endfacet
  facet normal 0 0.5555702330196017 -0.8314696123025456
    outer loop
      vertex -56.5 1.3393920132778143 12.766421636210497
      vertex -56.5 2.4748737341529163 13.525126265847083
      vertex -53 1.3393920132778143 12.766421636210497
    endloop
  endfacet
  facet normal 0 0.1950903220161287 -0.9807852804032303
    outer loop
      vertex -56.5 1.3393920132778143 12.766421636210497
      vertex -53 1.3393920132778143 12.766421636210497
      vertex -53 0 12.5
    endloop
  endfacet
  facet normal 0 0.5555702330196017 -0.8314696123025456
    outer loop
      vertex -53 1.3393920132778143 12.766421636210497
      vertex -56.5 2.4748737341529163 13.525126265847083
      vertex -53 2.4748737341529163 13.525126265847083
    endloop
  endfacet
  facet normal 0 0.19509032201612866 -0.9807852804032303
    outer loop
      vertex -50.5 0 12.5
      vertex -50.5 1.3393920132778143 12.766421636210497
      vertex -46.5 0 12.5
    endloop
  endfacet
  facet normal 0 0.5555702330196017 -0.8314696123025456
    outer loop
      vertex -50.5 1.3393920132778143 12.766421636210497
      vertex -50.5 2.4748737341529163 13.525126265847083
      vertex -46.5 1.3393920132778143 12.766421636210497
    endloop
  endfacet
  facet normal 0 0.8314696123025453 -0.5555702330196021
    outer loop
      vertex -56.5 2.4748737341529163 13.525126265847083
      vertex -56.5 3.2335783637895035 14.660607986722185
      vertex -53 2.4748737341529163 13.525126265847083
    endloop
  endfacet
  facet normal 0 0.8314696123025453 -0.5555702330196021
    outer loop
      vertex -53 2.4748737341529163 13.525126265847083
      vertex -56.5 3.2335783637895035 14.660607986722185
      vertex -53 3.2335783637895035 14.660607986722185
    endloop
  endfacet
  facet normal 0 0.9807852804032303 -0.19509032201612833
    outer loop
      vertex -56.5 3.2335783637895035 14.660607986722185
      vertex -56.5 3.5 16
      vertex -53 3.2335783637895035 14.660607986722185
    endloop
  endfacet
  facet normal 0 0.9807852804032303 -0.19509032201612833
    outer loop
      vertex -53 3.2335783637895035 14.660607986722185
      vertex -56.5 3.5 16
      vertex -53 3.5 16
    endloop
  endfacet
  facet normal 0 0.8314696123025452 -0.5555702330196021
    outer loop
      vertex -50.5 2.4748737341529163 13.525126265847083
      vertex -50.5 3.2335783637895035 14.660607986722185
      vertex -46.5 2.4748737341529163 13.525126265847083
    endloop
  endfacet
  facet normal 0 0.9807852804032304 -0.19509032201612833
    outer loop
      vertex -50.5 3.2335783637895035 14.660607986722185
      vertex -50.5 3.5 16
      vertex -46.5 3.2335783637895035 14.660607986722185
    endloop
  endfacet
  facet normal 0 0.9807852804032303 0.19509032201612858
    outer loop
      vertex -62.5 3.5 16
      vertex -62.5 3.2335783637895035 17.339392013277813
      vertex -59 3.5 16
    endloop
  endfacet
  facet normal 0 0.8314696123025453 0.5555702330196021
    outer loop
      vertex -62.5 3.2335783637895035 17.339392013277813
      vertex -62.5 2.4748737341529163 18.474873734152915
      vertex -59 3.2335783637895035 17.339392013277813
    endloop
  endfacet
  facet normal 0 0.5555702330196035 0.8314696123025443
    outer loop
      vertex -62.5 2.4748737341529163 18.474873734152915
      vertex -62.5 1.3393920132778143 19.233578363789505
      vertex -59 2.4748737341529163 18.474873734152915
    endloop
  endfacet
  facet normal 0 0.5555702330196035 0.8314696123025443
    outer loop
      vertex -59 2.4748737341529163 18.474873734152915
      vertex -62.5 1.3393920132778143 19.233578363789505
      vertex -59 1.3393920132778143 19.233578363789505
    endloop
  endfacet
  facet normal 0 0.9807852804032303 0.19509032201612858
    outer loop
      vertex -59 3.5 16
      vertex -62.5 3.2335783637895035 17.339392013277813
      vertex -59 3.2335783637895035 17.339392013277813
    endloop
  endfacet
  facet normal 0 0.8314696123025453 0.5555702330196021
    outer loop
      vertex -62.5 2.4748737341529163 18.474873734152915
      vertex -59 2.4748737341529163 18.474873734152915
      vertex -59 3.2335783637895035 17.339392013277813
    endloop
  endfacet
  facet normal 0 0.19509032201612747 0.9807852804032308
    outer loop
      vertex -62.5 0 19.5
      vertex -59 1.3393920132778143 19.233578363789505
      vertex -62.5 1.3393920132778143 19.233578363789505
    endloop
  endfacet
  facet normal 0 0.19509032201612747 0.9807852804032308
    outer loop
      vertex -62.5 0 19.5
      vertex -59 0 19.5
      vertex -59 1.3393920132778143 19.233578363789505
    endloop
  endfacet
  facet normal 0 0.5555702330196035 0.8314696123025443
    outer loop
      vertex -53 2.4748737341529163 18.474873734152915
      vertex -56.5 1.3393920132778143 19.233578363789505
      vertex -53 1.3393920132778143 19.233578363789505
    endloop
  endfacet
  facet normal 0 0.9807852804032303 0.19509032201612858
    outer loop
      vertex -56.5 3.5 16
      vertex -56.5 3.2335783637895035 17.339392013277813
      vertex -53 3.5 16
    endloop
  endfacet
  facet normal 0 0.9807852804032303 0.19509032201612858
    outer loop
      vertex -53 3.5 16
      vertex -56.5 3.2335783637895035 17.339392013277813
      vertex -53 3.2335783637895035 17.339392013277813
    endloop
  endfacet
  facet normal 0 0.8314696123025453 0.5555702330196021
    outer loop
      vertex -56.5 3.2335783637895035 17.339392013277813
      vertex -56.5 2.4748737341529163 18.474873734152915
      vertex -53 3.2335783637895035 17.339392013277813
    endloop
  endfacet
  facet normal 0 0.5555702330196035 0.8314696123025443
    outer loop
      vertex -56.5 2.4748737341529163 18.474873734152915
      vertex -56.5 1.3393920132778143 19.233578363789505
      vertex -53 2.4748737341529163 18.474873734152915
    endloop
  endfacet
  facet normal 0 0.8314696123025453 0.5555702330196021
    outer loop
      vertex -53 3.2335783637895035 17.339392013277813
      vertex -56.5 2.4748737341529163 18.474873734152915
      vertex -53 2.4748737341529163 18.474873734152915
    endloop
  endfacet
  facet normal 0 0.9807852804032304 0.1950903220161286
    outer loop
      vertex -50.5 3.5 16
      vertex -50.5 3.2335783637895035 17.339392013277813
      vertex -46.5 3.5 16
    endloop
  endfacet
  facet normal 0 0.8314696123025452 0.5555702330196021
    outer loop
      vertex -50.5 3.2335783637895035 17.339392013277813
      vertex -50.5 2.4748737341529163 18.474873734152915
      vertex -46.5 3.2335783637895035 17.339392013277813
    endloop
  endfacet
  facet normal 0 0.5555702330196035 0.8314696123025443
    outer loop
      vertex -50.5 2.4748737341529163 18.474873734152915
      vertex -50.5 1.3393920132778143 19.233578363789505
      vertex -46.5 2.4748737341529163 18.474873734152915
    endloop
  endfacet
  facet normal 0 0.19509032201612747 0.9807852804032308
    outer loop
      vertex -56.5 0 19.5
      vertex -53 1.3393920132778143 19.233578363789505
      vertex -56.5 1.3393920132778143 19.233578363789505
    endloop
  endfacet
  facet normal 0 0.19509032201612747 0.9807852804032308
    outer loop
      vertex -56.5 0 19.5
      vertex -53 0 19.5
      vertex -53 1.3393920132778143 19.233578363789505
    endloop
  endfacet
  facet normal 0 0.19509032201612744 0.9807852804032305
    outer loop
      vertex -50.5 0 19.5
      vertex -46.5 1.3393920132778143 19.233578363789505
      vertex -50.5 1.3393920132778143 19.233578363789505
    endloop
  endfacet
  facet normal 0 -0.5555702330196017 -0.8314696123025456
    outer loop
      vertex -50.5 -1.3393920132778143 12.766421636210497
      vertex -46.5 -1.3393920132778143 12.766421636210497
      vertex -46.5 -2.4748737341529163 13.525126265847083
    endloop
  endfacet
  facet normal 0 -0.19509032201612866 -0.9807852804032303
    outer loop
      vertex -50.5 0 12.5
      vertex -46.5 0 12.5
      vertex -46.5 -1.3393920132778143 12.766421636210497
    endloop
  endfacet
  facet normal 0 -0.9807852804032304 -0.19509032201612833
    outer loop
      vertex -50.5 -3.2335783637895035 14.660607986722185
      vertex -46.5 -3.2335783637895035 14.660607986722185
      vertex -46.5 -3.5 16
    endloop
  endfacet
  facet normal 0 -0.8314696123025452 -0.5555702330196021
    outer loop
      vertex -50.5 -2.4748737341529163 13.525126265847083
      vertex -46.5 -2.4748737341529163 13.525126265847083
      vertex -46.5 -3.2335783637895035 14.660607986722185
    endloop
  endfacet
  facet normal 0 -0.9807852804032304 0.1950903220161286
    outer loop
      vertex -50.5 -3.5 16
      vertex -46.5 -3.5 16
      vertex -46.5 -3.2335783637895035 17.339392013277813
    endloop
  endfacet
  facet normal 0 -0.8314696123025452 0.5555702330196021
    outer loop
      vertex -50.5 -3.2335783637895035 17.339392013277813
      vertex -46.5 -3.2335783637895035 17.339392013277813
      vertex -46.5 -2.4748737341529163 18.474873734152915
    endloop
  endfacet
  facet normal 0 -0.5555702330196035 0.8314696123025443
    outer loop
      vertex -50.5 -2.4748737341529163 18.474873734152915
      vertex -46.5 -2.4748737341529163 18.474873734152915
      vertex -46.5 -1.3393920132778143 19.233578363789505
    endloop
  endfacet
  facet normal 0 -0.19509032201612744 0.9807852804032305
    outer loop
      vertex -50.5 -1.3393920132778143 19.233578363789505
      vertex -46.5 -1.3393920132778143 19.233578363789505
      vertex -46.5 0 19.5
    endloop
  endfacet
  facet normal 0 0.19509032201612866 -0.9807852804032303
    outer loop
      vertex -50.5 1.3393920132778143 12.766421636210497
      vertex -46.5 1.3393920132778143 12.766421636210497
      vertex -46.5 0 12.5
    endloop
  endfacet
  facet normal 0 0.5555702330196017 -0.8314696123025456
    outer loop
      vertex -50.5 2.4748737341529163 13.525126265847083
      vertex -46.5 2.4748737341529163 13.525126265847083
      vertex -46.5 1.3393920132778143 12.766421636210497
    endloop
  endfacet
  facet normal 0 0.8314696123025452 -0.5555702330196021
    outer loop
      vertex -50.5 3.2335783637895035 14.660607986722185
      vertex -46.5 3.2335783637895035 14.660607986722185
      vertex -46.5 2.4748737341529163 13.525126265847083
    endloop
  endfacet
  facet normal 0 0.9807852804032304 -0.19509032201612833
    outer loop
      vertex -50.5 3.5 16
      vertex -46.5 3.5 16
      vertex -46.5 3.2335783637895035 14.660607986722185
    endloop
  endfacet
  facet normal 0 0.5555702330196035 0.8314696123025443
    outer loop
      vertex -50.5 1.3393920132778143 19.233578363789505
      vertex -46.5 1.3393920132778143 19.233578363789505
      vertex -46.5 2.4748737341529163 18.474873734152915
    endloop
  endfacet
  facet normal 0 0.9807852804032304 0.1950903220161286
    outer loop
      vertex -50.5 3.2335783637895035 17.339392013277813
      vertex -46.5 3.2335783637895035 17.339392013277813
      vertex -46.5 3.5 16
    endloop
  endfacet
  facet normal 0 0.8314696123025452 0.5555702330196021
    outer loop
      vertex -50.5 2.4748737341529163 18.474873734152915
      vertex -46.5 2.4748737341529163 18.474873734152915
      vertex -46.5 3.2335783637895035 17.339392013277813
    endloop
  endfacet
  facet normal 0 0.19509032201612744 0.9807852804032305
    outer loop
      vertex -50.5 0 19.5
      vertex -46.5 0 19.5
      vertex -46.5 1.3393920132778143 19.233578363789505
    endloop
  endfacet
  facet normal 0 -0.5555702330196017 -0.8314696123025456
    outer loop
      vertex 46.5 -2.4748737341529163 13.525126265847083
      vertex 46.5 -1.3393920132778143 12.766421636210497
      vertex 50.5 -2.4748737341529163 13.525126265847083
    endloop
  endfacet
  facet normal 0 -0.19509032201612866 -0.9807852804032303
    outer loop
      vertex 46.5 -1.3393920132778143 12.766421636210497
      vertex 46.5 0 12.5
      vertex 50.5 -1.3393920132778143 12.766421636210497
    endloop
  endfacet
  facet normal 0 -0.8314696123025452 -0.5555702330196021
    outer loop
      vertex 46.5 -2.4748737341529163 13.525126265847083
      vertex 50.5 -3.2335783637895035 14.660607986722185
      vertex 46.5 -3.2335783637895035 14.660607986722185
    endloop
  endfacet
  facet normal 0 -0.9807852804032304 -0.19509032201612833
    outer loop
      vertex 46.5 -3.2335783637895035 14.660607986722185
      vertex 50.5 -3.5 16
      vertex 46.5 -3.5 16
    endloop
  endfacet
  facet normal 0 -0.9807852804032304 0.1950903220161286
    outer loop
      vertex 46.5 -3.5 16
      vertex 50.5 -3.2335783637895035 17.339392013277813
      vertex 46.5 -3.2335783637895035 17.339392013277813
    endloop
  endfacet
  facet normal 0 -0.8314696123025452 0.5555702330196021
    outer loop
      vertex 46.5 -3.2335783637895035 17.339392013277813
      vertex 50.5 -2.4748737341529163 18.474873734152915
      vertex 46.5 -2.4748737341529163 18.474873734152915
    endloop
  endfacet
  facet normal 0 -0.5555702330196035 0.8314696123025443
    outer loop
      vertex 46.5 -2.4748737341529163 18.474873734152915
      vertex 50.5 -1.3393920132778143 19.233578363789505
      vertex 46.5 -1.3393920132778143 19.233578363789505
    endloop
  endfacet
  facet normal 0 -0.19509032201612744 0.9807852804032305
    outer loop
      vertex 46.5 -1.3393920132778143 19.233578363789505
      vertex 50.5 0 19.5
      vertex 46.5 0 19.5
    endloop
  endfacet
  facet normal 0 0.19509032201612866 -0.9807852804032303
    outer loop
      vertex 46.5 0 12.5
      vertex 46.5 1.3393920132778143 12.766421636210497
      vertex 50.5 0 12.5
    endloop
  endfacet
  facet normal 0 0.5555702330196017 -0.8314696123025456
    outer loop
      vertex 46.5 1.3393920132778143 12.766421636210497
      vertex 46.5 2.4748737341529163 13.525126265847083
      vertex 50.5 1.3393920132778143 12.766421636210497
    endloop
  endfacet
  facet normal 0 0.8314696123025452 -0.5555702330196021
    outer loop
      vertex 46.5 2.4748737341529163 13.525126265847083
      vertex 46.5 3.2335783637895035 14.660607986722185
      vertex 50.5 2.4748737341529163 13.525126265847083
    endloop
  endfacet
  facet normal 0 0.9807852804032304 -0.19509032201612833
    outer loop
      vertex 46.5 3.2335783637895035 14.660607986722185
      vertex 46.5 3.5 16
      vertex 50.5 3.2335783637895035 14.660607986722185
    endloop
  endfacet
  facet normal 0 0.9807852804032304 0.1950903220161286
    outer loop
      vertex 46.5 3.5 16
      vertex 46.5 3.2335783637895035 17.339392013277813
      vertex 50.5 3.5 16
    endloop
  endfacet
  facet normal 0 0.8314696123025452 0.5555702330196021
    outer loop
      vertex 46.5 3.2335783637895035 17.339392013277813
      vertex 46.5 2.4748737341529163 18.474873734152915
      vertex 50.5 3.2335783637895035 17.339392013277813
    endloop
  endfacet
  facet normal 0 0.5555702330196035 0.8314696123025443
    outer loop
      vertex 46.5 2.4748737341529163 18.474873734152915
      vertex 46.5 1.3393920132778143 19.233578363789505
      vertex 50.5 2.4748737341529163 18.474873734152915
    endloop
  endfacet
  facet normal 0 0.19509032201612744 0.9807852804032305
    outer loop
      vertex 46.5 0 19.5
      vertex 50.5 1.3393920132778143 19.233578363789505
      vertex 46.5 1.3393920132778143 19.233578363789505
    endloop
  endfacet
  facet normal 0 -0.5555702330196017 -0.8314696123025456
    outer loop
      vertex 46.5 -1.3393920132778143 12.766421636210497
      vertex 50.5 -1.3393920132778143 12.766421636210497
      vertex 50.5 -2.4748737341529163 13.525126265847083
    endloop
  endfacet
  facet normal 0 -0.19509032201612866 -0.9807852804032303
    outer loop
      vertex 46.5 0 12.5
      vertex 50.5 0 12.5
      vertex 50.5 -1.3393920132778143 12.766421636210497
    endloop
  endfacet
  facet normal 0 -0.5555702330196017 -0.8314696123025456
    outer loop
      vertex 53 -2.4748737341529163 13.525126265847083
      vertex 53 -1.3393920132778143 12.766421636210497
      vertex 56.5 -2.4748737341529163 13.525126265847083
    endloop
  endfacet
  facet normal 0 -0.1950903220161287 -0.9807852804032303
    outer loop
      vertex 53 -1.3393920132778143 12.766421636210497
      vertex 53 0 12.5
      vertex 56.5 -1.3393920132778143 12.766421636210497
    endloop
  endfacet
  facet normal 0 -0.5555702330196017 -0.8314696123025456
    outer loop
      vertex 53 -1.3393920132778143 12.766421636210497
      vertex 56.5 -1.3393920132778143 12.766421636210497
      vertex 56.5 -2.4748737341529163 13.525126265847083
    endloop
  endfacet
  facet normal 0 -0.1950903220161287 -0.9807852804032303
    outer loop
      vertex 56.5 -1.3393920132778143 12.766421636210497
      vertex 53 0 12.5
      vertex 56.5 0 12.5
    endloop
  endfacet
  facet normal 0 -0.9807852804032304 -0.19509032201612833
    outer loop
      vertex 46.5 -3.2335783637895035 14.660607986722185
      vertex 50.5 -3.2335783637895035 14.660607986722185
      vertex 50.5 -3.5 16
    endloop
  endfacet
  facet normal 0 -0.8314696123025452 -0.5555702330196021
    outer loop
      vertex 46.5 -2.4748737341529163 13.525126265847083
      vertex 50.5 -2.4748737341529163 13.525126265847083
      vertex 50.5 -3.2335783637895035 14.660607986722185
    endloop
  endfacet
  facet normal 0 -0.8314696123025453 -0.5555702330196021
    outer loop
      vertex 53 -2.4748737341529163 13.525126265847083
      vertex 56.5 -3.2335783637895035 14.660607986722185
      vertex 53 -3.2335783637895035 14.660607986722185
    endloop
  endfacet
  facet normal 0 -0.9807852804032303 -0.19509032201612833
    outer loop
      vertex 53 -3.2335783637895035 14.660607986722185
      vertex 56.5 -3.5 16
      vertex 53 -3.5 16
    endloop
  endfacet
  facet normal 0 -0.9807852804032303 -0.19509032201612833
    outer loop
      vertex 53 -3.2335783637895035 14.660607986722185
      vertex 56.5 -3.2335783637895035 14.660607986722185
      vertex 56.5 -3.5 16
    endloop
  endfacet
  facet normal 0 -0.8314696123025453 -0.5555702330196021
    outer loop
      vertex 53 -2.4748737341529163 13.525126265847083
      vertex 56.5 -2.4748737341529163 13.525126265847083
      vertex 56.5 -3.2335783637895035 14.660607986722185
    endloop
  endfacet
  facet normal 0 -0.5555702330196017 -0.8314696123025456
    outer loop
      vertex 59 -2.4748737341529163 13.525126265847083
      vertex 59 -1.3393920132778143 12.766421636210497
      vertex 62.5 -2.4748737341529163 13.525126265847083
    endloop
  endfacet
  facet normal 0 -0.1950903220161287 -0.9807852804032303
    outer loop
      vertex 59 -1.3393920132778143 12.766421636210497
      vertex 59 0 12.5
      vertex 62.5 -1.3393920132778143 12.766421636210497
    endloop
  endfacet
  facet normal 0 -0.5555702330196017 -0.8314696123025456
    outer loop
      vertex 59 -1.3393920132778143 12.766421636210497
      vertex 62.5 -1.3393920132778143 12.766421636210497
      vertex 62.5 -2.4748737341529163 13.525126265847083
    endloop
  endfacet
  facet normal 0 -0.1950903220161287 -0.9807852804032303
    outer loop
      vertex 62.5 -1.3393920132778143 12.766421636210497
      vertex 59 0 12.5
      vertex 62.5 0 12.5
    endloop
  endfacet
  facet normal 0 -0.8314696123025453 -0.5555702330196021
    outer loop
      vertex 59 -2.4748737341529163 13.525126265847083
      vertex 62.5 -3.2335783637895035 14.660607986722185
      vertex 59 -3.2335783637895035 14.660607986722185
    endloop
  endfacet
  facet normal 0 -0.9807852804032303 -0.19509032201612833
    outer loop
      vertex 59 -3.2335783637895035 14.660607986722185
      vertex 62.5 -3.5 16
      vertex 59 -3.5 16
    endloop
  endfacet
  facet normal 0 -0.9807852804032303 -0.19509032201612833
    outer loop
      vertex 59 -3.2335783637895035 14.660607986722185
      vertex 62.5 -3.2335783637895035 14.660607986722185
      vertex 62.5 -3.5 16
    endloop
  endfacet
  facet normal 0 -0.8314696123025453 -0.5555702330196021
    outer loop
      vertex 59 -2.4748737341529163 13.525126265847083
      vertex 62.5 -2.4748737341529163 13.525126265847083
      vertex 62.5 -3.2335783637895035 14.660607986722185
    endloop
  endfacet
  facet normal 0 -0.9807852804032304 0.1950903220161286
    outer loop
      vertex 46.5 -3.5 16
      vertex 50.5 -3.5 16
      vertex 50.5 -3.2335783637895035 17.339392013277813
    endloop
  endfacet
  facet normal 0 -0.8314696123025452 0.5555702330196021
    outer loop
      vertex 46.5 -3.2335783637895035 17.339392013277813
      vertex 50.5 -3.2335783637895035 17.339392013277813
      vertex 50.5 -2.4748737341529163 18.474873734152915
    endloop
  endfacet
  facet normal 0 -0.5555702330196035 0.8314696123025443
    outer loop
      vertex 46.5 -2.4748737341529163 18.474873734152915
      vertex 50.5 -2.4748737341529163 18.474873734152915
      vertex 50.5 -1.3393920132778143 19.233578363789505
    endloop
  endfacet
  facet normal 0 -0.9807852804032303 0.19509032201612858
    outer loop
      vertex 53 -3.5 16
      vertex 56.5 -3.2335783637895035 17.339392013277813
      vertex 53 -3.2335783637895035 17.339392013277813
    endloop
  endfacet
  facet normal 0 -0.9807852804032303 0.19509032201612858
    outer loop
      vertex 53 -3.5 16
      vertex 56.5 -3.5 16
      vertex 56.5 -3.2335783637895035 17.339392013277813
    endloop
  endfacet
  facet normal 0 -0.8314696123025453 0.5555702330196021
    outer loop
      vertex 53 -3.2335783637895035 17.339392013277813
      vertex 56.5 -3.2335783637895035 17.339392013277813
      vertex 56.5 -2.4748737341529163 18.474873734152915
    endloop
  endfacet
  facet normal 0 -0.8314696123025453 0.5555702330196021
    outer loop
      vertex 53 -3.2335783637895035 17.339392013277813
      vertex 56.5 -2.4748737341529163 18.474873734152915
      vertex 53 -2.4748737341529163 18.474873734152915
    endloop
  endfacet
  facet normal 0 -0.5555702330196035 0.8314696123025443
    outer loop
      vertex 53 -2.4748737341529163 18.474873734152915
      vertex 56.5 -1.3393920132778143 19.233578363789505
      vertex 53 -1.3393920132778143 19.233578363789505
    endloop
  endfacet
  facet normal 0 -0.5555702330196035 0.8314696123025443
    outer loop
      vertex 53 -2.4748737341529163 18.474873734152915
      vertex 56.5 -2.4748737341529163 18.474873734152915
      vertex 56.5 -1.3393920132778143 19.233578363789505
    endloop
  endfacet
  facet normal 0 -0.19509032201612744 0.9807852804032305
    outer loop
      vertex 46.5 -1.3393920132778143 19.233578363789505
      vertex 50.5 -1.3393920132778143 19.233578363789505
      vertex 50.5 0 19.5
    endloop
  endfacet
  facet normal 0 -0.19509032201612747 0.9807852804032308
    outer loop
      vertex 53 -1.3393920132778143 19.233578363789505
      vertex 56.5 0 19.5
      vertex 53 0 19.5
    endloop
  endfacet
  facet normal 0 -0.19509032201612747 0.9807852804032308
    outer loop
      vertex 53 -1.3393920132778143 19.233578363789505
      vertex 56.5 -1.3393920132778143 19.233578363789505
      vertex 56.5 0 19.5
    endloop
  endfacet
  facet normal 0 -0.9807852804032303 0.19509032201612858
    outer loop
      vertex 59 -3.5 16
      vertex 62.5 -3.2335783637895035 17.339392013277813
      vertex 59 -3.2335783637895035 17.339392013277813
    endloop
  endfacet
  facet normal 0 -0.8314696123025453 0.5555702330196021
    outer loop
      vertex 59 -3.2335783637895035 17.339392013277813
      vertex 62.5 -2.4748737341529163 18.474873734152915
      vertex 59 -2.4748737341529163 18.474873734152915
    endloop
  endfacet
  facet normal 0 -0.5555702330196035 0.8314696123025443
    outer loop
      vertex 59 -2.4748737341529163 18.474873734152915
      vertex 62.5 -1.3393920132778143 19.233578363789505
      vertex 59 -1.3393920132778143 19.233578363789505
    endloop
  endfacet
  facet normal 0 -0.9807852804032303 0.19509032201612858
    outer loop
      vertex 59 -3.5 16
      vertex 62.5 -3.5 16
      vertex 62.5 -3.2335783637895035 17.339392013277813
    endloop
  endfacet
  facet normal 0 -0.8314696123025453 0.5555702330196021
    outer loop
      vertex 59 -3.2335783637895035 17.339392013277813
      vertex 62.5 -3.2335783637895035 17.339392013277813
      vertex 62.5 -2.4748737341529163 18.474873734152915
    endloop
  endfacet
  facet normal 0 -0.5555702330196035 0.8314696123025443
    outer loop
      vertex 59 -2.4748737341529163 18.474873734152915
      vertex 62.5 -2.4748737341529163 18.474873734152915
      vertex 62.5 -1.3393920132778143 19.233578363789505
    endloop
  endfacet
  facet normal 0 -0.19509032201612747 0.9807852804032308
    outer loop
      vertex 59 -1.3393920132778143 19.233578363789505
      vertex 62.5 0 19.5
      vertex 59 0 19.5
    endloop
  endfacet
  facet normal 0 -0.19509032201612747 0.9807852804032308
    outer loop
      vertex 59 -1.3393920132778143 19.233578363789505
      vertex 62.5 -1.3393920132778143 19.233578363789505
      vertex 62.5 0 19.5
    endloop
  endfacet
  facet normal 0 0.19509032201612866 -0.9807852804032303
    outer loop
      vertex 46.5 1.3393920132778143 12.766421636210497
      vertex 50.5 1.3393920132778143 12.766421636210497
      vertex 50.5 0 12.5
    endloop
  endfacet
  facet normal 0 0.5555702330196017 -0.8314696123025456
    outer loop
      vertex 46.5 2.4748737341529163 13.525126265847083
      vertex 50.5 2.4748737341529163 13.525126265847083
      vertex 50.5 1.3393920132778143 12.766421636210497
    endloop
  endfacet
  facet normal 0 0.1950903220161287 -0.9807852804032303
    outer loop
      vertex 53 0 12.5
      vertex 53 1.3393920132778143 12.766421636210497
      vertex 56.5 0 12.5
    endloop
  endfacet
  facet normal 0 0.5555702330196017 -0.8314696123025456
    outer loop
      vertex 53 1.3393920132778143 12.766421636210497
      vertex 53 2.4748737341529163 13.525126265847083
      vertex 56.5 1.3393920132778143 12.766421636210497
    endloop
  endfacet
  facet normal 0 0.1950903220161287 -0.9807852804032303
    outer loop
      vertex 53 1.3393920132778143 12.766421636210497
      vertex 56.5 1.3393920132778143 12.766421636210497
      vertex 56.5 0 12.5
    endloop
  endfacet
  facet normal 0 0.5555702330196017 -0.8314696123025456
    outer loop
      vertex 56.5 1.3393920132778143 12.766421636210497
      vertex 53 2.4748737341529163 13.525126265847083
      vertex 56.5 2.4748737341529163 13.525126265847083
    endloop
  endfacet
  facet normal 0 0.8314696123025452 -0.5555702330196021
    outer loop
      vertex 46.5 3.2335783637895035 14.660607986722185
      vertex 50.5 3.2335783637895035 14.660607986722185
      vertex 50.5 2.4748737341529163 13.525126265847083
    endloop
  endfacet
  facet normal 0 0.9807852804032304 -0.19509032201612833
    outer loop
      vertex 46.5 3.5 16
      vertex 50.5 3.5 16
      vertex 50.5 3.2335783637895035 14.660607986722185
    endloop
  endfacet
  facet normal 0 0.8314696123025453 -0.5555702330196021
    outer loop
      vertex 53 2.4748737341529163 13.525126265847083
      vertex 53 3.2335783637895035 14.660607986722185
      vertex 56.5 2.4748737341529163 13.525126265847083
    endloop
  endfacet
  facet normal 0 0.8314696123025453 -0.5555702330196021
    outer loop
      vertex 56.5 2.4748737341529163 13.525126265847083
      vertex 53 3.2335783637895035 14.660607986722185
      vertex 56.5 3.2335783637895035 14.660607986722185
    endloop
  endfacet
  facet normal 0 0.9807852804032303 -0.19509032201612833
    outer loop
      vertex 53 3.2335783637895035 14.660607986722185
      vertex 53 3.5 16
      vertex 56.5 3.2335783637895035 14.660607986722185
    endloop
  endfacet
  facet normal 0 0.9807852804032303 -0.19509032201612833
    outer loop
      vertex 56.5 3.2335783637895035 14.660607986722185
      vertex 53 3.5 16
      vertex 56.5 3.5 16
    endloop
  endfacet
  facet normal 0 0.1950903220161287 -0.9807852804032303
    outer loop
      vertex 59 0 12.5
      vertex 59 1.3393920132778143 12.766421636210497
      vertex 62.5 0 12.5
    endloop
  endfacet
  facet normal 0 0.5555702330196017 -0.8314696123025456
    outer loop
      vertex 59 1.3393920132778143 12.766421636210497
      vertex 59 2.4748737341529163 13.525126265847083
      vertex 62.5 1.3393920132778143 12.766421636210497
    endloop
  endfacet
  facet normal 0 0.1950903220161287 -0.9807852804032303
    outer loop
      vertex 59 1.3393920132778143 12.766421636210497
      vertex 62.5 1.3393920132778143 12.766421636210497
      vertex 62.5 0 12.5
    endloop
  endfacet
  facet normal 0 0.5555702330196017 -0.8314696123025456
    outer loop
      vertex 59 2.4748737341529163 13.525126265847083
      vertex 62.5 2.4748737341529163 13.525126265847083
      vertex 62.5 1.3393920132778143 12.766421636210497
    endloop
  endfacet
  facet normal 0 0.8314696123025453 -0.5555702330196021
    outer loop
      vertex 59 2.4748737341529163 13.525126265847083
      vertex 59 3.2335783637895035 14.660607986722185
      vertex 62.5 2.4748737341529163 13.525126265847083
    endloop
  endfacet
  facet normal 0 0.9807852804032303 -0.19509032201612833
    outer loop
      vertex 59 3.2335783637895035 14.660607986722185
      vertex 59 3.5 16
      vertex 62.5 3.2335783637895035 14.660607986722185
    endloop
  endfacet
  facet normal 0 0.8314696123025453 -0.5555702330196021
    outer loop
      vertex 62.5 2.4748737341529163 13.525126265847083
      vertex 59 3.2335783637895035 14.660607986722185
      vertex 62.5 3.2335783637895035 14.660607986722185
    endloop
  endfacet
  facet normal 0 0.9807852804032303 -0.19509032201612833
    outer loop
      vertex 59 3.5 16
      vertex 62.5 3.5 16
      vertex 62.5 3.2335783637895035 14.660607986722185
    endloop
  endfacet
  facet normal 0 0.5555702330196035 0.8314696123025443
    outer loop
      vertex 46.5 1.3393920132778143 19.233578363789505
      vertex 50.5 1.3393920132778143 19.233578363789505
      vertex 50.5 2.4748737341529163 18.474873734152915
    endloop
  endfacet
  facet normal 0 0.9807852804032304 0.1950903220161286
    outer loop
      vertex 46.5 3.2335783637895035 17.339392013277813
      vertex 50.5 3.2335783637895035 17.339392013277813
      vertex 50.5 3.5 16
    endloop
  endfacet
  facet normal 0 0.8314696123025452 0.5555702330196021
    outer loop
      vertex 46.5 2.4748737341529163 18.474873734152915
      vertex 50.5 2.4748737341529163 18.474873734152915
      vertex 50.5 3.2335783637895035 17.339392013277813
    endloop
  endfacet
  facet normal 0 0.5555702330196035 0.8314696123025443
    outer loop
      vertex 56.5 2.4748737341529163 18.474873734152915
      vertex 53 1.3393920132778143 19.233578363789505
      vertex 56.5 1.3393920132778143 19.233578363789505
    endloop
  endfacet
  facet normal 0 0.9807852804032303 0.19509032201612858
    outer loop
      vertex 53 3.5 16
      vertex 53 3.2335783637895035 17.339392013277813
      vertex 56.5 3.5 16
    endloop
  endfacet
  facet normal 0 0.9807852804032303 0.19509032201612858
    outer loop
      vertex 56.5 3.5 16
      vertex 53 3.2335783637895035 17.339392013277813
      vertex 56.5 3.2335783637895035 17.339392013277813
    endloop
  endfacet
  facet normal 0 0.8314696123025453 0.5555702330196021
    outer loop
      vertex 53 3.2335783637895035 17.339392013277813
      vertex 53 2.4748737341529163 18.474873734152915
      vertex 56.5 3.2335783637895035 17.339392013277813
    endloop
  endfacet
  facet normal 0 0.5555702330196035 0.8314696123025443
    outer loop
      vertex 53 2.4748737341529163 18.474873734152915
      vertex 53 1.3393920132778143 19.233578363789505
      vertex 56.5 2.4748737341529163 18.474873734152915
    endloop
  endfacet
  facet normal 0 0.8314696123025453 0.5555702330196021
    outer loop
      vertex 56.5 3.2335783637895035 17.339392013277813
      vertex 53 2.4748737341529163 18.474873734152915
      vertex 56.5 2.4748737341529163 18.474873734152915
    endloop
  endfacet
  facet normal 0 0.19509032201612744 0.9807852804032305
    outer loop
      vertex 46.5 0 19.5
      vertex 50.5 0 19.5
      vertex 50.5 1.3393920132778143 19.233578363789505
    endloop
  endfacet
  facet normal 0 0.19509032201612747 0.9807852804032308
    outer loop
      vertex 53 0 19.5
      vertex 56.5 1.3393920132778143 19.233578363789505
      vertex 53 1.3393920132778143 19.233578363789505
    endloop
  endfacet
  facet normal 0 0.19509032201612747 0.9807852804032308
    outer loop
      vertex 53 0 19.5
      vertex 56.5 0 19.5
      vertex 56.5 1.3393920132778143 19.233578363789505
    endloop
  endfacet
  facet normal 0 0.9807852804032303 0.19509032201612858
    outer loop
      vertex 59 3.5 16
      vertex 59 3.2335783637895035 17.339392013277813
      vertex 62.5 3.5 16
    endloop
  endfacet
  facet normal 0 0.8314696123025453 0.5555702330196021
    outer loop
      vertex 59 3.2335783637895035 17.339392013277813
      vertex 59 2.4748737341529163 18.474873734152915
      vertex 62.5 3.2335783637895035 17.339392013277813
    endloop
  endfacet
  facet normal 0 0.5555702330196035 0.8314696123025443
    outer loop
      vertex 59 2.4748737341529163 18.474873734152915
      vertex 59 1.3393920132778143 19.233578363789505
      vertex 62.5 2.4748737341529163 18.474873734152915
    endloop
  endfacet
  facet normal 0 0.5555702330196035 0.8314696123025443
    outer loop
      vertex 62.5 2.4748737341529163 18.474873734152915
      vertex 59 1.3393920132778143 19.233578363789505
      vertex 62.5 1.3393920132778143 19.233578363789505
    endloop
  endfacet
  facet normal 0 0.9807852804032303 0.19509032201612858
    outer loop
      vertex 62.5 3.5 16
      vertex 59 3.2335783637895035 17.339392013277813
      vertex 62.5 3.2335783637895035 17.339392013277813
    endloop
  endfacet
  facet normal 0 0.8314696123025453 0.5555702330196021
    outer loop
      vertex 59 2.4748737341529163 18.474873734152915
      vertex 62.5 2.4748737341529163 18.474873734152915
      vertex 62.5 3.2335783637895035 17.339392013277813
    endloop
  endfacet
  facet normal 0 0.19509032201612747 0.9807852804032308
    outer loop
      vertex 59 0 19.5
      vertex 62.5 1.3393920132778143 19.233578363789505
      vertex 59 1.3393920132778143 19.233578363789505
    endloop
  endfacet
  facet normal 0 0.19509032201612747 0.9807852804032308
    outer loop
      vertex 59 0 19.5
      vertex 62.5 0 19.5
      vertex 62.5 1.3393920132778143 19.233578363789505
    endloop
  endfacet
  facet normal 0 -0.5 -0.8660254037844386
    outer loop
      vertex 46.5 -7.361215932167728 11.75
      vertex 41.5 -7.361215932167728 11.75
      vertex 41.5 0 7.5
    endloop
  endfacet
  facet normal 0 -0.5 -0.8660254037844386
    outer loop
      vertex 46.5 0 7.5
      vertex 46.5 -7.361215932167728 11.75
      vertex 41.5 0 7.5
    endloop
  endfacet
  facet normal -1 0 0
    outer loop
      vertex 41.5 -7.361215932167728 11.75
      vertex 41.5 7.361215932167728 11.75
      vertex 41.5 0 7.5
    endloop
  endfacet
  facet normal 0 0.5 -0.8660254037844386
    outer loop
      vertex 46.5 0 7.5
      vertex 41.5 0 7.5
      vertex 41.5 7.361215932167728 11.75
    endloop
  endfacet
  facet normal 1 0 0
    outer loop
      vertex 46.5 0 7.5
      vertex 46.5 7.361215932167728 11.75
      vertex 46.5 -7.361215932167728 11.75
    endloop
  endfacet
  facet normal 0 0.5 -0.8660254037844386
    outer loop
      vertex 46.5 0 7.5
      vertex 41.5 7.361215932167728 11.75
      vertex 46.5 7.361215932167728 11.75
    endloop
  endfacet
  facet normal 0 -1 0
    outer loop
      vertex 46.5 -7.361215932167728 11.75
      vertex 41.5 -7.361215932167728 20.25
      vertex 41.5 -7.361215932167728 11.75
    endloop
  endfacet
  facet normal 1 0 0
    outer loop
      vertex 46.5 -7.361215932167728 11.75
      vertex 46.5 -3.5 16
      vertex 46.5 -7.361215932167728 20.25
    endloop
  endfacet
  facet normal 1 0 0
    outer loop
      vertex 46.5 -7.361215932167728 11.75
      vertex 46.5 -2.4748737341529163 13.525126265847083
      vertex 46.5 -3.2335783637895035 14.660607986722185
    endloop
  endfacet
  facet normal 1 0 0
    outer loop
      vertex 46.5 -7.361215932167728 11.75
      vertex 46.5 -1.3393920132778143 12.766421636210497
      vertex 46.5 -2.4748737341529163 13.525126265847083
    endloop
  endfacet
  facet normal 1 0 0
    outer loop
      vertex 46.5 -7.361215932167728 11.75
      vertex 46.5 0 12.5
      vertex 46.5 -1.3393920132778143 12.766421636210497
    endloop
  endfacet
  facet normal -1 0 0
    outer loop
      vertex 41.5 7.361215932167728 11.75
      vertex 41.5 -7.361215932167728 11.75
      vertex 41.5 -7.361215932167728 20.25
    endloop
  endfacet
  facet normal 1 0 0
    outer loop
      vertex 46.5 -7.361215932167728 11.75
      vertex 46.5 -3.2335783637895035 14.660607986722185
      vertex 46.5 -3.5 16
    endloop
  endfacet
  facet normal 0 -1 0
    outer loop
      vertex 46.5 -7.361215932167728 11.75
      vertex 46.5 -7.361215932167728 20.25
      vertex 41.5 -7.361215932167728 20.25
    endloop
  endfacet
  facet normal 1 0 0
    outer loop
      vertex 46.5 -3.5 16
      vertex 46.5 -3.2335783637895035 17.339392013277813
      vertex 46.5 -7.361215932167728 20.25
    endloop
  endfacet
  facet normal 1 0 0
    outer loop
      vertex 46.5 -7.361215932167728 20.25
      vertex 46.5 -3.2335783637895035 17.339392013277813
      vertex 46.5 -2.4748737341529163 18.474873734152915
    endloop
  endfacet
  facet normal 1 0 0
    outer loop
      vertex 46.5 -7.361215932167728 20.25
      vertex 46.5 -2.4748737341529163 18.474873734152915
      vertex 46.5 -1.3393920132778143 19.233578363789505
    endloop
  endfacet
  facet normal 1 0 0
    outer loop
      vertex 46.5 -7.361215932167728 20.25
      vertex 46.5 -1.3393920132778143 19.233578363789505
      vertex 46.5 0 19.5
    endloop
  endfacet
  facet normal 0 -0.5 0.8660254037844386
    outer loop
      vertex 46.5 -7.361215932167728 20.25
      vertex 46.5 0 24.5
      vertex 41.5 -7.361215932167728 20.25
    endloop
  endfacet
  facet normal 1 0 0
    outer loop
      vertex 46.5 -7.361215932167728 11.75
      vertex 46.5 7.361215932167728 11.75
      vertex 46.5 0 12.5
    endloop
  endfacet
  facet normal 1 0 0
    outer loop
      vertex 46.5 0 12.5
      vertex 46.5 7.361215932167728 11.75
      vertex 46.5 1.3393920132778143 12.766421636210497
    endloop
  endfacet
  facet normal 1 0 0
    outer loop
      vertex 46.5 1.3393920132778143 12.766421636210497
      vertex 46.5 7.361215932167728 11.75
      vertex 46.5 2.4748737341529163 13.525126265847083
    endloop
  endfacet
  facet normal 1 0 0
    outer loop
      vertex 46.5 2.4748737341529163 13.525126265847083
      vertex 46.5 7.361215932167728 11.75
      vertex 46.5 3.2335783637895035 14.660607986722185
    endloop
  endfacet
  facet normal 1 0 0
    outer loop
      vertex 46.5 3.2335783637895035 14.660607986722185
      vertex 46.5 7.361215932167728 11.75
      vertex 46.5 3.5 16
    endloop
  endfacet
  facet normal 1 0 0
    outer loop
      vertex 46.5 3.5 16
      vertex 46.5 7.361215932167728 11.75
      vertex 46.5 7.361215932167728 20.25
    endloop
  endfacet
  facet normal 0 1 0
    outer loop
      vertex 46.5 7.361215932167728 11.75
      vertex 41.5 7.361215932167728 11.75
      vertex 46.5 7.361215932167728 20.25
    endloop
  endfacet
  facet normal -1 0 0
    outer loop
      vertex 41.5 7.361215932167728 11.75
      vertex 41.5 -7.361215932167728 20.25
      vertex 41.5 7.361215932167728 20.25
    endloop
  endfacet
  facet normal 1 0 0
    outer loop
      vertex 46.5 3.2335783637895035 17.339392013277813
      vertex 46.5 7.361215932167728 20.25
      vertex 46.5 2.4748737341529163 18.474873734152915
    endloop
  endfacet
  facet normal -1 0 0
    outer loop
      vertex 41.5 -7.361215932167728 20.25
      vertex 41.5 0 24.5
      vertex 41.5 7.361215932167728 20.25
    endloop
  endfacet
  facet normal 1 0 0
    outer loop
      vertex 46.5 -7.361215932167728 20.25
      vertex 46.5 0 19.5
      vertex 46.5 7.361215932167728 20.25
    endloop
  endfacet
  facet normal 1 0 0
    outer loop
      vertex 46.5 -7.361215932167728 20.25
      vertex 46.5 7.361215932167728 20.25
      vertex 46.5 0 24.5
    endloop
  endfacet
  facet normal 1 0 0
    outer loop
      vertex 46.5 0 19.5
      vertex 46.5 1.3393920132778143 19.233578363789505
      vertex 46.5 7.361215932167728 20.25
    endloop
  endfacet
  facet normal 1 0 0
    outer loop
      vertex 46.5 2.4748737341529163 18.474873734152915
      vertex 46.5 7.361215932167728 20.25
      vertex 46.5 1.3393920132778143 19.233578363789505
    endloop
  endfacet
  facet normal 0 1 0
    outer loop
      vertex 46.5 7.361215932167728 20.25
      vertex 41.5 7.361215932167728 11.75
      vertex 41.5 7.361215932167728 20.25
    endloop
  endfacet
  facet normal 1 0 0
    outer loop
      vertex 46.5 3.5 16
      vertex 46.5 7.361215932167728 20.25
      vertex 46.5 3.2335783637895035 17.339392013277813
    endloop
  endfacet
  facet normal 0 0.5 0.8660254037844386
    outer loop
      vertex 46.5 7.361215932167728 20.25
      vertex 41.5 7.361215932167728 20.25
      vertex 41.5 0 24.5
    endloop
  endfacet
  facet normal 0 -0.5 0.8660254037844386
    outer loop
      vertex 46.5 0 24.5
      vertex 41.5 0 24.5
      vertex 41.5 -7.361215932167728 20.25
    endloop
  endfacet
  facet normal 0 0.5 0.8660254037844386
    outer loop
      vertex 46.5 7.361215932167728 20.25
      vertex 41.5 0 24.5
      vertex 46.5 0 24.5
    endloop
  endfacet
  facet normal 0 -0.5 -0.8660254037844386
    outer loop
      vertex -46.5 0 7.5
      vertex -41.5 -7.361215932167728 11.75
      vertex -46.5 -7.361215932167728 11.75
    endloop
  endfacet
  facet normal 0 -0.5 -0.8660254037844386
    outer loop
      vertex -46.5 0 7.5
      vertex -41.5 0 7.5
      vertex -41.5 -7.361215932167728 11.75
    endloop
  endfacet
  facet normal -1 0 0
    outer loop
      vertex -46.5 0 7.5
      vertex -46.5 -7.361215932167728 11.75
      vertex -46.5 7.361215932167728 11.75
    endloop
  endfacet
  facet normal 0 0.5 -0.8660254037844386
    outer loop
      vertex -46.5 0 7.5
      vertex -46.5 7.361215932167728 11.75
      vertex -41.5 0 7.5
    endloop
  endfacet
  facet normal 1 0 0
    outer loop
      vertex -41.5 -7.361215932167728 11.75
      vertex -41.5 0 7.5
      vertex -41.5 7.361215932167728 11.75
    endloop
  endfacet
  facet normal 0 0.5 -0.8660254037844386
    outer loop
      vertex -46.5 7.361215932167728 11.75
      vertex -41.5 7.361215932167728 11.75
      vertex -41.5 0 7.5
    endloop
  endfacet
  facet normal 0 -1 0
    outer loop
      vertex -46.5 -7.361215932167728 11.75
      vertex -41.5 -7.361215932167728 11.75
      vertex -46.5 -7.361215932167728 20.25
    endloop
  endfacet
  facet normal -1 0 0
    outer loop
      vertex -46.5 -7.361215932167728 11.75
      vertex -46.5 -7.361215932167728 20.25
      vertex -46.5 -3.5 16
    endloop
  endfacet
  facet normal -1 0 0
    outer loop
      vertex -46.5 -7.361215932167728 11.75
      vertex -46.5 -3.2335783637895035 14.660607986722185
      vertex -46.5 -2.4748737341529163 13.525126265847083
    endloop
  endfacet
  facet normal -1 0 0
    outer loop
      vertex -46.5 -7.361215932167728 11.75
      vertex -46.5 -2.4748737341529163 13.525126265847083
      vertex -46.5 -1.3393920132778143 12.766421636210497
    endloop
  endfacet
  facet normal -1 0 0
    outer loop
      vertex -46.5 -7.361215932167728 11.75
      vertex -46.5 -1.3393920132778143 12.766421636210497
      vertex -46.5 0 12.5
    endloop
  endfacet
  facet normal -1 0 0
    outer loop
      vertex -46.5 -7.361215932167728 11.75
      vertex -46.5 -3.5 16
      vertex -46.5 -3.2335783637895035 14.660607986722185
    endloop
  endfacet
  facet normal 0 -1 0
    outer loop
      vertex -46.5 -7.361215932167728 20.25
      vertex -41.5 -7.361215932167728 11.75
      vertex -41.5 -7.361215932167728 20.25
    endloop
  endfacet
  facet normal -1 0 0
    outer loop
      vertex -46.5 -3.5 16
      vertex -46.5 -7.361215932167728 20.25
      vertex -46.5 -3.2335783637895035 17.339392013277813
    endloop
  endfacet
  facet normal -1 0 0
    outer loop
      vertex -46.5 -7.361215932167728 20.25
      vertex -46.5 -2.4748737341529163 18.474873734152915
      vertex -46.5 -3.2335783637895035 17.339392013277813
    endloop
  endfacet
  facet normal 1 0 0
    outer loop
      vertex -41.5 -7.361215932167728 11.75
      vertex -41.5 7.361215932167728 20.25
      vertex -41.5 -7.361215932167728 20.25
    endloop
  endfacet
  facet normal -1 0 0
    outer loop
      vertex -46.5 -7.361215932167728 20.25
      vertex -46.5 -1.3393920132778143 19.233578363789505
      vertex -46.5 -2.4748737341529163 18.474873734152915
    endloop
  endfacet
  facet normal -1 0 0
    outer loop
      vertex -46.5 -7.361215932167728 20.25
      vertex -46.5 0 19.5
      vertex -46.5 -1.3393920132778143 19.233578363789505
    endloop
  endfacet
  facet normal 0 -0.5 0.8660254037844386
    outer loop
      vertex -46.5 -7.361215932167728 20.25
      vertex -41.5 -7.361215932167728 20.25
      vertex -41.5 0 24.5
    endloop
  endfacet
  facet normal -1 0 0
    outer loop
      vertex -46.5 -7.361215932167728 11.75
      vertex -46.5 0 12.5
      vertex -46.5 7.361215932167728 11.75
    endloop
  endfacet
  facet normal -1 0 0
    outer loop
      vertex -46.5 0 12.5
      vertex -46.5 1.3393920132778143 12.766421636210497
      vertex -46.5 7.361215932167728 11.75
    endloop
  endfacet
  facet normal -1 0 0
    outer loop
      vertex -46.5 1.3393920132778143 12.766421636210497
      vertex -46.5 2.4748737341529163 13.525126265847083
      vertex -46.5 7.361215932167728 11.75
    endloop
  endfacet
  facet normal -1 0 0
    outer loop
      vertex -46.5 2.4748737341529163 13.525126265847083
      vertex -46.5 3.2335783637895035 14.660607986722185
      vertex -46.5 7.361215932167728 11.75
    endloop
  endfacet
  facet normal 1 0 0
    outer loop
      vertex -41.5 7.361215932167728 20.25
      vertex -41.5 -7.361215932167728 11.75
      vertex -41.5 7.361215932167728 11.75
    endloop
  endfacet
  facet normal -1 0 0
    outer loop
      vertex -46.5 3.2335783637895035 14.660607986722185
      vertex -46.5 3.5 16
      vertex -46.5 7.361215932167728 11.75
    endloop
  endfacet
  facet normal -1 0 0
    outer loop
      vertex -46.5 3.5 16
      vertex -46.5 7.361215932167728 20.25
      vertex -46.5 7.361215932167728 11.75
    endloop
  endfacet
  facet normal 0 1 0
    outer loop
      vertex -46.5 7.361215932167728 11.75
      vertex -41.5 7.361215932167728 20.25
      vertex -41.5 7.361215932167728 11.75
    endloop
  endfacet
  facet normal -1 0 0
    outer loop
      vertex -46.5 3.2335783637895035 17.339392013277813
      vertex -46.5 2.4748737341529163 18.474873734152915
      vertex -46.5 7.361215932167728 20.25
    endloop
  endfacet
  facet normal -1 0 0
    outer loop
      vertex -46.5 -7.361215932167728 20.25
      vertex -46.5 7.361215932167728 20.25
      vertex -46.5 0 19.5
    endloop
  endfacet
  facet normal -1 0 0
    outer loop
      vertex -46.5 -7.361215932167728 20.25
      vertex -46.5 0 24.5
      vertex -46.5 7.361215932167728 20.25
    endloop
  endfacet
  facet normal -1 0 0
    outer loop
      vertex -46.5 0 19.5
      vertex -46.5 7.361215932167728 20.25
      vertex -46.5 1.3393920132778143 19.233578363789505
    endloop
  endfacet
  facet normal -1 0 0
    outer loop
      vertex -46.5 2.4748737341529163 18.474873734152915
      vertex -46.5 1.3393920132778143 19.233578363789505
      vertex -46.5 7.361215932167728 20.25
    endloop
  endfacet
  facet normal 1 0 0
    outer loop
      vertex -41.5 -7.361215932167728 20.25
      vertex -41.5 7.361215932167728 20.25
      vertex -41.5 0 24.5
    endloop
  endfacet
  facet normal -1 0 0
    outer loop
      vertex -46.5 3.5 16
      vertex -46.5 3.2335783637895035 17.339392013277813
      vertex -46.5 7.361215932167728 20.25
    endloop
  endfacet
  facet normal 0 1 0
    outer loop
      vertex -46.5 7.361215932167728 11.75
      vertex -46.5 7.361215932167728 20.25
      vertex -41.5 7.361215932167728 20.25
    endloop
  endfacet
  facet normal 0 0.5 0.8660254037844386
    outer loop
      vertex -46.5 7.361215932167728 20.25
      vertex -46.5 0 24.5
      vertex -41.5 7.361215932167728 20.25
    endloop
  endfacet
  facet normal 0 -0.5 0.8660254037844386
    outer loop
      vertex -46.5 -7.361215932167728 20.25
      vertex -41.5 0 24.5
      vertex -46.5 0 24.5
    endloop
  endfacet
  facet normal 0 0.5 0.8660254037844386
    outer loop
      vertex -46.5 0 24.5
      vertex -41.5 0 24.5
      vertex -41.5 7.361215932167728 20.25
    endloop
  endfacet
  facet normal 0 -1 0
    outer loop
      vertex -1.545084971874737 -48.5 11.744717418524232
      vertex 0 -48.5 11.5
      vertex -0.875 -48.5 14.984455543377232
    endloop
  endfacet
  facet normal -0.45399049973954725 0 -0.8910065241883676
    outer loop
      vertex -1.545084971874737 -48.5 11.744717418524232
      vertex -2.938926261462366 -48.5 12.454915028125264
      vertex -1.545084971874737 -39.5 11.744717418524232
    endloop
  endfacet
  facet normal -0.15643446504023067 0 -0.9876883405951378
    outer loop
      vertex -1.545084971874737 -48.5 11.744717418524232
      vertex 0 -39.5 11.5
      vertex 0 -48.5 11.5
    endloop
  endfacet
  facet normal -0.707106781186547 0 -0.7071067811865481
    outer loop
      vertex -2.938926261462366 -48.5 12.454915028125264
      vertex -4.045084971874737 -48.5 13.561073738537633
      vertex -2.938926261462366 -39.5 12.454915028125264
    endloop
  endfacet
  facet normal 0 -1 0
    outer loop
      vertex -4.755282581475767 -48.5 14.954915028125264
      vertex -4.045084971874737 -48.5 13.561073738537633
      vertex -4.755282581475767 -48.5 18.045084971874736
    endloop
  endfacet
  facet normal -0.8910065241883683 0 -0.45399049973954597
    outer loop
      vertex -4.755282581475767 -48.5 14.954915028125264
      vertex -4.045084971874737 -39.5 13.561073738537633
      vertex -4.045084971874737 -48.5 13.561073738537633
    endloop
  endfacet
  facet normal -0.9876883405951377 0 -0.15643446504023129
    outer loop
      vertex -4.755282581475767 -48.5 14.954915028125264
      vertex -5 -48.5 16.5
      vertex -4.755282581475767 -39.5 14.954915028125264
    endloop
  endfacet
  facet normal 0 -1 0
    outer loop
      vertex -1.545084971874737 -48.5 11.744717418524232
      vertex -2.938926261462366 -48.5 20.545084971874736
      vertex -2.938926261462366 -48.5 12.454915028125264
    endloop
  endfacet
  facet normal 0 -1 0
    outer loop
      vertex -1.545084971874737 -48.5 11.744717418524232
      vertex -0.875 -48.5 14.984455543377232
      vertex -1.5155444566227676 -48.5 15.625
    endloop
  endfacet
  facet normal 0 -1 0
    outer loop
      vertex -0.875 -48.5 14.984455543377232
      vertex 0 -48.5 11.5
      vertex 0 -48.5 14.75
    endloop
  endfacet
  facet normal 0 -1 0
    outer loop
      vertex -1.545084971874737 -48.5 11.744717418524232
      vertex -1.5155444566227676 -48.5 15.625
      vertex -1.75 -48.5 16.5
    endloop
  endfacet
  facet normal 0 -1 0
    outer loop
      vertex -2.938926261462366 -48.5 12.454915028125264
      vertex -4.045084971874737 -48.5 19.438926261462367
      vertex -4.045084971874737 -48.5 13.561073738537633
    endloop
  endfacet
  facet normal 0 -1 0
    outer loop
      vertex -1.545084971874737 -48.5 11.744717418524232
      vertex -1.75 -48.5 16.5
      vertex -2.938926261462366 -48.5 20.545084971874736
    endloop
  endfacet
  facet normal -0.15643446504023067 0 -0.9876883405951378
    outer loop
      vertex -1.545084971874737 -48.5 11.744717418524232
      vertex -1.545084971874737 -39.5 11.744717418524232
      vertex 0 -39.5 11.5
    endloop
  endfacet
  facet normal -0.45399049973954725 0 -0.8910065241883676
    outer loop
      vertex -2.938926261462366 -48.5 12.454915028125264
      vertex -2.938926261462366 -39.5 12.454915028125264
      vertex -1.545084971874737 -39.5 11.744717418524232
    endloop
  endfacet
  facet normal -0.707106781186547 0 -0.7071067811865481
    outer loop
      vertex -4.045084971874737 -48.5 13.561073738537633
      vertex -4.045084971874737 -39.5 13.561073738537633
      vertex -2.938926261462366 -39.5 12.454915028125264
    endloop
  endfacet
  facet normal -0.8910065241883683 0 -0.45399049973954597
    outer loop
      vertex -4.755282581475767 -48.5 14.954915028125264
      vertex -4.755282581475767 -39.5 14.954915028125264
      vertex -4.045084971874737 -39.5 13.561073738537633
    endloop
  endfacet
  facet normal -0.9876883405951377 0 -0.15643446504023129
    outer loop
      vertex -5 -48.5 16.5
      vertex -5 -39.5 16.5
      vertex -4.755282581475767 -39.5 14.954915028125264
    endloop
  endfacet
  facet normal 0 -1 0
    outer loop
      vertex -4.755282581475767 -48.5 14.954915028125264
      vertex -4.755282581475767 -48.5 18.045084971874736
      vertex -5 -48.5 16.5
    endloop
  endfacet
  facet normal 0 -1 0
    outer loop
      vertex -4.045084971874737 -48.5 13.561073738537633
      vertex -4.045084971874737 -48.5 19.438926261462367
      vertex -4.755282581475767 -48.5 18.045084971874736
    endloop
  endfacet
  facet normal -0.9876883405951377 0 0.15643446504023129
    outer loop
      vertex -5 -48.5 16.5
      vertex -4.755282581475767 -48.5 18.045084971874736
      vertex -5 -39.5 16.5
    endloop
  endfacet
  facet normal -0.8910065241883683 0 0.45399049973954597
    outer loop
      vertex -4.755282581475767 -48.5 18.045084971874736
      vertex -4.045084971874737 -48.5 19.438926261462367
      vertex -4.755282581475767 -39.5 18.045084971874736
    endloop
  endfacet
  facet normal 0 -1 0
    outer loop
      vertex -2.938926261462366 -48.5 12.454915028125264
      vertex -2.938926261462366 -48.5 20.545084971874736
      vertex -4.045084971874737 -48.5 19.438926261462367
    endloop
  endfacet
  facet normal 0 -1 0
    outer loop
      vertex -1.75 -48.5 16.5
      vertex -1.5155444566227676 -48.5 17.375
      vertex -2.938926261462366 -48.5 20.545084971874736
    endloop
  endfacet
  facet normal 0 -1 0
    outer loop
      vertex -1.5155444566227676 -48.5 17.375
      vertex -0.875 -48.5 18.015544456622766
      vertex -1.545084971874737 -48.5 21.255282581475768
    endloop
  endfacet
  facet normal 0 -1 0
    outer loop
      vertex -0.875 -48.5 18.015544456622766
      vertex 0 -48.5 18.25
      vertex -1.545084971874737 -48.5 21.255282581475768
    endloop
  endfacet
  facet normal 0 -1 0
    outer loop
      vertex -1.5155444566227676 -48.5 17.375
      vertex -1.545084971874737 -48.5 21.255282581475768
      vertex -2.938926261462366 -48.5 20.545084971874736
    endloop
  endfacet
  facet normal 0 -1 0
    outer loop
      vertex -1.545084971874737 -48.5 21.255282581475768
      vertex 0 -48.5 18.25
      vertex 0 -48.5 21.5
    endloop
  endfacet
  facet normal -0.707106781186547 0 0.7071067811865481
    outer loop
      vertex -4.045084971874737 -48.5 19.438926261462367
      vertex -2.938926261462366 -48.5 20.545084971874736
      vertex -4.045084971874737 -39.5 19.438926261462367
    endloop
  endfacet
  facet normal -0.45399049973954725 0 0.8910065241883676
    outer loop
      vertex -2.938926261462366 -48.5 20.545084971874736
      vertex -1.545084971874737 -48.5 21.255282581475768
      vertex -2.938926261462366 -39.5 20.545084971874736
    endloop
  endfacet
  facet normal -0.15643446504023067 0 0.9876883405951378
    outer loop
      vertex -1.545084971874737 -48.5 21.255282581475768
      vertex 0 -48.5 21.5
      vertex -1.545084971874737 -39.5 21.255282581475768
    endloop
  endfacet
  facet normal -0.9876883405951377 0 0.15643446504023129
    outer loop
      vertex -4.755282581475767 -48.5 18.045084971874736
      vertex -4.755282581475767 -39.5 18.045084971874736
      vertex -5 -39.5 16.5
    endloop
  endfacet
  facet normal -0.8910065241883683 0 0.45399049973954597
    outer loop
      vertex -4.045084971874737 -48.5 19.438926261462367
      vertex -4.045084971874737 -39.5 19.438926261462367
      vertex -4.755282581475767 -39.5 18.045084971874736
    endloop
  endfacet
  facet normal -0.707106781186547 0 0.7071067811865481
    outer loop
      vertex -2.938926261462366 -48.5 20.545084971874736
      vertex -2.938926261462366 -39.5 20.545084971874736
      vertex -4.045084971874737 -39.5 19.438926261462367
    endloop
  endfacet
  facet normal -0.45399049973954725 0 0.8910065241883676
    outer loop
      vertex -1.545084971874737 -48.5 21.255282581475768
      vertex -1.545084971874737 -39.5 21.255282581475768
      vertex -2.938926261462366 -39.5 20.545084971874736
    endloop
  endfacet
  facet normal -0.15643446504023067 0 0.9876883405951378
    outer loop
      vertex -1.545084971874737 -39.5 21.255282581475768
      vertex 0 -48.5 21.5
      vertex 0 -39.5 21.5
    endloop
  endfacet
  facet normal 0 -1 0
    outer loop
      vertex 0 -48.5 11.5
      vertex 1.545084971874737 -48.5 11.744717418524232
      vertex 0 -48.5 14.75
    endloop
  endfacet
  facet normal 0 -1 0
    outer loop
      vertex 1.545084971874737 -48.5 11.744717418524232
      vertex 2.938926261462366 -48.5 12.454915028125264
      vertex 1.5155444566227676 -48.5 15.625
    endloop
  endfacet
  facet normal 0.15643446504023067 0 -0.9876883405951378
    outer loop
      vertex 0 -48.5 11.5
      vertex 1.545084971874737 -39.5 11.744717418524232
      vertex 1.545084971874737 -48.5 11.744717418524232
    endloop
  endfacet
  facet normal 0.45399049973954725 0 -0.8910065241883676
    outer loop
      vertex 1.545084971874737 -48.5 11.744717418524232
      vertex 2.938926261462366 -39.5 12.454915028125264
      vertex 2.938926261462366 -48.5 12.454915028125264
    endloop
  endfacet
  facet normal 0.707106781186547 0 -0.7071067811865481
    outer loop
      vertex 2.938926261462366 -48.5 12.454915028125264
      vertex 4.045084971874737 -39.5 13.561073738537633
      vertex 4.045084971874737 -48.5 13.561073738537633
    endloop
  endfacet
  facet normal 0 -1 0
    outer loop
      vertex 1.545084971874737 -48.5 11.744717418524232
      vertex 0.875 -48.5 14.984455543377232
      vertex 0 -48.5 14.75
    endloop
  endfacet
  facet normal 0 -1 0
    outer loop
      vertex 1.545084971874737 -48.5 11.744717418524232
      vertex 1.5155444566227676 -48.5 15.625
      vertex 0.875 -48.5 14.984455543377232
    endloop
  endfacet
  facet normal 0 -1 0
    outer loop
      vertex 2.938926261462366 -48.5 12.454915028125264
      vertex 1.75 -48.5 16.5
      vertex 1.5155444566227676 -48.5 15.625
    endloop
  endfacet
  facet normal 0 -1 0
    outer loop
      vertex 2.938926261462366 -48.5 12.454915028125264
      vertex 4.045084971874737 -48.5 13.561073738537633
      vertex 2.938926261462366 -48.5 20.545084971874736
    endloop
  endfacet
  facet normal 0 -1 0
    outer loop
      vertex 4.045084971874737 -48.5 13.561073738537633
      vertex 4.755282581475767 -48.5 14.954915028125264
      vertex 4.045084971874737 -48.5 19.438926261462367
    endloop
  endfacet
  facet normal 0.8910065241883683 0 -0.45399049973954597
    outer loop
      vertex 4.045084971874737 -48.5 13.561073738537633
      vertex 4.755282581475767 -39.5 14.954915028125264
      vertex 4.755282581475767 -48.5 14.954915028125264
    endloop
  endfacet
  facet normal 0.9876883405951377 0 -0.15643446504023129
    outer loop
      vertex 4.755282581475767 -48.5 14.954915028125264
      vertex 5 -39.5 16.5
      vertex 5 -48.5 16.5
    endloop
  endfacet
  facet normal 0.15643446504023067 0 -0.9876883405951378
    outer loop
      vertex 0 -48.5 11.5
      vertex 0 -39.5 11.5
      vertex 1.545084971874737 -39.5 11.744717418524232
    endloop
  endfacet
  facet normal 0.45399049973954725 0 -0.8910065241883676
    outer loop
      vertex 1.545084971874737 -48.5 11.744717418524232
      vertex 1.545084971874737 -39.5 11.744717418524232
      vertex 2.938926261462366 -39.5 12.454915028125264
    endloop
  endfacet
  facet normal 0.707106781186547 0 -0.7071067811865481
    outer loop
      vertex 2.938926261462366 -48.5 12.454915028125264
      vertex 2.938926261462366 -39.5 12.454915028125264
      vertex 4.045084971874737 -39.5 13.561073738537633
    endloop
  endfacet
  facet normal 0.8910065241883683 0 -0.45399049973954597
    outer loop
      vertex 4.045084971874737 -48.5 13.561073738537633
      vertex 4.045084971874737 -39.5 13.561073738537633
      vertex 4.755282581475767 -39.5 14.954915028125264
    endloop
  endfacet
  facet normal 0.9876883405951377 0 -0.15643446504023129
    outer loop
      vertex 4.755282581475767 -48.5 14.954915028125264
      vertex 4.755282581475767 -39.5 14.954915028125264
      vertex 5 -39.5 16.5
    endloop
  endfacet
  facet normal 0 -1 0
    outer loop
      vertex 2.938926261462366 -48.5 12.454915028125264
      vertex 1.545084971874737 -48.5 21.255282581475768
      vertex 1.75 -48.5 16.5
    endloop
  endfacet
  facet normal 0 -1 0
    outer loop
      vertex 1.75 -48.5 16.5
      vertex 1.545084971874737 -48.5 21.255282581475768
      vertex 1.5155444566227676 -48.5 17.375
    endloop
  endfacet
  facet normal 0 -1 0
    outer loop
      vertex 1.5155444566227676 -48.5 17.375
      vertex 1.545084971874737 -48.5 21.255282581475768
      vertex 0.875 -48.5 18.015544456622766
    endloop
  endfacet
  facet normal 0 -1 0
    outer loop
      vertex 2.938926261462366 -48.5 12.454915028125264
      vertex 2.938926261462366 -48.5 20.545084971874736
      vertex 1.545084971874737 -48.5 21.255282581475768
    endloop
  endfacet
  facet normal 0 -1 0
    outer loop
      vertex 4.045084971874737 -48.5 13.561073738537633
      vertex 4.045084971874737 -48.5 19.438926261462367
      vertex 2.938926261462366 -48.5 20.545084971874736
    endloop
  endfacet
  facet normal 0 -1 0
    outer loop
      vertex 4.755282581475767 -48.5 14.954915028125264
      vertex 5 -48.5 16.5
      vertex 4.755282581475767 -48.5 18.045084971874736
    endloop
  endfacet
  facet normal 0 -1 0
    outer loop
      vertex 4.755282581475767 -48.5 14.954915028125264
      vertex 4.755282581475767 -48.5 18.045084971874736
      vertex 4.045084971874737 -48.5 19.438926261462367
    endloop
  endfacet
  facet normal 0.9876883405951377 0 0.15643446504023129
    outer loop
      vertex 5 -48.5 16.5
      vertex 4.755282581475767 -39.5 18.045084971874736
      vertex 4.755282581475767 -48.5 18.045084971874736
    endloop
  endfacet
  facet normal 0.8910065241883683 0 0.45399049973954597
    outer loop
      vertex 4.755282581475767 -48.5 18.045084971874736
      vertex 4.045084971874737 -39.5 19.438926261462367
      vertex 4.045084971874737 -48.5 19.438926261462367
    endloop
  endfacet
  facet normal 0 -1 0
    outer loop
      vertex 0 -48.5 18.25
      vertex 0.875 -48.5 18.015544456622766
      vertex 0 -48.5 21.5
    endloop
  endfacet
  facet normal 0 -1 0
    outer loop
      vertex 0.875 -48.5 18.015544456622766
      vertex 1.545084971874737 -48.5 21.255282581475768
      vertex 0 -48.5 21.5
    endloop
  endfacet
  facet normal 0.707106781186547 0 0.7071067811865481
    outer loop
      vertex 4.045084971874737 -48.5 19.438926261462367
      vertex 2.938926261462366 -39.5 20.545084971874736
      vertex 2.938926261462366 -48.5 20.545084971874736
    endloop
  endfacet
  facet normal 0.45399049973954725 0 0.8910065241883676
    outer loop
      vertex 1.545084971874737 -48.5 21.255282581475768
      vertex 2.938926261462366 -48.5 20.545084971874736
      vertex 1.545084971874737 -39.5 21.255282581475768
    endloop
  endfacet
  facet normal 0.15643446504023067 0 0.9876883405951378
    outer loop
      vertex 0 -48.5 21.5
      vertex 1.545084971874737 -48.5 21.255282581475768
      vertex 0 -39.5 21.5
    endloop
  endfacet
  facet normal 0.9876883405951377 0 0.15643446504023129
    outer loop
      vertex 5 -48.5 16.5
      vertex 5 -39.5 16.5
      vertex 4.755282581475767 -39.5 18.045084971874736
    endloop
  endfacet
  facet normal 0.8910065241883683 0 0.45399049973954597
    outer loop
      vertex 4.755282581475767 -48.5 18.045084971874736
      vertex 4.755282581475767 -39.5 18.045084971874736
      vertex 4.045084971874737 -39.5 19.438926261462367
    endloop
  endfacet
  facet normal 0.707106781186547 0 0.7071067811865481
    outer loop
      vertex 4.045084971874737 -48.5 19.438926261462367
      vertex 4.045084971874737 -39.5 19.438926261462367
      vertex 2.938926261462366 -39.5 20.545084971874736
    endloop
  endfacet
  facet normal 0.15643446504023067 0 0.9876883405951378
    outer loop
      vertex 1.545084971874737 -48.5 21.255282581475768
      vertex 1.545084971874737 -39.5 21.255282581475768
      vertex 0 -39.5 21.5
    endloop
  endfacet
  facet normal 0.45399049973954725 0 0.8910065241883676
    outer loop
      vertex 2.938926261462366 -48.5 20.545084971874736
      vertex 2.938926261462366 -39.5 20.545084971874736
      vertex 1.545084971874737 -39.5 21.255282581475768
    endloop
  endfacet
  facet normal -0.4539904997395466 0 -0.891006524188368
    outer loop
      vertex -4.114496766047312 -39.5 10.836881039375367
      vertex -4.114496766047312 -37.5 10.836881039375367
      vertex -2.1631189606246317 -39.5 9.842604385933925
    endloop
  endfacet
  facet normal 0 -1 0
    outer loop
      vertex -4.114496766047312 -39.5 10.836881039375367
      vertex -2.1631189606246317 -39.5 9.842604385933925
      vertex -1.545084971874737 -39.5 11.744717418524232
    endloop
  endfacet
  facet normal -0.4539904997395466 0 -0.891006524188368
    outer loop
      vertex -4.114496766047312 -37.5 10.836881039375367
      vertex -2.1631189606246317 -37.5 9.842604385933925
      vertex -2.1631189606246317 -39.5 9.842604385933925
    endloop
  endfacet
  facet normal -0.15643446504023065 0 -0.9876883405951377
    outer loop
      vertex -2.1631189606246317 -39.5 9.842604385933925
      vertex -2.1631189606246317 -37.5 9.842604385933925
      vertex 0 -39.5 9.5
    endloop
  endfacet
  facet normal 0 -1 0
    outer loop
      vertex -2.1631189606246317 -39.5 9.842604385933925
      vertex 0 -39.5 9.5
      vertex 0 -39.5 11.5
    endloop
  endfacet
  facet normal -0.15643446504023065 0 -0.9876883405951377
    outer loop
      vertex -2.1631189606246317 -37.5 9.842604385933925
      vertex 0 -37.5 9.5
      vertex 0 -39.5 9.5
    endloop
  endfacet
  facet normal -0.7071067811865477 0 -0.7071067811865474
    outer loop
      vertex -4.114496766047312 -39.5 10.836881039375367
      vertex -5.663118960624632 -39.5 12.385503233952688
      vertex -4.114496766047312 -37.5 10.836881039375367
    endloop
  endfacet
  facet normal -0.7071067811865477 0 -0.7071067811865474
    outer loop
      vertex -4.114496766047312 -37.5 10.836881039375367
      vertex -5.663118960624632 -39.5 12.385503233952688
      vertex -5.663118960624632 -37.5 12.385503233952688
    endloop
  endfacet
  facet normal -0.891006524188368 0 -0.45399049973954647
    outer loop
      vertex -5.663118960624632 -39.5 12.385503233952688
      vertex -6.657395614066075 -39.5 14.336881039375369
      vertex -5.663118960624632 -37.5 12.385503233952688
    endloop
  endfacet
  facet normal 0 -1 0
    outer loop
      vertex -4.114496766047312 -39.5 10.836881039375367
      vertex -4.045084971874737 -39.5 13.561073738537633
      vertex -4.755282581475767 -39.5 14.954915028125264
    endloop
  endfacet
  facet normal 0 -1 0
    outer loop
      vertex -4.114496766047312 -39.5 10.836881039375367
      vertex -1.545084971874737 -39.5 11.744717418524232
      vertex -2.938926261462366 -39.5 12.454915028125264
    endloop
  endfacet
  facet normal 0 -1 0
    outer loop
      vertex -2.1631189606246317 -39.5 9.842604385933925
      vertex 0 -39.5 11.5
      vertex -1.545084971874737 -39.5 11.744717418524232
    endloop
  endfacet
  facet normal 0 1 0
    outer loop
      vertex -2.1631189606246317 -37.5 9.842604385933925
      vertex 0 -37.5 14.75
      vertex 0 -37.5 9.5
    endloop
  endfacet
  facet normal 0 -1 0
    outer loop
      vertex -4.114496766047312 -39.5 10.836881039375367
      vertex -2.938926261462366 -39.5 12.454915028125264
      vertex -4.045084971874737 -39.5 13.561073738537633
    endloop
  endfacet
  facet normal 0 1 0
    outer loop
      vertex -2.1631189606246317 -37.5 9.842604385933925
      vertex -1.5155444566227676 -37.5 15.625
      vertex -0.875 -37.5 14.984455543377232
    endloop
  endfacet
  facet normal 0 1 0
    outer loop
      vertex -2.1631189606246317 -37.5 9.842604385933925
      vertex -0.875 -37.5 14.984455543377232
      vertex 0 -37.5 14.75
    endloop
  endfacet
  facet normal -0.891006524188368 0 -0.45399049973954647
    outer loop
      vertex -5.663118960624632 -37.5 12.385503233952688
      vertex -6.657395614066075 -39.5 14.336881039375369
      vertex -6.657395614066075 -37.5 14.336881039375369
    endloop
  endfacet
  facet normal 0 -1 0
    outer loop
      vertex -4.114496766047312 -39.5 10.836881039375367
      vertex -5.663118960624632 -39.5 20.61449676604731
      vertex -5.663118960624632 -39.5 12.385503233952688
    endloop
  endfacet
  facet normal 0 -1 0
    outer loop
      vertex -5.663118960624632 -39.5 12.385503233952688
      vertex -6.657395614066075 -39.5 18.663118960624633
      vertex -6.657395614066075 -39.5 14.336881039375369
    endloop
  endfacet
  facet normal -0.9876883405951377 0 -0.1564344650402311
    outer loop
      vertex -6.657395614066075 -39.5 14.336881039375369
      vertex -7 -39.5 16.5
      vertex -6.657395614066075 -37.5 14.336881039375369
    endloop
  endfacet
  facet normal -0.9876883405951377 0 -0.1564344650402311
    outer loop
      vertex -6.657395614066075 -37.5 14.336881039375369
      vertex -7 -39.5 16.5
      vertex -7 -37.5 16.5
    endloop
  endfacet
  facet normal 0 -1 0
    outer loop
      vertex -4.114496766047312 -39.5 10.836881039375367
      vertex -4.755282581475767 -39.5 14.954915028125264
      vertex -5.663118960624632 -39.5 20.61449676604731
    endloop
  endfacet
  facet normal 0 1 0
    outer loop
      vertex -4.114496766047312 -37.5 10.836881039375367
      vertex -5.663118960624632 -37.5 12.385503233952688
      vertex -4.114496766047312 -37.5 22.163118960624633
    endloop
  endfacet
  facet normal 0 1 0
    outer loop
      vertex -5.663118960624632 -37.5 12.385503233952688
      vertex -6.657395614066075 -37.5 14.336881039375369
      vertex -5.663118960624632 -37.5 20.61449676604731
    endloop
  endfacet
  facet normal 0 1 0
    outer loop
      vertex -4.114496766047312 -37.5 10.836881039375367
      vertex -2.1631189606246317 -37.5 23.157395614066075
      vertex -2.1631189606246317 -37.5 9.842604385933925
    endloop
  endfacet
  facet normal 0 1 0
    outer loop
      vertex -2.1631189606246317 -37.5 9.842604385933925
      vertex -1.75 -37.5 16.5
      vertex -1.5155444566227676 -37.5 15.625
    endloop
  endfacet
  facet normal 0 -1 0
    outer loop
      vertex -6.657395614066075 -39.5 14.336881039375369
      vertex -6.657395614066075 -39.5 18.663118960624633
      vertex -7 -39.5 16.5
    endloop
  endfacet
  facet normal -0.9876883405951377 0 0.15643446504023098
    outer loop
      vertex -7 -39.5 16.5
      vertex -6.657395614066075 -39.5 18.663118960624633
      vertex -7 -37.5 16.5
    endloop
  endfacet
  facet normal 0 1 0
    outer loop
      vertex -6.657395614066075 -37.5 14.336881039375369
      vertex -7 -37.5 16.5
      vertex -6.657395614066075 -37.5 18.663118960624633
    endloop
  endfacet
  facet normal 0 -1 0
    outer loop
      vertex -5.663118960624632 -39.5 12.385503233952688
      vertex -5.663118960624632 -39.5 20.61449676604731
      vertex -6.657395614066075 -39.5 18.663118960624633
    endloop
  endfacet
  facet normal 0 -1 0
    outer loop
      vertex -4.755282581475767 -39.5 14.954915028125264
      vertex -5 -39.5 16.5
      vertex -5.663118960624632 -39.5 20.61449676604731
    endloop
  endfacet
  facet normal -0.9876883405951377 0 0.15643446504023098
    outer loop
      vertex -7 -37.5 16.5
      vertex -6.657395614066075 -39.5 18.663118960624633
      vertex -6.657395614066075 -37.5 18.663118960624633
    endloop
  endfacet
  facet normal 0 1 0
    outer loop
      vertex -6.657395614066075 -37.5 14.336881039375369
      vertex -6.657395614066075 -37.5 18.663118960624633
      vertex -5.663118960624632 -37.5 20.61449676604731
    endloop
  endfacet
  facet normal 0 -1 0
    outer loop
      vertex -5 -39.5 16.5
      vertex -4.755282581475767 -39.5 18.045084971874736
      vertex -5.663118960624632 -39.5 20.61449676604731
    endloop
  endfacet
  facet normal 0 1 0
    outer loop
      vertex -5.663118960624632 -37.5 12.385503233952688
      vertex -5.663118960624632 -37.5 20.61449676604731
      vertex -4.114496766047312 -37.5 22.163118960624633
    endloop
  endfacet
  facet normal 0 1 0
    outer loop
      vertex -2.1631189606246317 -37.5 9.842604385933925
      vertex -2.1631189606246317 -37.5 23.157395614066075
      vertex -1.75 -37.5 16.5
    endloop
  endfacet
  facet normal 0 1 0
    outer loop
      vertex -4.114496766047312 -37.5 10.836881039375367
      vertex -4.114496766047312 -37.5 22.163118960624633
      vertex -2.1631189606246317 -37.5 23.157395614066075
    endloop
  endfacet
  facet normal -0.8910065241883677 0 0.45399049973954714
    outer loop
      vertex -6.657395614066075 -39.5 18.663118960624633
      vertex -5.663118960624632 -39.5 20.61449676604731
      vertex -6.657395614066075 -37.5 18.663118960624633
    endloop
  endfacet
  facet normal 0 -1 0
    outer loop
      vertex -4.755282581475767 -39.5 18.045084971874736
      vertex -4.045084971874737 -39.5 19.438926261462367
      vertex -4.114496766047312 -39.5 22.163118960624633
    endloop
  endfacet
  facet normal 0 -1 0
    outer loop
      vertex -4.755282581475767 -39.5 18.045084971874736
      vertex -4.114496766047312 -39.5 22.163118960624633
      vertex -5.663118960624632 -39.5 20.61449676604731
    endloop
  endfacet
  facet normal -0.8910065241883677 0 0.45399049973954714
    outer loop
      vertex -6.657395614066075 -37.5 18.663118960624633
      vertex -5.663118960624632 -39.5 20.61449676604731
      vertex -5.663118960624632 -37.5 20.61449676604731
    endloop
  endfacet
  facet normal -0.7071067811865481 0 0.7071067811865469
    outer loop
      vertex -5.663118960624632 -39.5 20.61449676604731
      vertex -4.114496766047312 -39.5 22.163118960624633
      vertex -5.663118960624632 -37.5 20.61449676604731
    endloop
  endfacet
  facet normal -0.7071067811865481 0 0.7071067811865469
    outer loop
      vertex -5.663118960624632 -37.5 20.61449676604731
      vertex -4.114496766047312 -39.5 22.163118960624633
      vertex -4.114496766047312 -37.5 22.163118960624633
    endloop
  endfacet
  facet normal 0 1 0
    outer loop
      vertex -1.75 -37.5 16.5
      vertex -2.1631189606246317 -37.5 23.157395614066075
      vertex -1.5155444566227676 -37.5 17.375
    endloop
  endfacet
  facet normal 0 1 0
    outer loop
      vertex -1.5155444566227676 -37.5 17.375
      vertex -2.1631189606246317 -37.5 23.157395614066075
      vertex -0.875 -37.5 18.015544456622766
    endloop
  endfacet
  facet normal 0 1 0
    outer loop
      vertex -0.875 -37.5 18.015544456622766
      vertex 0 -37.5 23.5
      vertex 0 -37.5 18.25
    endloop
  endfacet
  facet normal 0 -1 0
    outer loop
      vertex -4.045084971874737 -39.5 19.438926261462367
      vertex -2.938926261462366 -39.5 20.545084971874736
      vertex -4.114496766047312 -39.5 22.163118960624633
    endloop
  endfacet
  facet normal 0 -1 0
    outer loop
      vertex -2.938926261462366 -39.5 20.545084971874736
      vertex -1.545084971874737 -39.5 21.255282581475768
      vertex -2.1631189606246317 -39.5 23.157395614066075
    endloop
  endfacet
  facet normal 0 1 0
    outer loop
      vertex -0.875 -37.5 18.015544456622766
      vertex -2.1631189606246317 -37.5 23.157395614066075
      vertex 0 -37.5 23.5
    endloop
  endfacet
  facet normal 0 -1 0
    outer loop
      vertex -2.938926261462366 -39.5 20.545084971874736
      vertex -2.1631189606246317 -39.5 23.157395614066075
      vertex -4.114496766047312 -39.5 22.163118960624633
    endloop
  endfacet
  facet normal -0.4539904997395466 0 0.891006524188368
    outer loop
      vertex -4.114496766047312 -39.5 22.163118960624633
      vertex -2.1631189606246317 -39.5 23.157395614066075
      vertex -2.1631189606246317 -37.5 23.157395614066075
    endloop
  endfacet
  facet normal -0.4539904997395466 0 0.891006524188368
    outer loop
      vertex -4.114496766047312 -39.5 22.163118960624633
      vertex -2.1631189606246317 -37.5 23.157395614066075
      vertex -4.114496766047312 -37.5 22.163118960624633
    endloop
  endfacet
  facet normal 0 -1 0
    outer loop
      vertex -1.545084971874737 -39.5 21.255282581475768
      vertex 0 -39.5 21.5
      vertex 0 -39.5 23.5
    endloop
  endfacet
  facet normal 0 -1 0
    outer loop
      vertex -1.545084971874737 -39.5 21.255282581475768
      vertex 0 -39.5 23.5
      vertex -2.1631189606246317 -39.5 23.157395614066075
    endloop
  endfacet
  facet normal -0.15643446504023065 0 0.9876883405951377
    outer loop
      vertex -2.1631189606246317 -39.5 23.157395614066075
      vertex 0 -39.5 23.5
      vertex 0 -37.5 23.5
    endloop
  endfacet
  facet normal -0.15643446504023065 0 0.9876883405951377
    outer loop
      vertex -2.1631189606246317 -39.5 23.157395614066075
      vertex 0 -37.5 23.5
      vertex -2.1631189606246317 -37.5 23.157395614066075
    endloop
  endfacet
  facet normal 0.15643446504023065 0 -0.9876883405951377
    outer loop
      vertex 0 -39.5 9.5
      vertex 0 -37.5 9.5
      vertex 2.1631189606246317 -39.5 9.842604385933925
    endloop
  endfacet
  facet normal 0 -1 0
    outer loop
      vertex 0 -39.5 9.5
      vertex 2.1631189606246317 -39.5 9.842604385933925
      vertex 1.545084971874737 -39.5 11.744717418524232
    endloop
  endfacet
  facet normal 0.15643446504023065 0 -0.9876883405951377
    outer loop
      vertex 0 -37.5 9.5
      vertex 2.1631189606246317 -37.5 9.842604385933925
      vertex 2.1631189606246317 -39.5 9.842604385933925
    endloop
  endfacet
  facet normal 0.4539904997395466 0 -0.891006524188368
    outer loop
      vertex 2.1631189606246317 -39.5 9.842604385933925
      vertex 2.1631189606246317 -37.5 9.842604385933925
      vertex 4.114496766047312 -39.5 10.836881039375367
    endloop
  endfacet
  facet normal 0.4539904997395466 0 -0.891006524188368
    outer loop
      vertex 2.1631189606246317 -37.5 9.842604385933925
      vertex 4.114496766047312 -37.5 10.836881039375367
      vertex 4.114496766047312 -39.5 10.836881039375367
    endloop
  endfacet
  facet normal 0 -1 0
    outer loop
      vertex 0 -39.5 9.5
      vertex 1.545084971874737 -39.5 11.744717418524232
      vertex 0 -39.5 11.5
    endloop
  endfacet
  facet normal 0 1 0
    outer loop
      vertex 0 -37.5 9.5
      vertex 0.875 -37.5 14.984455543377232
      vertex 2.1631189606246317 -37.5 9.842604385933925
    endloop
  endfacet
  facet normal 0 -1 0
    outer loop
      vertex 2.1631189606246317 -39.5 9.842604385933925
      vertex 2.938926261462366 -39.5 12.454915028125264
      vertex 1.545084971874737 -39.5 11.744717418524232
    endloop
  endfacet
  facet normal 0 -1 0
    outer loop
      vertex 2.1631189606246317 -39.5 9.842604385933925
      vertex 4.114496766047312 -39.5 10.836881039375367
      vertex 2.938926261462366 -39.5 12.454915028125264
    endloop
  endfacet
  facet normal 0 1 0
    outer loop
      vertex 0 -37.5 9.5
      vertex 0 -37.5 14.75
      vertex 0.875 -37.5 14.984455543377232
    endloop
  endfacet
  facet normal 0 1 0
    outer loop
      vertex 2.1631189606246317 -37.5 9.842604385933925
      vertex 0.875 -37.5 14.984455543377232
      vertex 1.5155444566227676 -37.5 15.625
    endloop
  endfacet
  facet normal 0 -1 0
    outer loop
      vertex 4.114496766047312 -39.5 10.836881039375367
      vertex 4.045084971874737 -39.5 13.561073738537633
      vertex 2.938926261462366 -39.5 12.454915028125264
    endloop
  endfacet
  facet normal 0.7071067811865477 0 -0.7071067811865474
    outer loop
      vertex 4.114496766047312 -39.5 10.836881039375367
      vertex 5.663118960624632 -37.5 12.385503233952688
      vertex 5.663118960624632 -39.5 12.385503233952688
    endloop
  endfacet
  facet normal 0.7071067811865477 0 -0.7071067811865474
    outer loop
      vertex 4.114496766047312 -39.5 10.836881039375367
      vertex 4.114496766047312 -37.5 10.836881039375367
      vertex 5.663118960624632 -37.5 12.385503233952688
    endloop
  endfacet
  facet normal 0 -1 0
    outer loop
      vertex 4.114496766047312 -39.5 10.836881039375367
      vertex 5.663118960624632 -39.5 12.385503233952688
      vertex 4.755282581475767 -39.5 14.954915028125264
    endloop
  endfacet
  facet normal 0 -1 0
    outer loop
      vertex 4.114496766047312 -39.5 10.836881039375367
      vertex 4.755282581475767 -39.5 14.954915028125264
      vertex 4.045084971874737 -39.5 13.561073738537633
    endloop
  endfacet
  facet normal 0.891006524188368 0 -0.45399049973954647
    outer loop
      vertex 5.663118960624632 -39.5 12.385503233952688
      vertex 5.663118960624632 -37.5 12.385503233952688
      vertex 6.657395614066075 -37.5 14.336881039375369
    endloop
  endfacet
  facet normal 0 1 0
    outer loop
      vertex 2.1631189606246317 -37.5 9.842604385933925
      vertex 1.5155444566227676 -37.5 15.625
      vertex 1.75 -37.5 16.5
    endloop
  endfacet
  facet normal 0 1 0
    outer loop
      vertex 2.1631189606246317 -37.5 9.842604385933925
      vertex 4.114496766047312 -37.5 22.163118960624633
      vertex 4.114496766047312 -37.5 10.836881039375367
    endloop
  endfacet
  facet normal 0 -1 0
    outer loop
      vertex 5.663118960624632 -39.5 12.385503233952688
      vertex 5 -39.5 16.5
      vertex 4.755282581475767 -39.5 14.954915028125264
    endloop
  endfacet
  facet normal 0 1 0
    outer loop
      vertex 4.114496766047312 -37.5 10.836881039375367
      vertex 5.663118960624632 -37.5 20.61449676604731
      vertex 5.663118960624632 -37.5 12.385503233952688
    endloop
  endfacet
  facet normal 0.891006524188368 0 -0.45399049973954647
    outer loop
      vertex 5.663118960624632 -39.5 12.385503233952688
      vertex 6.657395614066075 -37.5 14.336881039375369
      vertex 6.657395614066075 -39.5 14.336881039375369
    endloop
  endfacet
  facet normal 0 -1 0
    outer loop
      vertex 5.663118960624632 -39.5 12.385503233952688
      vertex 4.755282581475767 -39.5 18.045084971874736
      vertex 5 -39.5 16.5
    endloop
  endfacet
  facet normal 0 -1 0
    outer loop
      vertex 5.663118960624632 -39.5 12.385503233952688
      vertex 6.657395614066075 -39.5 14.336881039375369
      vertex 5.663118960624632 -39.5 20.61449676604731
    endloop
  endfacet
  facet normal 0.9876883405951377 0 -0.1564344650402311
    outer loop
      vertex 6.657395614066075 -39.5 14.336881039375369
      vertex 7 -37.5 16.5
      vertex 7 -39.5 16.5
    endloop
  endfacet
  facet normal 0.9876883405951377 0 -0.1564344650402311
    outer loop
      vertex 6.657395614066075 -39.5 14.336881039375369
      vertex 6.657395614066075 -37.5 14.336881039375369
      vertex 7 -37.5 16.5
    endloop
  endfacet
  facet normal 0 1 0
    outer loop
      vertex 5.663118960624632 -37.5 12.385503233952688
      vertex 6.657395614066075 -37.5 18.663118960624633
      vertex 6.657395614066075 -37.5 14.336881039375369
    endloop
  endfacet
  facet normal 0 1 0
    outer loop
      vertex 2.1631189606246317 -37.5 9.842604385933925
      vertex 1.75 -37.5 16.5
      vertex 2.1631189606246317 -37.5 23.157395614066075
    endloop
  endfacet
  facet normal 0 1 0
    outer loop
      vertex 2.1631189606246317 -37.5 9.842604385933925
      vertex 2.1631189606246317 -37.5 23.157395614066075
      vertex 4.114496766047312 -37.5 22.163118960624633
    endloop
  endfacet
  facet normal 0 -1 0
    outer loop
      vertex 5.663118960624632 -39.5 12.385503233952688
      vertex 4.114496766047312 -39.5 22.163118960624633
      vertex 4.755282581475767 -39.5 18.045084971874736
    endloop
  endfacet
  facet normal 0 1 0
    outer loop
      vertex 5.663118960624632 -37.5 12.385503233952688
      vertex 5.663118960624632 -37.5 20.61449676604731
      vertex 6.657395614066075 -37.5 18.663118960624633
    endloop
  endfacet
  facet normal 0 -1 0
    outer loop
      vertex 6.657395614066075 -39.5 14.336881039375369
      vertex 7 -39.5 16.5
      vertex 6.657395614066075 -39.5 18.663118960624633
    endloop
  endfacet
  facet normal 0 1 0
    outer loop
      vertex 6.657395614066075 -37.5 14.336881039375369
      vertex 6.657395614066075 -37.5 18.663118960624633
      vertex 7 -37.5 16.5
    endloop
  endfacet
  facet normal 0.9876883405951377 0 0.15643446504023098
    outer loop
      vertex 7 -39.5 16.5
      vertex 7 -37.5 16.5
      vertex 6.657395614066075 -37.5 18.663118960624633
    endloop
  endfacet
  facet normal 0 -1 0
    outer loop
      vertex 5.663118960624632 -39.5 12.385503233952688
      vertex 5.663118960624632 -39.5 20.61449676604731
      vertex 4.114496766047312 -39.5 22.163118960624633
    endloop
  endfacet
  facet normal 0 1 0
    outer loop
      vertex 4.114496766047312 -37.5 10.836881039375367
      vertex 4.114496766047312 -37.5 22.163118960624633
      vertex 5.663118960624632 -37.5 20.61449676604731
    endloop
  endfacet
  facet normal 0 -1 0
    outer loop
      vertex 6.657395614066075 -39.5 14.336881039375369
      vertex 6.657395614066075 -39.5 18.663118960624633
      vertex 5.663118960624632 -39.5 20.61449676604731
    endloop
  endfacet
  facet normal 0.9876883405951377 0 0.15643446504023098
    outer loop
      vertex 7 -39.5 16.5
      vertex 6.657395614066075 -37.5 18.663118960624633
      vertex 6.657395614066075 -39.5 18.663118960624633
    endloop
  endfacet
  facet normal 0 1 0
    outer loop
      vertex 1.75 -37.5 16.5
      vertex 1.5155444566227676 -37.5 17.375
      vertex 2.1631189606246317 -37.5 23.157395614066075
    endloop
  endfacet
  facet normal 0 1 0
    outer loop
      vertex 1.5155444566227676 -37.5 17.375
      vertex 0.875 -37.5 18.015544456622766
      vertex 2.1631189606246317 -37.5 23.157395614066075
    endloop
  endfacet
  facet normal 0 1 0
    outer loop
      vertex 0 -37.5 18.25
      vertex 2.1631189606246317 -37.5 23.157395614066075
      vertex 0.875 -37.5 18.015544456622766
    endloop
  endfacet
  facet normal 0 1 0
    outer loop
      vertex 0 -37.5 18.25
      vertex 0 -37.5 23.5
      vertex 2.1631189606246317 -37.5 23.157395614066075
    endloop
  endfacet
  facet normal 0 -1 0
    outer loop
      vertex 4.045084971874737 -39.5 19.438926261462367
      vertex 4.114496766047312 -39.5 22.163118960624633
      vertex 2.938926261462366 -39.5 20.545084971874736
    endloop
  endfacet
  facet normal 0 -1 0
    outer loop
      vertex 1.545084971874737 -39.5 21.255282581475768
      vertex 2.938926261462366 -39.5 20.545084971874736
      vertex 4.114496766047312 -39.5 22.163118960624633
    endloop
  endfacet
  facet normal 0 -1 0
    outer loop
      vertex 4.755282581475767 -39.5 18.045084971874736
      vertex 4.114496766047312 -39.5 22.163118960624633
      vertex 4.045084971874737 -39.5 19.438926261462367
    endloop
  endfacet
  facet normal 0.8910065241883677 0 0.45399049973954714
    outer loop
      vertex 6.657395614066075 -39.5 18.663118960624633
      vertex 5.663118960624632 -37.5 20.61449676604731
      vertex 5.663118960624632 -39.5 20.61449676604731
    endloop
  endfacet
  facet normal 0.8910065241883677 0 0.45399049973954714
    outer loop
      vertex 6.657395614066075 -39.5 18.663118960624633
      vertex 6.657395614066075 -37.5 18.663118960624633
      vertex 5.663118960624632 -37.5 20.61449676604731
    endloop
  endfacet
  facet normal 0.7071067811865481 0 0.7071067811865469
    outer loop
      vertex 5.663118960624632 -39.5 20.61449676604731
      vertex 4.114496766047312 -37.5 22.163118960624633
      vertex 4.114496766047312 -39.5 22.163118960624633
    endloop
  endfacet
  facet normal 0.7071067811865481 0 0.7071067811865469
    outer loop
      vertex 5.663118960624632 -39.5 20.61449676604731
      vertex 5.663118960624632 -37.5 20.61449676604731
      vertex 4.114496766047312 -37.5 22.163118960624633
    endloop
  endfacet
  facet normal 0 -1 0
    outer loop
      vertex 0 -39.5 21.5
      vertex 1.545084971874737 -39.5 21.255282581475768
      vertex 2.1631189606246317 -39.5 23.157395614066075
    endloop
  endfacet
  facet normal 0 -1 0
    outer loop
      vertex 0 -39.5 21.5
      vertex 2.1631189606246317 -39.5 23.157395614066075
      vertex 0 -39.5 23.5
    endloop
  endfacet
  facet normal 0 -1 0
    outer loop
      vertex 1.545084971874737 -39.5 21.255282581475768
      vertex 4.114496766047312 -39.5 22.163118960624633
      vertex 2.1631189606246317 -39.5 23.157395614066075
    endloop
  endfacet
  facet normal 0.4539904997395466 0 0.891006524188368
    outer loop
      vertex 2.1631189606246317 -39.5 23.157395614066075
      vertex 4.114496766047312 -39.5 22.163118960624633
      vertex 4.114496766047312 -37.5 22.163118960624633
    endloop
  endfacet
  facet normal 0.4539904997395466 0 0.891006524188368
    outer loop
      vertex 2.1631189606246317 -39.5 23.157395614066075
      vertex 4.114496766047312 -37.5 22.163118960624633
      vertex 2.1631189606246317 -37.5 23.157395614066075
    endloop
  endfacet
  facet normal 0.15643446504023065 0 0.9876883405951377
    outer loop
      vertex 0 -39.5 23.5
      vertex 2.1631189606246317 -39.5 23.157395614066075
      vertex 2.1631189606246317 -37.5 23.157395614066075
    endloop
  endfacet
  facet normal 0.15643446504023065 0 0.9876883405951377
    outer loop
      vertex 0 -39.5 23.5
      vertex 2.1631189606246317 -37.5 23.157395614066075
      vertex 0 -37.5 23.5
    endloop
  endfacet
  facet normal -0.25881904510252013 0 -0.9659258262890685
    outer loop
      vertex -0.875 -49.5 14.984455543377232
      vertex -0.875 -48.5 14.984455543377232
      vertex 0 -49.5 14.75
    endloop
  endfacet
  facet normal -0.25881904510252013 0 -0.9659258262890685
    outer loop
      vertex -0.875 -48.5 14.984455543377232
      vertex 0 -48.5 14.75
      vertex 0 -49.5 14.75
    endloop
  endfacet
  facet normal -0.7071067811865479 0 -0.7071067811865471
    outer loop
      vertex -0.875 -49.5 14.984455543377232
      vertex -1.5155444566227676 -49.5 15.625
      vertex -1.5155444566227676 -48.5 15.625
    endloop
  endfacet
  facet normal -0.7071067811865479 0 -0.7071067811865471
    outer loop
      vertex -0.875 -49.5 14.984455543377232
      vertex -1.5155444566227676 -48.5 15.625
      vertex -0.875 -48.5 14.984455543377232
    endloop
  endfacet
  facet normal -0.9659258262890682 0 -0.2588190451025208
    outer loop
      vertex -1.5155444566227676 -49.5 15.625
      vertex -1.75 -49.5 16.5
      vertex -1.75 -48.5 16.5
    endloop
  endfacet
  facet normal 0 -1 0
    outer loop
      vertex -0.875 -49.5 14.984455543377232
      vertex -1.5155444566227676 -49.5 17.375
      vertex -1.5155444566227676 -49.5 15.625
    endloop
  endfacet
  facet normal -0.9659258262890682 0 -0.2588190451025208
    outer loop
      vertex -1.5155444566227676 -49.5 15.625
      vertex -1.75 -48.5 16.5
      vertex -1.5155444566227676 -48.5 15.625
    endloop
  endfacet
  facet normal 0 -1 0
    outer loop
      vertex -0.875 -49.5 14.984455543377232
      vertex 0 -49.5 14.75
      vertex -0.875 -49.5 18.015544456622766
    endloop
  endfacet
  facet normal 0 -1 0
    outer loop
      vertex -1.5155444566227676 -49.5 15.625
      vertex -1.5155444566227676 -49.5 17.375
      vertex -1.75 -49.5 16.5
    endloop
  endfacet
  facet normal 0 -1 0
    outer loop
      vertex -0.875 -49.5 14.984455543377232
      vertex -0.875 -49.5 18.015544456622766
      vertex -1.5155444566227676 -49.5 17.375
    endloop
  endfacet
  facet normal -0.9659258262890682 0 0.2588190451025208
    outer loop
      vertex -1.75 -49.5 16.5
      vertex -1.5155444566227676 -48.5 17.375
      vertex -1.75 -48.5 16.5
    endloop
  endfacet
  facet normal -0.9659258262890682 0 0.2588190451025208
    outer loop
      vertex -1.75 -49.5 16.5
      vertex -1.5155444566227676 -49.5 17.375
      vertex -1.5155444566227676 -48.5 17.375
    endloop
  endfacet
  facet normal -0.7071067811865469 0 0.7071067811865481
    outer loop
      vertex -1.5155444566227676 -49.5 17.375
      vertex -0.875 -48.5 18.015544456622766
      vertex -1.5155444566227676 -48.5 17.375
    endloop
  endfacet
  facet normal 0 -1 0
    outer loop
      vertex -0.875 -49.5 18.015544456622766
      vertex 0 -49.5 14.75
      vertex 0 -49.5 18.25
    endloop
  endfacet
  facet normal -0.7071067811865469 0 0.7071067811865481
    outer loop
      vertex -1.5155444566227676 -49.5 17.375
      vertex -0.875 -49.5 18.015544456622766
      vertex -0.875 -48.5 18.015544456622766
    endloop
  endfacet
  facet normal -0.25881904510252196 0 0.965925826289068
    outer loop
      vertex -0.875 -49.5 18.015544456622766
      vertex 0 -49.5 18.25
      vertex 0 -48.5 18.25
    endloop
  endfacet
  facet normal -0.25881904510252196 0 0.965925826289068
    outer loop
      vertex -0.875 -49.5 18.015544456622766
      vertex 0 -48.5 18.25
      vertex -0.875 -48.5 18.015544456622766
    endloop
  endfacet
  facet normal -0.25881904510252013 0 -0.9659258262890685
    outer loop
      vertex -0.875 -37.5 14.984455543377232
      vertex -0.875 -36.5 14.984455543377232
      vertex 0 -37.5 14.75
    endloop
  endfacet
  facet normal -0.25881904510252013 0 -0.9659258262890685
    outer loop
      vertex -0.875 -36.5 14.984455543377232
      vertex 0 -36.5 14.75
      vertex 0 -37.5 14.75
    endloop
  endfacet
  facet normal -0.7071067811865479 0 -0.7071067811865471
    outer loop
      vertex -0.875 -37.5 14.984455543377232
      vertex -1.5155444566227676 -36.5 15.625
      vertex -0.875 -36.5 14.984455543377232
    endloop
  endfacet
  facet normal -0.7071067811865479 0 -0.7071067811865471
    outer loop
      vertex -0.875 -37.5 14.984455543377232
      vertex -1.5155444566227676 -37.5 15.625
      vertex -1.5155444566227676 -36.5 15.625
    endloop
  endfacet
  facet normal -0.9659258262890682 0 -0.2588190451025208
    outer loop
      vertex -1.5155444566227676 -37.5 15.625
      vertex -1.75 -36.5 16.5
      vertex -1.5155444566227676 -36.5 15.625
    endloop
  endfacet
  facet normal -0.9659258262890682 0 -0.2588190451025208
    outer loop
      vertex -1.5155444566227676 -37.5 15.625
      vertex -1.75 -37.5 16.5
      vertex -1.75 -36.5 16.5
    endloop
  endfacet
  facet normal 0 1 0
    outer loop
      vertex -0.875 -36.5 14.984455543377232
      vertex -1.5155444566227676 -36.5 15.625
      vertex -0.875 -36.5 18.015544456622766
    endloop
  endfacet
  facet normal 0 1 0
    outer loop
      vertex -0.875 -36.5 14.984455543377232
      vertex 0 -36.5 18.25
      vertex 0 -36.5 14.75
    endloop
  endfacet
  facet normal -0.9659258262890682 0 0.2588190451025208
    outer loop
      vertex -1.75 -37.5 16.5
      vertex -1.5155444566227676 -36.5 17.375
      vertex -1.75 -36.5 16.5
    endloop
  endfacet
  facet normal 0 1 0
    outer loop
      vertex -1.5155444566227676 -36.5 15.625
      vertex -1.75 -36.5 16.5
      vertex -1.5155444566227676 -36.5 17.375
    endloop
  endfacet
  facet normal -0.9659258262890682 0 0.2588190451025208
    outer loop
      vertex -1.75 -37.5 16.5
      vertex -1.5155444566227676 -37.5 17.375
      vertex -1.5155444566227676 -36.5 17.375
    endloop
  endfacet
  facet normal -0.7071067811865469 0 0.7071067811865481
    outer loop
      vertex -1.5155444566227676 -37.5 17.375
      vertex -0.875 -36.5 18.015544456622766
      vertex -1.5155444566227676 -36.5 17.375
    endloop
  endfacet
  facet normal 0 1 0
    outer loop
      vertex -1.5155444566227676 -36.5 15.625
      vertex -1.5155444566227676 -36.5 17.375
      vertex -0.875 -36.5 18.015544456622766
    endloop
  endfacet
  facet normal 0 1 0
    outer loop
      vertex -0.875 -36.5 14.984455543377232
      vertex -0.875 -36.5 18.015544456622766
      vertex 0 -36.5 18.25
    endloop
  endfacet
  facet normal -0.7071067811865469 0 0.7071067811865481
    outer loop
      vertex -1.5155444566227676 -37.5 17.375
      vertex -0.875 -37.5 18.015544456622766
      vertex -0.875 -36.5 18.015544456622766
    endloop
  endfacet
  facet normal -0.25881904510252196 0 0.965925826289068
    outer loop
      vertex -0.875 -37.5 18.015544456622766
      vertex 0 -36.5 18.25
      vertex -0.875 -36.5 18.015544456622766
    endloop
  endfacet
  facet normal -0.25881904510252196 0 0.965925826289068
    outer loop
      vertex -0.875 -37.5 18.015544456622766
      vertex 0 -37.5 18.25
      vertex 0 -36.5 18.25
    endloop
  endfacet
  facet normal 0.25881904510252013 0 -0.9659258262890685
    outer loop
      vertex 0 -49.5 14.75
      vertex 0 -48.5 14.75
      vertex 0.875 -49.5 14.984455543377232
    endloop
  endfacet
  facet normal 0.25881904510252013 0 -0.9659258262890685
    outer loop
      vertex 0 -48.5 14.75
      vertex 0.875 -48.5 14.984455543377232
      vertex 0.875 -49.5 14.984455543377232
    endloop
  endfacet
  facet normal 0.7071067811865479 0 -0.7071067811865471
    outer loop
      vertex 0.875 -49.5 14.984455543377232
      vertex 0.875 -48.5 14.984455543377232
      vertex 1.5155444566227676 -49.5 15.625
    endloop
  endfacet
  facet normal 0.7071067811865479 0 -0.7071067811865471
    outer loop
      vertex 0.875 -48.5 14.984455543377232
      vertex 1.5155444566227676 -48.5 15.625
      vertex 1.5155444566227676 -49.5 15.625
    endloop
  endfacet
  facet normal 0 -1 0
    outer loop
      vertex 0 -49.5 14.75
      vertex 0.875 -49.5 14.984455543377232
      vertex 0 -49.5 18.25
    endloop
  endfacet
  facet normal 0.9659258262890682 0 -0.2588190451025208
    outer loop
      vertex 1.5155444566227676 -49.5 15.625
      vertex 1.5155444566227676 -48.5 15.625
      vertex 1.75 -49.5 16.5
    endloop
  endfacet
  facet normal 0 -1 0
    outer loop
      vertex 0.875 -49.5 14.984455543377232
      vertex 1.5155444566227676 -49.5 15.625
      vertex 0.875 -49.5 18.015544456622766
    endloop
  endfacet
  facet normal 0.9659258262890682 0 -0.2588190451025208
    outer loop
      vertex 1.5155444566227676 -48.5 15.625
      vertex 1.75 -48.5 16.5
      vertex 1.75 -49.5 16.5
    endloop
  endfacet
  facet normal 0 -1 0
    outer loop
      vertex 1.5155444566227676 -49.5 15.625
      vertex 1.75 -49.5 16.5
      vertex 1.5155444566227676 -49.5 17.375
    endloop
  endfacet
  facet normal 0.9659258262890682 0 0.2588190451025208
    outer loop
      vertex 1.75 -49.5 16.5
      vertex 1.75 -48.5 16.5
      vertex 1.5155444566227676 -49.5 17.375
    endloop
  endfacet
  facet normal 0 -1 0
    outer loop
      vertex 0.875 -49.5 14.984455543377232
      vertex 0.875 -49.5 18.015544456622766
      vertex 0 -49.5 18.25
    endloop
  endfacet
  facet normal 0 -1 0
    outer loop
      vertex 1.5155444566227676 -49.5 15.625
      vertex 1.5155444566227676 -49.5 17.375
      vertex 0.875 -49.5 18.015544456622766
    endloop
  endfacet
  facet normal 0.7071067811865469 0 0.7071067811865481
    outer loop
      vertex 1.5155444566227676 -49.5 17.375
      vertex 1.5155444566227676 -48.5 17.375
      vertex 0.875 -49.5 18.015544456622766
    endloop
  endfacet
  facet normal 0.9659258262890682 0 0.2588190451025208
    outer loop
      vertex 1.75 -48.5 16.5
      vertex 1.5155444566227676 -48.5 17.375
      vertex 1.5155444566227676 -49.5 17.375
    endloop
  endfacet
  facet normal 0.25881904510252196 0 0.965925826289068
    outer loop
      vertex 0 -49.5 18.25
      vertex 0.875 -49.5 18.015544456622766
      vertex 0.875 -48.5 18.015544456622766
    endloop
  endfacet
  facet normal 0.25881904510252196 0 0.965925826289068
    outer loop
      vertex 0 -49.5 18.25
      vertex 0.875 -48.5 18.015544456622766
      vertex 0 -48.5 18.25
    endloop
  endfacet
  facet normal 0.7071067811865469 0 0.7071067811865481
    outer loop
      vertex 1.5155444566227676 -48.5 17.375
      vertex 0.875 -48.5 18.015544456622766
      vertex 0.875 -49.5 18.015544456622766
    endloop
  endfacet
  facet normal 0.25881904510252013 0 -0.9659258262890685
    outer loop
      vertex 0 -37.5 14.75
      vertex 0 -36.5 14.75
      vertex 0.875 -37.5 14.984455543377232
    endloop
  endfacet
  facet normal 0.25881904510252013 0 -0.9659258262890685
    outer loop
      vertex 0.875 -37.5 14.984455543377232
      vertex 0 -36.5 14.75
      vertex 0.875 -36.5 14.984455543377232
    endloop
  endfacet
  facet normal 0.7071067811865479 0 -0.7071067811865471
    outer loop
      vertex 0.875 -37.5 14.984455543377232
      vertex 0.875 -36.5 14.984455543377232
      vertex 1.5155444566227676 -37.5 15.625
    endloop
  endfacet
  facet normal 0.7071067811865479 0 -0.7071067811865471
    outer loop
      vertex 1.5155444566227676 -37.5 15.625
      vertex 0.875 -36.5 14.984455543377232
      vertex 1.5155444566227676 -36.5 15.625
    endloop
  endfacet
  facet normal 0 1 0
    outer loop
      vertex 0 -36.5 14.75
      vertex 0.875 -36.5 18.015544456622766
      vertex 0.875 -36.5 14.984455543377232
    endloop
  endfacet
  facet normal 0.9659258262890682 0 -0.2588190451025208
    outer loop
      vertex 1.5155444566227676 -37.5 15.625
      vertex 1.5155444566227676 -36.5 15.625
      vertex 1.75 -37.5 16.5
    endloop
  endfacet
  facet normal 0.9659258262890682 0 -0.2588190451025208
    outer loop
      vertex 1.5155444566227676 -36.5 15.625
      vertex 1.75 -36.5 16.5
      vertex 1.75 -37.5 16.5
    endloop
  endfacet
  facet normal 0 1 0
    outer loop
      vertex 0.875 -36.5 14.984455543377232
      vertex 1.5155444566227676 -36.5 17.375
      vertex 1.5155444566227676 -36.5 15.625
    endloop
  endfacet
  facet normal 0.9659258262890682 0 0.2588190451025208
    outer loop
      vertex 1.75 -37.5 16.5
      vertex 1.75 -36.5 16.5
      vertex 1.5155444566227676 -37.5 17.375
    endloop
  endfacet
  facet normal 0 1 0
    outer loop
      vertex 1.5155444566227676 -36.5 15.625
      vertex 1.5155444566227676 -36.5 17.375
      vertex 1.75 -36.5 16.5
    endloop
  endfacet
  facet normal 0 1 0
    outer loop
      vertex 0.875 -36.5 14.984455543377232
      vertex 0.875 -36.5 18.015544456622766
      vertex 1.5155444566227676 -36.5 17.375
    endloop
  endfacet
  facet normal 0 1 0
    outer loop
      vertex 0 -36.5 14.75
      vertex 0 -36.5 18.25
      vertex 0.875 -36.5 18.015544456622766
    endloop
  endfacet
  facet normal 0.9659258262890682 0 0.2588190451025208
    outer loop
      vertex 1.5155444566227676 -37.5 17.375
      vertex 1.75 -36.5 16.5
      vertex 1.5155444566227676 -36.5 17.375
    endloop
  endfacet
  facet normal 0.7071067811865469 0 0.7071067811865481
    outer loop
      vertex 1.5155444566227676 -37.5 17.375
      vertex 1.5155444566227676 -36.5 17.375
      vertex 0.875 -37.5 18.015544456622766
    endloop
  endfacet
  facet normal 0.25881904510252196 0 0.965925826289068
    outer loop
      vertex 0 -37.5 18.25
      vertex 0.875 -36.5 18.015544456622766
      vertex 0 -36.5 18.25
    endloop
  endfacet
  facet normal 0.25881904510252196 0 0.965925826289068
    outer loop
      vertex 0 -37.5 18.25
      vertex 0.875 -37.5 18.015544456622766
      vertex 0.875 -36.5 18.015544456622766
    endloop
  endfacet
  facet normal 0.7071067811865469 0 0.7071067811865481
    outer loop
      vertex 0.875 -37.5 18.015544456622766
      vertex 1.5155444566227676 -36.5 17.375
      vertex 0.875 -36.5 18.015544456622766
    endloop
  endfacet
  facet normal -0.7071067811865475 -0.7071067811865475 0
    outer loop
      vertex -17.44959346906221 -19.2328188876086 33
      vertex -16.2328188876086 -20.44959346906221 33
      vertex -17.44959346906221 -19.2328188876086 38
    endloop
  endfacet
  facet normal -0.8910065241883677 -0.4539904997395469 0
    outer loop
      vertex -17.44959346906221 -19.2328188876086 33
      vertex -18.230810839623345 -17.69959346906221 38
      vertex -18.230810839623345 -17.69959346906221 33
    endloop
  endfacet
  facet normal 0 0 -1
    outer loop
      vertex -18.230810839623345 -17.69959346906221 33
      vertex -18.5 -16 33
      vertex -18.230810839623345 -14.300406530937789 33
    endloop
  endfacet
  facet normal 0 0 -1
    outer loop
      vertex -17.44959346906221 -19.2328188876086 33
      vertex -18.230810839623345 -17.69959346906221 33
      vertex -17.44959346906221 -12.767181112391398 33
    endloop
  endfacet
  facet normal 0 0 -1
    outer loop
      vertex -17.44959346906221 -19.2328188876086 33
      vertex -16.2328188876086 -11.550406530937789 33
      vertex -16.2328188876086 -20.44959346906221 33
    endloop
  endfacet
  facet normal -0.9876883405951378 -0.1564344650402306 0
    outer loop
      vertex -18.230810839623345 -17.69959346906221 33
      vertex -18.5 -16 38
      vertex -18.5 -16 33
    endloop
  endfacet
  facet normal -0.7071067811865475 -0.7071067811865475 0
    outer loop
      vertex -17.44959346906221 -19.2328188876086 38
      vertex -16.2328188876086 -20.44959346906221 33
      vertex -16.2328188876086 -20.44959346906221 38
    endloop
  endfacet
  facet normal -0.8910065241883677 -0.4539904997395469 0
    outer loop
      vertex -17.44959346906221 -19.2328188876086 33
      vertex -17.44959346906221 -19.2328188876086 38
      vertex -18.230810839623345 -17.69959346906221 38
    endloop
  endfacet
  facet normal -0.9876883405951378 -0.1564344650402306 0
    outer loop
      vertex -18.230810839623345 -17.69959346906221 33
      vertex -18.230810839623345 -17.69959346906221 38
      vertex -18.5 -16 38
    endloop
  endfacet
  facet normal -0.9876883405951378 0.1564344650402306 0
    outer loop
      vertex -18.5 -16 33
      vertex -18.5 -16 38
      vertex -18.230810839623345 -14.300406530937789 38
    endloop
  endfacet
  facet normal 0 0 -1
    outer loop
      vertex -18.230810839623345 -17.69959346906221 33
      vertex -18.230810839623345 -14.300406530937789 33
      vertex -17.44959346906221 -12.767181112391398 33
    endloop
  endfacet
  facet normal 0 0 -1
    outer loop
      vertex -17.44959346906221 -19.2328188876086 33
      vertex -17.44959346906221 -12.767181112391398 33
      vertex -16.2328188876086 -11.550406530937789 33
    endloop
  endfacet
  facet normal -0.9876883405951378 0.1564344650402306 0
    outer loop
      vertex -18.5 -16 33
      vertex -18.230810839623345 -14.300406530937789 38
      vertex -18.230810839623345 -14.300406530937789 33
    endloop
  endfacet
  facet normal -0.8910065241883677 0.4539904997395469 0
    outer loop
      vertex -18.230810839623345 -14.300406530937789 33
      vertex -17.44959346906221 -12.767181112391398 38
      vertex -17.44959346906221 -12.767181112391398 33
    endloop
  endfacet
  facet normal -0.7071067811865475 0.7071067811865475 0
    outer loop
      vertex -17.44959346906221 -12.767181112391398 33
      vertex -16.2328188876086 -11.550406530937789 38
      vertex -16.2328188876086 -11.550406530937789 33
    endloop
  endfacet
  facet normal -0.8910065241883677 0.4539904997395469 0
    outer loop
      vertex -18.230810839623345 -14.300406530937789 33
      vertex -18.230810839623345 -14.300406530937789 38
      vertex -17.44959346906221 -12.767181112391398 38
    endloop
  endfacet
  facet normal -0.7071067811865475 0.7071067811865475 0
    outer loop
      vertex -17.44959346906221 -12.767181112391398 33
      vertex -17.44959346906221 -12.767181112391398 38
      vertex -16.2328188876086 -11.550406530937789 38
    endloop
  endfacet
  facet normal 0 0 1
    outer loop
      vertex -17.44959346906221 -19.2328188876086 38
      vertex -16.814359574635905 -19.814359574635905 38
      vertex -17.983700954940883 -18.064316526348257 38
    endloop
  endfacet
  facet normal 0 0 1
    outer loop
      vertex -17.44959346906221 -19.2328188876086 38
      vertex -16.2328188876086 -20.44959346906221 38
      vertex -16.814359574635905 -19.814359574635905 38
    endloop
  endfacet
  facet normal 0 0 1
    outer loop
      vertex -17.44959346906221 -19.2328188876086 38
      vertex -17.983700954940883 -18.064316526348257 38
      vertex -18.230810839623345 -17.69959346906221 38
    endloop
  endfacet
  facet normal 0 0 1
    outer loop
      vertex -18.230810839623345 -17.69959346906221 38
      vertex -18.394319042217766 -16 38
      vertex -18.5 -16 38
    endloop
  endfacet
  facet normal 0 0 1
    outer loop
      vertex -18.5 -16 38
      vertex -18.394319042217766 -16 38
      vertex -17.983700954940883 -13.935683473651741 38
    endloop
  endfacet
  facet normal 0 0 1
    outer loop
      vertex -17.983700954940883 -18.064316526348257 38
      vertex -18.394319042217766 -16 38
      vertex -18.230810839623345 -17.69959346906221 38
    endloop
  endfacet
  facet normal 0 0 1
    outer loop
      vertex -18.5 -16 38
      vertex -17.983700954940883 -13.935683473651741 38
      vertex -18.230810839623345 -14.300406530937789 38
    endloop
  endfacet
  facet normal 0 0 1
    outer loop
      vertex -18.230810839623345 -14.300406530937789 38
      vertex -17.983700954940883 -13.935683473651741 38
      vertex -17.44959346906221 -12.767181112391398 38
    endloop
  endfacet
  facet normal 0 0 1
    outer loop
      vertex -17.983700954940883 -13.935683473651741 38
      vertex -16.814359574635905 -12.185640425364095 38
      vertex -17.44959346906221 -12.767181112391398 38
    endloop
  endfacet
  facet normal 0 0 1
    outer loop
      vertex -17.44959346906221 -12.767181112391398 38
      vertex -16.814359574635905 -12.185640425364095 38
      vertex -16.2328188876086 -11.550406530937789 38
    endloop
  endfacet
  facet normal 0 0 -1
    outer loop
      vertex -14.699593469062211 -21.230810839623345 33
      vertex -13 -18.024967150712808 33
      vertex -13 -21.5 33
    endloop
  endfacet
  facet normal -0.4539904997395469 -0.8910065241883677 0
    outer loop
      vertex -16.2328188876086 -20.44959346906221 33
      vertex -14.699593469062211 -21.230810839623345 33
      vertex -14.699593469062211 -21.230810839623345 38
    endloop
  endfacet
  facet normal -0.1564344650402306 -0.9876883405951378 0
    outer loop
      vertex -14.699593469062211 -21.230810839623345 33
      vertex -13 -21.5 33
      vertex -13 -21.5 38
    endloop
  endfacet
  facet normal 0 0 -1
    outer loop
      vertex -13 -21.5 33
      vertex -12.225078620338667 -17.87082570455126 33
      vertex -11.300406530937789 -21.230810839623345 33
    endloop
  endfacet
  facet normal 0.1564344650402306 -0.9876883405951378 0
    outer loop
      vertex -13 -21.5 33
      vertex -11.300406530937789 -21.230810839623345 33
      vertex -11.300406530937789 -21.230810839623345 38
    endloop
  endfacet
  facet normal 0.4539904997395469 -0.8910065241883677 0
    outer loop
      vertex -11.300406530937789 -21.230810839623345 33
      vertex -9.767181112391398 -20.44959346906221 33
      vertex -9.767181112391398 -20.44959346906221 38
    endloop
  endfacet
  facet normal -0.4539904997395469 -0.8910065241883677 0
    outer loop
      vertex -16.2328188876086 -20.44959346906221 33
      vertex -14.699593469062211 -21.230810839623345 38
      vertex -16.2328188876086 -20.44959346906221 38
    endloop
  endfacet
  facet normal -0.1564344650402306 -0.9876883405951378 0
    outer loop
      vertex -14.699593469062211 -21.230810839623345 33
      vertex -13 -21.5 38
      vertex -14.699593469062211 -21.230810839623345 38
    endloop
  endfacet
  facet normal 0.1564344650402306 -0.9876883405951378 0
    outer loop
      vertex -13 -21.5 33
      vertex -11.300406530937789 -21.230810839623345 38
      vertex -13 -21.5 38
    endloop
  endfacet
  facet normal 0.4539904997395469 -0.8910065241883677 0
    outer loop
      vertex -11.300406530937789 -21.230810839623345 33
      vertex -9.767181112391398 -20.44959346906221 38
      vertex -11.300406530937789 -21.230810839623345 38
    endloop
  endfacet
  facet normal 0 0 1
    outer loop
      vertex -16.2328188876086 -20.44959346906221 38
      vertex -14.699593469062211 -21.230810839623345 38
      vertex -15.064316526348259 -20.983700954940883 38
    endloop
  endfacet
  facet normal 0 0 1
    outer loop
      vertex -16.814359574635905 -19.814359574635905 38
      vertex -16.2328188876086 -20.44959346906221 38
      vertex -15.064316526348259 -20.983700954940883 38
    endloop
  endfacet
  facet normal 0 0 1
    outer loop
      vertex -15.064316526348259 -20.983700954940883 38
      vertex -14.699593469062211 -21.230810839623345 38
      vertex -13 -21.5 38
    endloop
  endfacet
  facet normal 0 0 1
    outer loop
      vertex -15.064316526348259 -20.983700954940883 38
      vertex -13 -21.5 38
      vertex -13 -21.394319042217766 38
    endloop
  endfacet
  facet normal 0 0 1
    outer loop
      vertex -13 -21.5 38
      vertex -11.300406530937789 -21.230810839623345 38
      vertex -13 -21.394319042217766 38
    endloop
  endfacet
  facet normal 0 0 1
    outer loop
      vertex -13 -21.394319042217766 38
      vertex -11.300406530937789 -21.230810839623345 38
      vertex -10.935683473651741 -20.983700954940883 38
    endloop
  endfacet
  facet normal 0 0 1
    outer loop
      vertex -11.300406530937789 -21.230810839623345 38
      vertex -9.767181112391398 -20.44959346906221 38
      vertex -10.935683473651741 -20.983700954940883 38
    endloop
  endfacet
  facet normal 0 0 1
    outer loop
      vertex -10.935683473651741 -20.983700954940883 38
      vertex -9.767181112391398 -20.44959346906221 38
      vertex -9.185640425364095 -19.814359574635905 38
    endloop
  endfacet
  facet normal 0 0 -1
    outer loop
      vertex -16.2328188876086 -20.44959346906221 33
      vertex -14.431868003949027 -17.431868003949027 33
      vertex -14.699593469062211 -21.230810839623345 33
    endloop
  endfacet
  facet normal 0 0 -1
    outer loop
      vertex -14.699593469062211 -21.230810839623345 33
      vertex -14.431868003949027 -17.431868003949027 33
      vertex -13.774921379661333 -17.87082570455126 33
    endloop
  endfacet
  facet normal 0 0 -1
    outer loop
      vertex -16.2328188876086 -20.44959346906221 33
      vertex -15.024967150712808 -16 33
      vertex -14.870825704551262 -16.774921379661333 33
    endloop
  endfacet
  facet normal 0 0 -1
    outer loop
      vertex -16.2328188876086 -20.44959346906221 33
      vertex -14.870825704551262 -16.774921379661333 33
      vertex -14.431868003949027 -17.431868003949027 33
    endloop
  endfacet
  facet normal 0 0 -1
    outer loop
      vertex -14.699593469062211 -21.230810839623345 33
      vertex -13.774921379661333 -17.87082570455126 33
      vertex -13 -18.024967150712808 33
    endloop
  endfacet
  facet normal 0 0 -1
    outer loop
      vertex -13 -21.5 33
      vertex -13 -18.024967150712808 33
      vertex -12.225078620338667 -17.87082570455126 33
    endloop
  endfacet
  facet normal 0 0 -1
    outer loop
      vertex -16.2328188876086 -20.44959346906221 33
      vertex -14.870825704551262 -15.225078620338666 33
      vertex -15.024967150712808 -16 33
    endloop
  endfacet
  facet normal 0 0 -1
    outer loop
      vertex -16.2328188876086 -20.44959346906221 33
      vertex -14.699593469062211 -10.769189160376655 33
      vertex -14.870825704551262 -15.225078620338666 33
    endloop
  endfacet
  facet normal 0 0 -1
    outer loop
      vertex -11.300406530937789 -21.230810839623345 33
      vertex -12.225078620338667 -17.87082570455126 33
      vertex -11.568131996050973 -17.431868003949027 33
    endloop
  endfacet
  facet normal 0 0 -1
    outer loop
      vertex -11.300406530937789 -21.230810839623345 33
      vertex -11.568131996050973 -17.431868003949027 33
      vertex -11.129174295448738 -16.774921379661333 33
    endloop
  endfacet
  facet normal 0 0 -1
    outer loop
      vertex -11.300406530937789 -21.230810839623345 33
      vertex -9.767181112391398 -11.550406530937789 33
      vertex -9.767181112391398 -20.44959346906221 33
    endloop
  endfacet
  facet normal 0.7071067811865475 -0.7071067811865475 0
    outer loop
      vertex -9.767181112391398 -20.44959346906221 33
      vertex -8.550406530937789 -19.2328188876086 33
      vertex -9.767181112391398 -20.44959346906221 38
    endloop
  endfacet
  facet normal 0.891006524188368 -0.4539904997395466 0
    outer loop
      vertex -8.550406530937789 -19.2328188876086 33
      vertex -7.769189160376656 -17.69959346906221 33
      vertex -8.550406530937789 -19.2328188876086 38
    endloop
  endfacet
  facet normal 0 0 -1
    outer loop
      vertex -11.300406530937789 -21.230810839623345 33
      vertex -11.129174295448738 -16.774921379661333 33
      vertex -9.767181112391398 -11.550406530937789 33
    endloop
  endfacet
  facet normal 0 0 -1
    outer loop
      vertex -9.767181112391398 -20.44959346906221 33
      vertex -8.550406530937789 -12.767181112391398 33
      vertex -8.550406530937789 -19.2328188876086 33
    endloop
  endfacet
  facet normal 0 0 -1
    outer loop
      vertex -8.550406530937789 -19.2328188876086 33
      vertex -8.550406530937789 -12.767181112391398 33
      vertex -7.769189160376656 -14.300406530937789 33
    endloop
  endfacet
  facet normal 0.7071067811865475 -0.7071067811865475 0
    outer loop
      vertex -9.767181112391398 -20.44959346906221 38
      vertex -8.550406530937789 -19.2328188876086 33
      vertex -8.550406530937789 -19.2328188876086 38
    endloop
  endfacet
  facet normal 0 0 -1
    outer loop
      vertex -16.2328188876086 -20.44959346906221 33
      vertex -16.2328188876086 -11.550406530937789 33
      vertex -14.699593469062211 -10.769189160376655 33
    endloop
  endfacet
  facet normal 0 0 -1
    outer loop
      vertex -14.870825704551262 -15.225078620338666 33
      vertex -14.699593469062211 -10.769189160376655 33
      vertex -14.431868003949027 -14.568131996050973 33
    endloop
  endfacet
  facet normal 0 0 -1
    outer loop
      vertex -14.431868003949027 -14.568131996050973 33
      vertex -14.699593469062211 -10.769189160376655 33
      vertex -13.774921379661333 -14.129174295448738 33
    endloop
  endfacet
  facet normal 0 0 -1
    outer loop
      vertex -13.774921379661333 -14.129174295448738 33
      vertex -13 -10.5 33
      vertex -13 -13.975032849287192 33
    endloop
  endfacet
  facet normal 0 0 -1
    outer loop
      vertex -13.774921379661333 -14.129174295448738 33
      vertex -14.699593469062211 -10.769189160376655 33
      vertex -13 -10.5 33
    endloop
  endfacet
  facet normal 0 0 -1
    outer loop
      vertex -13 -13.975032849287192 33
      vertex -13 -10.5 33
      vertex -11.300406530937789 -10.769189160376655 33
    endloop
  endfacet
  facet normal -0.4539904997395469 0.8910065241883677 0
    outer loop
      vertex -16.2328188876086 -11.550406530937789 33
      vertex -16.2328188876086 -11.550406530937789 38
      vertex -14.699593469062211 -10.769189160376655 33
    endloop
  endfacet
  facet normal -0.1564344650402306 0.9876883405951378 0
    outer loop
      vertex -14.699593469062211 -10.769189160376655 33
      vertex -14.699593469062211 -10.769189160376655 38
      vertex -13 -10.5 33
    endloop
  endfacet
  facet normal 0.1564344650402306 0.9876883405951378 0
    outer loop
      vertex -13 -10.5 33
      vertex -13 -10.5 38
      vertex -11.300406530937789 -10.769189160376655 33
    endloop
  endfacet
  facet normal 0 0 -1
    outer loop
      vertex -11.129174295448738 -16.774921379661333 33
      vertex -10.975032849287192 -16 33
      vertex -9.767181112391398 -11.550406530937789 33
    endloop
  endfacet
  facet normal 0 0 -1
    outer loop
      vertex -10.975032849287192 -16 33
      vertex -11.129174295448738 -15.225078620338666 33
      vertex -9.767181112391398 -11.550406530937789 33
    endloop
  endfacet
  facet normal 0 0 -1
    outer loop
      vertex -12.225078620338667 -14.129174295448738 33
      vertex -11.300406530937789 -10.769189160376655 33
      vertex -11.568131996050973 -14.568131996050973 33
    endloop
  endfacet
  facet normal 0 0 -1
    outer loop
      vertex -13 -13.975032849287192 33
      vertex -11.300406530937789 -10.769189160376655 33
      vertex -12.225078620338667 -14.129174295448738 33
    endloop
  endfacet
  facet normal 0 0 -1
    outer loop
      vertex -11.129174295448738 -15.225078620338666 33
      vertex -11.568131996050973 -14.568131996050973 33
      vertex -9.767181112391398 -11.550406530937789 33
    endloop
  endfacet
  facet normal 0 0 -1
    outer loop
      vertex -9.767181112391398 -20.44959346906221 33
      vertex -9.767181112391398 -11.550406530937789 33
      vertex -8.550406530937789 -12.767181112391398 33
    endloop
  endfacet
  facet normal 0 0 -1
    outer loop
      vertex -11.568131996050973 -14.568131996050973 33
      vertex -11.300406530937789 -10.769189160376655 33
      vertex -9.767181112391398 -11.550406530937789 33
    endloop
  endfacet
  facet normal 0.4539904997395469 0.8910065241883677 0
    outer loop
      vertex -11.300406530937789 -10.769189160376655 33
      vertex -11.300406530937789 -10.769189160376655 38
      vertex -9.767181112391398 -11.550406530937789 33
    endloop
  endfacet
  facet normal 0.7071067811865475 0.7071067811865475 0
    outer loop
      vertex -8.550406530937789 -12.767181112391398 33
      vertex -9.767181112391398 -11.550406530937789 33
      vertex -8.550406530937789 -12.767181112391398 38
    endloop
  endfacet
  facet normal -0.4539904997395469 0.8910065241883677 0
    outer loop
      vertex -14.699593469062211 -10.769189160376655 33
      vertex -16.2328188876086 -11.550406530937789 38
      vertex -14.699593469062211 -10.769189160376655 38
    endloop
  endfacet
  facet normal -0.1564344650402306 0.9876883405951378 0
    outer loop
      vertex -13 -10.5 33
      vertex -14.699593469062211 -10.769189160376655 38
      vertex -13 -10.5 38
    endloop
  endfacet
  facet normal 0.891006524188368 0.4539904997395466 0
    outer loop
      vertex -8.550406530937789 -12.767181112391398 33
      vertex -8.550406530937789 -12.767181112391398 38
      vertex -7.769189160376656 -14.300406530937789 38
    endloop
  endfacet
  facet normal 0.1564344650402306 0.9876883405951378 0
    outer loop
      vertex -11.300406530937789 -10.769189160376655 33
      vertex -13 -10.5 38
      vertex -11.300406530937789 -10.769189160376655 38
    endloop
  endfacet
  facet normal 0.4539904997395469 0.8910065241883677 0
    outer loop
      vertex -9.767181112391398 -11.550406530937789 33
      vertex -11.300406530937789 -10.769189160376655 38
      vertex -9.767181112391398 -11.550406530937789 38
    endloop
  endfacet
  facet normal 0.7071067811865475 0.7071067811865475 0
    outer loop
      vertex -9.767181112391398 -11.550406530937789 33
      vertex -9.767181112391398 -11.550406530937789 38
      vertex -8.550406530937789 -12.767181112391398 38
    endloop
  endfacet
  facet normal 0 0 -1
    outer loop
      vertex -8.550406530937789 -19.2328188876086 33
      vertex -7.769189160376656 -14.300406530937789 33
      vertex -7.769189160376656 -17.69959346906221 33
    endloop
  endfacet
  facet normal 0 0 -1
    outer loop
      vertex -7.769189160376656 -17.69959346906221 33
      vertex -7.769189160376656 -14.300406530937789 33
      vertex -7.5 -16 33
    endloop
  endfacet
  facet normal 0.9876883405951378 -0.15643446504023112 0
    outer loop
      vertex -7.769189160376656 -17.69959346906221 33
      vertex -7.5 -16 33
      vertex -7.769189160376656 -17.69959346906221 38
    endloop
  endfacet
  facet normal 0.9876883405951378 0.15643446504023112 0
    outer loop
      vertex -7.5 -16 33
      vertex -7.769189160376656 -14.300406530937789 33
      vertex -7.5 -16 38
    endloop
  endfacet
  facet normal 0.891006524188368 -0.4539904997395466 0
    outer loop
      vertex -7.769189160376656 -17.69959346906221 33
      vertex -7.769189160376656 -17.69959346906221 38
      vertex -8.550406530937789 -19.2328188876086 38
    endloop
  endfacet
  facet normal 0.9876883405951378 -0.15643446504023112 0
    outer loop
      vertex -7.5 -16 33
      vertex -7.5 -16 38
      vertex -7.769189160376656 -17.69959346906221 38
    endloop
  endfacet
  facet normal 0.891006524188368 0.4539904997395466 0
    outer loop
      vertex -8.550406530937789 -12.767181112391398 33
      vertex -7.769189160376656 -14.300406530937789 38
      vertex -7.769189160376656 -14.300406530937789 33
    endloop
  endfacet
  facet normal 0.9876883405951378 0.15643446504023112 0
    outer loop
      vertex -7.769189160376656 -14.300406530937789 33
      vertex -7.769189160376656 -14.300406530937789 38
      vertex -7.5 -16 38
    endloop
  endfacet
  facet normal 0 0 1
    outer loop
      vertex -9.767181112391398 -20.44959346906221 38
      vertex -8.550406530937789 -19.2328188876086 38
      vertex -9.185640425364095 -19.814359574635905 38
    endloop
  endfacet
  facet normal 0 0 1
    outer loop
      vertex -9.185640425364095 -19.814359574635905 38
      vertex -8.550406530937789 -19.2328188876086 38
      vertex -8.016299045059117 -18.064316526348257 38
    endloop
  endfacet
  facet normal 0 0 1
    outer loop
      vertex -16.814359574635905 -12.185640425364095 38
      vertex -15.064316526348259 -11.016299045059117 38
      vertex -16.2328188876086 -11.550406530937789 38
    endloop
  endfacet
  facet normal 0 0 1
    outer loop
      vertex -16.2328188876086 -11.550406530937789 38
      vertex -15.064316526348259 -11.016299045059117 38
      vertex -14.699593469062211 -10.769189160376655 38
    endloop
  endfacet
  facet normal 0 0 1
    outer loop
      vertex -15.064316526348259 -11.016299045059117 38
      vertex -13 -10.605680957782234 38
      vertex -14.699593469062211 -10.769189160376655 38
    endloop
  endfacet
  facet normal 0 0 1
    outer loop
      vertex -14.699593469062211 -10.769189160376655 38
      vertex -13 -10.605680957782234 38
      vertex -13 -10.5 38
    endloop
  endfacet
  facet normal 0 0 1
    outer loop
      vertex -13 -10.605680957782234 38
      vertex -10.935683473651741 -11.016299045059117 38
      vertex -13 -10.5 38
    endloop
  endfacet
  facet normal 0 0 1
    outer loop
      vertex -8.550406530937789 -12.767181112391398 38
      vertex -9.185640425364095 -12.185640425364095 38
      vertex -8.016299045059117 -13.935683473651741 38
    endloop
  endfacet
  facet normal 0 0 1
    outer loop
      vertex -13 -10.5 38
      vertex -10.935683473651741 -11.016299045059117 38
      vertex -11.300406530937789 -10.769189160376655 38
    endloop
  endfacet
  facet normal 0 0 1
    outer loop
      vertex -11.300406530937789 -10.769189160376655 38
      vertex -10.935683473651741 -11.016299045059117 38
      vertex -9.767181112391398 -11.550406530937789 38
    endloop
  endfacet
  facet normal 0 0 1
    outer loop
      vertex -8.550406530937789 -12.767181112391398 38
      vertex -9.767181112391398 -11.550406530937789 38
      vertex -9.185640425364095 -12.185640425364095 38
    endloop
  endfacet
  facet normal 0 0 1
    outer loop
      vertex -10.935683473651741 -11.016299045059117 38
      vertex -9.185640425364095 -12.185640425364095 38
      vertex -9.767181112391398 -11.550406530937789 38
    endloop
  endfacet
  facet normal 0 0 1
    outer loop
      vertex -8.550406530937789 -19.2328188876086 38
      vertex -7.769189160376656 -17.69959346906221 38
      vertex -8.016299045059117 -18.064316526348257 38
    endloop
  endfacet
  facet normal 0 0 1
    outer loop
      vertex -8.016299045059117 -18.064316526348257 38
      vertex -7.769189160376656 -17.69959346906221 38
      vertex -7.5 -16 38
    endloop
  endfacet
  facet normal 0 0 1
    outer loop
      vertex -8.016299045059117 -18.064316526348257 38
      vertex -7.5 -16 38
      vertex -7.605680957782233 -16 38
    endloop
  endfacet
  facet normal 0 0 1
    outer loop
      vertex -7.605680957782233 -16 38
      vertex -7.5 -16 38
      vertex -7.769189160376656 -14.300406530937789 38
    endloop
  endfacet
  facet normal 0 0 1
    outer loop
      vertex -7.605680957782233 -16 38
      vertex -7.769189160376656 -14.300406530937789 38
      vertex -8.016299045059117 -13.935683473651741 38
    endloop
  endfacet
  facet normal 0 0 1
    outer loop
      vertex -8.550406530937789 -12.767181112391398 38
      vertex -8.016299045059117 -13.935683473651741 38
      vertex -7.769189160376656 -14.300406530937789 38
    endloop
  endfacet
  facet normal -0.8314696123025453 -0.5555702330196022 0
    outer loop
      vertex -16.814359574635905 -19.814359574635905 38
      vertex -16.814359574635905 -19.814359574635905 39.072996771088704
      vertex -17.983700954940883 -18.064316526348257 38
    endloop
  endfacet
  facet normal -0.8314696123025453 -0.5555702330196022 0
    outer loop
      vertex -16.814359574635905 -19.814359574635905 39.072996771088704
      vertex -17.983700954940883 -18.064316526348257 39.072996771088704
      vertex -17.983700954940883 -18.064316526348257 38
    endloop
  endfacet
  facet normal -0.7703275794849852 -0.5147164328119479 0.3763806770786028
    outer loop
      vertex -16.814359574635905 -19.814359574635905 39.072996771088704
      vertex -16.233657906653235 -19.233657906653235 41.05563628160781
      vertex -17.983700954940883 -18.064316526348257 39.072996771088704
    endloop
  endfacet
  facet normal -0.770327579484985 -0.5147164328119483 0.3763806770786022
    outer loop
      vertex -17.983700954940883 -18.064316526348257 39.072996771088704
      vertex -16.233657906653235 -19.233657906653235 41.05563628160781
      vertex -17.22497766191279 -17.750043048287647 41.05563628160781
    endloop
  endfacet
  facet normal -0.9807852804032305 -0.19509032201612822 0
    outer loop
      vertex -17.983700954940883 -18.064316526348257 38
      vertex -17.983700954940883 -18.064316526348257 39.072996771088704
      vertex -18.394319042217766 -16 38
    endloop
  endfacet
  facet normal -0.9807852804032305 -0.19509032201612822 0
    outer loop
      vertex -17.983700954940883 -18.064316526348257 39.072996771088704
      vertex -18.394319042217766 -16 39.072996771088704
      vertex -18.394319042217766 -16 38
    endloop
  endfacet
  facet normal -0.9807852804032305 0.19509032201612805 0
    outer loop
      vertex -18.394319042217766 -16 38
      vertex -18.394319042217766 -16 39.072996771088704
      vertex -17.983700954940883 -13.935683473651741 38
    endloop
  endfacet
  facet normal -0.9086633352183305 -0.18074437515937386 0.3763806770786027
    outer loop
      vertex -17.983700954940883 -18.064316526348257 39.072996771088704
      vertex -17.22497766191279 -17.750043048287647 41.05563628160781
      vertex -18.394319042217766 -16 39.072996771088704
    endloop
  endfacet
  facet normal -0.9086633352183306 -0.18074437515937453 0.3763806770786022
    outer loop
      vertex -18.394319042217766 -16 39.072996771088704
      vertex -17.22497766191279 -17.750043048287647 41.05563628160781
      vertex -17.573082867664 -16 41.05563628160781
    endloop
  endfacet
  facet normal -0.9086633352183306 0.18074437515937453 0.3763806770786022
    outer loop
      vertex -18.394319042217766 -16 39.072996771088704
      vertex -17.573082867664 -16 41.05563628160781
      vertex -17.22497766191279 -14.249956951712353 41.05563628160781
    endloop
  endfacet
  facet normal -0.5936131960090993 -0.39663965676028234 0.7002145072825526
    outer loop
      vertex -17.22497766191279 -17.750043048287647 41.05563628160781
      vertex -16.233657906653235 -19.233657906653235 41.05563628160781
      vertex -15.823039819376351 -17.169341380304978 42.573082867664
    endloop
  endfacet
  facet normal -0.7002145072825534 -0.13928132531715393 0.7002145072825527
    outer loop
      vertex -17.22497766191279 -17.750043048287647 41.05563628160781
      vertex -15.823039819376351 -17.169341380304978 42.573082867664
      vertex -17.573082867664 -16 41.05563628160781
    endloop
  endfacet
  facet normal -0.7002145072825532 -0.13928132531715293 0.7002145072825532
    outer loop
      vertex -17.573082867664 -16 41.05563628160781
      vertex -15.823039819376351 -17.169341380304978 42.573082867664
      vertex -16.05563628160781 -16 42.573082867664
    endloop
  endfacet
  facet normal -0.7002145072825532 0.13928132531715293 0.7002145072825532
    outer loop
      vertex -17.573082867664 -16 41.05563628160781
      vertex -16.05563628160781 -16 42.573082867664
      vertex -15.823039819376351 -14.830658619695022 42.573082867664
    endloop
  endfacet
  facet normal -0.9807852804032305 0.19509032201612805 0
    outer loop
      vertex -18.394319042217766 -16 39.072996771088704
      vertex -17.983700954940883 -13.935683473651741 39.072996771088704
      vertex -17.983700954940883 -13.935683473651741 38
    endloop
  endfacet
  facet normal -0.831469612302545 0.5555702330196026 0
    outer loop
      vertex -17.983700954940883 -13.935683473651741 38
      vertex -17.983700954940883 -13.935683473651741 39.072996771088704
      vertex -16.814359574635905 -12.185640425364095 38
    endloop
  endfacet
  facet normal -0.831469612302545 0.5555702330196026 0
    outer loop
      vertex -17.983700954940883 -13.935683473651741 39.072996771088704
      vertex -16.814359574635905 -12.185640425364095 39.072996771088704
      vertex -16.814359574635905 -12.185640425364095 38
    endloop
  endfacet
  facet normal -0.9086633352183306 0.1807443751593737 0.37638067707860273
    outer loop
      vertex -18.394319042217766 -16 39.072996771088704
      vertex -17.22497766191279 -14.249956951712353 41.05563628160781
      vertex -17.983700954940883 -13.935683473651741 39.072996771088704
    endloop
  endfacet
  facet normal -0.7703275794849851 0.5147164328119482 0.3763806770786024
    outer loop
      vertex -17.983700954940883 -13.935683473651741 39.072996771088704
      vertex -16.233657906653235 -12.766342093346763 41.05563628160781
      vertex -16.814359574635905 -12.185640425364095 39.072996771088704
    endloop
  endfacet
  facet normal -0.7703275794849852 0.5147164328119479 0.3763806770786026
    outer loop
      vertex -17.983700954940883 -13.935683473651741 39.072996771088704
      vertex -17.22497766191279 -14.249956951712353 41.05563628160781
      vertex -16.233657906653235 -12.766342093346763 41.05563628160781
    endloop
  endfacet
  facet normal -0.7002145072825534 0.13928132531715393 0.7002145072825527
    outer loop
      vertex -17.573082867664 -16 41.05563628160781
      vertex -15.823039819376351 -14.830658619695022 42.573082867664
      vertex -17.22497766191279 -14.249956951712353 41.05563628160781
    endloop
  endfacet
  facet normal -0.5936131960090996 0.396639656760282 0.7002145072825527
    outer loop
      vertex -17.22497766191279 -14.249956951712353 41.05563628160781
      vertex -15.823039819376351 -14.830658619695022 42.573082867664
      vertex -16.233657906653235 -12.766342093346763 41.05563628160781
    endloop
  endfacet
  facet normal -0.5555702330196026 -0.831469612302545 0
    outer loop
      vertex -16.814359574635905 -19.814359574635905 38
      vertex -15.064316526348259 -20.983700954940883 38
      vertex -15.064316526348259 -20.983700954940883 39.072996771088704
    endloop
  endfacet
  facet normal -0.5555702330196026 -0.831469612302545 0
    outer loop
      vertex -16.814359574635905 -19.814359574635905 38
      vertex -15.064316526348259 -20.983700954940883 39.072996771088704
      vertex -16.814359574635905 -19.814359574635905 39.072996771088704
    endloop
  endfacet
  facet normal -0.19509032201612805 -0.9807852804032305 0
    outer loop
      vertex -15.064316526348259 -20.983700954940883 38
      vertex -13 -21.394319042217766 39.072996771088704
      vertex -15.064316526348259 -20.983700954940883 39.072996771088704
    endloop
  endfacet
  facet normal -0.19509032201612805 -0.9807852804032305 0
    outer loop
      vertex -15.064316526348259 -20.983700954940883 38
      vertex -13 -21.394319042217766 38
      vertex -13 -21.394319042217766 39.072996771088704
    endloop
  endfacet
  facet normal 0.19509032201612805 -0.9807852804032305 0
    outer loop
      vertex -13 -21.394319042217766 38
      vertex -10.935683473651741 -20.983700954940883 39.072996771088704
      vertex -13 -21.394319042217766 39.072996771088704
    endloop
  endfacet
  facet normal -0.1807443751593737 -0.9086633352183306 0.3763806770786028
    outer loop
      vertex -15.064316526348259 -20.983700954940883 39.072996771088704
      vertex -13 -21.394319042217766 39.072996771088704
      vertex -14.750043048287647 -20.22497766191279 41.05563628160781
    endloop
  endfacet
  facet normal -0.5147164328119483 -0.7703275794849849 0.3763806770786026
    outer loop
      vertex -15.064316526348259 -20.983700954940883 39.072996771088704
      vertex -14.750043048287647 -20.22497766191279 41.05563628160781
      vertex -16.233657906653235 -19.233657906653235 41.05563628160781
    endloop
  endfacet
  facet normal -0.18074437515937453 -0.9086633352183306 0.3763806770786022
    outer loop
      vertex -13 -21.394319042217766 39.072996771088704
      vertex -13 -20.573082867664 41.05563628160781
      vertex -14.750043048287647 -20.22497766191279 41.05563628160781
    endloop
  endfacet
  facet normal 0.18074437515937453 -0.9086633352183306 0.3763806770786022
    outer loop
      vertex -13 -21.394319042217766 39.072996771088704
      vertex -11.249956951712353 -20.22497766191279 41.05563628160781
      vertex -13 -20.573082867664 41.05563628160781
    endloop
  endfacet
  facet normal 0.19509032201612805 -0.9807852804032305 0
    outer loop
      vertex -13 -21.394319042217766 38
      vertex -10.935683473651741 -20.983700954940883 38
      vertex -10.935683473651741 -20.983700954940883 39.072996771088704
    endloop
  endfacet
  facet normal 0.5555702330196026 -0.831469612302545 0
    outer loop
      vertex -10.935683473651741 -20.983700954940883 38
      vertex -9.185640425364095 -19.814359574635905 39.072996771088704
      vertex -10.935683473651741 -20.983700954940883 39.072996771088704
    endloop
  endfacet
  facet normal 0.5555702330196026 -0.831469612302545 0
    outer loop
      vertex -10.935683473651741 -20.983700954940883 38
      vertex -9.185640425364095 -19.814359574635905 38
      vertex -9.185640425364095 -19.814359574635905 39.072996771088704
    endloop
  endfacet
  facet normal 0.1807443751593737 -0.9086633352183306 0.37638067707860273
    outer loop
      vertex -13 -21.394319042217766 39.072996771088704
      vertex -10.935683473651741 -20.983700954940883 39.072996771088704
      vertex -11.249956951712353 -20.22497766191279 41.05563628160781
    endloop
  endfacet
  facet normal 0.5147164328119479 -0.7703275794849852 0.3763806770786026
    outer loop
      vertex -10.935683473651741 -20.983700954940883 39.072996771088704
      vertex -9.766342093346763 -19.233657906653235 41.05563628160781
      vertex -11.249956951712353 -20.22497766191279 41.05563628160781
    endloop
  endfacet
  facet normal -0.07590088788047215 -0.3815795311289149 -0.9212144791753946
    outer loop
      vertex -13.774921379661333 -17.87082570455126 33
      vertex -13.410618087276884 -16.991319755259553 32.60568095778223
      vertex -13 -18.024967150712808 33
    endloop
  endfacet
  facet normal 0.07590088788047206 -0.38157953112891435 -0.9212144791753947
    outer loop
      vertex -13 -18.024967150712808 33
      vertex -13 -17.072996771088704 32.60568095778223
      vertex -12.225078620338667 -17.87082570455126 33
    endloop
  endfacet
  facet normal -0.32348750654160074 -0.2161474415048775 -0.9212144791753946
    outer loop
      vertex -14.431868003949027 -17.431868003949027 33
      vertex -14.870825704551262 -16.774921379661333 33
      vertex -13.991319755259553 -16.410618087276884 32.60568095778223
    endloop
  endfacet
  facet normal -0.3815795311289148 -0.07590088788047257 -0.9212144791753946
    outer loop
      vertex -14.870825704551262 -16.774921379661333 33
      vertex -14.072996771088706 -16 32.60568095778223
      vertex -13.991319755259553 -16.410618087276884 32.60568095778223
    endloop
  endfacet
  facet normal -0.3815795311289151 -0.0759008878804722 -0.9212144791753945
    outer loop
      vertex -14.870825704551262 -16.774921379661333 33
      vertex -15.024967150712808 -16 33
      vertex -14.072996771088706 -16 32.60568095778223
    endloop
  endfacet
  facet normal -0.38157953112891496 0.07590088788047263 -0.9212144791753945
    outer loop
      vertex -15.024967150712808 -16 33
      vertex -13.991319755259553 -15.589381912723116 32.60568095778223
      vertex -14.072996771088706 -16 32.60568095778223
    endloop
  endfacet
  facet normal -0.3815795311289148 0.07590088788047197 -0.9212144791753946
    outer loop
      vertex -15.024967150712808 -16 33
      vertex -14.870825704551262 -15.225078620338666 33
      vertex -13.991319755259553 -15.589381912723116 32.60568095778223
    endloop
  endfacet
  facet normal -0.21614744150487783 -0.32348750654160124 -0.9212144791753942
    outer loop
      vertex -13.774921379661333 -17.87082570455126 33
      vertex -14.431868003949027 -17.431868003949027 33
      vertex -13.758723293028094 -16.758723293028094 32.60568095778223
    endloop
  endfacet
  facet normal -0.21614744150487603 -0.32348750654160124 -0.9212144791753946
    outer loop
      vertex -13.774921379661333 -17.87082570455126 33
      vertex -13.758723293028094 -16.758723293028094 32.60568095778223
      vertex -13.410618087276884 -16.991319755259553 32.60568095778223
    endloop
  endfacet
  facet normal -0.3234875065416023 -0.21614744150487666 -0.9212144791753942
    outer loop
      vertex -14.431868003949027 -17.431868003949027 33
      vertex -13.991319755259553 -16.410618087276884 32.60568095778223
      vertex -13.758723293028094 -16.758723293028094 32.60568095778223
    endloop
  endfacet
  facet normal -0.07590088788047082 -0.38157953112891446 -0.9212144791753949
    outer loop
      vertex -13 -18.024967150712808 33
      vertex -13.410618087276884 -16.991319755259553 32.60568095778223
      vertex -13 -17.072996771088704 32.60568095778223
    endloop
  endfacet
  facet normal 0.07590088788047097 -0.38157953112891535 -0.9212144791753945
    outer loop
      vertex -12.225078620338667 -17.87082570455126 33
      vertex -13 -17.072996771088704 32.60568095778223
      vertex -12.589381912723116 -16.991319755259553 32.60568095778223
    endloop
  endfacet
  facet normal 0 0 -1
    outer loop
      vertex -13.758723293028094 -16.758723293028094 32.60568095778223
      vertex -13.991319755259553 -16.410618087276884 32.60568095778223
      vertex -13.758723293028094 -15.241276706971906 32.60568095778223
    endloop
  endfacet
  facet normal 0 0 -1
    outer loop
      vertex -13.991319755259553 -16.410618087276884 32.60568095778223
      vertex -14.072996771088706 -16 32.60568095778223
      vertex -13.991319755259553 -15.589381912723116 32.60568095778223
    endloop
  endfacet
  facet normal 0 0 -1
    outer loop
      vertex -13.758723293028094 -16.758723293028094 32.60568095778223
      vertex -13.410618087276884 -15.008680244740447 32.60568095778223
      vertex -13.410618087276884 -16.991319755259553 32.60568095778223
    endloop
  endfacet
  facet normal 0 0 -1
    outer loop
      vertex -13.991319755259553 -16.410618087276884 32.60568095778223
      vertex -13.991319755259553 -15.589381912723116 32.60568095778223
      vertex -13.758723293028094 -15.241276706971906 32.60568095778223
    endloop
  endfacet
  facet normal -0.32348750654160113 0.2161474415048759 -0.9212144791753948
    outer loop
      vertex -14.870825704551262 -15.225078620338666 33
      vertex -13.758723293028094 -15.241276706971906 32.60568095778223
      vertex -13.991319755259553 -15.589381912723116 32.60568095778223
    endloop
  endfacet
  facet normal 0 0 -1
    outer loop
      vertex -13.758723293028094 -16.758723293028094 32.60568095778223
      vertex -13.758723293028094 -15.241276706971906 32.60568095778223
      vertex -13.410618087276884 -15.008680244740447 32.60568095778223
    endloop
  endfacet
  facet normal 0 0 -1
    outer loop
      vertex -13.410618087276884 -16.991319755259553 32.60568095778223
      vertex -13.410618087276884 -15.008680244740447 32.60568095778223
      vertex -13 -14.927003228911294 32.60568095778223
    endloop
  endfacet
  facet normal 0 0 -1
    outer loop
      vertex -13.410618087276884 -16.991319755259553 32.60568095778223
      vertex -13 -14.927003228911294 32.60568095778223
      vertex -13 -17.072996771088704 32.60568095778223
    endloop
  endfacet
  facet normal 0 0 -1
    outer loop
      vertex -13 -17.072996771088704 32.60568095778223
      vertex -12.589381912723116 -15.008680244740447 32.60568095778223
      vertex -12.589381912723116 -16.991319755259553 32.60568095778223
    endloop
  endfacet
  facet normal 0 0 -1
    outer loop
      vertex -12.589381912723116 -16.991319755259553 32.60568095778223
      vertex -12.241276706971906 -15.241276706971906 32.60568095778223
      vertex -12.241276706971906 -16.758723293028094 32.60568095778223
    endloop
  endfacet
  facet normal 0 0 -1
    outer loop
      vertex -13 -17.072996771088704 32.60568095778223
      vertex -13 -14.927003228911294 32.60568095778223
      vertex -12.589381912723116 -15.008680244740447 32.60568095778223
    endloop
  endfacet
  facet normal 0 0 -1
    outer loop
      vertex -12.589381912723116 -16.991319755259553 32.60568095778223
      vertex -12.589381912723116 -15.008680244740447 32.60568095778223
      vertex -12.241276706971906 -15.241276706971906 32.60568095778223
    endloop
  endfacet
  facet normal 0.2161474415048775 -0.32348750654160074 -0.9212144791753946
    outer loop
      vertex -12.225078620338667 -17.87082570455126 33
      vertex -12.589381912723116 -16.991319755259553 32.60568095778223
      vertex -11.568131996050973 -17.431868003949027 33
    endloop
  endfacet
  facet normal 0.21614744150487666 -0.3234875065416023 -0.9212144791753942
    outer loop
      vertex -12.589381912723116 -16.991319755259553 32.60568095778223
      vertex -12.241276706971906 -16.758723293028094 32.60568095778223
      vertex -11.568131996050973 -17.431868003949027 33
    endloop
  endfacet
  facet normal 0.3234875065416014 -0.21614744150487608 -0.9212144791753947
    outer loop
      vertex -12.241276706971906 -16.758723293028094 32.60568095778223
      vertex -12.008680244740447 -16.410618087276884 32.60568095778223
      vertex -11.129174295448738 -16.774921379661333 33
    endloop
  endfacet
  facet normal 0.32348750654160124 -0.21614744150487783 -0.9212144791753942
    outer loop
      vertex -12.241276706971906 -16.758723293028094 32.60568095778223
      vertex -11.129174295448738 -16.774921379661333 33
      vertex -11.568131996050973 -17.431868003949027 33
    endloop
  endfacet
  facet normal 0.3815795311289149 -0.07590088788047215 -0.9212144791753946
    outer loop
      vertex -12.008680244740447 -16.410618087276884 32.60568095778223
      vertex -10.975032849287192 -16 33
      vertex -11.129174295448738 -16.774921379661333 33
    endloop
  endfacet
  facet normal 0 0 -1
    outer loop
      vertex -12.241276706971906 -16.758723293028094 32.60568095778223
      vertex -12.008680244740447 -15.589381912723116 32.60568095778223
      vertex -12.008680244740447 -16.410618087276884 32.60568095778223
    endloop
  endfacet
  facet normal 0 0 -1
    outer loop
      vertex -12.008680244740447 -16.410618087276884 32.60568095778223
      vertex -12.008680244740447 -15.589381912723116 32.60568095778223
      vertex -11.927003228911294 -16 32.60568095778223
    endloop
  endfacet
  facet normal 0 0 -1
    outer loop
      vertex -12.241276706971906 -16.758723293028094 32.60568095778223
      vertex -12.241276706971906 -15.241276706971906 32.60568095778223
      vertex -12.008680244740447 -15.589381912723116 32.60568095778223
    endloop
  endfacet
  facet normal 0.38157953112891496 -0.07590088788047258 -0.9212144791753945
    outer loop
      vertex -12.008680244740447 -16.410618087276884 32.60568095778223
      vertex -11.927003228911294 -16 32.60568095778223
      vertex -10.975032849287192 -16 33
    endloop
  endfacet
  facet normal 0.38157953112891463 0.07590088788047251 -0.9212144791753947
    outer loop
      vertex -11.927003228911294 -16 32.60568095778223
      vertex -12.008680244740447 -15.589381912723116 32.60568095778223
      vertex -11.129174295448738 -15.225078620338666 33
    endloop
  endfacet
  facet normal 0.381579531128915 0.07590088788047201 -0.9212144791753946
    outer loop
      vertex -11.927003228911294 -16 32.60568095778223
      vertex -11.129174295448738 -15.225078620338666 33
      vertex -10.975032849287192 -16 33
    endloop
  endfacet
  facet normal -0.32348750654160086 0.2161474415048782 -0.9212144791753942
    outer loop
      vertex -14.870825704551262 -15.225078620338666 33
      vertex -14.431868003949027 -14.568131996050973 33
      vertex -13.758723293028094 -15.241276706971906 32.60568095778223
    endloop
  endfacet
  facet normal -0.21614744150487666 0.3234875065416023 -0.9212144791753942
    outer loop
      vertex -13.758723293028094 -15.241276706971906 32.60568095778223
      vertex -14.431868003949027 -14.568131996050973 33
      vertex -13.410618087276884 -15.008680244740447 32.60568095778223
    endloop
  endfacet
  facet normal -0.2161474415048775 0.32348750654160074 -0.9212144791753946
    outer loop
      vertex -14.431868003949027 -14.568131996050973 33
      vertex -13.774921379661333 -14.129174295448738 33
      vertex -13.410618087276884 -15.008680244740447 32.60568095778223
    endloop
  endfacet
  facet normal -0.07590088788047254 0.38157953112891474 -0.9212144791753946
    outer loop
      vertex -13.410618087276884 -15.008680244740447 32.60568095778223
      vertex -13.774921379661333 -14.129174295448738 33
      vertex -13 -14.927003228911294 32.60568095778223
    endloop
  endfacet
  facet normal -0.0759008878804722 0.3815795311289151 -0.9212144791753945
    outer loop
      vertex -13.774921379661333 -14.129174295448738 33
      vertex -13 -13.975032849287192 33
      vertex -13 -14.927003228911294 32.60568095778223
    endloop
  endfacet
  facet normal 0.07590088788047258 0.38157953112891496 -0.9212144791753945
    outer loop
      vertex -13 -14.927003228911294 32.60568095778223
      vertex -13 -13.975032849287192 33
      vertex -12.589381912723116 -15.008680244740447 32.60568095778223
    endloop
  endfacet
  facet normal 0.21614744150487608 0.3234875065416014 -0.9212144791753947
    outer loop
      vertex -12.241276706971906 -15.241276706971906 32.60568095778223
      vertex -12.589381912723116 -15.008680244740447 32.60568095778223
      vertex -12.225078620338667 -14.129174295448738 33
    endloop
  endfacet
  facet normal 0.07590088788047215 0.3815795311289149 -0.9212144791753946
    outer loop
      vertex -12.589381912723116 -15.008680244740447 32.60568095778223
      vertex -13 -13.975032849287192 33
      vertex -12.225078620338667 -14.129174295448738 33
    endloop
  endfacet
  facet normal 0.3234875065416023 0.21614744150487666 -0.9212144791753942
    outer loop
      vertex -12.241276706971906 -15.241276706971906 32.60568095778223
      vertex -11.568131996050973 -14.568131996050973 33
      vertex -12.008680244740447 -15.589381912723116 32.60568095778223
    endloop
  endfacet
  facet normal 0.21614744150487783 0.32348750654160124 -0.9212144791753942
    outer loop
      vertex -12.241276706971906 -15.241276706971906 32.60568095778223
      vertex -12.225078620338667 -14.129174295448738 33
      vertex -11.568131996050973 -14.568131996050973 33
    endloop
  endfacet
  facet normal 0.3234875065416002 0.21614744150487772 -0.9212144791753946
    outer loop
      vertex -12.008680244740447 -15.589381912723116 32.60568095778223
      vertex -11.568131996050973 -14.568131996050973 33
      vertex -11.129174295448738 -15.225078620338666 33
    endloop
  endfacet
  facet normal -0.5147164328119481 -0.770327579484985 0.37638067707860284
    outer loop
      vertex -16.814359574635905 -19.814359574635905 39.072996771088704
      vertex -15.064316526348259 -20.983700954940883 39.072996771088704
      vertex -16.233657906653235 -19.233657906653235 41.05563628160781
    endloop
  endfacet
  facet normal 0.8314696123025453 -0.5555702330196022 0
    outer loop
      vertex -9.185640425364095 -19.814359574635905 38
      vertex -8.016299045059117 -18.064316526348257 39.072996771088704
      vertex -9.185640425364095 -19.814359574635905 39.072996771088704
    endloop
  endfacet
  facet normal 0.8314696123025453 -0.5555702330196022 0
    outer loop
      vertex -9.185640425364095 -19.814359574635905 38
      vertex -8.016299045059117 -18.064316526348257 38
      vertex -8.016299045059117 -18.064316526348257 39.072996771088704
    endloop
  endfacet
  facet normal 0.5147164328119482 -0.7703275794849851 0.3763806770786024
    outer loop
      vertex -10.935683473651741 -20.983700954940883 39.072996771088704
      vertex -9.185640425364095 -19.814359574635905 39.072996771088704
      vertex -9.766342093346763 -19.233657906653235 41.05563628160781
    endloop
  endfacet
  facet normal 0.7703275794849855 -0.514716432811948 0.3763806770786023
    outer loop
      vertex -9.185640425364095 -19.814359574635905 39.072996771088704
      vertex -8.016299045059117 -18.064316526348257 39.072996771088704
      vertex -9.766342093346763 -19.233657906653235 41.05563628160781
    endloop
  endfacet
  facet normal 0.7703275794849853 -0.5147164328119478 0.37638067707860223
    outer loop
      vertex -9.766342093346763 -19.233657906653235 41.05563628160781
      vertex -8.016299045059117 -18.064316526348257 39.072996771088704
      vertex -8.775022338087211 -17.750043048287647 41.05563628160781
    endloop
  endfacet
  facet normal 0.9086633352183305 -0.1807443751593742 0.37638067707860273
    outer loop
      vertex -8.775022338087211 -17.750043048287647 41.05563628160781
      vertex -8.016299045059117 -18.064316526348257 39.072996771088704
      vertex -7.605680957782233 -16 39.072996771088704
    endloop
  endfacet
  facet normal 0.9086633352183305 -0.18074437515937447 0.3763806770786025
    outer loop
      vertex -8.775022338087211 -17.750043048287647 41.05563628160781
      vertex -7.605680957782233 -16 39.072996771088704
      vertex -8.426917132336001 -16 41.05563628160781
    endloop
  endfacet
  facet normal 0.9086633352183305 0.18074437515937447 0.3763806770786025
    outer loop
      vertex -8.426917132336001 -16 41.05563628160781
      vertex -7.605680957782233 -16 39.072996771088704
      vertex -8.775022338087211 -14.249956951712353 41.05563628160781
    endloop
  endfacet
  facet normal -0.39663965676028257 -0.5936131960090997 0.7002145072825523
    outer loop
      vertex -14.750043048287647 -20.22497766191279 41.05563628160781
      vertex -15.160661135564531 -18.16066113556453 42.573082867664
      vertex -16.233657906653235 -19.233657906653235 41.05563628160781
    endloop
  endfacet
  facet normal -0.13928132531715393 -0.7002145072825534 0.7002145072825527
    outer loop
      vertex -14.750043048287647 -20.22497766191279 41.05563628160781
      vertex -13 -20.573082867664 41.05563628160781
      vertex -14.169341380304978 -18.82303981937635 42.573082867664
    endloop
  endfacet
  facet normal -0.39663965676028146 -0.5936131960090998 0.7002145072825527
    outer loop
      vertex -14.750043048287647 -20.22497766191279 41.05563628160781
      vertex -14.169341380304978 -18.82303981937635 42.573082867664
      vertex -15.160661135564531 -18.16066113556453 42.573082867664
    endloop
  endfacet
  facet normal -0.5936131960091003 -0.3966396567602818 0.7002145072825522
    outer loop
      vertex -16.233657906653235 -19.233657906653235 41.05563628160781
      vertex -15.160661135564531 -18.16066113556453 42.573082867664
      vertex -15.823039819376351 -17.169341380304978 42.573082867664
    endloop
  endfacet
  facet normal -0.21614744150487708 -0.32348750654160136 0.9212144791753945
    outer loop
      vertex -15.160661135564531 -18.16066113556453 42.573082867664
      vertex -14.169341380304978 -18.82303981937635 42.573082867664
      vertex -13.758723293028094 -16.758723293028094 43.39431904221777
    endloop
  endfacet
  facet normal -0.13928132531715293 -0.7002145072825532 0.7002145072825532
    outer loop
      vertex -13 -20.573082867664 41.05563628160781
      vertex -13 -19.05563628160781 42.573082867664
      vertex -14.169341380304978 -18.82303981937635 42.573082867664
    endloop
  endfacet
  facet normal 0.13928132531715293 -0.7002145072825532 0.7002145072825532
    outer loop
      vertex -13 -20.573082867664 41.05563628160781
      vertex -11.830658619695022 -18.82303981937635 42.573082867664
      vertex -13 -19.05563628160781 42.573082867664
    endloop
  endfacet
  facet normal -0.0759008878804722 -0.38157953112891535 0.9212144791753945
    outer loop
      vertex -13 -19.05563628160781 42.573082867664
      vertex -13.410618087276884 -16.991319755259553 43.39431904221777
      vertex -14.169341380304978 -18.82303981937635 42.573082867664
    endloop
  endfacet
  facet normal 0.07590088788047214 -0.3815795311289151 0.9212144791753946
    outer loop
      vertex -13 -19.05563628160781 42.573082867664
      vertex -11.830658619695022 -18.82303981937635 42.573082867664
      vertex -13 -17.072996771088704 43.39431904221777
    endloop
  endfacet
  facet normal -0.07590088788047097 -0.3815795311289151 0.9212144791753946
    outer loop
      vertex -13 -19.05563628160781 42.573082867664
      vertex -13 -17.072996771088704 43.39431904221777
      vertex -13.410618087276884 -16.991319755259553 43.39431904221777
    endloop
  endfacet
  facet normal 0.07590088788047109 -0.3815795311289157 0.9212144791753943
    outer loop
      vertex -13 -17.072996771088704 43.39431904221777
      vertex -11.830658619695022 -18.82303981937635 42.573082867664
      vertex -12.589381912723116 -16.991319755259553 43.39431904221777
    endloop
  endfacet
  facet normal -0.38157953112891535 -0.0759008878804722 0.9212144791753943
    outer loop
      vertex -15.823039819376351 -17.169341380304978 42.573082867664
      vertex -14.072996771088706 -16 43.39431904221777
      vertex -16.05563628160781 -16 42.573082867664
    endloop
  endfacet
  facet normal -0.3234875065416012 -0.21614744150487697 0.9212144791753945
    outer loop
      vertex -15.160661135564531 -18.16066113556453 42.573082867664
      vertex -13.991319755259553 -16.410618087276884 43.39431904221777
      vertex -15.823039819376351 -17.169341380304978 42.573082867664
    endloop
  endfacet
  facet normal -0.32348750654160185 -0.21614744150487653 0.9212144791753945
    outer loop
      vertex -15.160661135564531 -18.16066113556453 42.573082867664
      vertex -13.758723293028094 -16.758723293028094 43.39431904221777
      vertex -13.991319755259553 -16.410618087276884 43.39431904221777
    endloop
  endfacet
  facet normal -0.38157953112891513 -0.07590088788047249 0.9212144791753945
    outer loop
      vertex -15.823039819376351 -17.169341380304978 42.573082867664
      vertex -13.991319755259553 -16.410618087276884 43.39431904221777
      vertex -14.072996771088706 -16 43.39431904221777
    endloop
  endfacet
  facet normal -0.38157953112891535 0.0759008878804722 0.9212144791753943
    outer loop
      vertex -16.05563628160781 -16 42.573082867664
      vertex -14.072996771088706 -16 43.39431904221777
      vertex -15.823039819376351 -14.830658619695022 42.573082867664
    endloop
  endfacet
  facet normal -0.38157953112891513 0.07590088788047261 0.9212144791753945
    outer loop
      vertex -14.072996771088706 -16 43.39431904221777
      vertex -13.991319755259553 -15.589381912723116 43.39431904221777
      vertex -15.823039819376351 -14.830658619695022 42.573082867664
    endloop
  endfacet
  facet normal -0.21614744150487636 -0.3234875065416016 0.9212144791753945
    outer loop
      vertex -14.169341380304978 -18.82303981937635 42.573082867664
      vertex -13.410618087276884 -16.991319755259553 43.39431904221777
      vertex -13.758723293028094 -16.758723293028094 43.39431904221777
    endloop
  endfacet
  facet normal 0.21614744150487616 -0.3234875065416016 0.9212144791753945
    outer loop
      vertex -12.589381912723116 -16.991319755259553 43.39431904221777
      vertex -11.830658619695022 -18.82303981937635 42.573082867664
      vertex -12.241276706971906 -16.758723293028094 43.39431904221777
    endloop
  endfacet
  facet normal 0 0 1
    outer loop
      vertex -13.758723293028094 -16.758723293028094 43.39431904221777
      vertex -13.991319755259553 -15.589381912723116 43.39431904221777
      vertex -13.991319755259553 -16.410618087276884 43.39431904221777
    endloop
  endfacet
  facet normal 0 0 1
    outer loop
      vertex -13.991319755259553 -16.410618087276884 43.39431904221777
      vertex -13.991319755259553 -15.589381912723116 43.39431904221777
      vertex -14.072996771088706 -16 43.39431904221777
    endloop
  endfacet
  facet normal 0 0 1
    outer loop
      vertex -13.758723293028094 -16.758723293028094 43.39431904221777
      vertex -13.758723293028094 -15.241276706971906 43.39431904221777
      vertex -13.991319755259553 -15.589381912723116 43.39431904221777
    endloop
  endfacet
  facet normal 0 0 1
    outer loop
      vertex -13.758723293028094 -16.758723293028094 43.39431904221777
      vertex -13.410618087276884 -16.991319755259553 43.39431904221777
      vertex -13.758723293028094 -15.241276706971906 43.39431904221777
    endloop
  endfacet
  facet normal 0 0 1
    outer loop
      vertex -13.410618087276884 -16.991319755259553 43.39431904221777
      vertex -13 -17.072996771088704 43.39431904221777
      vertex -13.410618087276884 -15.008680244740447 43.39431904221777
    endloop
  endfacet
  facet normal 0 0 1
    outer loop
      vertex -13.410618087276884 -16.991319755259553 43.39431904221777
      vertex -13.410618087276884 -15.008680244740447 43.39431904221777
      vertex -13.758723293028094 -15.241276706971906 43.39431904221777
    endloop
  endfacet
  facet normal 0 0 1
    outer loop
      vertex -13 -17.072996771088704 43.39431904221777
      vertex -12.589381912723116 -16.991319755259553 43.39431904221777
      vertex -13 -14.927003228911294 43.39431904221777
    endloop
  endfacet
  facet normal 0 0 1
    outer loop
      vertex -12.589381912723116 -16.991319755259553 43.39431904221777
      vertex -12.241276706971906 -16.758723293028094 43.39431904221777
      vertex -12.589381912723116 -15.008680244740447 43.39431904221777
    endloop
  endfacet
  facet normal 0 0 1
    outer loop
      vertex -13 -17.072996771088704 43.39431904221777
      vertex -13 -14.927003228911294 43.39431904221777
      vertex -13.410618087276884 -15.008680244740447 43.39431904221777
    endloop
  endfacet
  facet normal 0 0 1
    outer loop
      vertex -12.589381912723116 -16.991319755259553 43.39431904221777
      vertex -12.589381912723116 -15.008680244740447 43.39431904221777
      vertex -13 -14.927003228911294 43.39431904221777
    endloop
  endfacet
  facet normal 0 0 1
    outer loop
      vertex -12.241276706971906 -16.758723293028094 43.39431904221777
      vertex -12.241276706971906 -15.241276706971906 43.39431904221777
      vertex -12.589381912723116 -15.008680244740447 43.39431904221777
    endloop
  endfacet
  facet normal 0.13928132531715393 -0.7002145072825534 0.7002145072825527
    outer loop
      vertex -13 -20.573082867664 41.05563628160781
      vertex -11.249956951712353 -20.22497766191279 41.05563628160781
      vertex -11.830658619695022 -18.82303981937635 42.573082867664
    endloop
  endfacet
  facet normal 0.3966396567602822 -0.5936131960090997 0.7002145072825524
    outer loop
      vertex -11.249956951712353 -20.22497766191279 41.05563628160781
      vertex -9.766342093346763 -19.233657906653235 41.05563628160781
      vertex -10.839338864435469 -18.16066113556453 42.573082867664
    endloop
  endfacet
  facet normal 0.5936131960090996 -0.39663965676028184 0.7002145072825527
    outer loop
      vertex -9.766342093346763 -19.233657906653235 41.05563628160781
      vertex -8.775022338087211 -17.750043048287647 41.05563628160781
      vertex -10.176960180623649 -17.169341380304978 42.573082867664
    endloop
  endfacet
  facet normal 0.39663965676028146 -0.5936131960090998 0.7002145072825527
    outer loop
      vertex -11.249956951712353 -20.22497766191279 41.05563628160781
      vertex -10.839338864435469 -18.16066113556453 42.573082867664
      vertex -11.830658619695022 -18.82303981937635 42.573082867664
    endloop
  endfacet
  facet normal 0.5936131960091001 -0.3966396567602817 0.7002145072825525
    outer loop
      vertex -9.766342093346763 -19.233657906653235 41.05563628160781
      vertex -10.176960180623649 -17.169341380304978 42.573082867664
      vertex -10.839338864435469 -18.16066113556453 42.573082867664
    endloop
  endfacet
  facet normal 0.21614744150487714 -0.32348750654160136 0.9212144791753942
    outer loop
      vertex -12.241276706971906 -16.758723293028094 43.39431904221777
      vertex -11.830658619695022 -18.82303981937635 42.573082867664
      vertex -10.839338864435469 -18.16066113556453 42.573082867664
    endloop
  endfacet
  facet normal 0.7002145072825534 -0.13928132531715393 0.7002145072825527
    outer loop
      vertex -8.775022338087211 -17.750043048287647 41.05563628160781
      vertex -8.426917132336001 -16 41.05563628160781
      vertex -10.176960180623649 -17.169341380304978 42.573082867664
    endloop
  endfacet
  facet normal 0.32348750654160197 -0.21614744150487644 0.9212144791753943
    outer loop
      vertex -12.241276706971906 -16.758723293028094 43.39431904221777
      vertex -10.839338864435469 -18.16066113556453 42.573082867664
      vertex -12.008680244740447 -16.410618087276884 43.39431904221777
    endloop
  endfacet
  facet normal 0.38157953112891513 -0.07590088788047249 0.9212144791753945
    outer loop
      vertex -10.176960180623649 -17.169341380304978 42.573082867664
      vertex -11.927003228911294 -16 43.39431904221777
      vertex -12.008680244740447 -16.410618087276884 43.39431904221777
    endloop
  endfacet
  facet normal 0.3234875065416012 -0.21614744150487697 0.9212144791753945
    outer loop
      vertex -10.839338864435469 -18.16066113556453 42.573082867664
      vertex -10.176960180623649 -17.169341380304978 42.573082867664
      vertex -12.008680244740447 -16.410618087276884 43.39431904221777
    endloop
  endfacet
  facet normal 0.38157953112891513 -0.07590088788047274 0.9212144791753945
    outer loop
      vertex -10.176960180623649 -17.169341380304978 42.573082867664
      vertex -9.944363718392188 -16 42.573082867664
      vertex -11.927003228911294 -16 43.39431904221777
    endloop
  endfacet
  facet normal 0 0 1
    outer loop
      vertex -12.241276706971906 -16.758723293028094 43.39431904221777
      vertex -12.008680244740447 -16.410618087276884 43.39431904221777
      vertex -12.241276706971906 -15.241276706971906 43.39431904221777
    endloop
  endfacet
  facet normal 0 0 1
    outer loop
      vertex -12.008680244740447 -16.410618087276884 43.39431904221777
      vertex -11.927003228911294 -16 43.39431904221777
      vertex -12.008680244740447 -15.589381912723116 43.39431904221777
    endloop
  endfacet
  facet normal 0 0 1
    outer loop
      vertex -12.241276706971906 -15.241276706971906 43.39431904221777
      vertex -12.008680244740447 -16.410618087276884 43.39431904221777
      vertex -12.008680244740447 -15.589381912723116 43.39431904221777
    endloop
  endfacet
  facet normal 0.38157953112891513 0.07590088788047261 0.9212144791753945
    outer loop
      vertex -11.927003228911294 -16 43.39431904221777
      vertex -10.176960180623649 -14.830658619695022 42.573082867664
      vertex -12.008680244740447 -15.589381912723116 43.39431904221777
    endloop
  endfacet
  facet normal 0.3815795311289151 0.07590088788047274 0.9212144791753946
    outer loop
      vertex -11.927003228911294 -16 43.39431904221777
      vertex -9.944363718392188 -16 42.573082867664
      vertex -10.176960180623649 -14.830658619695022 42.573082867664
    endloop
  endfacet
  facet normal 0.7002145072825534 -0.13928132531715404 0.7002145072825526
    outer loop
      vertex -8.426917132336001 -16 41.05563628160781
      vertex -9.944363718392188 -16 42.573082867664
      vertex -10.176960180623649 -17.169341380304978 42.573082867664
    endloop
  endfacet
  facet normal 0.7002145072825534 0.13928132531715404 0.7002145072825526
    outer loop
      vertex -8.426917132336001 -16 41.05563628160781
      vertex -10.176960180623649 -14.830658619695022 42.573082867664
      vertex -9.944363718392188 -16 42.573082867664
    endloop
  endfacet
  facet normal -0.5555702330196026 0.831469612302545 0
    outer loop
      vertex -16.814359574635905 -12.185640425364095 38
      vertex -16.814359574635905 -12.185640425364095 39.072996771088704
      vertex -15.064316526348259 -11.016299045059117 38
    endloop
  endfacet
  facet normal -0.19509032201612805 0.9807852804032305 0
    outer loop
      vertex -15.064316526348259 -11.016299045059117 38
      vertex -15.064316526348259 -11.016299045059117 39.072996771088704
      vertex -13 -10.605680957782234 38
    endloop
  endfacet
  facet normal -0.5555702330196026 0.831469612302545 0
    outer loop
      vertex -16.814359574635905 -12.185640425364095 39.072996771088704
      vertex -15.064316526348259 -11.016299045059117 39.072996771088704
      vertex -15.064316526348259 -11.016299045059117 38
    endloop
  endfacet
  facet normal 0.19509032201612805 0.9807852804032305 0
    outer loop
      vertex -13 -10.605680957782234 38
      vertex -13 -10.605680957782234 39.072996771088704
      vertex -10.935683473651741 -11.016299045059117 38
    endloop
  endfacet
  facet normal -0.19509032201612805 0.9807852804032305 0
    outer loop
      vertex -15.064316526348259 -11.016299045059117 39.072996771088704
      vertex -13 -10.605680957782234 39.072996771088704
      vertex -13 -10.605680957782234 38
    endloop
  endfacet
  facet normal -0.5147164328119483 0.7703275794849852 0.3763806770786023
    outer loop
      vertex -16.814359574635905 -12.185640425364095 39.072996771088704
      vertex -16.233657906653235 -12.766342093346763 41.05563628160781
      vertex -15.064316526348259 -11.016299045059117 39.072996771088704
    endloop
  endfacet
  facet normal -0.5147164328119478 0.7703275794849853 0.3763806770786026
    outer loop
      vertex -15.064316526348259 -11.016299045059117 39.072996771088704
      vertex -16.233657906653235 -12.766342093346763 41.05563628160781
      vertex -14.750043048287647 -11.775022338087211 41.05563628160781
    endloop
  endfacet
  facet normal -0.1807443751593737 0.9086633352183306 0.3763806770786028
    outer loop
      vertex -15.064316526348259 -11.016299045059117 39.072996771088704
      vertex -14.750043048287647 -11.775022338087211 41.05563628160781
      vertex -13 -10.605680957782234 39.072996771088704
    endloop
  endfacet
  facet normal -0.18074437515937453 0.9086633352183306 0.3763806770786022
    outer loop
      vertex -13 -10.605680957782234 39.072996771088704
      vertex -14.750043048287647 -11.775022338087211 41.05563628160781
      vertex -13 -11.426917132336001 41.05563628160781
    endloop
  endfacet
  facet normal 0.18074437515937453 0.9086633352183306 0.3763806770786022
    outer loop
      vertex -13 -10.605680957782234 39.072996771088704
      vertex -13 -11.426917132336001 41.05563628160781
      vertex -11.249956951712353 -11.775022338087211 41.05563628160781
    endloop
  endfacet
  facet normal 0.831469612302545 0.5555702330196026 0
    outer loop
      vertex -9.185640425364095 -12.185640425364095 38
      vertex -9.185640425364095 -12.185640425364095 39.072996771088704
      vertex -8.016299045059117 -13.935683473651741 38
    endloop
  endfacet
  facet normal 0.831469612302545 0.5555702330196026 0
    outer loop
      vertex -9.185640425364095 -12.185640425364095 39.072996771088704
      vertex -8.016299045059117 -13.935683473651741 39.072996771088704
      vertex -8.016299045059117 -13.935683473651741 38
    endloop
  endfacet
  facet normal 0.9086633352183304 0.18074437515937403 0.3763806770786028
    outer loop
      vertex -8.775022338087211 -14.249956951712353 41.05563628160781
      vertex -7.605680957782233 -16 39.072996771088704
      vertex -8.016299045059117 -13.935683473651741 39.072996771088704
    endloop
  endfacet
  facet normal 0.7703275794849854 0.5147164328119485 0.3763806770786019
    outer loop
      vertex -9.185640425364095 -12.185640425364095 39.072996771088704
      vertex -9.766342093346763 -12.766342093346763 41.05563628160781
      vertex -8.016299045059117 -13.935683473651741 39.072996771088704
    endloop
  endfacet
  facet normal 0.7703275794849855 0.5147164328119473 0.3763806770786027
    outer loop
      vertex -8.775022338087211 -14.249956951712353 41.05563628160781
      vertex -8.016299045059117 -13.935683473651741 39.072996771088704
      vertex -9.766342093346763 -12.766342093346763 41.05563628160781
    endloop
  endfacet
  facet normal 0.5555702330196026 0.831469612302545 0
    outer loop
      vertex -10.935683473651741 -11.016299045059117 38
      vertex -10.935683473651741 -11.016299045059117 39.072996771088704
      vertex -9.185640425364095 -12.185640425364095 38
    endloop
  endfacet
  facet normal 0.19509032201612805 0.9807852804032305 0
    outer loop
      vertex -13 -10.605680957782234 39.072996771088704
      vertex -10.935683473651741 -11.016299045059117 39.072996771088704
      vertex -10.935683473651741 -11.016299045059117 38
    endloop
  endfacet
  facet normal 0.5555702330196026 0.831469612302545 0
    outer loop
      vertex -10.935683473651741 -11.016299045059117 39.072996771088704
      vertex -9.185640425364095 -12.185640425364095 39.072996771088704
      vertex -9.185640425364095 -12.185640425364095 38
    endloop
  endfacet
  facet normal 0.5147164328119473 0.7703275794849855 0.3763806770786026
    outer loop
      vertex -10.935683473651741 -11.016299045059117 39.072996771088704
      vertex -11.249956951712353 -11.775022338087211 41.05563628160781
      vertex -9.766342093346763 -12.766342093346763 41.05563628160781
    endloop
  endfacet
  facet normal 0.1807443751593737 0.9086633352183306 0.37638067707860273
    outer loop
      vertex -13 -10.605680957782234 39.072996771088704
      vertex -11.249956951712353 -11.775022338087211 41.05563628160781
      vertex -10.935683473651741 -11.016299045059117 39.072996771088704
    endloop
  endfacet
  facet normal 0.5147164328119485 0.7703275794849854 0.3763806770786019
    outer loop
      vertex -10.935683473651741 -11.016299045059117 39.072996771088704
      vertex -9.766342093346763 -12.766342093346763 41.05563628160781
      vertex -9.185640425364095 -12.185640425364095 39.072996771088704
    endloop
  endfacet
  facet normal -0.39663965676028196 0.5936131960090998 0.7002145072825525
    outer loop
      vertex -16.233657906653235 -12.766342093346763 41.05563628160781
      vertex -15.160661135564531 -13.839338864435469 42.573082867664
      vertex -14.750043048287647 -11.775022338087211 41.05563628160781
    endloop
  endfacet
  facet normal -0.3234875065416012 0.216147441504877 0.9212144791753945
    outer loop
      vertex -13.991319755259553 -15.589381912723116 43.39431904221777
      vertex -15.160661135564531 -13.839338864435469 42.573082867664
      vertex -15.823039819376351 -14.830658619695022 42.573082867664
    endloop
  endfacet
  facet normal -0.32348750654160197 0.21614744150487644 0.9212144791753943
    outer loop
      vertex -13.991319755259553 -15.589381912723116 43.39431904221777
      vertex -13.758723293028094 -15.241276706971906 43.39431904221777
      vertex -15.160661135564531 -13.839338864435469 42.573082867664
    endloop
  endfacet
  facet normal -0.21614744150487714 0.32348750654160136 0.9212144791753942
    outer loop
      vertex -13.758723293028094 -15.241276706971906 43.39431904221777
      vertex -14.169341380304978 -13.176960180623649 42.573082867664
      vertex -15.160661135564531 -13.839338864435469 42.573082867664
    endloop
  endfacet
  facet normal -0.5936131960091002 0.39663965676028173 0.7002145072825525
    outer loop
      vertex -16.233657906653235 -12.766342093346763 41.05563628160781
      vertex -15.823039819376351 -14.830658619695022 42.573082867664
      vertex -15.160661135564531 -13.839338864435469 42.573082867664
    endloop
  endfacet
  facet normal -0.39663965676028134 0.5936131960090998 0.7002145072825527
    outer loop
      vertex -15.160661135564531 -13.839338864435469 42.573082867664
      vertex -14.169341380304978 -13.176960180623649 42.573082867664
      vertex -14.750043048287647 -11.775022338087211 41.05563628160781
    endloop
  endfacet
  facet normal -0.21614744150487616 0.3234875065416016 0.9212144791753945
    outer loop
      vertex -13.758723293028094 -15.241276706971906 43.39431904221777
      vertex -13.410618087276884 -15.008680244740447 43.39431904221777
      vertex -14.169341380304978 -13.176960180623649 42.573082867664
    endloop
  endfacet
  facet normal -0.0759008878804726 0.381579531128915 0.9212144791753945
    outer loop
      vertex -13.410618087276884 -15.008680244740447 43.39431904221777
      vertex -13 -14.927003228911294 43.39431904221777
      vertex -13 -12.944363718392188 42.573082867664
    endloop
  endfacet
  facet normal 0.0759008878804726 0.381579531128915 0.9212144791753945
    outer loop
      vertex -13 -14.927003228911294 43.39431904221777
      vertex -12.589381912723116 -15.008680244740447 43.39431904221777
      vertex -13 -12.944363718392188 42.573082867664
    endloop
  endfacet
  facet normal 0.21614744150487616 0.3234875065416016 0.9212144791753945
    outer loop
      vertex -12.241276706971906 -15.241276706971906 43.39431904221777
      vertex -11.830658619695022 -13.176960180623649 42.573082867664
      vertex -12.589381912723116 -15.008680244740447 43.39431904221777
    endloop
  endfacet
  facet normal -0.07590088788047275 0.38157953112891513 0.9212144791753945
    outer loop
      vertex -13.410618087276884 -15.008680244740447 43.39431904221777
      vertex -13 -12.944363718392188 42.573082867664
      vertex -14.169341380304978 -13.176960180623649 42.573082867664
    endloop
  endfacet
  facet normal 0.07590088788047275 0.38157953112891513 0.9212144791753945
    outer loop
      vertex -12.589381912723116 -15.008680244740447 43.39431904221777
      vertex -11.830658619695022 -13.176960180623649 42.573082867664
      vertex -13 -12.944363718392188 42.573082867664
    endloop
  endfacet
  facet normal -0.13928132531715395 0.7002145072825534 0.7002145072825527
    outer loop
      vertex -14.169341380304978 -13.176960180623649 42.573082867664
      vertex -13 -11.426917132336001 41.05563628160781
      vertex -14.750043048287647 -11.775022338087211 41.05563628160781
    endloop
  endfacet
  facet normal -0.13928132531715406 0.7002145072825534 0.7002145072825526
    outer loop
      vertex -14.169341380304978 -13.176960180623649 42.573082867664
      vertex -13 -12.944363718392188 42.573082867664
      vertex -13 -11.426917132336001 41.05563628160781
    endloop
  endfacet
  facet normal 0.13928132531715406 0.7002145072825534 0.7002145072825526
    outer loop
      vertex -13 -12.944363718392188 42.573082867664
      vertex -11.830658619695022 -13.176960180623649 42.573082867664
      vertex -13 -11.426917132336001 41.05563628160781
    endloop
  endfacet
  facet normal 0.3966396567602815 0.5936131960090998 0.7002145072825527
    outer loop
      vertex -9.766342093346763 -12.766342093346763 41.05563628160781
      vertex -11.249956951712353 -11.775022338087211 41.05563628160781
      vertex -10.839338864435469 -13.839338864435469 42.573082867664
    endloop
  endfacet
  facet normal 0.5936131960090998 0.3966396567602815 0.7002145072825527
    outer loop
      vertex -8.775022338087211 -14.249956951712353 41.05563628160781
      vertex -9.766342093346763 -12.766342093346763 41.05563628160781
      vertex -10.176960180623649 -14.830658619695022 42.573082867664
    endloop
  endfacet
  facet normal 0.7002145072825534 0.13928132531715393 0.7002145072825527
    outer loop
      vertex -8.426917132336001 -16 41.05563628160781
      vertex -8.775022338087211 -14.249956951712353 41.05563628160781
      vertex -10.176960180623649 -14.830658619695022 42.573082867664
    endloop
  endfacet
  facet normal 0.32348750654160197 0.21614744150487644 0.9212144791753943
    outer loop
      vertex -12.241276706971906 -15.241276706971906 43.39431904221777
      vertex -12.008680244740447 -15.589381912723116 43.39431904221777
      vertex -10.839338864435469 -13.839338864435469 42.573082867664
    endloop
  endfacet
  facet normal 0.21614744150487714 0.32348750654160136 0.9212144791753942
    outer loop
      vertex -12.241276706971906 -15.241276706971906 43.39431904221777
      vertex -10.839338864435469 -13.839338864435469 42.573082867664
      vertex -11.830658619695022 -13.176960180623649 42.573082867664
    endloop
  endfacet
  facet normal 0.3234875065416012 0.216147441504877 0.9212144791753945
    outer loop
      vertex -12.008680244740447 -15.589381912723116 43.39431904221777
      vertex -10.176960180623649 -14.830658619695022 42.573082867664
      vertex -10.839338864435469 -13.839338864435469 42.573082867664
    endloop
  endfacet
  facet normal 0.39663965676028134 0.5936131960090998 0.7002145072825527
    outer loop
      vertex -11.830658619695022 -13.176960180623649 42.573082867664
      vertex -10.839338864435469 -13.839338864435469 42.573082867664
      vertex -11.249956951712353 -11.775022338087211 41.05563628160781
    endloop
  endfacet
  facet normal 0.5936131960090999 0.3966396567602815 0.7002145072825527
    outer loop
      vertex -9.766342093346763 -12.766342093346763 41.05563628160781
      vertex -10.839338864435469 -13.839338864435469 42.573082867664
      vertex -10.176960180623649 -14.830658619695022 42.573082867664
    endloop
  endfacet
  facet normal 0.13928132531715393 0.7002145072825534 0.7002145072825527
    outer loop
      vertex -13 -11.426917132336001 41.05563628160781
      vertex -11.830658619695022 -13.176960180623649 42.573082867664
      vertex -11.249956951712353 -11.775022338087211 41.05563628160781
    endloop
  endfacet
  facet normal 0.9807852804032303 -0.19509032201612858 0
    outer loop
      vertex -8.016299045059117 -18.064316526348257 38
      vertex -7.605680957782233 -16 38
      vertex -7.605680957782233 -16 39.072996771088704
    endloop
  endfacet
  facet normal 0.9807852804032303 -0.19509032201612858 0
    outer loop
      vertex -8.016299045059117 -18.064316526348257 38
      vertex -7.605680957782233 -16 39.072996771088704
      vertex -8.016299045059117 -18.064316526348257 39.072996771088704
    endloop
  endfacet
  facet normal 0.9807852804032305 0.19509032201612847 0
    outer loop
      vertex -7.605680957782233 -16 38
      vertex -8.016299045059117 -13.935683473651741 39.072996771088704
      vertex -7.605680957782233 -16 39.072996771088704
    endloop
  endfacet
  facet normal 0.9807852804032305 0.19509032201612847 0
    outer loop
      vertex -7.605680957782233 -16 38
      vertex -8.016299045059117 -13.935683473651741 38
      vertex -8.016299045059117 -13.935683473651741 39.072996771088704
    endloop
  endfacet
  facet normal 0 0 -1
    outer loop
      vertex 8 -21.5 33
      vertex 6.3004065309377895 -21.230810839623345 33
      vertex 8 -18.024967150712808 33
    endloop
  endfacet
  facet normal -0.45399049973954675 -0.8910065241883678 0
    outer loop
      vertex 4.767181112391398 -20.44959346906221 33
      vertex 6.3004065309377895 -21.230810839623345 33
      vertex 6.3004065309377895 -21.230810839623345 38
    endloop
  endfacet
  facet normal -0.15643446504023067 -0.9876883405951378 0
    outer loop
      vertex 8 -21.5 33
      vertex 8 -21.5 38
      vertex 6.3004065309377895 -21.230810839623345 33
    endloop
  endfacet
  facet normal -0.45399049973954675 -0.8910065241883678 0
    outer loop
      vertex 4.767181112391398 -20.44959346906221 33
      vertex 6.3004065309377895 -21.230810839623345 38
      vertex 4.767181112391398 -20.44959346906221 38
    endloop
  endfacet
  facet normal -0.15643446504023067 -0.9876883405951378 0
    outer loop
      vertex 6.3004065309377895 -21.230810839623345 33
      vertex 8 -21.5 38
      vertex 6.3004065309377895 -21.230810839623345 38
    endloop
  endfacet
  facet normal 0 0 -1
    outer loop
      vertex 8 -21.5 33
      vertex 8.774921379661333 -17.87082570455126 33
      vertex 9.699593469062211 -21.230810839623345 33
    endloop
  endfacet
  facet normal 0.1564344650402306 -0.9876883405951378 0
    outer loop
      vertex 8 -21.5 33
      vertex 9.699593469062211 -21.230810839623345 33
      vertex 9.699593469062211 -21.230810839623345 38
    endloop
  endfacet
  facet normal 0.4539904997395469 -0.8910065241883677 0
    outer loop
      vertex 9.699593469062211 -21.230810839623345 33
      vertex 11.232818887608602 -20.44959346906221 33
      vertex 11.232818887608602 -20.44959346906221 38
    endloop
  endfacet
  facet normal 0.1564344650402306 -0.9876883405951378 0
    outer loop
      vertex 8 -21.5 33
      vertex 9.699593469062211 -21.230810839623345 38
      vertex 8 -21.5 38
    endloop
  endfacet
  facet normal 0.4539904997395469 -0.8910065241883677 0
    outer loop
      vertex 9.699593469062211 -21.230810839623345 33
      vertex 11.232818887608602 -20.44959346906221 38
      vertex 9.699593469062211 -21.230810839623345 38
    endloop
  endfacet
  facet normal 0 0 1
    outer loop
      vertex 4.767181112391398 -20.44959346906221 38
      vertex 5.935683473651741 -20.983700954940883 38
      vertex 4.185640425364094 -19.814359574635905 38
    endloop
  endfacet
  facet normal 0 0 1
    outer loop
      vertex 4.767181112391398 -20.44959346906221 38
      vertex 6.3004065309377895 -21.230810839623345 38
      vertex 5.935683473651741 -20.983700954940883 38
    endloop
  endfacet
  facet normal 0 0 1
    outer loop
      vertex 5.935683473651741 -20.983700954940883 38
      vertex 8 -21.5 38
      vertex 8 -21.394319042217766 38
    endloop
  endfacet
  facet normal 0 0 1
    outer loop
      vertex 5.935683473651741 -20.983700954940883 38
      vertex 6.3004065309377895 -21.230810839623345 38
      vertex 8 -21.5 38
    endloop
  endfacet
  facet normal 0 0 1
    outer loop
      vertex 8 -21.5 38
      vertex 9.699593469062211 -21.230810839623345 38
      vertex 8 -21.394319042217766 38
    endloop
  endfacet
  facet normal 0 0 1
    outer loop
      vertex 8 -21.394319042217766 38
      vertex 9.699593469062211 -21.230810839623345 38
      vertex 10.064316526348259 -20.983700954940883 38
    endloop
  endfacet
  facet normal 0 0 1
    outer loop
      vertex 9.699593469062211 -21.230810839623345 38
      vertex 11.232818887608602 -20.44959346906221 38
      vertex 10.064316526348259 -20.983700954940883 38
    endloop
  endfacet
  facet normal 0 0 1
    outer loop
      vertex 10.064316526348259 -20.983700954940883 38
      vertex 11.232818887608602 -20.44959346906221 38
      vertex 11.814359574635905 -19.814359574635905 38
    endloop
  endfacet
  facet normal -0.7071067811865475 -0.7071067811865475 0
    outer loop
      vertex 4.767181112391398 -20.44959346906221 33
      vertex 3.5504065309377886 -19.2328188876086 38
      vertex 3.5504065309377886 -19.2328188876086 33
    endloop
  endfacet
  facet normal -0.891006524188368 -0.4539904997395466 0
    outer loop
      vertex 3.5504065309377886 -19.2328188876086 33
      vertex 2.769189160376656 -17.69959346906221 38
      vertex 2.769189160376656 -17.69959346906221 33
    endloop
  endfacet
  facet normal 0 0 -1
    outer loop
      vertex 3.5504065309377886 -19.2328188876086 33
      vertex 2.769189160376656 -17.69959346906221 33
      vertex 3.5504065309377886 -12.767181112391398 33
    endloop
  endfacet
  facet normal 0 0 -1
    outer loop
      vertex 2.769189160376656 -17.69959346906221 33
      vertex 2.5 -16 33
      vertex 2.769189160376656 -14.300406530937789 33
    endloop
  endfacet
  facet normal -0.9876883405951378 -0.15643446504023112 0
    outer loop
      vertex 2.769189160376656 -17.69959346906221 33
      vertex 2.5 -16 38
      vertex 2.5 -16 33
    endloop
  endfacet
  facet normal 0 0 -1
    outer loop
      vertex 4.767181112391398 -20.44959346906221 33
      vertex 6.568131996050972 -17.431868003949027 33
      vertex 6.3004065309377895 -21.230810839623345 33
    endloop
  endfacet
  facet normal 0 0 -1
    outer loop
      vertex 4.767181112391398 -20.44959346906221 33
      vertex 6.129174295448738 -16.774921379661333 33
      vertex 6.568131996050972 -17.431868003949027 33
    endloop
  endfacet
  facet normal 0 0 -1
    outer loop
      vertex 4.767181112391398 -20.44959346906221 33
      vertex 5.975032849287192 -16 33
      vertex 6.129174295448738 -16.774921379661333 33
    endloop
  endfacet
  facet normal 0 0 -1
    outer loop
      vertex 6.3004065309377895 -21.230810839623345 33
      vertex 6.568131996050972 -17.431868003949027 33
      vertex 7.2250786203386665 -17.87082570455126 33
    endloop
  endfacet
  facet normal 0 0 -1
    outer loop
      vertex 6.3004065309377895 -21.230810839623345 33
      vertex 7.2250786203386665 -17.87082570455126 33
      vertex 8 -18.024967150712808 33
    endloop
  endfacet
  facet normal 0 0 -1
    outer loop
      vertex 4.767181112391398 -20.44959346906221 33
      vertex 3.5504065309377886 -19.2328188876086 33
      vertex 4.767181112391398 -11.550406530937789 33
    endloop
  endfacet
  facet normal 0 0 -1
    outer loop
      vertex 4.767181112391398 -20.44959346906221 33
      vertex 6.129174295448738 -15.225078620338666 33
      vertex 5.975032849287192 -16 33
    endloop
  endfacet
  facet normal 0 0 -1
    outer loop
      vertex 4.767181112391398 -20.44959346906221 33
      vertex 6.3004065309377895 -10.769189160376655 33
      vertex 6.129174295448738 -15.225078620338666 33
    endloop
  endfacet
  facet normal -0.891006524188368 -0.4539904997395466 0
    outer loop
      vertex 3.5504065309377886 -19.2328188876086 33
      vertex 3.5504065309377886 -19.2328188876086 38
      vertex 2.769189160376656 -17.69959346906221 38
    endloop
  endfacet
  facet normal -0.9876883405951378 -0.15643446504023112 0
    outer loop
      vertex 2.769189160376656 -17.69959346906221 33
      vertex 2.769189160376656 -17.69959346906221 38
      vertex 2.5 -16 38
    endloop
  endfacet
  facet normal -0.9876883405951378 0.15643446504023112 0
    outer loop
      vertex 2.5 -16 33
      vertex 2.5 -16 38
      vertex 2.769189160376656 -14.300406530937789 38
    endloop
  endfacet
  facet normal -0.7071067811865475 -0.7071067811865475 0
    outer loop
      vertex 4.767181112391398 -20.44959346906221 33
      vertex 4.767181112391398 -20.44959346906221 38
      vertex 3.5504065309377886 -19.2328188876086 38
    endloop
  endfacet
  facet normal 0 0 -1
    outer loop
      vertex 2.769189160376656 -17.69959346906221 33
      vertex 2.769189160376656 -14.300406530937789 33
      vertex 3.5504065309377886 -12.767181112391398 33
    endloop
  endfacet
  facet normal 0 0 -1
    outer loop
      vertex 3.5504065309377886 -19.2328188876086 33
      vertex 3.5504065309377886 -12.767181112391398 33
      vertex 4.767181112391398 -11.550406530937789 33
    endloop
  endfacet
  facet normal -0.9876883405951378 0.15643446504023112 0
    outer loop
      vertex 2.5 -16 33
      vertex 2.769189160376656 -14.300406530937789 38
      vertex 2.769189160376656 -14.300406530937789 33
    endloop
  endfacet
  facet normal -0.891006524188368 0.4539904997395466 0
    outer loop
      vertex 2.769189160376656 -14.300406530937789 33
      vertex 3.5504065309377886 -12.767181112391398 38
      vertex 3.5504065309377886 -12.767181112391398 33
    endloop
  endfacet
  facet normal 0 0 -1
    outer loop
      vertex 4.767181112391398 -20.44959346906221 33
      vertex 4.767181112391398 -11.550406530937789 33
      vertex 6.3004065309377895 -10.769189160376655 33
    endloop
  endfacet
  facet normal 0 0 -1
    outer loop
      vertex 6.129174295448738 -15.225078620338666 33
      vertex 6.3004065309377895 -10.769189160376655 33
      vertex 6.568131996050972 -14.568131996050973 33
    endloop
  endfacet
  facet normal 0 0 -1
    outer loop
      vertex 6.568131996050972 -14.568131996050973 33
      vertex 6.3004065309377895 -10.769189160376655 33
      vertex 7.2250786203386665 -14.129174295448738 33
    endloop
  endfacet
  facet normal 0 0 -1
    outer loop
      vertex 7.2250786203386665 -14.129174295448738 33
      vertex 8 -10.5 33
      vertex 8 -13.975032849287192 33
    endloop
  endfacet
  facet normal 0 0 -1
    outer loop
      vertex 7.2250786203386665 -14.129174295448738 33
      vertex 6.3004065309377895 -10.769189160376655 33
      vertex 8 -10.5 33
    endloop
  endfacet
  facet normal -0.7071067811865475 0.7071067811865475 0
    outer loop
      vertex 3.5504065309377886 -12.767181112391398 33
      vertex 4.767181112391398 -11.550406530937789 38
      vertex 4.767181112391398 -11.550406530937789 33
    endloop
  endfacet
  facet normal -0.45399049973954675 0.8910065241883678 0
    outer loop
      vertex 4.767181112391398 -11.550406530937789 33
      vertex 4.767181112391398 -11.550406530937789 38
      vertex 6.3004065309377895 -10.769189160376655 33
    endloop
  endfacet
  facet normal -0.15643446504023067 0.9876883405951378 0
    outer loop
      vertex 6.3004065309377895 -10.769189160376655 33
      vertex 6.3004065309377895 -10.769189160376655 38
      vertex 8 -10.5 33
    endloop
  endfacet
  facet normal -0.891006524188368 0.4539904997395466 0
    outer loop
      vertex 2.769189160376656 -14.300406530937789 33
      vertex 2.769189160376656 -14.300406530937789 38
      vertex 3.5504065309377886 -12.767181112391398 38
    endloop
  endfacet
  facet normal -0.7071067811865475 0.7071067811865475 0
    outer loop
      vertex 3.5504065309377886 -12.767181112391398 33
      vertex 3.5504065309377886 -12.767181112391398 38
      vertex 4.767181112391398 -11.550406530937789 38
    endloop
  endfacet
  facet normal -0.45399049973954675 0.8910065241883678 0
    outer loop
      vertex 6.3004065309377895 -10.769189160376655 33
      vertex 4.767181112391398 -11.550406530937789 38
      vertex 6.3004065309377895 -10.769189160376655 38
    endloop
  endfacet
  facet normal -0.15643446504023067 0.9876883405951378 0
    outer loop
      vertex 8 -10.5 33
      vertex 6.3004065309377895 -10.769189160376655 38
      vertex 8 -10.5 38
    endloop
  endfacet
  facet normal 0 0 -1
    outer loop
      vertex 8 -21.5 33
      vertex 8 -18.024967150712808 33
      vertex 8.774921379661333 -17.87082570455126 33
    endloop
  endfacet
  facet normal 0 0 -1
    outer loop
      vertex 9.699593469062211 -21.230810839623345 33
      vertex 8.774921379661333 -17.87082570455126 33
      vertex 9.431868003949027 -17.431868003949027 33
    endloop
  endfacet
  facet normal 0 0 -1
    outer loop
      vertex 9.699593469062211 -21.230810839623345 33
      vertex 9.431868003949027 -17.431868003949027 33
      vertex 9.870825704551262 -16.774921379661333 33
    endloop
  endfacet
  facet normal 0 0 -1
    outer loop
      vertex 9.699593469062211 -21.230810839623345 33
      vertex 11.232818887608602 -11.550406530937789 33
      vertex 11.232818887608602 -20.44959346906221 33
    endloop
  endfacet
  facet normal 0.7071067811865475 -0.7071067811865475 0
    outer loop
      vertex 11.232818887608602 -20.44959346906221 33
      vertex 12.449593469062211 -19.2328188876086 33
      vertex 11.232818887608602 -20.44959346906221 38
    endloop
  endfacet
  facet normal 0 0 -1
    outer loop
      vertex 9.699593469062211 -21.230810839623345 33
      vertex 9.870825704551262 -16.774921379661333 33
      vertex 11.232818887608602 -11.550406530937789 33
    endloop
  endfacet
  facet normal 0 0 -1
    outer loop
      vertex 11.232818887608602 -20.44959346906221 33
      vertex 12.449593469062211 -12.767181112391398 33
      vertex 12.449593469062211 -19.2328188876086 33
    endloop
  endfacet
  facet normal 0.8910065241883677 -0.4539904997395469 0
    outer loop
      vertex 12.449593469062211 -19.2328188876086 33
      vertex 13.230810839623345 -17.69959346906221 33
      vertex 12.449593469062211 -19.2328188876086 38
    endloop
  endfacet
  facet normal 0 0 -1
    outer loop
      vertex 12.449593469062211 -19.2328188876086 33
      vertex 13.230810839623345 -14.300406530937789 33
      vertex 13.230810839623345 -17.69959346906221 33
    endloop
  endfacet
  facet normal 0 0 -1
    outer loop
      vertex 12.449593469062211 -19.2328188876086 33
      vertex 12.449593469062211 -12.767181112391398 33
      vertex 13.230810839623345 -14.300406530937789 33
    endloop
  endfacet
  facet normal 0 0 -1
    outer loop
      vertex 13.230810839623345 -17.69959346906221 33
      vertex 13.230810839623345 -14.300406530937789 33
      vertex 13.5 -16 33
    endloop
  endfacet
  facet normal 0.9876883405951378 -0.1564344650402306 0
    outer loop
      vertex 13.230810839623345 -17.69959346906221 33
      vertex 13.5 -16 33
      vertex 13.230810839623345 -17.69959346906221 38
    endloop
  endfacet
  facet normal 0.9876883405951378 0.1564344650402306 0
    outer loop
      vertex 13.5 -16 33
      vertex 13.230810839623345 -14.300406530937789 33
      vertex 13.5 -16 38
    endloop
  endfacet
  facet normal 0.7071067811865475 -0.7071067811865475 0
    outer loop
      vertex 11.232818887608602 -20.44959346906221 38
      vertex 12.449593469062211 -19.2328188876086 33
      vertex 12.449593469062211 -19.2328188876086 38
    endloop
  endfacet
  facet normal 0.8910065241883677 -0.4539904997395469 0
    outer loop
      vertex 13.230810839623345 -17.69959346906221 33
      vertex 13.230810839623345 -17.69959346906221 38
      vertex 12.449593469062211 -19.2328188876086 38
    endloop
  endfacet
  facet normal 0.9876883405951378 -0.1564344650402306 0
    outer loop
      vertex 13.5 -16 33
      vertex 13.5 -16 38
      vertex 13.230810839623345 -17.69959346906221 38
    endloop
  endfacet
  facet normal 0 0 -1
    outer loop
      vertex 8 -13.975032849287192 33
      vertex 9.699593469062211 -10.769189160376655 33
      vertex 8.774921379661333 -14.129174295448738 33
    endloop
  endfacet
  facet normal 0 0 -1
    outer loop
      vertex 8.774921379661333 -14.129174295448738 33
      vertex 9.699593469062211 -10.769189160376655 33
      vertex 9.431868003949027 -14.568131996050973 33
    endloop
  endfacet
  facet normal 0 0 -1
    outer loop
      vertex 9.870825704551262 -16.774921379661333 33
      vertex 10.024967150712808 -16 33
      vertex 11.232818887608602 -11.550406530937789 33
    endloop
  endfacet
  facet normal 0 0 -1
    outer loop
      vertex 10.024967150712808 -16 33
      vertex 9.870825704551262 -15.225078620338666 33
      vertex 11.232818887608602 -11.550406530937789 33
    endloop
  endfacet
  facet normal 0 0 -1
    outer loop
      vertex 11.232818887608602 -20.44959346906221 33
      vertex 11.232818887608602 -11.550406530937789 33
      vertex 12.449593469062211 -12.767181112391398 33
    endloop
  endfacet
  facet normal 0 0 -1
    outer loop
      vertex 9.870825704551262 -15.225078620338666 33
      vertex 9.431868003949027 -14.568131996050973 33
      vertex 11.232818887608602 -11.550406530937789 33
    endloop
  endfacet
  facet normal 0 0 -1
    outer loop
      vertex 8 -13.975032849287192 33
      vertex 8 -10.5 33
      vertex 9.699593469062211 -10.769189160376655 33
    endloop
  endfacet
  facet normal 0 0 -1
    outer loop
      vertex 9.431868003949027 -14.568131996050973 33
      vertex 9.699593469062211 -10.769189160376655 33
      vertex 11.232818887608602 -11.550406530937789 33
    endloop
  endfacet
  facet normal 0.1564344650402306 0.9876883405951378 0
    outer loop
      vertex 8 -10.5 33
      vertex 8 -10.5 38
      vertex 9.699593469062211 -10.769189160376655 33
    endloop
  endfacet
  facet normal 0.7071067811865475 0.7071067811865475 0
    outer loop
      vertex 11.232818887608602 -11.550406530937789 33
      vertex 12.449593469062211 -12.767181112391398 38
      vertex 12.449593469062211 -12.767181112391398 33
    endloop
  endfacet
  facet normal 0.4539904997395469 0.8910065241883677 0
    outer loop
      vertex 9.699593469062211 -10.769189160376655 33
      vertex 9.699593469062211 -10.769189160376655 38
      vertex 11.232818887608602 -11.550406530937789 33
    endloop
  endfacet
  facet normal 0.8910065241883677 0.4539904997395469 0
    outer loop
      vertex 13.230810839623345 -14.300406530937789 33
      vertex 12.449593469062211 -12.767181112391398 33
      vertex 13.230810839623345 -14.300406530937789 38
    endloop
  endfacet
  facet normal 0.1564344650402306 0.9876883405951378 0
    outer loop
      vertex 9.699593469062211 -10.769189160376655 33
      vertex 8 -10.5 38
      vertex 9.699593469062211 -10.769189160376655 38
    endloop
  endfacet
  facet normal 0.7071067811865475 0.7071067811865475 0
    outer loop
      vertex 11.232818887608602 -11.550406530937789 33
      vertex 11.232818887608602 -11.550406530937789 38
      vertex 12.449593469062211 -12.767181112391398 38
    endloop
  endfacet
  facet normal 0.4539904997395469 0.8910065241883677 0
    outer loop
      vertex 11.232818887608602 -11.550406530937789 33
      vertex 9.699593469062211 -10.769189160376655 38
      vertex 11.232818887608602 -11.550406530937789 38
    endloop
  endfacet
  facet normal 0.9876883405951378 0.1564344650402306 0
    outer loop
      vertex 13.230810839623345 -14.300406530937789 33
      vertex 13.230810839623345 -14.300406530937789 38
      vertex 13.5 -16 38
    endloop
  endfacet
  facet normal 0.8910065241883677 0.4539904997395469 0
    outer loop
      vertex 12.449593469062211 -12.767181112391398 33
      vertex 12.449593469062211 -12.767181112391398 38
      vertex 13.230810839623345 -14.300406530937789 38
    endloop
  endfacet
  facet normal 0 0 1
    outer loop
      vertex 3.5504065309377886 -19.2328188876086 38
      vertex 4.185640425364094 -19.814359574635905 38
      vertex 3.0162990450591174 -18.064316526348257 38
    endloop
  endfacet
  facet normal 0 0 1
    outer loop
      vertex 3.5504065309377886 -19.2328188876086 38
      vertex 3.0162990450591174 -18.064316526348257 38
      vertex 2.769189160376656 -17.69959346906221 38
    endloop
  endfacet
  facet normal 0 0 1
    outer loop
      vertex 3.0162990450591174 -18.064316526348257 38
      vertex 2.6056809577822326 -16 38
      vertex 2.769189160376656 -17.69959346906221 38
    endloop
  endfacet
  facet normal 0 0 1
    outer loop
      vertex 2.769189160376656 -17.69959346906221 38
      vertex 2.6056809577822326 -16 38
      vertex 2.5 -16 38
    endloop
  endfacet
  facet normal 0 0 1
    outer loop
      vertex 2.5 -16 38
      vertex 2.6056809577822326 -16 38
      vertex 3.0162990450591174 -13.935683473651741 38
    endloop
  endfacet
  facet normal 0 0 1
    outer loop
      vertex 4.767181112391398 -20.44959346906221 38
      vertex 4.185640425364094 -19.814359574635905 38
      vertex 3.5504065309377886 -19.2328188876086 38
    endloop
  endfacet
  facet normal 0 0 1
    outer loop
      vertex 2.5 -16 38
      vertex 3.0162990450591174 -13.935683473651741 38
      vertex 2.769189160376656 -14.300406530937789 38
    endloop
  endfacet
  facet normal 0 0 1
    outer loop
      vertex 2.769189160376656 -14.300406530937789 38
      vertex 3.0162990450591174 -13.935683473651741 38
      vertex 3.5504065309377886 -12.767181112391398 38
    endloop
  endfacet
  facet normal 0 0 1
    outer loop
      vertex 3.0162990450591174 -13.935683473651741 38
      vertex 4.185640425364094 -12.185640425364095 38
      vertex 3.5504065309377886 -12.767181112391398 38
    endloop
  endfacet
  facet normal 0 0 1
    outer loop
      vertex 3.5504065309377886 -12.767181112391398 38
      vertex 4.185640425364094 -12.185640425364095 38
      vertex 4.767181112391398 -11.550406530937789 38
    endloop
  endfacet
  facet normal 0 0 1
    outer loop
      vertex 4.185640425364094 -12.185640425364095 38
      vertex 5.935683473651741 -11.016299045059117 38
      vertex 4.767181112391398 -11.550406530937789 38
    endloop
  endfacet
  facet normal 0 0 1
    outer loop
      vertex 4.767181112391398 -11.550406530937789 38
      vertex 5.935683473651741 -11.016299045059117 38
      vertex 6.3004065309377895 -10.769189160376655 38
    endloop
  endfacet
  facet normal 0 0 1
    outer loop
      vertex 5.935683473651741 -11.016299045059117 38
      vertex 8 -10.605680957782234 38
      vertex 6.3004065309377895 -10.769189160376655 38
    endloop
  endfacet
  facet normal 0 0 1
    outer loop
      vertex 6.3004065309377895 -10.769189160376655 38
      vertex 8 -10.605680957782234 38
      vertex 8 -10.5 38
    endloop
  endfacet
  facet normal 0 0 1
    outer loop
      vertex 11.232818887608602 -20.44959346906221 38
      vertex 12.449593469062211 -19.2328188876086 38
      vertex 11.814359574635905 -19.814359574635905 38
    endloop
  endfacet
  facet normal 0 0 1
    outer loop
      vertex 11.814359574635905 -19.814359574635905 38
      vertex 12.449593469062211 -19.2328188876086 38
      vertex 12.983700954940883 -18.064316526348257 38
    endloop
  endfacet
  facet normal 0 0 1
    outer loop
      vertex 12.449593469062211 -19.2328188876086 38
      vertex 13.230810839623345 -17.69959346906221 38
      vertex 12.983700954940883 -18.064316526348257 38
    endloop
  endfacet
  facet normal 0 0 1
    outer loop
      vertex 12.983700954940883 -18.064316526348257 38
      vertex 13.230810839623345 -17.69959346906221 38
      vertex 13.5 -16 38
    endloop
  endfacet
  facet normal 0 0 1
    outer loop
      vertex 12.983700954940883 -18.064316526348257 38
      vertex 13.5 -16 38
      vertex 13.394319042217766 -16 38
    endloop
  endfacet
  facet normal 0 0 1
    outer loop
      vertex 13.394319042217766 -16 38
      vertex 13.5 -16 38
      vertex 13.230810839623345 -14.300406530937789 38
    endloop
  endfacet
  facet normal 0 0 1
    outer loop
      vertex 8 -10.605680957782234 38
      vertex 10.064316526348259 -11.016299045059117 38
      vertex 8 -10.5 38
    endloop
  endfacet
  facet normal 0 0 1
    outer loop
      vertex 8 -10.5 38
      vertex 10.064316526348259 -11.016299045059117 38
      vertex 9.699593469062211 -10.769189160376655 38
    endloop
  endfacet
  facet normal 0 0 1
    outer loop
      vertex 10.064316526348259 -11.016299045059117 38
      vertex 11.814359574635905 -12.185640425364095 38
      vertex 11.232818887608602 -11.550406530937789 38
    endloop
  endfacet
  facet normal 0 0 1
    outer loop
      vertex 11.814359574635905 -12.185640425364095 38
      vertex 12.449593469062211 -12.767181112391398 38
      vertex 11.232818887608602 -11.550406530937789 38
    endloop
  endfacet
  facet normal 0 0 1
    outer loop
      vertex 10.064316526348259 -11.016299045059117 38
      vertex 11.232818887608602 -11.550406530937789 38
      vertex 9.699593469062211 -10.769189160376655 38
    endloop
  endfacet
  facet normal 0 0 1
    outer loop
      vertex 13.394319042217766 -16 38
      vertex 13.230810839623345 -14.300406530937789 38
      vertex 12.983700954940883 -13.935683473651741 38
    endloop
  endfacet
  facet normal 0 0 1
    outer loop
      vertex 12.983700954940883 -13.935683473651741 38
      vertex 13.230810839623345 -14.300406530937789 38
      vertex 12.449593469062211 -12.767181112391398 38
    endloop
  endfacet
  facet normal 0 0 1
    outer loop
      vertex 11.814359574635905 -12.185640425364095 38
      vertex 12.983700954940883 -13.935683473651741 38
      vertex 12.449593469062211 -12.767181112391398 38
    endloop
  endfacet
  facet normal -0.5555702330196024 -0.8314696123025452 0
    outer loop
      vertex 5.935683473651741 -20.983700954940883 38
      vertex 5.935683473651741 -20.983700954940883 39.072996771088704
      vertex 4.185640425364094 -19.814359574635905 38
    endloop
  endfacet
  facet normal -0.5555702330196024 -0.8314696123025452 0
    outer loop
      vertex 5.935683473651741 -20.983700954940883 39.072996771088704
      vertex 4.185640425364094 -19.814359574635905 39.072996771088704
      vertex 4.185640425364094 -19.814359574635905 38
    endloop
  endfacet
  facet normal -0.19509032201612805 -0.9807852804032305 0
    outer loop
      vertex 5.935683473651741 -20.983700954940883 38
      vertex 8 -21.394319042217766 38
      vertex 8 -21.394319042217766 39.072996771088704
    endloop
  endfacet
  facet normal -0.19509032201612805 -0.9807852804032305 0
    outer loop
      vertex 5.935683473651741 -20.983700954940883 38
      vertex 8 -21.394319042217766 39.072996771088704
      vertex 5.935683473651741 -20.983700954940883 39.072996771088704
    endloop
  endfacet
  facet normal -0.5147164328119477 -0.7703275794849853 0.3763806770786029
    outer loop
      vertex 5.935683473651741 -20.983700954940883 39.072996771088704
      vertex 6.249956951712353 -20.22497766191279 41.05563628160781
      vertex 4.766342093346763 -19.233657906653235 41.05563628160781
    endloop
  endfacet
  facet normal -0.1807443751593737 -0.9086633352183306 0.37638067707860284
    outer loop
      vertex 5.935683473651741 -20.983700954940883 39.072996771088704
      vertex 8 -21.394319042217766 39.072996771088704
      vertex 6.249956951712353 -20.22497766191279 41.05563628160781
    endloop
  endfacet
  facet normal -0.1807443751593746 -0.9086633352183306 0.3763806770786022
    outer loop
      vertex 8 -21.394319042217766 39.072996771088704
      vertex 8 -20.573082867664 41.05563628160781
      vertex 6.249956951712353 -20.22497766191279 41.05563628160781
    endloop
  endfacet
  facet normal 0.19509032201612805 -0.9807852804032305 0
    outer loop
      vertex 8 -21.394319042217766 38
      vertex 10.064316526348259 -20.983700954940883 38
      vertex 10.064316526348259 -20.983700954940883 39.072996771088704
    endloop
  endfacet
  facet normal 0.19509032201612805 -0.9807852804032305 0
    outer loop
      vertex 8 -21.394319042217766 38
      vertex 10.064316526348259 -20.983700954940883 39.072996771088704
      vertex 8 -21.394319042217766 39.072996771088704
    endloop
  endfacet
  facet normal 0.5555702330196026 -0.831469612302545 0
    outer loop
      vertex 10.064316526348259 -20.983700954940883 38
      vertex 11.814359574635905 -19.814359574635905 38
      vertex 11.814359574635905 -19.814359574635905 39.072996771088704
    endloop
  endfacet
  facet normal 0.5555702330196026 -0.831469612302545 0
    outer loop
      vertex 10.064316526348259 -20.983700954940883 38
      vertex 11.814359574635905 -19.814359574635905 39.072996771088704
      vertex 10.064316526348259 -20.983700954940883 39.072996771088704
    endloop
  endfacet
  facet normal 0.1807443751593737 -0.9086633352183306 0.37638067707860273
    outer loop
      vertex 8 -21.394319042217766 39.072996771088704
      vertex 10.064316526348259 -20.983700954940883 39.072996771088704
      vertex 9.750043048287647 -20.22497766191279 41.05563628160781
    endloop
  endfacet
  facet normal 0.18074437515937453 -0.9086633352183306 0.3763806770786022
    outer loop
      vertex 8 -21.394319042217766 39.072996771088704
      vertex 9.750043048287647 -20.22497766191279 41.05563628160781
      vertex 8 -20.573082867664 41.05563628160781
    endloop
  endfacet
  facet normal 0.5147164328119479 -0.7703275794849852 0.3763806770786026
    outer loop
      vertex 10.064316526348259 -20.983700954940883 39.072996771088704
      vertex 11.233657906653237 -19.233657906653235 41.05563628160781
      vertex 9.750043048287647 -20.22497766191279 41.05563628160781
    endloop
  endfacet
  facet normal -0.07590088788047207 -0.38157953112891485 -0.9212144791753947
    outer loop
      vertex 7.2250786203386665 -17.87082570455126 33
      vertex 7.589381912723116 -16.991319755259553 32.60568095778223
      vertex 8 -18.024967150712808 33
    endloop
  endfacet
  facet normal -0.21614744150487764 -0.32348750654160097 -0.9212144791753945
    outer loop
      vertex 7.2250786203386665 -17.87082570455126 33
      vertex 6.568131996050972 -17.431868003949027 33
      vertex 7.241276706971907 -16.758723293028094 32.60568095778223
    endloop
  endfacet
  facet normal -0.3234875065416009 -0.21614744150487716 -0.9212144791753945
    outer loop
      vertex 6.568131996050972 -17.431868003949027 33
      vertex 6.129174295448738 -16.774921379661333 33
      vertex 7.008680244740447 -16.410618087276884 32.60568095778223
    endloop
  endfacet
  facet normal -0.32348750654160136 -0.21614744150487683 -0.9212144791753945
    outer loop
      vertex 6.568131996050972 -17.431868003949027 33
      vertex 7.008680244740447 -16.410618087276884 32.60568095778223
      vertex 7.241276706971907 -16.758723293028094 32.60568095778223
    endloop
  endfacet
  facet normal -0.38157953112891474 -0.07590088788047254 -0.9212144791753946
    outer loop
      vertex 7.008680244740447 -16.410618087276884 32.60568095778223
      vertex 6.129174295448738 -16.774921379661333 33
      vertex 6.927003228911294 -16 32.60568095778223
    endloop
  endfacet
  facet normal -0.2161474415048764 -0.323487506541601 -0.9212144791753947
    outer loop
      vertex 7.2250786203386665 -17.87082570455126 33
      vertex 7.241276706971907 -16.758723293028094 32.60568095778223
      vertex 7.589381912723116 -16.991319755259553 32.60568095778223
    endloop
  endfacet
  facet normal -0.07590088788047082 -0.38157953112891446 -0.9212144791753949
    outer loop
      vertex 8 -18.024967150712808 33
      vertex 7.589381912723116 -16.991319755259553 32.60568095778223
      vertex 8 -17.072996771088704 32.60568095778223
    endloop
  endfacet
  facet normal -0.3815795311289151 -0.0759008878804722 -0.9212144791753945
    outer loop
      vertex 5.975032849287192 -16 33
      vertex 6.927003228911294 -16 32.60568095778223
      vertex 6.129174295448738 -16.774921379661333 33
    endloop
  endfacet
  facet normal 0 0 -1
    outer loop
      vertex 7.008680244740447 -16.410618087276884 32.60568095778223
      vertex 6.927003228911294 -16 32.60568095778223
      vertex 7.008680244740447 -15.589381912723116 32.60568095778223
    endloop
  endfacet
  facet normal -0.38157953112891496 0.07590088788047263 -0.9212144791753945
    outer loop
      vertex 5.975032849287192 -16 33
      vertex 7.008680244740447 -15.589381912723116 32.60568095778223
      vertex 6.927003228911294 -16 32.60568095778223
    endloop
  endfacet
  facet normal -0.3815795311289148 0.07590088788047197 -0.9212144791753946
    outer loop
      vertex 5.975032849287192 -16 33
      vertex 6.129174295448738 -15.225078620338666 33
      vertex 7.008680244740447 -15.589381912723116 32.60568095778223
    endloop
  endfacet
  facet normal 0 0 -1
    outer loop
      vertex 7.008680244740447 -16.410618087276884 32.60568095778223
      vertex 7.008680244740447 -15.589381912723116 32.60568095778223
      vertex 7.241276706971907 -15.241276706971906 32.60568095778223
    endloop
  endfacet
  facet normal -0.32348750654160086 0.21614744150487653 -0.9212144791753948
    outer loop
      vertex 7.008680244740447 -15.589381912723116 32.60568095778223
      vertex 6.129174295448738 -15.225078620338666 33
      vertex 7.241276706971907 -15.241276706971906 32.60568095778223
    endloop
  endfacet
  facet normal 0 0 -1
    outer loop
      vertex 7.008680244740447 -16.410618087276884 32.60568095778223
      vertex 7.241276706971907 -15.241276706971906 32.60568095778223
      vertex 7.241276706971907 -16.758723293028094 32.60568095778223
    endloop
  endfacet
  facet normal 0 0 -1
    outer loop
      vertex 7.241276706971907 -16.758723293028094 32.60568095778223
      vertex 7.589381912723116 -15.008680244740447 32.60568095778223
      vertex 7.589381912723116 -16.991319755259553 32.60568095778223
    endloop
  endfacet
  facet normal 0 0 -1
    outer loop
      vertex 8 -17.072996771088704 32.60568095778223
      vertex 7.589381912723116 -16.991319755259553 32.60568095778223
      vertex 8 -14.927003228911294 32.60568095778223
    endloop
  endfacet
  facet normal 0 0 -1
    outer loop
      vertex 7.241276706971907 -16.758723293028094 32.60568095778223
      vertex 7.241276706971907 -15.241276706971906 32.60568095778223
      vertex 7.589381912723116 -15.008680244740447 32.60568095778223
    endloop
  endfacet
  facet normal 0 0 -1
    outer loop
      vertex 7.589381912723116 -16.991319755259553 32.60568095778223
      vertex 7.589381912723116 -15.008680244740447 32.60568095778223
      vertex 8 -14.927003228911294 32.60568095778223
    endloop
  endfacet
  facet normal -0.3234875065416007 0.21614744150487764 -0.9212144791753945
    outer loop
      vertex 6.129174295448738 -15.225078620338666 33
      vertex 6.568131996050972 -14.568131996050973 33
      vertex 7.241276706971907 -15.241276706971906 32.60568095778223
    endloop
  endfacet
  facet normal -0.21614744150487683 0.3234875065416017 -0.9212144791753945
    outer loop
      vertex 7.241276706971907 -15.241276706971906 32.60568095778223
      vertex 6.568131996050972 -14.568131996050973 33
      vertex 7.589381912723116 -15.008680244740447 32.60568095778223
    endloop
  endfacet
  facet normal -0.2161474415048774 0.32348750654160063 -0.9212144791753946
    outer loop
      vertex 6.568131996050972 -14.568131996050973 33
      vertex 7.2250786203386665 -14.129174295448738 33
      vertex 7.589381912723116 -15.008680244740447 32.60568095778223
    endloop
  endfacet
  facet normal -0.07590088788047253 0.3815795311289147 -0.9212144791753947
    outer loop
      vertex 7.589381912723116 -15.008680244740447 32.60568095778223
      vertex 7.2250786203386665 -14.129174295448738 33
      vertex 8 -14.927003228911294 32.60568095778223
    endloop
  endfacet
  facet normal -0.0759008878804721 0.3815795311289151 -0.9212144791753946
    outer loop
      vertex 8 -14.927003228911294 32.60568095778223
      vertex 7.2250786203386665 -14.129174295448738 33
      vertex 8 -13.975032849287192 33
    endloop
  endfacet
  facet normal 0.07590088788047206 -0.38157953112891435 -0.9212144791753947
    outer loop
      vertex 8 -18.024967150712808 33
      vertex 8 -17.072996771088704 32.60568095778223
      vertex 8.774921379661333 -17.87082570455126 33
    endloop
  endfacet
  facet normal 0.075900887880471 -0.38157953112891535 -0.9212144791753945
    outer loop
      vertex 8 -17.072996771088704 32.60568095778223
      vertex 8.410618087276884 -16.991319755259553 32.60568095778223
      vertex 8.774921379661333 -17.87082570455126 33
    endloop
  endfacet
  facet normal 0.2161474415048775 -0.32348750654160074 -0.9212144791753946
    outer loop
      vertex 8.774921379661333 -17.87082570455126 33
      vertex 8.410618087276884 -16.991319755259553 32.60568095778223
      vertex 9.431868003949027 -17.431868003949027 33
    endloop
  endfacet
  facet normal 0.21614744150487666 -0.3234875065416023 -0.9212144791753942
    outer loop
      vertex 8.410618087276884 -16.991319755259553 32.60568095778223
      vertex 8.758723293028094 -16.758723293028094 32.60568095778223
      vertex 9.431868003949027 -17.431868003949027 33
    endloop
  endfacet
  facet normal 0.32348750654160124 -0.21614744150487783 -0.9212144791753942
    outer loop
      vertex 8.758723293028094 -16.758723293028094 32.60568095778223
      vertex 9.870825704551262 -16.774921379661333 33
      vertex 9.431868003949027 -17.431868003949027 33
    endloop
  endfacet
  facet normal 0.3234875065416014 -0.21614744150487608 -0.9212144791753947
    outer loop
      vertex 8.758723293028094 -16.758723293028094 32.60568095778223
      vertex 8.991319755259553 -16.410618087276884 32.60568095778223
      vertex 9.870825704551262 -16.774921379661333 33
    endloop
  endfacet
  facet normal 0.3815795311289149 -0.07590088788047215 -0.9212144791753946
    outer loop
      vertex 8.991319755259553 -16.410618087276884 32.60568095778223
      vertex 10.024967150712808 -16 33
      vertex 9.870825704551262 -16.774921379661333 33
    endloop
  endfacet
  facet normal 0 0 -1
    outer loop
      vertex 8 -17.072996771088704 32.60568095778223
      vertex 8.410618087276884 -15.008680244740447 32.60568095778223
      vertex 8.410618087276884 -16.991319755259553 32.60568095778223
    endloop
  endfacet
  facet normal 0 0 -1
    outer loop
      vertex 8.410618087276884 -16.991319755259553 32.60568095778223
      vertex 8.758723293028094 -15.241276706971906 32.60568095778223
      vertex 8.758723293028094 -16.758723293028094 32.60568095778223
    endloop
  endfacet
  facet normal 0 0 -1
    outer loop
      vertex 8.758723293028094 -16.758723293028094 32.60568095778223
      vertex 8.991319755259553 -15.589381912723116 32.60568095778223
      vertex 8.991319755259553 -16.410618087276884 32.60568095778223
    endloop
  endfacet
  facet normal 0 0 -1
    outer loop
      vertex 8.758723293028094 -16.758723293028094 32.60568095778223
      vertex 8.758723293028094 -15.241276706971906 32.60568095778223
      vertex 8.991319755259553 -15.589381912723116 32.60568095778223
    endloop
  endfacet
  facet normal 0 0 -1
    outer loop
      vertex 8.991319755259553 -16.410618087276884 32.60568095778223
      vertex 8.991319755259553 -15.589381912723116 32.60568095778223
      vertex 9.072996771088706 -16 32.60568095778223
    endloop
  endfacet
  facet normal 0 0 -1
    outer loop
      vertex 8 -17.072996771088704 32.60568095778223
      vertex 8 -14.927003228911294 32.60568095778223
      vertex 8.410618087276884 -15.008680244740447 32.60568095778223
    endloop
  endfacet
  facet normal 0 0 -1
    outer loop
      vertex 8.410618087276884 -16.991319755259553 32.60568095778223
      vertex 8.410618087276884 -15.008680244740447 32.60568095778223
      vertex 8.758723293028094 -15.241276706971906 32.60568095778223
    endloop
  endfacet
  facet normal 0.38157953112891496 -0.07590088788047258 -0.9212144791753945
    outer loop
      vertex 8.991319755259553 -16.410618087276884 32.60568095778223
      vertex 9.072996771088706 -16 32.60568095778223
      vertex 10.024967150712808 -16 33
    endloop
  endfacet
  facet normal 0.38157953112891463 0.07590088788047251 -0.9212144791753947
    outer loop
      vertex 9.072996771088706 -16 32.60568095778223
      vertex 8.991319755259553 -15.589381912723116 32.60568095778223
      vertex 9.870825704551262 -15.225078620338666 33
    endloop
  endfacet
  facet normal 0.381579531128915 0.07590088788047201 -0.9212144791753946
    outer loop
      vertex 9.072996771088706 -16 32.60568095778223
      vertex 9.870825704551262 -15.225078620338666 33
      vertex 10.024967150712808 -16 33
    endloop
  endfacet
  facet normal 0.07590088788047258 0.38157953112891496 -0.9212144791753945
    outer loop
      vertex 8 -14.927003228911294 32.60568095778223
      vertex 8 -13.975032849287192 33
      vertex 8.410618087276884 -15.008680244740447 32.60568095778223
    endloop
  endfacet
  facet normal 0.3234875065416023 0.21614744150487666 -0.9212144791753942
    outer loop
      vertex 8.991319755259553 -15.589381912723116 32.60568095778223
      vertex 8.758723293028094 -15.241276706971906 32.60568095778223
      vertex 9.431868003949027 -14.568131996050973 33
    endloop
  endfacet
  facet normal 0.21614744150487608 0.3234875065416014 -0.9212144791753947
    outer loop
      vertex 8.758723293028094 -15.241276706971906 32.60568095778223
      vertex 8.410618087276884 -15.008680244740447 32.60568095778223
      vertex 8.774921379661333 -14.129174295448738 33
    endloop
  endfacet
  facet normal 0.21614744150487783 0.32348750654160124 -0.9212144791753942
    outer loop
      vertex 8.758723293028094 -15.241276706971906 32.60568095778223
      vertex 8.774921379661333 -14.129174295448738 33
      vertex 9.431868003949027 -14.568131996050973 33
    endloop
  endfacet
  facet normal 0.07590088788047215 0.3815795311289149 -0.9212144791753946
    outer loop
      vertex 8 -13.975032849287192 33
      vertex 8.774921379661333 -14.129174295448738 33
      vertex 8.410618087276884 -15.008680244740447 32.60568095778223
    endloop
  endfacet
  facet normal 0.3234875065416002 0.21614744150487772 -0.9212144791753946
    outer loop
      vertex 8.991319755259553 -15.589381912723116 32.60568095778223
      vertex 9.431868003949027 -14.568131996050973 33
      vertex 9.870825704551262 -15.225078620338666 33
    endloop
  endfacet
  facet normal -0.8314696123025455 -0.5555702330196018 0
    outer loop
      vertex 3.0162990450591174 -18.064316526348257 38
      vertex 4.185640425364094 -19.814359574635905 38
      vertex 4.185640425364094 -19.814359574635905 39.072996771088704
    endloop
  endfacet
  facet normal -0.8314696123025455 -0.5555702330196018 0
    outer loop
      vertex 3.0162990450591174 -18.064316526348257 38
      vertex 4.185640425364094 -19.814359574635905 39.072996771088704
      vertex 3.0162990450591174 -18.064316526348257 39.072996771088704
    endloop
  endfacet
  facet normal -0.7703275794849855 -0.5147164328119477 0.3763806770786025
    outer loop
      vertex 3.0162990450591174 -18.064316526348257 39.072996771088704
      vertex 4.185640425364094 -19.814359574635905 39.072996771088704
      vertex 4.766342093346763 -19.233657906653235 41.05563628160781
    endloop
  endfacet
  facet normal -0.7703275794849853 -0.5147164328119482 0.3763806770786019
    outer loop
      vertex 3.0162990450591174 -18.064316526348257 39.072996771088704
      vertex 4.766342093346763 -19.233657906653235 41.05563628160781
      vertex 3.7750223380872105 -17.750043048287647 41.05563628160781
    endloop
  endfacet
  facet normal -0.9807852804032303 -0.19509032201612858 0
    outer loop
      vertex 3.0162990450591174 -18.064316526348257 38
      vertex 3.0162990450591174 -18.064316526348257 39.072996771088704
      vertex 2.6056809577822326 -16 38
    endloop
  endfacet
  facet normal -0.9807852804032303 -0.19509032201612858 0
    outer loop
      vertex 3.0162990450591174 -18.064316526348257 39.072996771088704
      vertex 2.6056809577822326 -16 39.072996771088704
      vertex 2.6056809577822326 -16 38
    endloop
  endfacet
  facet normal -0.9807852804032305 0.19509032201612847 0
    outer loop
      vertex 2.6056809577822326 -16 38
      vertex 2.6056809577822326 -16 39.072996771088704
      vertex 3.0162990450591174 -13.935683473651741 38
    endloop
  endfacet
  facet normal -0.9086633352183305 -0.18074437515937425 0.37638067707860234
    outer loop
      vertex 3.0162990450591174 -18.064316526348257 39.072996771088704
      vertex 3.7750223380872105 -17.750043048287647 41.05563628160781
      vertex 2.6056809577822326 -16 39.072996771088704
    endloop
  endfacet
  facet normal -0.9086633352183306 -0.18074437515937405 0.3763806770786025
    outer loop
      vertex 2.6056809577822326 -16 39.072996771088704
      vertex 3.7750223380872105 -17.750043048287647 41.05563628160781
      vertex 3.4269171323360013 -16 41.05563628160781
    endloop
  endfacet
  facet normal -0.9086633352183306 0.18074437515937405 0.3763806770786025
    outer loop
      vertex 2.6056809577822326 -16 39.072996771088704
      vertex 3.4269171323360013 -16 41.05563628160781
      vertex 3.7750223380872105 -14.249956951712353 41.05563628160781
    endloop
  endfacet
  facet normal -0.514716432811948 -0.7703275794849851 0.3763806770786027
    outer loop
      vertex 5.935683473651741 -20.983700954940883 39.072996771088704
      vertex 4.766342093346763 -19.233657906653235 41.05563628160781
      vertex 4.185640425364094 -19.814359574635905 39.072996771088704
    endloop
  endfacet
  facet normal -0.396639656760282 -0.5936131960090999 0.7002145072825524
    outer loop
      vertex 6.249956951712353 -20.22497766191279 41.05563628160781
      vertex 5.839338864435469 -18.16066113556453 42.573082867664
      vertex 4.766342093346763 -19.233657906653235 41.05563628160781
    endloop
  endfacet
  facet normal -0.5936131960090993 -0.396639656760282 0.7002145072825529
    outer loop
      vertex 3.7750223380872105 -17.750043048287647 41.05563628160781
      vertex 4.766342093346763 -19.233657906653235 41.05563628160781
      vertex 5.176960180623649 -17.169341380304978 42.573082867664
    endloop
  endfacet
  facet normal -0.139281325317154 -0.7002145072825535 0.7002145072825527
    outer loop
      vertex 6.249956951712353 -20.22497766191279 41.05563628160781
      vertex 8 -20.573082867664 41.05563628160781
      vertex 6.830658619695022 -18.82303981937635 42.573082867664
    endloop
  endfacet
  facet normal -0.5936131960091001 -0.3966396567602817 0.7002145072825525
    outer loop
      vertex 4.766342093346763 -19.233657906653235 41.05563628160781
      vertex 5.839338864435469 -18.16066113556453 42.573082867664
      vertex 5.176960180623649 -17.169341380304978 42.573082867664
    endloop
  endfacet
  facet normal -0.3966396567602815 -0.5936131960090999 0.7002145072825526
    outer loop
      vertex 6.249956951712353 -20.22497766191279 41.05563628160781
      vertex 6.830658619695022 -18.82303981937635 42.573082867664
      vertex 5.839338864435469 -18.16066113556453 42.573082867664
    endloop
  endfacet
  facet normal -0.13928132531715293 -0.7002145072825532 0.7002145072825532
    outer loop
      vertex 8 -20.573082867664 41.05563628160781
      vertex 8 -19.05563628160781 42.573082867664
      vertex 6.830658619695022 -18.82303981937635 42.573082867664
    endloop
  endfacet
  facet normal -0.21614744150487705 -0.3234875065416013 0.9212144791753945
    outer loop
      vertex 5.839338864435469 -18.16066113556453 42.573082867664
      vertex 6.830658619695022 -18.82303981937635 42.573082867664
      vertex 7.241276706971907 -16.758723293028094 43.39431904221777
    endloop
  endfacet
  facet normal -0.0759008878804722 -0.38157953112891535 0.9212144791753945
    outer loop
      vertex 8 -19.05563628160781 42.573082867664
      vertex 7.589381912723116 -16.991319755259553 43.39431904221777
      vertex 6.830658619695022 -18.82303981937635 42.573082867664
    endloop
  endfacet
  facet normal -0.07590088788047097 -0.3815795311289151 0.9212144791753946
    outer loop
      vertex 8 -19.05563628160781 42.573082867664
      vertex 8 -17.072996771088704 43.39431904221777
      vertex 7.589381912723116 -16.991319755259553 43.39431904221777
    endloop
  endfacet
  facet normal -0.7002145072825532 -0.1392813253171535 0.7002145072825529
    outer loop
      vertex 3.7750223380872105 -17.750043048287647 41.05563628160781
      vertex 5.176960180623649 -17.169341380304978 42.573082867664
      vertex 3.4269171323360013 -16 41.05563628160781
    endloop
  endfacet
  facet normal -0.7002145072825534 -0.13928132531715404 0.7002145072825526
    outer loop
      vertex 3.4269171323360013 -16 41.05563628160781
      vertex 5.176960180623649 -17.169341380304978 42.573082867664
      vertex 4.944363718392188 -16 42.573082867664
    endloop
  endfacet
  facet normal -0.3234875065416012 -0.21614744150487697 0.9212144791753945
    outer loop
      vertex 5.839338864435469 -18.16066113556453 42.573082867664
      vertex 7.008680244740447 -16.410618087276884 43.39431904221777
      vertex 5.176960180623649 -17.169341380304978 42.573082867664
    endloop
  endfacet
  facet normal -0.38157953112891513 -0.07590088788047274 0.9212144791753945
    outer loop
      vertex 5.176960180623649 -17.169341380304978 42.573082867664
      vertex 6.927003228911294 -16 43.39431904221777
      vertex 4.944363718392188 -16 42.573082867664
    endloop
  endfacet
  facet normal -0.7002145072825534 0.13928132531715404 0.7002145072825526
    outer loop
      vertex 3.4269171323360013 -16 41.05563628160781
      vertex 4.944363718392188 -16 42.573082867664
      vertex 5.176960180623649 -14.830658619695022 42.573082867664
    endloop
  endfacet
  facet normal -0.3815795311289151 0.07590088788047272 0.9212144791753946
    outer loop
      vertex 4.944363718392188 -16 42.573082867664
      vertex 6.927003228911294 -16 43.39431904221777
      vertex 5.176960180623649 -14.830658619695022 42.573082867664
    endloop
  endfacet
  facet normal -0.3234875065416012 -0.21614744150487683 0.9212144791753945
    outer loop
      vertex 5.839338864435469 -18.16066113556453 42.573082867664
      vertex 7.241276706971907 -16.758723293028094 43.39431904221777
      vertex 7.008680244740447 -16.410618087276884 43.39431904221777
    endloop
  endfacet
  facet normal -0.38157953112891513 -0.07590088788047249 0.9212144791753945
    outer loop
      vertex 5.176960180623649 -17.169341380304978 42.573082867664
      vertex 7.008680244740447 -16.410618087276884 43.39431904221777
      vertex 6.927003228911294 -16 43.39431904221777
    endloop
  endfacet
  facet normal -0.2161474415048768 -0.32348750654160136 0.9212144791753946
    outer loop
      vertex 6.830658619695022 -18.82303981937635 42.573082867664
      vertex 7.589381912723116 -16.991319755259553 43.39431904221777
      vertex 7.241276706971907 -16.758723293028094 43.39431904221777
    endloop
  endfacet
  facet normal 0 0 1
    outer loop
      vertex 7.008680244740447 -16.410618087276884 43.39431904221777
      vertex 7.241276706971907 -16.758723293028094 43.39431904221777
      vertex 7.008680244740447 -15.589381912723116 43.39431904221777
    endloop
  endfacet
  facet normal 0 0 1
    outer loop
      vertex 7.008680244740447 -16.410618087276884 43.39431904221777
      vertex 7.008680244740447 -15.589381912723116 43.39431904221777
      vertex 6.927003228911294 -16 43.39431904221777
    endloop
  endfacet
  facet normal -0.38157953112891513 0.07590088788047261 0.9212144791753945
    outer loop
      vertex 6.927003228911294 -16 43.39431904221777
      vertex 7.008680244740447 -15.589381912723116 43.39431904221777
      vertex 5.176960180623649 -14.830658619695022 42.573082867664
    endloop
  endfacet
  facet normal 0 0 1
    outer loop
      vertex 7.241276706971907 -16.758723293028094 43.39431904221777
      vertex 7.589381912723116 -16.991319755259553 43.39431904221777
      vertex 7.241276706971907 -15.241276706971906 43.39431904221777
    endloop
  endfacet
  facet normal 0 0 1
    outer loop
      vertex 7.241276706971907 -16.758723293028094 43.39431904221777
      vertex 7.241276706971907 -15.241276706971906 43.39431904221777
      vertex 7.008680244740447 -15.589381912723116 43.39431904221777
    endloop
  endfacet
  facet normal 0 0 1
    outer loop
      vertex 8 -17.072996771088704 43.39431904221777
      vertex 7.589381912723116 -15.008680244740447 43.39431904221777
      vertex 7.589381912723116 -16.991319755259553 43.39431904221777
    endloop
  endfacet
  facet normal 0 0 1
    outer loop
      vertex 7.589381912723116 -16.991319755259553 43.39431904221777
      vertex 7.589381912723116 -15.008680244740447 43.39431904221777
      vertex 7.241276706971907 -15.241276706971906 43.39431904221777
    endloop
  endfacet
  facet normal 0 0 1
    outer loop
      vertex 8 -17.072996771088704 43.39431904221777
      vertex 8 -14.927003228911294 43.39431904221777
      vertex 7.589381912723116 -15.008680244740447 43.39431904221777
    endloop
  endfacet
  facet normal -0.9807852804032305 0.19509032201612847 0
    outer loop
      vertex 2.6056809577822326 -16 39.072996771088704
      vertex 3.0162990450591174 -13.935683473651741 39.072996771088704
      vertex 3.0162990450591174 -13.935683473651741 38
    endloop
  endfacet
  facet normal -0.8314696123025452 0.5555702330196023 0
    outer loop
      vertex 3.0162990450591174 -13.935683473651741 38
      vertex 3.0162990450591174 -13.935683473651741 39.072996771088704
      vertex 4.185640425364094 -12.185640425364095 38
    endloop
  endfacet
  facet normal -0.8314696123025452 0.5555702330196023 0
    outer loop
      vertex 3.0162990450591174 -13.935683473651741 39.072996771088704
      vertex 4.185640425364094 -12.185640425364095 39.072996771088704
      vertex 4.185640425364094 -12.185640425364095 38
    endloop
  endfacet
  facet normal -0.9086633352183306 0.1807443751593741 0.37638067707860245
    outer loop
      vertex 2.6056809577822326 -16 39.072996771088704
      vertex 3.7750223380872105 -14.249956951712353 41.05563628160781
      vertex 3.0162990450591174 -13.935683473651741 39.072996771088704
    endloop
  endfacet
  facet normal -0.7703275794849854 0.5147164328119481 0.3763806770786021
    outer loop
      vertex 3.0162990450591174 -13.935683473651741 39.072996771088704
      vertex 4.766342093346763 -12.766342093346763 41.05563628160781
      vertex 4.185640425364094 -12.185640425364095 39.072996771088704
    endloop
  endfacet
  facet normal -0.7703275794849854 0.5147164328119477 0.37638067707860234
    outer loop
      vertex 3.0162990450591174 -13.935683473651741 39.072996771088704
      vertex 3.7750223380872105 -14.249956951712353 41.05563628160781
      vertex 4.766342093346763 -12.766342093346763 41.05563628160781
    endloop
  endfacet
  facet normal -0.5555702330196024 0.8314696123025452 0
    outer loop
      vertex 4.185640425364094 -12.185640425364095 38
      vertex 4.185640425364094 -12.185640425364095 39.072996771088704
      vertex 5.935683473651741 -11.016299045059117 38
    endloop
  endfacet
  facet normal -0.5555702330196024 0.8314696123025452 0
    outer loop
      vertex 4.185640425364094 -12.185640425364095 39.072996771088704
      vertex 5.935683473651741 -11.016299045059117 39.072996771088704
      vertex 5.935683473651741 -11.016299045059117 38
    endloop
  endfacet
  facet normal -0.19509032201612805 0.9807852804032305 0
    outer loop
      vertex 5.935683473651741 -11.016299045059117 38
      vertex 5.935683473651741 -11.016299045059117 39.072996771088704
      vertex 8 -10.605680957782234 38
    endloop
  endfacet
  facet normal -0.19509032201612805 0.9807852804032305 0
    outer loop
      vertex 5.935683473651741 -11.016299045059117 39.072996771088704
      vertex 8 -10.605680957782234 39.072996771088704
      vertex 8 -10.605680957782234 38
    endloop
  endfacet
  facet normal -0.5147164328119481 0.7703275794849852 0.376380677078602
    outer loop
      vertex 4.185640425364094 -12.185640425364095 39.072996771088704
      vertex 4.766342093346763 -12.766342093346763 41.05563628160781
      vertex 5.935683473651741 -11.016299045059117 39.072996771088704
    endloop
  endfacet
  facet normal -0.514716432811947 0.7703275794849856 0.3763806770786029
    outer loop
      vertex 5.935683473651741 -11.016299045059117 39.072996771088704
      vertex 4.766342093346763 -12.766342093346763 41.05563628160781
      vertex 6.249956951712353 -11.775022338087211 41.05563628160781
    endloop
  endfacet
  facet normal -0.1807443751593737 0.9086633352183306 0.37638067707860284
    outer loop
      vertex 5.935683473651741 -11.016299045059117 39.072996771088704
      vertex 6.249956951712353 -11.775022338087211 41.05563628160781
      vertex 8 -10.605680957782234 39.072996771088704
    endloop
  endfacet
  facet normal -0.1807443751593746 0.9086633352183306 0.3763806770786022
    outer loop
      vertex 8 -10.605680957782234 39.072996771088704
      vertex 6.249956951712353 -11.775022338087211 41.05563628160781
      vertex 8 -11.426917132336001 41.05563628160781
    endloop
  endfacet
  facet normal -0.7002145072825533 0.1392813253171535 0.7002145072825529
    outer loop
      vertex 3.4269171323360013 -16 41.05563628160781
      vertex 5.176960180623649 -14.830658619695022 42.573082867664
      vertex 3.7750223380872105 -14.249956951712353 41.05563628160781
    endloop
  endfacet
  facet normal -0.5936131960090996 0.3966396567602817 0.700214507282553
    outer loop
      vertex 3.7750223380872105 -14.249956951712353 41.05563628160781
      vertex 5.176960180623649 -14.830658619695022 42.573082867664
      vertex 4.766342093346763 -12.766342093346763 41.05563628160781
    endloop
  endfacet
  facet normal -0.3966396567602814 0.5936131960090999 0.7002145072825527
    outer loop
      vertex 4.766342093346763 -12.766342093346763 41.05563628160781
      vertex 5.839338864435469 -13.839338864435469 42.573082867664
      vertex 6.249956951712353 -11.775022338087211 41.05563628160781
    endloop
  endfacet
  facet normal -0.3234875065416012 0.216147441504877 0.9212144791753945
    outer loop
      vertex 7.008680244740447 -15.589381912723116 43.39431904221777
      vertex 5.839338864435469 -13.839338864435469 42.573082867664
      vertex 5.176960180623649 -14.830658619695022 42.573082867664
    endloop
  endfacet
  facet normal -0.5936131960090999 0.3966396567602815 0.7002145072825527
    outer loop
      vertex 4.766342093346763 -12.766342093346763 41.05563628160781
      vertex 5.176960180623649 -14.830658619695022 42.573082867664
      vertex 5.839338864435469 -13.839338864435469 42.573082867664
    endloop
  endfacet
  facet normal -0.3234875065416014 0.21614744150487689 0.9212144791753945
    outer loop
      vertex 7.008680244740447 -15.589381912723116 43.39431904221777
      vertex 7.241276706971907 -15.241276706971906 43.39431904221777
      vertex 5.839338864435469 -13.839338864435469 42.573082867664
    endloop
  endfacet
  facet normal -0.21614744150487708 0.32348750654160124 0.9212144791753945
    outer loop
      vertex 7.241276706971907 -15.241276706971906 43.39431904221777
      vertex 6.830658619695022 -13.176960180623649 42.573082867664
      vertex 5.839338864435469 -13.839338864435469 42.573082867664
    endloop
  endfacet
  facet normal -0.21614744150487664 0.3234875065416014 0.9212144791753946
    outer loop
      vertex 7.241276706971907 -15.241276706971906 43.39431904221777
      vertex 7.589381912723116 -15.008680244740447 43.39431904221777
      vertex 6.830658619695022 -13.176960180623649 42.573082867664
    endloop
  endfacet
  facet normal -0.0759008878804726 0.381579531128915 0.9212144791753945
    outer loop
      vertex 7.589381912723116 -15.008680244740447 43.39431904221777
      vertex 8 -14.927003228911294 43.39431904221777
      vertex 8 -12.944363718392188 42.573082867664
    endloop
  endfacet
  facet normal -0.3966396567602814 0.5936131960090999 0.7002145072825526
    outer loop
      vertex 5.839338864435469 -13.839338864435469 42.573082867664
      vertex 6.830658619695022 -13.176960180623649 42.573082867664
      vertex 6.249956951712353 -11.775022338087211 41.05563628160781
    endloop
  endfacet
  facet normal -0.07590088788047275 0.38157953112891513 0.9212144791753945
    outer loop
      vertex 7.589381912723116 -15.008680244740447 43.39431904221777
      vertex 8 -12.944363718392188 42.573082867664
      vertex 6.830658619695022 -13.176960180623649 42.573082867664
    endloop
  endfacet
  facet normal -0.13928132531715404 0.7002145072825535 0.7002145072825527
    outer loop
      vertex 6.830658619695022 -13.176960180623649 42.573082867664
      vertex 8 -11.426917132336001 41.05563628160781
      vertex 6.249956951712353 -11.775022338087211 41.05563628160781
    endloop
  endfacet
  facet normal -0.13928132531715406 0.7002145072825534 0.7002145072825526
    outer loop
      vertex 6.830658619695022 -13.176960180623649 42.573082867664
      vertex 8 -12.944363718392188 42.573082867664
      vertex 8 -11.426917132336001 41.05563628160781
    endloop
  endfacet
  facet normal 0.5147164328119482 -0.7703275794849851 0.3763806770786024
    outer loop
      vertex 10.064316526348259 -20.983700954940883 39.072996771088704
      vertex 11.814359574635905 -19.814359574635905 39.072996771088704
      vertex 11.233657906653237 -19.233657906653235 41.05563628160781
    endloop
  endfacet
  facet normal 0.7703275794849855 -0.514716432811948 0.3763806770786023
    outer loop
      vertex 11.814359574635905 -19.814359574635905 39.072996771088704
      vertex 12.983700954940883 -18.064316526348257 39.072996771088704
      vertex 11.233657906653237 -19.233657906653235 41.05563628160781
    endloop
  endfacet
  facet normal 0.7703275794849853 -0.5147164328119478 0.3763806770786022
    outer loop
      vertex 12.983700954940883 -18.064316526348257 39.072996771088704
      vertex 12.224977661912789 -17.750043048287647 41.05563628160781
      vertex 11.233657906653237 -19.233657906653235 41.05563628160781
    endloop
  endfacet
  facet normal 0.8314696123025453 -0.5555702330196022 0
    outer loop
      vertex 11.814359574635905 -19.814359574635905 38
      vertex 12.983700954940883 -18.064316526348257 39.072996771088704
      vertex 11.814359574635905 -19.814359574635905 39.072996771088704
    endloop
  endfacet
  facet normal 0.8314696123025453 -0.5555702330196022 0
    outer loop
      vertex 11.814359574635905 -19.814359574635905 38
      vertex 12.983700954940883 -18.064316526348257 38
      vertex 12.983700954940883 -18.064316526348257 39.072996771088704
    endloop
  endfacet
  facet normal 0.9807852804032305 -0.19509032201612822 0
    outer loop
      vertex 12.983700954940883 -18.064316526348257 38
      vertex 13.394319042217766 -16 38
      vertex 13.394319042217766 -16 39.072996771088704
    endloop
  endfacet
  facet normal 0.9807852804032305 -0.19509032201612822 0
    outer loop
      vertex 12.983700954940883 -18.064316526348257 38
      vertex 13.394319042217766 -16 39.072996771088704
      vertex 12.983700954940883 -18.064316526348257 39.072996771088704
    endloop
  endfacet
  facet normal 0.9807852804032305 0.19509032201612805 0
    outer loop
      vertex 13.394319042217766 -16 38
      vertex 12.983700954940883 -13.935683473651741 39.072996771088704
      vertex 13.394319042217766 -16 39.072996771088704
    endloop
  endfacet
  facet normal 0.9086633352183305 -0.18074437515937386 0.3763806770786027
    outer loop
      vertex 12.983700954940883 -18.064316526348257 39.072996771088704
      vertex 13.394319042217766 -16 39.072996771088704
      vertex 12.224977661912789 -17.750043048287647 41.05563628160781
    endloop
  endfacet
  facet normal 0.9086633352183306 -0.18074437515937453 0.3763806770786022
    outer loop
      vertex 13.394319042217766 -16 39.072996771088704
      vertex 12.573082867663999 -16 41.05563628160781
      vertex 12.224977661912789 -17.750043048287647 41.05563628160781
    endloop
  endfacet
  facet normal 0.9086633352183306 0.18074437515937453 0.3763806770786022
    outer loop
      vertex 13.394319042217766 -16 39.072996771088704
      vertex 12.224977661912789 -14.249956951712353 41.05563628160781
      vertex 12.573082867663999 -16 41.05563628160781
    endloop
  endfacet
  facet normal 0.13928132531715393 -0.7002145072825534 0.7002145072825527
    outer loop
      vertex 8 -20.573082867664 41.05563628160781
      vertex 9.750043048287647 -20.22497766191279 41.05563628160781
      vertex 9.169341380304978 -18.82303981937635 42.573082867664
    endloop
  endfacet
  facet normal 0.3966396567602822 -0.5936131960090997 0.7002145072825524
    outer loop
      vertex 9.750043048287647 -20.22497766191279 41.05563628160781
      vertex 11.233657906653237 -19.233657906653235 41.05563628160781
      vertex 10.160661135564531 -18.16066113556453 42.573082867664
    endloop
  endfacet
  facet normal 0.5936131960090996 -0.39663965676028184 0.7002145072825527
    outer loop
      vertex 11.233657906653237 -19.233657906653235 41.05563628160781
      vertex 12.224977661912789 -17.750043048287647 41.05563628160781
      vertex 10.823039819376351 -17.169341380304978 42.573082867664
    endloop
  endfacet
  facet normal 0.13928132531715293 -0.7002145072825532 0.7002145072825532
    outer loop
      vertex 8 -20.573082867664 41.05563628160781
      vertex 9.169341380304978 -18.82303981937635 42.573082867664
      vertex 8 -19.05563628160781 42.573082867664
    endloop
  endfacet
  facet normal 0.39663965676028146 -0.5936131960090998 0.7002145072825527
    outer loop
      vertex 9.750043048287647 -20.22497766191279 41.05563628160781
      vertex 10.160661135564531 -18.16066113556453 42.573082867664
      vertex 9.169341380304978 -18.82303981937635 42.573082867664
    endloop
  endfacet
  facet normal 0.07590088788047214 -0.3815795311289151 0.9212144791753946
    outer loop
      vertex 8 -19.05563628160781 42.573082867664
      vertex 9.169341380304978 -18.82303981937635 42.573082867664
      vertex 8 -17.072996771088704 43.39431904221777
    endloop
  endfacet
  facet normal 0.07590088788047109 -0.3815795311289157 0.9212144791753943
    outer loop
      vertex 8 -17.072996771088704 43.39431904221777
      vertex 9.169341380304978 -18.82303981937635 42.573082867664
      vertex 8.410618087276884 -16.991319755259553 43.39431904221777
    endloop
  endfacet
  facet normal 0.21614744150487708 -0.32348750654160136 0.9212144791753945
    outer loop
      vertex 9.169341380304978 -18.82303981937635 42.573082867664
      vertex 10.160661135564531 -18.16066113556453 42.573082867664
      vertex 8.758723293028094 -16.758723293028094 43.39431904221777
    endloop
  endfacet
  facet normal 0.5936131960091001 -0.3966396567602817 0.7002145072825525
    outer loop
      vertex 11.233657906653237 -19.233657906653235 41.05563628160781
      vertex 10.823039819376351 -17.169341380304978 42.573082867664
      vertex 10.160661135564531 -18.16066113556453 42.573082867664
    endloop
  endfacet
  facet normal 0.7002145072825534 -0.13928132531715395 0.7002145072825527
    outer loop
      vertex 10.823039819376351 -17.169341380304978 42.573082867664
      vertex 12.224977661912789 -17.750043048287647 41.05563628160781
      vertex 12.573082867663999 -16 41.05563628160781
    endloop
  endfacet
  facet normal 0.21614744150487636 -0.3234875065416016 0.9212144791753945
    outer loop
      vertex 9.169341380304978 -18.82303981937635 42.573082867664
      vertex 8.758723293028094 -16.758723293028094 43.39431904221777
      vertex 8.410618087276884 -16.991319755259553 43.39431904221777
    endloop
  endfacet
  facet normal 0.3234875065416012 -0.21614744150487697 0.9212144791753945
    outer loop
      vertex 10.160661135564531 -18.16066113556453 42.573082867664
      vertex 10.823039819376351 -17.169341380304978 42.573082867664
      vertex 8.991319755259553 -16.410618087276884 43.39431904221777
    endloop
  endfacet
  facet normal 0.32348750654160185 -0.21614744150487653 0.9212144791753945
    outer loop
      vertex 10.160661135564531 -18.16066113556453 42.573082867664
      vertex 8.991319755259553 -16.410618087276884 43.39431904221777
      vertex 8.758723293028094 -16.758723293028094 43.39431904221777
    endloop
  endfacet
  facet normal 0.38157953112891513 -0.07590088788047261 0.9212144791753945
    outer loop
      vertex 8.991319755259553 -16.410618087276884 43.39431904221777
      vertex 10.823039819376351 -17.169341380304978 42.573082867664
      vertex 9.072996771088706 -16 43.39431904221777
    endloop
  endfacet
  facet normal 0 0 1
    outer loop
      vertex 8 -17.072996771088704 43.39431904221777
      vertex 8.410618087276884 -16.991319755259553 43.39431904221777
      vertex 8 -14.927003228911294 43.39431904221777
    endloop
  endfacet
  facet normal 0 0 1
    outer loop
      vertex 8.410618087276884 -16.991319755259553 43.39431904221777
      vertex 8.758723293028094 -16.758723293028094 43.39431904221777
      vertex 8.410618087276884 -15.008680244740447 43.39431904221777
    endloop
  endfacet
  facet normal 0 0 1
    outer loop
      vertex 8.758723293028094 -16.758723293028094 43.39431904221777
      vertex 8.991319755259553 -16.410618087276884 43.39431904221777
      vertex 8.758723293028094 -15.241276706971906 43.39431904221777
    endloop
  endfacet
  facet normal 0 0 1
    outer loop
      vertex 8.991319755259553 -16.410618087276884 43.39431904221777
      vertex 9.072996771088706 -16 43.39431904221777
      vertex 8.991319755259553 -15.589381912723116 43.39431904221777
    endloop
  endfacet
  facet normal 0 0 1
    outer loop
      vertex 8 -14.927003228911294 43.39431904221777
      vertex 8.410618087276884 -16.991319755259553 43.39431904221777
      vertex 8.410618087276884 -15.008680244740447 43.39431904221777
    endloop
  endfacet
  facet normal 0 0 1
    outer loop
      vertex 8.758723293028094 -16.758723293028094 43.39431904221777
      vertex 8.758723293028094 -15.241276706971906 43.39431904221777
      vertex 8.410618087276884 -15.008680244740447 43.39431904221777
    endloop
  endfacet
  facet normal 0 0 1
    outer loop
      vertex 8.991319755259553 -16.410618087276884 43.39431904221777
      vertex 8.991319755259553 -15.589381912723116 43.39431904221777
      vertex 8.758723293028094 -15.241276706971906 43.39431904221777
    endloop
  endfacet
  facet normal 0.38157953112891513 0.07590088788047261 0.9212144791753945
    outer loop
      vertex 9.072996771088706 -16 43.39431904221777
      vertex 10.823039819376351 -14.830658619695022 42.573082867664
      vertex 8.991319755259553 -15.589381912723116 43.39431904221777
    endloop
  endfacet
  facet normal 0.7002145072825534 -0.13928132531715406 0.7002145072825526
    outer loop
      vertex 10.823039819376351 -17.169341380304978 42.573082867664
      vertex 12.573082867663999 -16 41.05563628160781
      vertex 11.055636281607812 -16 42.573082867664
    endloop
  endfacet
  facet normal 0.3815795311289151 -0.07590088788047274 0.9212144791753946
    outer loop
      vertex 9.072996771088706 -16 43.39431904221777
      vertex 10.823039819376351 -17.169341380304978 42.573082867664
      vertex 11.055636281607812 -16 42.573082867664
    endloop
  endfacet
  facet normal 0.7002145072825534 0.13928132531715406 0.7002145072825526
    outer loop
      vertex 11.055636281607812 -16 42.573082867664
      vertex 12.573082867663999 -16 41.05563628160781
      vertex 10.823039819376351 -14.830658619695022 42.573082867664
    endloop
  endfacet
  facet normal 0.3815795311289151 0.07590088788047274 0.9212144791753946
    outer loop
      vertex 9.072996771088706 -16 43.39431904221777
      vertex 11.055636281607812 -16 42.573082867664
      vertex 10.823039819376351 -14.830658619695022 42.573082867664
    endloop
  endfacet
  facet normal 0.7703275794849854 0.5147164328119485 0.3763806770786019
    outer loop
      vertex 11.814359574635905 -12.185640425364095 39.072996771088704
      vertex 11.233657906653237 -12.766342093346763 41.05563628160781
      vertex 12.983700954940883 -13.935683473651741 39.072996771088704
    endloop
  endfacet
  facet normal 0.7703275794849855 0.5147164328119473 0.3763806770786026
    outer loop
      vertex 12.983700954940883 -13.935683473651741 39.072996771088704
      vertex 11.233657906653237 -12.766342093346763 41.05563628160781
      vertex 12.224977661912789 -14.249956951712353 41.05563628160781
    endloop
  endfacet
  facet normal 0.19509032201612805 0.9807852804032305 0
    outer loop
      vertex 8 -10.605680957782234 38
      vertex 8 -10.605680957782234 39.072996771088704
      vertex 10.064316526348259 -11.016299045059117 38
    endloop
  endfacet
  facet normal 0.19509032201612805 0.9807852804032305 0
    outer loop
      vertex 8 -10.605680957782234 39.072996771088704
      vertex 10.064316526348259 -11.016299045059117 39.072996771088704
      vertex 10.064316526348259 -11.016299045059117 38
    endloop
  endfacet
  facet normal 0.5555702330196026 0.831469612302545 0
    outer loop
      vertex 10.064316526348259 -11.016299045059117 39.072996771088704
      vertex 11.814359574635905 -12.185640425364095 39.072996771088704
      vertex 11.814359574635905 -12.185640425364095 38
    endloop
  endfacet
  facet normal 0.5555702330196026 0.831469612302545 0
    outer loop
      vertex 10.064316526348259 -11.016299045059117 38
      vertex 10.064316526348259 -11.016299045059117 39.072996771088704
      vertex 11.814359574635905 -12.185640425364095 38
    endloop
  endfacet
  facet normal 0.1807443751593737 0.9086633352183306 0.37638067707860273
    outer loop
      vertex 8 -10.605680957782234 39.072996771088704
      vertex 9.750043048287647 -11.775022338087211 41.05563628160781
      vertex 10.064316526348259 -11.016299045059117 39.072996771088704
    endloop
  endfacet
  facet normal 0.18074437515937453 0.9086633352183306 0.3763806770786022
    outer loop
      vertex 8 -10.605680957782234 39.072996771088704
      vertex 8 -11.426917132336001 41.05563628160781
      vertex 9.750043048287647 -11.775022338087211 41.05563628160781
    endloop
  endfacet
  facet normal 0.5147164328119485 0.7703275794849854 0.3763806770786019
    outer loop
      vertex 10.064316526348259 -11.016299045059117 39.072996771088704
      vertex 11.233657906653237 -12.766342093346763 41.05563628160781
      vertex 11.814359574635905 -12.185640425364095 39.072996771088704
    endloop
  endfacet
  facet normal 0.5147164328119473 0.7703275794849855 0.3763806770786026
    outer loop
      vertex 10.064316526348259 -11.016299045059117 39.072996771088704
      vertex 9.750043048287647 -11.775022338087211 41.05563628160781
      vertex 11.233657906653237 -12.766342093346763 41.05563628160781
    endloop
  endfacet
  facet normal 0.9807852804032305 0.19509032201612805 0
    outer loop
      vertex 13.394319042217766 -16 38
      vertex 12.983700954940883 -13.935683473651741 38
      vertex 12.983700954940883 -13.935683473651741 39.072996771088704
    endloop
  endfacet
  facet normal 0.831469612302545 0.5555702330196026 0
    outer loop
      vertex 11.814359574635905 -12.185640425364095 38
      vertex 11.814359574635905 -12.185640425364095 39.072996771088704
      vertex 12.983700954940883 -13.935683473651741 38
    endloop
  endfacet
  facet normal 0.831469612302545 0.5555702330196026 0
    outer loop
      vertex 11.814359574635905 -12.185640425364095 39.072996771088704
      vertex 12.983700954940883 -13.935683473651741 39.072996771088704
      vertex 12.983700954940883 -13.935683473651741 38
    endloop
  endfacet
  facet normal 0.9086633352183306 0.1807443751593737 0.37638067707860273
    outer loop
      vertex 13.394319042217766 -16 39.072996771088704
      vertex 12.983700954940883 -13.935683473651741 39.072996771088704
      vertex 12.224977661912789 -14.249956951712353 41.05563628160781
    endloop
  endfacet
  facet normal 0.7002145072825534 0.13928132531715393 0.7002145072825527
    outer loop
      vertex 12.573082867663999 -16 41.05563628160781
      vertex 12.224977661912789 -14.249956951712353 41.05563628160781
      vertex 10.823039819376351 -14.830658619695022 42.573082867664
    endloop
  endfacet
  facet normal 0.5936131960090997 0.39663965676028146 0.7002145072825529
    outer loop
      vertex 11.233657906653237 -12.766342093346763 41.05563628160781
      vertex 10.823039819376351 -14.830658619695022 42.573082867664
      vertex 12.224977661912789 -14.249956951712353 41.05563628160781
    endloop
  endfacet
  facet normal 0.3966396567602815 0.5936131960090998 0.7002145072825527
    outer loop
      vertex 11.233657906653237 -12.766342093346763 41.05563628160781
      vertex 9.750043048287647 -11.775022338087211 41.05563628160781
      vertex 10.160661135564531 -13.839338864435469 42.573082867664
    endloop
  endfacet
  facet normal 0.0759008878804726 0.381579531128915 0.9212144791753945
    outer loop
      vertex 8 -14.927003228911294 43.39431904221777
      vertex 8.410618087276884 -15.008680244740447 43.39431904221777
      vertex 8 -12.944363718392188 42.573082867664
    endloop
  endfacet
  facet normal 0.21614744150487616 0.3234875065416016 0.9212144791753945
    outer loop
      vertex 8.758723293028094 -15.241276706971906 43.39431904221777
      vertex 9.169341380304978 -13.176960180623649 42.573082867664
      vertex 8.410618087276884 -15.008680244740447 43.39431904221777
    endloop
  endfacet
  facet normal 0.3234875065416012 0.216147441504877 0.9212144791753945
    outer loop
      vertex 8.991319755259553 -15.589381912723116 43.39431904221777
      vertex 10.823039819376351 -14.830658619695022 42.573082867664
      vertex 10.160661135564531 -13.839338864435469 42.573082867664
    endloop
  endfacet
  facet normal 0.32348750654160197 0.21614744150487644 0.9212144791753943
    outer loop
      vertex 8.991319755259553 -15.589381912723116 43.39431904221777
      vertex 10.160661135564531 -13.839338864435469 42.573082867664
      vertex 8.758723293028094 -15.241276706971906 43.39431904221777
    endloop
  endfacet
  facet normal 0.21614744150487714 0.32348750654160136 0.9212144791753942
    outer loop
      vertex 8.758723293028094 -15.241276706971906 43.39431904221777
      vertex 10.160661135564531 -13.839338864435469 42.573082867664
      vertex 9.169341380304978 -13.176960180623649 42.573082867664
    endloop
  endfacet
  facet normal 0.39663965676028134 0.5936131960090998 0.7002145072825527
    outer loop
      vertex 9.169341380304978 -13.176960180623649 42.573082867664
      vertex 10.160661135564531 -13.839338864435469 42.573082867664
      vertex 9.750043048287647 -11.775022338087211 41.05563628160781
    endloop
  endfacet
  facet normal 0.07590088788047274 0.38157953112891513 0.9212144791753945
    outer loop
      vertex 8 -12.944363718392188 42.573082867664
      vertex 8.410618087276884 -15.008680244740447 43.39431904221777
      vertex 9.169341380304978 -13.176960180623649 42.573082867664
    endloop
  endfacet
  facet normal 0.5936131960090999 0.3966396567602815 0.7002145072825527
    outer loop
      vertex 11.233657906653237 -12.766342093346763 41.05563628160781
      vertex 10.160661135564531 -13.839338864435469 42.573082867664
      vertex 10.823039819376351 -14.830658619695022 42.573082867664
    endloop
  endfacet
  facet normal 0.13928132531715393 0.7002145072825534 0.7002145072825527
    outer loop
      vertex 8 -11.426917132336001 41.05563628160781
      vertex 9.169341380304978 -13.176960180623649 42.573082867664
      vertex 9.750043048287647 -11.775022338087211 41.05563628160781
    endloop
  endfacet
  facet normal 0.13928132531715406 0.7002145072825534 0.7002145072825526
    outer loop
      vertex 8 -12.944363718392188 42.573082867664
      vertex 9.169341380304978 -13.176960180623649 42.573082867664
      vertex 8 -11.426917132336001 41.05563628160781
    endloop
  endfacet
  facet normal 0 0 -1
    outer loop
      vertex -21.5 0.5 30.5
      vertex -20 16 30.5
      vertex -20 2 30.5
    endloop
  endfacet
  facet normal -1 0 0
    outer loop
      vertex -21.5 0.5 30.5
      vertex -21.5 0.5 33
      vertex -21.5 17.5 33
    endloop
  endfacet
  facet normal 0 0 -1
    outer loop
      vertex -21.5 0.5 30.5
      vertex -20 2 30.5
      vertex 20 2 30.5
    endloop
  endfacet
  facet normal 0 -1 0
    outer loop
      vertex -21.5 0.5 30.5
      vertex 21.5 0.5 33
      vertex -21.5 0.5 33
    endloop
  endfacet
  facet normal 0 0 1
    outer loop
      vertex -21.5 0.5 33
      vertex -20 2 33
      vertex -21.5 17.5 33
    endloop
  endfacet
  facet normal 0 0 1
    outer loop
      vertex -21.5 0.5 33
      vertex 21.5 0.5 33
      vertex -20 2 33
    endloop
  endfacet
  facet normal 0 0 -1
    outer loop
      vertex -21.5 0.5 30.5
      vertex -21.5 17.5 30.5
      vertex -20 16 30.5
    endloop
  endfacet
  facet normal -1 0 0
    outer loop
      vertex -21.5 0.5 30.5
      vertex -21.5 17.5 33
      vertex -21.5 17.5 30.5
    endloop
  endfacet
  facet normal 0 0 -1
    outer loop
      vertex -21.5 17.5 30.5
      vertex 21.5 17.5 30.5
      vertex -20 16 30.5
    endloop
  endfacet
  facet normal 0 1 0
    outer loop
      vertex -21.5 17.5 30.5
      vertex -21.5 17.5 33
      vertex 21.5 17.5 30.5
    endloop
  endfacet
  facet normal 0 0 1
    outer loop
      vertex -20 2 33
      vertex -20 16 33
      vertex -21.5 17.5 33
    endloop
  endfacet
  facet normal 0 0 1
    outer loop
      vertex -21.5 17.5 33
      vertex -20 16 33
      vertex 20 16 33
    endloop
  endfacet
  facet normal 0 0 -1
    outer loop
      vertex -21.5 0.5 30.5
      vertex 20 2 30.5
      vertex 21.5 0.5 30.5
    endloop
  endfacet
  facet normal 0 -1 0
    outer loop
      vertex -21.5 0.5 30.5
      vertex 21.5 0.5 30.5
      vertex 21.5 0.5 33
    endloop
  endfacet
  facet normal 0 0 -1
    outer loop
      vertex 20 2 30.5
      vertex 21.5 17.5 30.5
      vertex 21.5 0.5 30.5
    endloop
  endfacet
  facet normal 1 0 0
    outer loop
      vertex 21.5 0.5 30.5
      vertex 21.5 17.5 30.5
      vertex 21.5 0.5 33
    endloop
  endfacet
  facet normal 0 0 1
    outer loop
      vertex -20 2 33
      vertex 21.5 0.5 33
      vertex 20 2 33
    endloop
  endfacet
  facet normal 0 0 1
    outer loop
      vertex 20 2 33
      vertex 21.5 0.5 33
      vertex 20 16 33
    endloop
  endfacet
  facet normal 0 0 -1
    outer loop
      vertex -20 16 30.5
      vertex 21.5 17.5 30.5
      vertex 20 16 30.5
    endloop
  endfacet
  facet normal 0 1 0
    outer loop
      vertex -21.5 17.5 33
      vertex 21.5 17.5 33
      vertex 21.5 17.5 30.5
    endloop
  endfacet
  facet normal 0 0 -1
    outer loop
      vertex 20 2 30.5
      vertex 20 16 30.5
      vertex 21.5 17.5 30.5
    endloop
  endfacet
  facet normal 1 0 0
    outer loop
      vertex 21.5 0.5 33
      vertex 21.5 17.5 30.5
      vertex 21.5 17.5 33
    endloop
  endfacet
  facet normal 0 0 1
    outer loop
      vertex -21.5 17.5 33
      vertex 20 16 33
      vertex 21.5 17.5 33
    endloop
  endfacet
  facet normal 0 0 1
    outer loop
      vertex 21.5 0.5 33
      vertex 21.5 17.5 33
      vertex 20 16 33
    endloop
  endfacet
  facet normal 1 0 0
    outer loop
      vertex -20 2 30.5
      vertex -20 16 33
      vertex -20 2 33
    endloop
  endfacet
  facet normal 0 1 0
    outer loop
      vertex -20 2 30.5
      vertex -20 2 33
      vertex 20 2 30.5
    endloop
  endfacet
  facet normal 1 0 0
    outer loop
      vertex -20 2 30.5
      vertex -20 16 30.5
      vertex -20 16 33
    endloop
  endfacet
  facet normal 0 -1 0
    outer loop
      vertex -20 16 30.5
      vertex 20 16 33
      vertex -20 16 33
    endloop
  endfacet
  facet normal 0 1 0
    outer loop
      vertex -20 2 33
      vertex 20 2 33
      vertex 20 2 30.5
    endloop
  endfacet
  facet normal -1 0 0
    outer loop
      vertex 20 2 30.5
      vertex 20 2 33
      vertex 20 16 30.5
    endloop
  endfacet
  facet normal 0 -1 0
    outer loop
      vertex -20 16 30.5
      vertex 20 16 30.5
      vertex 20 16 33
    endloop
  endfacet
  facet normal -1 0 0
    outer loop
      vertex 20 2 33
      vertex 20 16 33
      vertex 20 16 30.5
    endloop
  endfacet
  facet normal -1 0 0
    outer loop
      vertex -18 3.5 30.7
      vertex -18 3.5 32.8
      vertex -18 14.5 32.8
    endloop
  endfacet
  facet normal 0 -1 0
    outer loop
      vertex -18 3.5 30.7
      vertex 18 3.5 32.8
      vertex -18 3.5 32.8
    endloop
  endfacet
  facet normal 0 0 1
    outer loop
      vertex -18 3.5 32.8
      vertex 18 3.5 32.8
      vertex -18 14.5 32.8
    endloop
  endfacet
  facet normal -1 0 0
    outer loop
      vertex -18 3.5 30.7
      vertex -18 14.5 32.8
      vertex -18 14.5 30.7
    endloop
  endfacet
  facet normal 0 0 -1
    outer loop
      vertex -18 3.5 30.7
      vertex -18 14.5 30.7
      vertex 18 14.5 30.7
    endloop
  endfacet
  facet normal 0 1 0
    outer loop
      vertex -18 14.5 30.7
      vertex -18 14.5 32.8
      vertex 18 14.5 30.7
    endloop
  endfacet
  facet normal 0 -1 0
    outer loop
      vertex -18 3.5 30.7
      vertex 18 3.5 30.7
      vertex 18 3.5 32.8
    endloop
  endfacet
  facet normal 0 0 -1
    outer loop
      vertex -18 3.5 30.7
      vertex 18 14.5 30.7
      vertex 18 3.5 30.7
    endloop
  endfacet
  facet normal 1 0 0
    outer loop
      vertex 18 3.5 30.7
      vertex 18 14.5 30.7
      vertex 18 3.5 32.8
    endloop
  endfacet
  facet normal 0 1 0
    outer loop
      vertex -18 14.5 32.8
      vertex 18 14.5 32.8
      vertex 18 14.5 30.7
    endloop
  endfacet
  facet normal 1 0 0
    outer loop
      vertex 18 3.5 32.8
      vertex 18 14.5 30.7
      vertex 18 14.5 32.8
    endloop
  endfacet
  facet normal 0 0 1
    outer loop
      vertex -18 14.5 32.8
      vertex 18 3.5 32.8
      vertex 18 14.5 32.8
    endloop
  endfacet
endsolid OpenSCAD_Model
