solid OpenSCAD_Model
  facet normal 0 0 -1
    outer loop
      vertex -2.3045485789737294 -1.221871413619399 0
      vertex -2.3215262480888255 -1.2025120923245514 0
      vertex -2.335831772398511 -1.1811023622047243 0
    endloop
  endfacet
  facet normal 0 0 -1
    outer loop
      vertex -2.3045485789737294 -1.221871413619399 0
      vertex -2.335831772398511 -1.1811023622047243 0
      vertex -2.263779527559055 -1.2531546070441808 0
    endloop
  endfacet
  facet normal 0 0 -1
    outer loop
      vertex -2.263779527559055 -1.2531546070441808 0
      vertex -2.216302961634354 -1.2728200445450921 0
      vertex -2.2406857150324977 -1.264543215061277 0
    endloop
  endfacet
  facet normal 0 0 -1
    outer loop
      vertex -2.263779527559055 -1.2531546070441808 0
      vertex -2.165354330708661 -1.279527559055118 0
      vertex -2.216302961634354 -1.2728200445450921 0
    endloop
  endfacet
  facet normal 0 0 -1
    outer loop
      vertex -2.3045485789737294 -1.221871413619399 0
      vertex -2.263779527559055 -1.2531546070441808 0
      vertex -2.2851892576788817 -1.2388490827344951 0
    endloop
  endfacet
  facet normal 0 0 -1
    outer loop
      vertex -2.263779527559055 -1.2531546070441808 0
      vertex -2.335831772398511 -1.1811023622047243 0
      vertex -2.3622047244094486 -1.0826771653543306 0
    endloop
  endfacet
  facet normal 0 0 -1
    outer loop
      vertex -2.335831772398511 -1.1811023622047243 0
      vertex -2.3472203804156075 -1.1580085496781671 0
      vertex -2.355497209899423 -1.1336257962800238 0
    endloop
  endfacet
  facet normal 0 0 -1
    outer loop
      vertex -2.335831772398511 -1.1811023622047243 0
      vertex -2.355497209899423 -1.1336257962800238 0
      vertex -2.3622047244094486 -1.0826771653543306 0
    endloop
  endfacet
  facet normal 0 0 -1
    outer loop
      vertex -2.216302961634354 -1.2728200445450921 0
      vertex -2.165354330708661 -1.279527559055118 0
      vertex -2.191048463035443 -1.2778434766483877 0
    endloop
  endfacet
  facet normal 0 0 -1
    outer loop
      vertex -2.355497209899423 -1.1336257962800238 0
      vertex -2.3605206420027183 -1.1083712976811124 0
      vertex -2.3622047244094486 -1.0826771653543306 0
    endloop
  endfacet
  facet normal -0.6593458151000707 -0.7518398074789758 0
    outer loop
      vertex -2.3045485789737294 -1.221871413619399 0
      vertex -2.2851892576788817 -1.2388490827344951 0
      vertex -2.3045485789737294 -1.221871413619399 1.4173228346456692
    endloop
  endfacet
  facet normal -0.7518398074789758 -0.6593458151000707 -4.9018568251102323e-17
    outer loop
      vertex -2.3045485789737294 -1.221871413619399 0
      vertex -2.319828481177316 -1.204448024454036 1.4173228346456692
      vertex -2.3215262480888255 -1.2025120923245514 0
    endloop
  endfacet
  facet normal -0.5555702330196062 -0.8314696123025427 0
    outer loop
      vertex -2.263779527559055 -1.2531546070441808 0
      vertex -2.2851892576788817 -1.2388490827344951 1.4173228346456692
      vertex -2.2851892576788817 -1.2388490827344951 0
    endloop
  endfacet
  facet normal -0.4422886902190001 -0.8968727415326888 0
    outer loop
      vertex -2.263779527559055 -1.2531546070441808 0
      vertex -2.2406857150324977 -1.264543215061277 0
      vertex -2.263779527559055 -1.2531546070441808 1.4173228346456692
    endloop
  endfacet
  facet normal -0.3214394653031568 -0.9469301294951074 0
    outer loop
      vertex -2.2406857150324977 -1.264543215061277 0
      vertex -2.216302961634354 -1.2728200445450921 0
      vertex -2.2406857150324977 -1.264543215061277 1.4173228346456692
    endloop
  endfacet
  facet normal -0.8968727415326838 -0.4422886902190105 0
    outer loop
      vertex -2.335831772398511 -1.1811023622047243 0
      vertex -2.3472203804156075 -1.1580085496781671 1.4173228346456692
      vertex -2.3472203804156075 -1.1580085496781671 0
    endloop
  endfacet
  facet normal -0.8314696123025479 -0.5555702330195982 0
    outer loop
      vertex -2.3215262480888255 -1.2025120923245514 0
      vertex -2.335831772398511 -1.1811023622047243 1.4173228346456692
      vertex -2.335831772398511 -1.1811023622047243 0
    endloop
  endfacet
  facet normal -0.9469301294951038 -0.32143946530316714 0
    outer loop
      vertex -2.3472203804156075 -1.1580085496781671 0
      vertex -2.355497209899423 -1.1336257962800238 1.4173228346456692
      vertex -2.355497209899423 -1.1336257962800238 0
    endloop
  endfacet
  facet normal -0.19509032201612672 -0.9807852804032309 0
    outer loop
      vertex -2.216302961634354 -1.2728200445450921 0
      vertex -2.191048463035443 -1.2778434766483877 0
      vertex -2.216302961634354 -1.2728200445450921 1.4173228346456692
    endloop
  endfacet
  facet normal -0.06540312923014675 -0.9978589232386033 0
    outer loop
      vertex -2.191048463035443 -1.2778434766483877 0
      vertex -2.165354330708661 -1.279527559055118 0
      vertex -2.191048463035443 -1.2778434766483877 1.4173228346456692
    endloop
  endfacet
  facet normal -0.980785280403233 -0.1950903220161151 0
    outer loop
      vertex -2.355497209899423 -1.1336257962800238 0
      vertex -2.3605206420027183 -1.1083712976811124 1.4173228346456692
      vertex -2.3605206420027183 -1.1083712976811124 0
    endloop
  endfacet
  facet normal -0.9978589232386033 -0.06540312923014732 0
    outer loop
      vertex -2.3605206420027183 -1.1083712976811124 0
      vertex -2.3622047244094486 -1.0826771653543306 1.4173228346456692
      vertex -2.3622047244094486 -1.0826771653543306 0
    endloop
  endfacet
  facet normal -1 0 0
    outer loop
      vertex -2.3622047244094486 -1.0826771653543306 0
      vertex -2.3622047244094486 -1.0826771653543306 1.4173228346456692
      vertex -2.3622047244094486 -0.8464566929133858 0.7480314960629921
    endloop
  endfacet
  facet normal 0 0 -1
    outer loop
      vertex -2.263779527559055 -1.2531546070441808 0
      vertex -2.3622047244094486 -1.0826771653543306 0
      vertex -2.3622047244094486 1.0826771653543306 0
    endloop
  endfacet
  facet normal -1 0 0
    outer loop
      vertex -2.3622047244094486 -1.0826771653543306 0
      vertex -2.3622047244094486 -0.8464566929133858 0.7480314960629921
      vertex -2.3622047244094486 1.0826771653543306 0
    endloop
  endfacet
  facet normal 0 0 -1
    outer loop
      vertex -2.263779527559055 -1.2531546070441808 0
      vertex 2.263779527559055 -1.2531546070441808 0
      vertex -2.165354330708661 -1.279527559055118 0
    endloop
  endfacet
  facet normal 0 -1 0
    outer loop
      vertex -2.165354330708661 -1.279527559055118 0
      vertex 2.1653543307086616 -1.279527559055118 0
      vertex -2.165354330708661 -1.279527559055118 1.4173228346456692
    endloop
  endfacet
  facet normal 0 0 -1
    outer loop
      vertex -2.263779527559055 -1.2531546070441808 0
      vertex -2.165354330708661 1.279527559055118 0
      vertex 2.3622047244094486 -1.0826771653543306 0
    endloop
  endfacet
  facet normal -0.7518398074789939 -0.6593458151000501 0
    outer loop
      vertex -2.3215262480888255 -1.2025120923245514 0
      vertex -2.319828481177316 -1.204448024454036 1.4173228346456692
      vertex -2.3215262480888255 -1.2025120923245514 1.4173228346456692
    endloop
  endfacet
  facet normal -0.7518398074789738 -0.6593458151000732 0
    outer loop
      vertex -2.3045485789737294 -1.221871413619399 0
      vertex -2.3045485789737294 -1.221871413619399 1.4173228346456692
      vertex -2.319828481177316 -1.204448024454036 1.4173228346456692
    endloop
  endfacet
  facet normal -0.4422886902190001 -0.8968727415326888 0
    outer loop
      vertex -2.2406857150324977 -1.264543215061277 0
      vertex -2.2406857150324977 -1.264543215061277 1.4173228346456692
      vertex -2.263779527559055 -1.2531546070441808 1.4173228346456692
    endloop
  endfacet
  facet normal -0.3214394653031568 -0.9469301294951074 0
    outer loop
      vertex -2.216302961634354 -1.2728200445450921 0
      vertex -2.216302961634354 -1.2728200445450921 1.4173228346456692
      vertex -2.2406857150324977 -1.264543215061277 1.4173228346456692
    endloop
  endfacet
  facet normal -0.6593458151000707 -0.7518398074789758 0
    outer loop
      vertex -2.2851892576788817 -1.2388490827344951 0
      vertex -2.2851892576788817 -1.2388490827344951 1.4173228346456692
      vertex -2.3045485789737294 -1.221871413619399 1.4173228346456692
    endloop
  endfacet
  facet normal -0.5555702330196063 -0.8314696123025426 0
    outer loop
      vertex -2.263779527559055 -1.2531546070441808 0
      vertex -2.2851892576788817 -1.2388490827344951 1.574803149606299
      vertex -2.2851892576788817 -1.2388490827344951 1.4173228346456692
    endloop
  endfacet
  facet normal -0.5555702330196062 -0.8314696123025427 0
    outer loop
      vertex -2.263779527559055 -1.2531546070441808 0
      vertex -2.263779527559055 -1.2531546070441808 1.4173228346456692
      vertex -2.2851892576788817 -1.2388490827344951 1.574803149606299
    endloop
  endfacet
  facet normal -0.8968727415326838 -0.4422886902190105 0
    outer loop
      vertex -2.335831772398511 -1.1811023622047243 0
      vertex -2.335831772398511 -1.1811023622047243 1.4173228346456692
      vertex -2.3472203804156075 -1.1580085496781671 1.4173228346456692
    endloop
  endfacet
  facet normal -0.8314696123025479 -0.5555702330195982 0
    outer loop
      vertex -2.3215262480888255 -1.2025120923245514 0
      vertex -2.3215262480888255 -1.2025120923245514 1.4173228346456692
      vertex -2.335831772398511 -1.1811023622047243 1.4173228346456692
    endloop
  endfacet
  facet normal -0.9469301294951038 -0.32143946530316714 0
    outer loop
      vertex -2.3472203804156075 -1.1580085496781671 0
      vertex -2.3472203804156075 -1.1580085496781671 1.4173228346456692
      vertex -2.355497209899423 -1.1336257962800238 1.4173228346456692
    endloop
  endfacet
  facet normal -0.980785280403233 -0.1950903220161151 0
    outer loop
      vertex -2.355497209899423 -1.1336257962800238 0
      vertex -2.355497209899423 -1.1336257962800238 1.4173228346456692
      vertex -2.3605206420027183 -1.1083712976811124 1.4173228346456692
    endloop
  endfacet
  facet normal -0.19509032201612672 -0.9807852804032309 0
    outer loop
      vertex -2.191048463035443 -1.2778434766483877 0
      vertex -2.191048463035443 -1.2778434766483877 1.4173228346456692
      vertex -2.216302961634354 -1.2728200445450921 1.4173228346456692
    endloop
  endfacet
  facet normal -0.06540312923014675 -0.9978589232386033 0
    outer loop
      vertex -2.165354330708661 -1.279527559055118 0
      vertex -2.165354330708661 -1.279527559055118 1.4173228346456692
      vertex -2.191048463035443 -1.2778434766483877 1.4173228346456692
    endloop
  endfacet
  facet normal -0.9978589232386033 -0.06540312923014732 0
    outer loop
      vertex -2.3605206420027183 -1.1083712976811124 0
      vertex -2.3605206420027183 -1.1083712976811124 1.4173228346456692
      vertex -2.3622047244094486 -1.0826771653543306 1.4173228346456692
    endloop
  endfacet
  facet normal -1 0 0
    outer loop
      vertex -2.3622047244094486 -1.0826771653543306 1.4173228346456692
      vertex -2.3622047244094486 -0.8464566929133858 1.4173228346456694
      vertex -2.3622047244094486 -0.8464566929133858 0.7480314960629921
    endloop
  endfacet
  facet normal -0.7518398074789737 -0.6593458151000731 0
    outer loop
      vertex -2.3045485789737294 -1.221871413619399 1.4173228346456692
      vertex -2.3045485789737294 -1.221871413619399 1.574803149606299
      vertex -2.319828481177316 -1.204448024454036 1.4173228346456692
    endloop
  endfacet
  facet normal -0.7518398074789757 -0.6593458151000707 4.503580958070027e-16
    outer loop
      vertex -2.319828481177316 -1.204448024454036 1.4173228346456692
      vertex -2.3045485789737294 -1.221871413619399 1.574803149606299
      vertex -2.3215262480888255 -1.2025120923245514 1.574803149606299
    endloop
  endfacet
  facet normal -0.5555702330196062 -0.8314696123025427 0
    outer loop
      vertex -2.263779527559055 -1.2531546070441808 1.4173228346456692
      vertex -2.263779527559055 -1.2531546070441808 1.574803149606299
      vertex -2.2851892576788817 -1.2388490827344951 1.574803149606299
    endloop
  endfacet
  facet normal 0 0 1
    outer loop
      vertex -2.3045485789737294 -1.221871413619399 1.574803149606299
      vertex -2.335831772398511 -1.1811023622047243 1.574803149606299
      vertex -2.3215262480888255 -1.2025120923245514 1.574803149606299
    endloop
  endfacet
  facet normal 0 0 1
    outer loop
      vertex -2.3045485789737294 -1.221871413619399 1.574803149606299
      vertex -2.2851892576788817 -1.2388490827344951 1.574803149606299
      vertex -2.263779527559055 -1.2531546070441808 1.574803149606299
    endloop
  endfacet
  facet normal -0.9469301294951038 -0.32143946530316714 0
    outer loop
      vertex -2.355497209899423 -1.1336257962800238 1.4173228346456692
      vertex -2.3472203804156075 -1.1580085496781671 1.574803149606299
      vertex -2.355497209899423 -1.1336257962800238 1.574803149606299
    endloop
  endfacet
  facet normal 0 0 1
    outer loop
      vertex -2.335831772398511 -1.1811023622047243 1.574803149606299
      vertex -2.355497209899423 -1.1336257962800238 1.574803149606299
      vertex -2.3472203804156075 -1.1580085496781671 1.574803149606299
    endloop
  endfacet
  facet normal 0 0 1
    outer loop
      vertex -2.263779527559055 -1.2531546070441808 1.574803149606299
      vertex -2.047244094488189 -1.1220472440944882 1.574803149606299
      vertex -2.0822867612529627 -1.1180988838081611 1.574803149606299
    endloop
  endfacet
  facet normal 0 0 1
    outer loop
      vertex -2.263779527559055 -1.2531546070441808 1.574803149606299
      vertex -2.1155722423807175 -1.1064517902208533 1.574803149606299
      vertex -2.145431464859643 -1.0876899972390597 1.574803149606299
    endloop
  endfacet
  facet normal 0 0 1
    outer loop
      vertex -2.263779527559055 -1.2531546070441808 1.574803149606299
      vertex -2.145431464859643 -1.0876899972390597 1.574803149606299
      vertex -2.1703671625933905 -1.0627542995053123 1.574803149606299
    endloop
  endfacet
  facet normal 0 0 1
    outer loop
      vertex -2.263779527559055 -1.2531546070441808 1.574803149606299
      vertex -2.0822867612529627 -1.1180988838081611 1.574803149606299
      vertex -2.1155722423807175 -1.1064517902208533 1.574803149606299
    endloop
  endfacet
  facet normal 0 0 1
    outer loop
      vertex -2.263779527559055 -1.2531546070441808 1.574803149606299
      vertex -2.012201427723415 -1.1180988838081611 1.574803149606299
      vertex -2.047244094488189 -1.1220472440944882 1.574803149606299
    endloop
  endfacet
  facet normal 0 0 1
    outer loop
      vertex -2.263779527559055 -1.2531546070441808 1.574803149606299
      vertex -2.189128955575184 -1.0328950770263872 1.574803149606299
      vertex -2.2007760491624917 -0.9996095958986322 1.574803149606299
    endloop
  endfacet
  facet normal 0 0 1
    outer loop
      vertex -2.263779527559055 -1.2531546070441808 1.574803149606299
      vertex -2.2007760491624917 -0.9996095958986322 1.574803149606299
      vertex -2.2047244094488185 -0.9645669291338582 1.574803149606299
    endloop
  endfacet
  facet normal 0 0 1
    outer loop
      vertex -2.263779527559055 -1.2531546070441808 1.574803149606299
      vertex -2.2047244094488185 -0.9645669291338582 1.574803149606299
      vertex -2.2007760491624917 -0.9295242623690843 1.574803149606299
    endloop
  endfacet
  facet normal 0 0 1
    outer loop
      vertex -2.263779527559055 -1.2531546070441808 1.574803149606299
      vertex -2.1703671625933905 -1.0627542995053123 1.574803149606299
      vertex -2.189128955575184 -1.0328950770263872 1.574803149606299
    endloop
  endfacet
  facet normal 0 0 1
    outer loop
      vertex -2.263779527559055 -1.2531546070441808 1.574803149606299
      vertex -2.2007760491624917 -0.9295242623690843 1.574803149606299
      vertex -2.2007760491624917 0.9295242623690845 1.574803149606299
    endloop
  endfacet
  facet normal 0 0 1
    outer loop
      vertex -2.263779527559055 -1.2531546070441808 1.574803149606299
      vertex -2.263779527559055 1.2531546070441806 1.574803149606299
      vertex -2.3622047244094486 -1.0826771653543306 1.574803149606299
    endloop
  endfacet
  facet normal 0 0 1
    outer loop
      vertex -2.2007760491624917 -0.9295242623690843 1.574803149606299
      vertex -2.189128955575184 -0.8962387812413294 1.574803149606299
      vertex -2.189128955575184 0.8962387812413293 1.574803149606299
    endloop
  endfacet
  facet normal 0 0 1
    outer loop
      vertex -2.189128955575184 -0.8962387812413294 1.574803149606299
      vertex -2.1703671625933905 -0.8663795587624041 1.574803149606299
      vertex -2.1703671625933905 0.8663795587624041 1.574803149606299
    endloop
  endfacet
  facet normal 0 0 1
    outer loop
      vertex -2.1703671625933905 -0.8663795587624041 1.574803149606299
      vertex -2.145431464859643 -0.8414438610286568 1.574803149606299
      vertex -2.145431464859643 0.8414438610286568 1.574803149606299
    endloop
  endfacet
  facet normal 0 0 1
    outer loop
      vertex -2.1155722423807175 -0.8226820680468631 1.574803149606299
      vertex -2.1155722423807175 0.8226820680468632 1.574803149606299
      vertex -2.145431464859643 -0.8414438610286568 1.574803149606299
    endloop
  endfacet
  facet normal 0 0 1
    outer loop
      vertex -2.0822867612529627 -0.8110349744595553 1.574803149606299
      vertex -2.0822867612529627 0.8110349744595555 1.574803149606299
      vertex -2.1155722423807175 -0.8226820680468631 1.574803149606299
    endloop
  endfacet
  facet normal 0 0 1
    outer loop
      vertex -2.0822867612529627 -0.8110349744595553 1.574803149606299
      vertex -2.047244094488189 -0.8070866141732282 1.574803149606299
      vertex -2.047244094488189 0.8070866141732282 1.574803149606299
    endloop
  endfacet
  facet normal 0 0 1
    outer loop
      vertex -2.012201427723415 -0.8110349744595553 1.574803149606299
      vertex -2.012201427723415 0.8110349744595555 1.574803149606299
      vertex -2.047244094488189 -0.8070866141732282 1.574803149606299
    endloop
  endfacet
  facet normal 0 0 1
    outer loop
      vertex -1.9789159465956598 -0.8226820680468631 1.574803149606299
      vertex -1.9789159465956598 0.8226820680468632 1.574803149606299
      vertex -2.012201427723415 -0.8110349744595553 1.574803149606299
    endloop
  endfacet
  facet normal 0 0 1
    outer loop
      vertex -1.9490567241167347 -0.8414438610286566 1.574803149606299
      vertex -1.9241210263829873 -0.8663795587624041 1.574803149606299
      vertex -1.9241210263829873 0.8663795587624041 1.574803149606299
    endloop
  endfacet
  facet normal 0 0 1
    outer loop
      vertex -1.9490567241167347 -0.8414438610286566 1.574803149606299
      vertex -1.9490567241167347 0.8414438610286568 1.574803149606299
      vertex -1.9789159465956598 -0.8226820680468631 1.574803149606299
    endloop
  endfacet
  facet normal 0 0 1
    outer loop
      vertex -2.263779527559055 -1.2531546070441808 1.574803149606299
      vertex 2.263779527559055 -1.2531546070441808 1.574803149606299
      vertex -2.012201427723415 -1.1180988838081611 1.574803149606299
    endloop
  endfacet
  facet normal 0 0 1
    outer loop
      vertex 2.263779527559055 -1.2531546070441808 1.574803149606299
      vertex -1.9789159465956598 -1.1064517902208533 1.574803149606299
      vertex -2.012201427723415 -1.1180988838081611 1.574803149606299
    endloop
  endfacet
  facet normal 0 0 1
    outer loop
      vertex 2.263779527559055 -1.2531546070441808 1.574803149606299
      vertex -1.9490567241167347 -1.08768999723906 1.574803149606299
      vertex -1.9789159465956598 -1.1064517902208533 1.574803149606299
    endloop
  endfacet
  facet normal 0 0 1
    outer loop
      vertex 2.263779527559055 -1.2531546070441808 1.574803149606299
      vertex -1.9241210263829873 -1.0627542995053123 1.574803149606299
      vertex -1.9490567241167347 -1.08768999723906 1.574803149606299
    endloop
  endfacet
  facet normal 0 0 1
    outer loop
      vertex -1.9241210263829873 -1.0627542995053123 1.574803149606299
      vertex 1.9241210263829873 1.0627542995053125 1.574803149606299
      vertex -1.9053592334011937 -1.0328950770263872 1.574803149606299
    endloop
  endfacet
  facet normal 0 0 1
    outer loop
      vertex -1.8937121398138859 -0.9996095958986321 1.574803149606299
      vertex -1.9053592334011937 -1.0328950770263872 1.574803149606299
      vertex 1.9241210263829873 1.0627542995053125 1.574803149606299
    endloop
  endfacet
  facet normal 0 0 1
    outer loop
      vertex -1.8937121398138859 -0.9996095958986321 1.574803149606299
      vertex 1.9241210263829873 1.0627542995053125 1.574803149606299
      vertex -1.8897637795275588 -0.9645669291338582 1.574803149606299
    endloop
  endfacet
  facet normal 0 0 1
    outer loop
      vertex -1.8937121398138859 -0.9295242623690843 1.574803149606299
      vertex -1.8897637795275588 -0.9645669291338582 1.574803149606299
      vertex 1.9241210263829873 1.0627542995053125 1.574803149606299
    endloop
  endfacet
  facet normal 0 0 1
    outer loop
      vertex -1.8937121398138859 -0.9295242623690843 1.574803149606299
      vertex 1.9241210263829873 1.0627542995053125 1.574803149606299
      vertex -1.9053592334011937 -0.8962387812413294 1.574803149606299
    endloop
  endfacet
  facet normal 0 0 1
    outer loop
      vertex -1.9241210263829873 -0.8663795587624041 1.574803149606299
      vertex -1.9053592334011937 -0.8962387812413294 1.574803149606299
      vertex 1.9241210263829873 1.0627542995053125 1.574803149606299
    endloop
  endfacet
  facet normal 0 0 -1
    outer loop
      vertex -2.263779527559055 -1.2531546070441808 0
      vertex -2.3622047244094486 1.0826771653543306 0
      vertex -2.165354330708661 1.279527559055118 0
    endloop
  endfacet
  facet normal -1 0 0
    outer loop
      vertex -2.3622047244094486 1.0826771653543306 0
      vertex -2.3622047244094486 -0.8464566929133858 0.7480314960629921
      vertex -2.3622047244094486 0.5708661417322833 0.7480314960629921
    endloop
  endfacet
  facet normal 0 0 -1
    outer loop
      vertex -2.3622047244094486 1.0826771653543306 0
      vertex -2.3605206420027183 1.1083712976811122 0
      vertex -2.3472203804156075 1.1580085496781671 0
    endloop
  endfacet
  facet normal 0 0 -1
    outer loop
      vertex -2.3605206420027183 1.1083712976811122 0
      vertex -2.355497209899423 1.1336257962800236 0
      vertex -2.3472203804156075 1.1580085496781671 0
    endloop
  endfacet
  facet normal 0 0 -1
    outer loop
      vertex -2.3622047244094486 1.0826771653543306 0
      vertex -2.3472203804156075 1.1580085496781671 0
      vertex -2.3045485789737294 1.2218714136193989 0
    endloop
  endfacet
  facet normal 0 0 -1
    outer loop
      vertex -2.3472203804156075 1.1580085496781671 0
      vertex -2.335831772398511 1.181102362204724 0
      vertex -2.3215262480888255 1.2025120923245511 0
    endloop
  endfacet
  facet normal 0 0 -1
    outer loop
      vertex -2.3472203804156075 1.1580085496781671 0
      vertex -2.3215262480888255 1.2025120923245511 0
      vertex -2.3045485789737294 1.2218714136193989 0
    endloop
  endfacet
  facet normal 0 0 -1
    outer loop
      vertex -2.3622047244094486 1.0826771653543306 0
      vertex -2.3045485789737294 1.2218714136193989 0
      vertex -2.165354330708661 1.279527559055118 0
    endloop
  endfacet
  facet normal 0 0 -1
    outer loop
      vertex -2.3045485789737294 1.2218714136193989 0
      vertex -2.2851892576788817 1.238849082734495 0
      vertex -2.2406857150324977 1.2645432150612765 0
    endloop
  endfacet
  facet normal 0 0 -1
    outer loop
      vertex -2.2851892576788817 1.238849082734495 0
      vertex -2.263779527559055 1.2531546070441806 0
      vertex -2.2406857150324977 1.2645432150612765 0
    endloop
  endfacet
  facet normal 0 0 -1
    outer loop
      vertex -2.3045485789737294 1.2218714136193989 0
      vertex -2.2406857150324977 1.2645432150612765 0
      vertex -2.165354330708661 1.279527559055118 0
    endloop
  endfacet
  facet normal 0 0 -1
    outer loop
      vertex -2.2406857150324977 1.2645432150612765 0
      vertex -2.216302961634354 1.272820044545092 0
      vertex -2.165354330708661 1.279527559055118 0
    endloop
  endfacet
  facet normal 0 0 -1
    outer loop
      vertex -2.216302961634354 1.272820044545092 0
      vertex -2.191048463035443 1.2778434766483877 0
      vertex -2.165354330708661 1.279527559055118 0
    endloop
  endfacet
  facet normal -1 0 0
    outer loop
      vertex -2.3622047244094486 1.0826771653543306 0
      vertex -2.3622047244094486 0.5708661417322833 0.7480314960629921
      vertex -2.3622047244094486 1.0826771653543306 1.4173228346456692
    endloop
  endfacet
  facet normal -0.9978589232386031 0.06540312923014788 0
    outer loop
      vertex -2.3622047244094486 1.0826771653543306 0
      vertex -2.3605206420027183 1.1083712976811122 1.4173228346456692
      vertex -2.3605206420027183 1.1083712976811122 0
    endloop
  endfacet
  facet normal -0.980785280403233 0.1950903220161151 0
    outer loop
      vertex -2.3605206420027183 1.1083712976811122 0
      vertex -2.355497209899423 1.1336257962800236 1.4173228346456692
      vertex -2.355497209899423 1.1336257962800236 0
    endloop
  endfacet
  facet normal -0.9469301294951046 0.32143946530316453 0
    outer loop
      vertex -2.355497209899423 1.1336257962800236 0
      vertex -2.3472203804156075 1.1580085496781671 1.4173228346456692
      vertex -2.3472203804156075 1.1580085496781671 0
    endloop
  endfacet
  facet normal -0.896872741532682 0.4422886902190139 0
    outer loop
      vertex -2.3472203804156075 1.1580085496781671 0
      vertex -2.3472203804156075 1.1580085496781671 1.4173228346456692
      vertex -2.335831772398511 1.181102362204724 0
    endloop
  endfacet
  facet normal -0.8314696123025479 0.5555702330195982 0
    outer loop
      vertex -2.335831772398511 1.181102362204724 0
      vertex -2.3215262480888255 1.2025120923245511 1.4173228346456692
      vertex -2.3215262480888255 1.2025120923245511 0
    endloop
  endfacet
  facet normal -0.7518398074789758 0.6593458151000707 0
    outer loop
      vertex -2.3215262480888255 1.2025120923245511 0
      vertex -2.3045485789737294 1.2218714136193989 1.4173228346456692
      vertex -2.3045485789737294 1.2218714136193989 0
    endloop
  endfacet
  facet normal -0.6593458151000707 0.7518398074789758 0
    outer loop
      vertex -2.3045485789737294 1.2218714136193989 0
      vertex -2.2851892576788817 1.238849082734495 1.4173228346456692
      vertex -2.2851892576788817 1.238849082734495 0
    endloop
  endfacet
  facet normal -0.5555702330196062 0.8314696123025427 0
    outer loop
      vertex -2.2851892576788817 1.238849082734495 0
      vertex -2.263779527559055 1.2531546070441806 1.4173228346456692
      vertex -2.263779527559055 1.2531546070441806 0
    endloop
  endfacet
  facet normal -0.4422886902189932 0.8968727415326924 0
    outer loop
      vertex -2.263779527559055 1.2531546070441806 0
      vertex -2.2406857150324977 1.2645432150612765 1.4173228346456692
      vertex -2.2406857150324977 1.2645432150612765 0
    endloop
  endfacet
  facet normal -0.32143946530316453 0.9469301294951046 0
    outer loop
      vertex -2.2406857150324977 1.2645432150612765 0
      vertex -2.216302961634354 1.272820044545092 1.4173228346456692
      vertex -2.216302961634354 1.272820044545092 0
    endloop
  endfacet
  facet normal -0.19509032201613502 0.9807852804032292 0
    outer loop
      vertex -2.216302961634354 1.272820044545092 0
      vertex -2.191048463035443 1.2778434766483877 1.4173228346456692
      vertex -2.191048463035443 1.2778434766483877 0
    endloop
  endfacet
  facet normal -0.06540312923014675 0.9978589232386033 0
    outer loop
      vertex -2.191048463035443 1.2778434766483877 0
      vertex -2.165354330708661 1.279527559055118 1.4173228346456692
      vertex -2.165354330708661 1.279527559055118 0
    endloop
  endfacet
  facet normal 0 0 1
    outer loop
      vertex -2.263779527559055 -1.2531546070441808 1.574803149606299
      vertex -2.2007760491624917 0.9295242623690845 1.574803149606299
      vertex -2.2047244094488185 0.9645669291338583 1.574803149606299
    endloop
  endfacet
  facet normal 0 0 1
    outer loop
      vertex -2.145431464859643 -0.8414438610286568 1.574803149606299
      vertex -2.1155722423807175 0.8226820680468632 1.574803149606299
      vertex -2.145431464859643 0.8414438610286568 1.574803149606299
    endloop
  endfacet
  facet normal 0 0 1
    outer loop
      vertex -2.2007760491624917 -0.9295242623690843 1.574803149606299
      vertex -2.189128955575184 0.8962387812413293 1.574803149606299
      vertex -2.2007760491624917 0.9295242623690845 1.574803149606299
    endloop
  endfacet
  facet normal 0 0 1
    outer loop
      vertex -2.189128955575184 -0.8962387812413294 1.574803149606299
      vertex -2.1703671625933905 0.8663795587624041 1.574803149606299
      vertex -2.189128955575184 0.8962387812413293 1.574803149606299
    endloop
  endfacet
  facet normal 0 0 1
    outer loop
      vertex -2.1703671625933905 -0.8663795587624041 1.574803149606299
      vertex -2.145431464859643 0.8414438610286568 1.574803149606299
      vertex -2.1703671625933905 0.8663795587624041 1.574803149606299
    endloop
  endfacet
  facet normal 0 0 1
    outer loop
      vertex -2.1155722423807175 -0.8226820680468631 1.574803149606299
      vertex -2.0822867612529627 0.8110349744595555 1.574803149606299
      vertex -2.1155722423807175 0.8226820680468632 1.574803149606299
    endloop
  endfacet
  facet normal 0 0 1
    outer loop
      vertex -2.0822867612529627 -0.8110349744595553 1.574803149606299
      vertex -2.047244094488189 0.8070866141732282 1.574803149606299
      vertex -2.0822867612529627 0.8110349744595555 1.574803149606299
    endloop
  endfacet
  facet normal 0 0 1
    outer loop
      vertex -2.047244094488189 -0.8070866141732282 1.574803149606299
      vertex -2.012201427723415 0.8110349744595555 1.574803149606299
      vertex -2.047244094488189 0.8070866141732282 1.574803149606299
    endloop
  endfacet
  facet normal 0 0 1
    outer loop
      vertex -2.012201427723415 -0.8110349744595553 1.574803149606299
      vertex -1.9789159465956598 0.8226820680468632 1.574803149606299
      vertex -2.012201427723415 0.8110349744595555 1.574803149606299
    endloop
  endfacet
  facet normal 0 0 1
    outer loop
      vertex -1.9789159465956598 -0.8226820680468631 1.574803149606299
      vertex -1.9490567241167347 0.8414438610286568 1.574803149606299
      vertex -1.9789159465956598 0.8226820680468632 1.574803149606299
    endloop
  endfacet
  facet normal 0 0 1
    outer loop
      vertex -1.9490567241167347 -0.8414438610286566 1.574803149606299
      vertex -1.9241210263829873 0.8663795587624041 1.574803149606299
      vertex -1.9490567241167347 0.8414438610286568 1.574803149606299
    endloop
  endfacet
  facet normal 0 0 1
    outer loop
      vertex -1.9241210263829873 -0.8663795587624041 1.574803149606299
      vertex -1.9053592334011937 0.8962387812413293 1.574803149606299
      vertex -1.9241210263829873 0.8663795587624041 1.574803149606299
    endloop
  endfacet
  facet normal 0 0 1
    outer loop
      vertex -1.9241210263829873 -0.8663795587624041 1.574803149606299
      vertex -1.8937121398138859 0.9295242623690845 1.574803149606299
      vertex -1.9053592334011937 0.8962387812413293 1.574803149606299
    endloop
  endfacet
  facet normal 0 0 1
    outer loop
      vertex -2.263779527559055 -1.2531546070441808 1.574803149606299
      vertex -2.2047244094488185 0.9645669291338583 1.574803149606299
      vertex -2.263779527559055 1.2531546070441806 1.574803149606299
    endloop
  endfacet
  facet normal 0 0 1
    outer loop
      vertex -2.3622047244094486 -1.0826771653543306 1.574803149606299
      vertex -2.263779527559055 1.2531546070441806 1.574803149606299
      vertex -2.3215262480888255 1.2025120923245511 1.574803149606299
    endloop
  endfacet
  facet normal -1 0 0
    outer loop
      vertex -2.3622047244094486 1.0826771653543306 1.4173228346456692
      vertex -2.3622047244094486 0.5708661417322833 0.7480314960629921
      vertex -2.3622047244094486 0.5708661417322833 1.4173228346456692
    endloop
  endfacet
  facet normal -0.9978589232386031 0.06540312923014788 0
    outer loop
      vertex -2.3622047244094486 1.0826771653543306 0
      vertex -2.3622047244094486 1.0826771653543306 1.4173228346456692
      vertex -2.3605206420027183 1.1083712976811122 1.4173228346456692
    endloop
  endfacet
  facet normal -0.980785280403233 0.1950903220161151 0
    outer loop
      vertex -2.3605206420027183 1.1083712976811122 0
      vertex -2.3605206420027183 1.1083712976811122 1.4173228346456692
      vertex -2.355497209899423 1.1336257962800236 1.4173228346456692
    endloop
  endfacet
  facet normal -0.9469301294951046 0.32143946530316453 0
    outer loop
      vertex -2.355497209899423 1.1336257962800236 0
      vertex -2.355497209899423 1.1336257962800236 1.4173228346456692
      vertex -2.3472203804156075 1.1580085496781671 1.4173228346456692
    endloop
  endfacet
  facet normal -0.8314696123025479 0.5555702330195982 0
    outer loop
      vertex -2.335831772398511 1.181102362204724 0
      vertex -2.335831772398511 1.181102362204724 1.4173228346456692
      vertex -2.3215262480888255 1.2025120923245511 1.4173228346456692
    endloop
  endfacet
  facet normal -0.8968727415326823 0.44228869021901374 0
    outer loop
      vertex -2.335831772398511 1.181102362204724 0
      vertex -2.3472203804156075 1.1580085496781671 1.4173228346456692
      vertex -2.3472203804156075 1.1580085496781671 1.574803149606299
    endloop
  endfacet
  facet normal -0.896872741532682 0.4422886902190139 0
    outer loop
      vertex -2.335831772398511 1.181102362204724 0
      vertex -2.3472203804156075 1.1580085496781671 1.574803149606299
      vertex -2.335831772398511 1.181102362204724 1.4173228346456692
    endloop
  endfacet
  facet normal -0.7518398074789758 0.6593458151000707 0
    outer loop
      vertex -2.3215262480888255 1.2025120923245511 0
      vertex -2.3215262480888255 1.2025120923245511 1.4173228346456692
      vertex -2.3045485789737294 1.2218714136193989 1.4173228346456692
    endloop
  endfacet
  facet normal -0.6593458151000707 0.7518398074789758 0
    outer loop
      vertex -2.3045485789737294 1.2218714136193989 0
      vertex -2.3045485789737294 1.2218714136193989 1.4173228346456692
      vertex -2.2851892576788817 1.238849082734495 1.4173228346456692
    endloop
  endfacet
  facet normal -0.5555702330196062 0.8314696123025427 0
    outer loop
      vertex -2.2851892576788817 1.238849082734495 0
      vertex -2.2851892576788817 1.238849082734495 1.4173228346456692
      vertex -2.263779527559055 1.2531546070441806 1.4173228346456692
    endloop
  endfacet
  facet normal -0.4422886902189932 0.8968727415326924 0
    outer loop
      vertex -2.263779527559055 1.2531546070441806 0
      vertex -2.263779527559055 1.2531546070441806 1.4173228346456692
      vertex -2.2406857150324977 1.2645432150612765 1.4173228346456692
    endloop
  endfacet
  facet normal -0.32143946530316453 0.9469301294951046 0
    outer loop
      vertex -2.2406857150324977 1.2645432150612765 0
      vertex -2.2406857150324977 1.2645432150612765 1.4173228346456692
      vertex -2.216302961634354 1.272820044545092 1.4173228346456692
    endloop
  endfacet
  facet normal -0.19509032201613502 0.9807852804032292 0
    outer loop
      vertex -2.216302961634354 1.272820044545092 0
      vertex -2.216302961634354 1.272820044545092 1.4173228346456692
      vertex -2.191048463035443 1.2778434766483877 1.4173228346456692
    endloop
  endfacet
  facet normal -0.06540312923014675 0.9978589232386033 0
    outer loop
      vertex -2.191048463035443 1.2778434766483877 0
      vertex -2.191048463035443 1.2778434766483877 1.4173228346456692
      vertex -2.165354330708661 1.279527559055118 1.4173228346456692
    endloop
  endfacet
  facet normal 0 0 1
    outer loop
      vertex -2.263779527559055 1.2531546070441806 1.574803149606299
      vertex -2.2047244094488185 0.9645669291338583 1.574803149606299
      vertex -2.2007760491624917 0.9996095958986322 1.574803149606299
    endloop
  endfacet
  facet normal 0 0 1
    outer loop
      vertex -2.263779527559055 1.2531546070441806 1.574803149606299
      vertex -2.2007760491624917 0.9996095958986322 1.574803149606299
      vertex -2.189128955575184 1.0328950770263874 1.574803149606299
    endloop
  endfacet
  facet normal 0 0 1
    outer loop
      vertex -2.263779527559055 1.2531546070441806 1.574803149606299
      vertex -2.189128955575184 1.0328950770263874 1.574803149606299
      vertex -2.1703671625933905 1.0627542995053125 1.574803149606299
    endloop
  endfacet
  facet normal -0.7518398074789823 0.6593458151000634 0
    outer loop
      vertex -2.3045485789737294 1.2218714136193989 1.4173228346456692
      vertex -2.306092003438738 1.2201114753198672 1.4316392269148175
      vertex -2.3045485789737294 1.2218714136193989 1.4316392269148175
    endloop
  endfacet
  facet normal -0.8968727415326821 0.44228869021901396 0
    outer loop
      vertex -2.335831772398511 1.181102362204724 1.4173228346456692
      vertex -2.3472203804156075 1.1580085496781671 1.574803149606299
      vertex -2.335831772398511 1.181102362204724 1.574803149606299
    endloop
  endfacet
  facet normal 0 0 1
    outer loop
      vertex -2.3605206420027183 1.1083712976811122 1.574803149606299
      vertex -2.3215262480888255 1.2025120923245511 1.574803149606299
      vertex -2.3472203804156075 1.1580085496781671 1.574803149606299
    endloop
  endfacet
  facet normal 0 0 1
    outer loop
      vertex -2.3215262480888255 1.2025120923245511 1.574803149606299
      vertex -2.263779527559055 1.2531546070441806 1.574803149606299
      vertex -2.3045485789737294 1.2218714136193989 1.574803149606299
    endloop
  endfacet
  facet normal 0 0 1
    outer loop
      vertex -2.3045485789737294 1.2218714136193989 1.574803149606299
      vertex -2.263779527559055 1.2531546070441806 1.574803149606299
      vertex -2.2851892576788817 1.238849082734495 1.574803149606299
    endloop
  endfacet
  facet normal 0 0 1
    outer loop
      vertex -2.263779527559055 1.2531546070441806 1.574803149606299
      vertex -2.165354330708661 1.279527559055118 1.574803149606299
      vertex -2.216302961634354 1.272820044545092 1.574803149606299
    endloop
  endfacet
  facet normal 0 0 1
    outer loop
      vertex -2.263779527559055 1.2531546070441806 1.574803149606299
      vertex -2.1703671625933905 1.0627542995053125 1.574803149606299
      vertex -2.145431464859643 1.08768999723906 1.574803149606299
    endloop
  endfacet
  facet normal 0 0 1
    outer loop
      vertex -2.263779527559055 1.2531546070441806 1.574803149606299
      vertex -2.145431464859643 1.08768999723906 1.574803149606299
      vertex -2.1155722423807175 1.1064517902208535 1.574803149606299
    endloop
  endfacet
  facet normal 0 0 1
    outer loop
      vertex -2.263779527559055 1.2531546070441806 1.574803149606299
      vertex -2.1155722423807175 1.1064517902208535 1.574803149606299
      vertex -2.0822867612529627 1.1180988838081611 1.574803149606299
    endloop
  endfacet
  facet normal 0 0 1
    outer loop
      vertex -2.263779527559055 1.2531546070441806 1.574803149606299
      vertex -2.0822867612529627 1.1180988838081611 1.574803149606299
      vertex -2.047244094488189 1.1220472440944884 1.574803149606299
    endloop
  endfacet
  facet normal 0 0 1
    outer loop
      vertex -2.263779527559055 1.2531546070441806 1.574803149606299
      vertex -2.012201427723415 1.1180988838081611 1.574803149606299
      vertex -1.9789159465956598 1.1064517902208535 1.574803149606299
    endloop
  endfacet
  facet normal 0 0 1
    outer loop
      vertex -2.263779527559055 1.2531546070441806 1.574803149606299
      vertex -2.047244094488189 1.1220472440944884 1.574803149606299
      vertex -2.012201427723415 1.1180988838081611 1.574803149606299
    endloop
  endfacet
  facet normal 0 0 1
    outer loop
      vertex -1.9241210263829873 -0.8663795587624041 1.574803149606299
      vertex 1.9241210263829873 1.0627542995053125 1.574803149606299
      vertex -1.8937121398138859 0.9295242623690845 1.574803149606299
    endloop
  endfacet
  facet normal 0 1 0
    outer loop
      vertex -2.165354330708661 1.279527559055118 0
      vertex -2.165354330708661 1.279527559055118 1.4173228346456692
      vertex 2.1653543307086616 1.279527559055118 1.4173228346456692
    endloop
  endfacet
  facet normal 0 0 1
    outer loop
      vertex -2.263779527559055 1.2531546070441806 1.574803149606299
      vertex -1.9789159465956598 1.1064517902208535 1.574803149606299
      vertex 1.9241210263829873 1.0627542995053125 1.574803149606299
    endloop
  endfacet
  facet normal 0 0 1
    outer loop
      vertex -1.8897637795275588 0.9645669291338583 1.574803149606299
      vertex -1.8937121398138859 0.9295242623690845 1.574803149606299
      vertex 1.9241210263829873 1.0627542995053125 1.574803149606299
    endloop
  endfacet
  facet normal 0 0 1
    outer loop
      vertex -1.8897637795275588 0.9645669291338583 1.574803149606299
      vertex 1.9241210263829873 1.0627542995053125 1.574803149606299
      vertex -1.8937121398138859 0.9996095958986322 1.574803149606299
    endloop
  endfacet
  facet normal 0 0 1
    outer loop
      vertex -1.9053592334011937 1.0328950770263874 1.574803149606299
      vertex -1.8937121398138859 0.9996095958986322 1.574803149606299
      vertex 1.9241210263829873 1.0627542995053125 1.574803149606299
    endloop
  endfacet
  facet normal 0 0 1
    outer loop
      vertex -1.9490567241167347 1.08768999723906 1.574803149606299
      vertex -1.9241210263829873 1.0627542995053125 1.574803149606299
      vertex 1.9241210263829873 1.0627542995053125 1.574803149606299
    endloop
  endfacet
  facet normal 0 0 1
    outer loop
      vertex -1.9490567241167347 1.08768999723906 1.574803149606299
      vertex 1.9241210263829873 1.0627542995053125 1.574803149606299
      vertex -1.9789159465956598 1.1064517902208535 1.574803149606299
    endloop
  endfacet
  facet normal 0 0 1
    outer loop
      vertex -1.9053592334011937 1.0328950770263874 1.574803149606299
      vertex 1.9241210263829873 1.0627542995053125 1.574803149606299
      vertex -1.9241210263829873 1.0627542995053125 1.574803149606299
    endloop
  endfacet
  facet normal 0 0 1
    outer loop
      vertex -2.263779527559055 1.2531546070441806 1.574803149606299
      vertex 2.263779527559055 1.2531546070441806 1.574803149606299
      vertex -2.165354330708661 1.279527559055118 1.574803149606299
    endloop
  endfacet
  facet normal 0 0 -1
    outer loop
      vertex -2.165354330708661 -1.279527559055118 0
      vertex 2.263779527559055 -1.2531546070441808 0
      vertex 2.1653543307086616 -1.279527559055118 0
    endloop
  endfacet
  facet normal 0 0 -1
    outer loop
      vertex -2.263779527559055 -1.2531546070441808 0
      vertex 2.3622047244094486 -1.0826771653543306 0
      vertex 2.263779527559055 -1.2531546070441808 0
    endloop
  endfacet
  facet normal 0 0 -1
    outer loop
      vertex 2.1653543307086616 -1.279527559055118 0
      vertex 2.2163029616343546 -1.2728200445450921 0
      vertex 2.1910484630354436 -1.2778434766483877 0
    endloop
  endfacet
  facet normal 0 0 -1
    outer loop
      vertex 2.1653543307086616 -1.279527559055118 0
      vertex 2.263779527559055 -1.2531546070441808 0
      vertex 2.2163029616343546 -1.2728200445450921 0
    endloop
  endfacet
  facet normal 0 0 -1
    outer loop
      vertex 2.2163029616343546 -1.2728200445450921 0
      vertex 2.263779527559055 -1.2531546070441808 0
      vertex 2.2406857150324977 -1.264543215061277 0
    endloop
  endfacet
  facet normal 0 0 -1
    outer loop
      vertex 2.263779527559055 -1.2531546070441808 0
      vertex 2.3045485789737303 -1.221871413619399 0
      vertex 2.285189257678882 -1.2388490827344951 0
    endloop
  endfacet
  facet normal 0 0 -1
    outer loop
      vertex 2.263779527559055 -1.2531546070441808 0
      vertex 2.3358317723985116 -1.1811023622047243 0
      vertex 2.3045485789737303 -1.221871413619399 0
    endloop
  endfacet
  facet normal 0 0 -1
    outer loop
      vertex 2.3045485789737303 -1.221871413619399 0
      vertex 2.3358317723985116 -1.1811023622047243 0
      vertex 2.321526248088826 -1.2025120923245514 0
    endloop
  endfacet
  facet normal 0 0 -1
    outer loop
      vertex 2.263779527559055 -1.2531546070441808 0
      vertex 2.3622047244094486 -1.0826771653543306 0
      vertex 2.3358317723985116 -1.1811023622047243 0
    endloop
  endfacet
  facet normal 0 0 -1
    outer loop
      vertex 2.3358317723985116 -1.1811023622047243 0
      vertex 2.3554972098994233 -1.1336257962800238 0
      vertex 2.347220380415608 -1.1580085496781671 0
    endloop
  endfacet
  facet normal 0 0 -1
    outer loop
      vertex 2.3358317723985116 -1.1811023622047243 0
      vertex 2.3622047244094486 -1.0826771653543306 0
      vertex 2.3554972098994233 -1.1336257962800238 0
    endloop
  endfacet
  facet normal 0 0 -1
    outer loop
      vertex 2.3554972098994233 -1.1336257962800238 0
      vertex 2.3622047244094486 -1.0826771653543306 0
      vertex 2.3605206420027183 -1.1083712976811124 0
    endloop
  endfacet
  facet normal 0.06540312923014675 -0.9978589232386033 0
    outer loop
      vertex 2.1653543307086616 -1.279527559055118 0
      vertex 2.1910484630354436 -1.2778434766483877 0
      vertex 2.1653543307086616 -1.279527559055118 1.4173228346456692
    endloop
  endfacet
  facet normal 0.19509032201612672 -0.9807852804032309 3.379310387007851e-17
    outer loop
      vertex 2.1910484630354436 -1.2778434766483877 0
      vertex 2.2163029616343546 -1.2728200445450921 0
      vertex 2.2137775117744636 -1.2733223877554216 1.4173228346456692
    endloop
  endfacet
  facet normal 0.321439465303162 -0.9469301294951055 0
    outer loop
      vertex 2.2163029616343546 -1.2728200445450921 0
      vertex 2.2406857150324977 -1.264543215061277 0
      vertex 2.2163029616343546 -1.2728200445450921 1.4173228346456692
    endloop
  endfacet
  facet normal 0.4422886902190001 -0.8968727415326888 -1.3368700432118648e-17
    outer loop
      vertex 2.2406857150324977 -1.264543215061277 0
      vertex 2.263779527559055 -1.2531546070441808 0
      vertex 2.2614701463063995 -1.2542934678458904 1.4173228346456692
    endloop
  endfacet
  facet normal 0.5555702330195982 -0.8314696123025479 0
    outer loop
      vertex 2.263779527559055 -1.2531546070441808 0
      vertex 2.285189257678882 -1.2388490827344951 0
      vertex 2.263779527559055 -1.2531546070441808 1.4173228346456692
    endloop
  endfacet
  facet normal 0.6593458151000623 -0.7518398074789833 0
    outer loop
      vertex 2.285189257678882 -1.2388490827344951 0
      vertex 2.3045485789737303 -1.221871413619399 0
      vertex 2.285189257678882 -1.2388490827344951 1.4173228346456692
    endloop
  endfacet
  facet normal 0.7518398074789844 -0.659345815100061 0
    outer loop
      vertex 2.3045485789737303 -1.221871413619399 0
      vertex 2.321526248088826 -1.2025120923245514 0
      vertex 2.3045485789737303 -1.221871413619399 1.4173228346456692
    endloop
  endfacet
  facet normal 0.8314696123025479 -0.5555702330195982 0
    outer loop
      vertex 2.321526248088826 -1.2025120923245514 0
      vertex 2.3358317723985116 -1.1811023622047243 0
      vertex 2.321526248088826 -1.2025120923245514 1.4173228346456692
    endloop
  endfacet
  facet normal 0.8968727415326838 -0.4422886902190105 0
    outer loop
      vertex 2.3358317723985116 -1.1811023622047243 0
      vertex 2.347220380415608 -1.1580085496781671 0
      vertex 2.3358317723985116 -1.1811023622047243 1.4173228346456692
    endloop
  endfacet
  facet normal 0.9469301294951038 -0.32143946530316714 2.5251989705113415e-17
    outer loop
      vertex 2.347220380415608 -1.1580085496781671 0
      vertex 2.3554972098994233 -1.1336257962800238 0
      vertex 2.354669526951042 -1.136064071619838 1.4173228346456692
    endloop
  endfacet
  facet normal 0.9807852804032364 -0.19509032201609852 0
    outer loop
      vertex 2.3554972098994233 -1.1336257962800238 0
      vertex 2.3605206420027183 -1.1083712976811124 0
      vertex 2.3554972098994233 -1.1336257962800238 1.4173228346456692
    endloop
  endfacet
  facet normal 0.9978589232386033 -0.06540312923014732 -1.947745382401748e-16
    outer loop
      vertex 2.3605206420027183 -1.1083712976811124 0
      vertex 2.3622047244094486 -1.0826771653543306 0
      vertex 2.362036316168776 -1.085246578587009 1.4173228346456692
    endloop
  endfacet
  facet normal 1 0 0
    outer loop
      vertex 2.3622047244094486 -1.0826771653543306 0
      vertex 2.3622047244094486 -0.5525800750367219 0.6482073265380811
      vertex 2.3622047244094486 -0.5838632684615036 0.6889763779527558
    endloop
  endfacet
  facet normal 1 0 0
    outer loop
      vertex 2.3622047244094486 -1.0826771653543306 0
      vertex 2.3622047244094486 -0.5838632684615036 0.6889763779527558
      vertex 2.3622047244094486 -0.6035287059624149 0.7364529438774565
    endloop
  endfacet
  facet normal 1 0 0
    outer loop
      vertex 2.3622047244094486 -1.0826771653543306 0
      vertex 2.3622047244094486 -0.5118110236220472 0.6169241331132994
      vertex 2.3622047244094486 -0.5525800750367219 0.6482073265380811
    endloop
  endfacet
  facet normal 1 0 0
    outer loop
      vertex 2.3622047244094486 -1.0826771653543306 0
      vertex 2.3622047244094486 -0.4643344576973465 0.5972586956123881
      vertex 2.3622047244094486 -0.5118110236220472 0.6169241331132994
    endloop
  endfacet
  facet normal 1 0 0
    outer loop
      vertex 2.3622047244094486 -1.0826771653543306 0
      vertex 2.3622047244094486 -0.6035287059624149 0.7364529438774565
      vertex 2.3622047244094486 -0.6102362204724409 0.7874015748031495
    endloop
  endfacet
  facet normal 1 0 0
    outer loop
      vertex 2.3622047244094486 -1.0826771653543306 0
      vertex 2.3622047244094486 -0.6102362204724409 0.7874015748031495
      vertex 2.3622047244094486 -0.6035287059624149 0.8383502057288426
    endloop
  endfacet
  facet normal 1 0 0
    outer loop
      vertex 2.3622047244094486 -1.0826771653543306 0
      vertex 2.3622047244094486 -0.6035287059624149 0.8383502057288426
      vertex 2.3622047244094486 -1.0826771653543306 1.4173228346456692
    endloop
  endfacet
  facet normal 1 0 0
    outer loop
      vertex 2.3622047244094486 -1.0826771653543306 0
      vertex 2.3622047244094486 1.0826771653543306 0
      vertex 2.3622047244094486 -0.4643344576973465 0.5972586956123881
    endloop
  endfacet
  facet normal 1 0 0
    outer loop
      vertex 2.3622047244094486 -0.8661417322834646 1.4173228346456692
      vertex 2.3622047244094486 -0.27419157850658515 0.926595823068218
      vertex 2.3622047244094486 1.0826771653543306 0
    endloop
  endfacet
  facet normal 0 -1 0
    outer loop
      vertex -2.165354330708661 -1.279527559055118 1.4173228346456692
      vertex 2.1653543307086616 -1.279527559055118 0
      vertex 2.1653543307086616 -1.279527559055118 1.4173228346456692
    endloop
  endfacet
  facet normal 0 -1 0
    outer loop
      vertex -2.165354330708661 -1.279527559055118 1.574803149606299
      vertex 2.1653543307086616 -1.279527559055118 1.4173228346456692
      vertex 2.1653543307086616 -1.279527559055118 1.574803149606299
    endloop
  endfacet
  facet normal 0 0 1
    outer loop
      vertex -2.165354330708661 -1.279527559055118 1.574803149606299
      vertex 2.1653543307086616 -1.279527559055118 1.574803149606299
      vertex 2.263779527559055 -1.2531546070441808 1.574803149606299
    endloop
  endfacet
  facet normal 0 0 1
    outer loop
      vertex 2.263779527559055 -1.2531546070441808 1.574803149606299
      vertex 2.0472440944881884 -1.1220472440944882 1.574803149606299
      vertex -1.9241210263829873 -1.0627542995053123 1.574803149606299
    endloop
  endfacet
  facet normal 0 0 1
    outer loop
      vertex 1.9789159465956598 -1.1064517902208533 1.574803149606299
      vertex 1.9490567241167347 -1.0876899972390597 1.574803149606299
      vertex -1.9241210263829873 -1.0627542995053123 1.574803149606299
    endloop
  endfacet
  facet normal 0 0 1
    outer loop
      vertex 1.9241210263829873 -1.0627542995053123 1.574803149606299
      vertex 1.9053592334011937 -1.0328950770263872 1.574803149606299
      vertex -1.9241210263829873 -1.0627542995053123 1.574803149606299
    endloop
  endfacet
  facet normal 0 0 1
    outer loop
      vertex 1.9241210263829873 -1.0627542995053123 1.574803149606299
      vertex -1.9241210263829873 -1.0627542995053123 1.574803149606299
      vertex 1.9490567241167347 -1.0876899972390597 1.574803149606299
    endloop
  endfacet
  facet normal 0 0 1
    outer loop
      vertex 2.0122014277234146 -1.1180988838081611 1.574803149606299
      vertex -1.9241210263829873 -1.0627542995053123 1.574803149606299
      vertex 2.0472440944881884 -1.1220472440944882 1.574803149606299
    endloop
  endfacet
  facet normal 0 0 1
    outer loop
      vertex 1.9789159465956598 -1.1064517902208533 1.574803149606299
      vertex -1.9241210263829873 -1.0627542995053123 1.574803149606299
      vertex 2.0122014277234146 -1.1180988838081611 1.574803149606299
    endloop
  endfacet
  facet normal 0 0 1
    outer loop
      vertex 1.9053592334011937 -1.0328950770263872 1.574803149606299
      vertex 1.8937121398138852 -0.9996095958986322 1.574803149606299
      vertex -1.9241210263829873 -1.0627542995053123 1.574803149606299
    endloop
  endfacet
  facet normal 0 0 1
    outer loop
      vertex 1.8937121398138852 -0.9996095958986322 1.574803149606299
      vertex 1.8897637795275588 -0.9645669291338582 1.574803149606299
      vertex -1.9241210263829873 -1.0627542995053123 1.574803149606299
    endloop
  endfacet
  facet normal 0 0 1
    outer loop
      vertex 1.8897637795275588 -0.9645669291338582 1.574803149606299
      vertex 1.8937121398138852 -0.9295242623690843 1.574803149606299
      vertex -1.9241210263829873 -1.0627542995053123 1.574803149606299
    endloop
  endfacet
  facet normal 0 0 1
    outer loop
      vertex 1.8937121398138852 -0.9295242623690843 1.574803149606299
      vertex 2.0122014277234146 0.8110349744595555 1.574803149606299
      vertex -1.9241210263829873 -1.0627542995053123 1.574803149606299
    endloop
  endfacet
  facet normal 0.06540312923014675 -0.9978589232386033 0
    outer loop
      vertex 2.1910484630354436 -1.2778434766483877 0
      vertex 2.1910484630354436 -1.2778434766483877 1.4173228346456692
      vertex 2.1653543307086616 -1.279527559055118 1.4173228346456692
    endloop
  endfacet
  facet normal 0.19509032201612875 -0.9807852804032303 0
    outer loop
      vertex 2.1910484630354436 -1.2778434766483877 0
      vertex 2.2137775117744636 -1.2733223877554216 1.4173228346456692
      vertex 2.1910484630354436 -1.2778434766483877 1.4173228346456692
    endloop
  endfacet
  facet normal 0.19509032201610843 -0.9807852804032344 0
    outer loop
      vertex 2.2163029616343546 -1.2728200445450921 0
      vertex 2.2163029616343546 -1.2728200445450921 1.4173228346456692
      vertex 2.2137775117744636 -1.2733223877554216 1.4173228346456692
    endloop
  endfacet
  facet normal 0.321439465303162 -0.9469301294951055 0
    outer loop
      vertex 2.2406857150324977 -1.264543215061277 0
      vertex 2.2406857150324977 -1.264543215061277 1.4173228346456692
      vertex 2.2163029616343546 -1.2728200445450921 1.4173228346456692
    endloop
  endfacet
  facet normal 0.4422886902189994 -0.8968727415326893 0
    outer loop
      vertex 2.2406857150324977 -1.264543215061277 0
      vertex 2.2614701463063995 -1.2542934678458904 1.4173228346456692
      vertex 2.2406857150324977 -1.264543215061277 1.4173228346456692
    endloop
  endfacet
  facet normal 0.4422886902190067 -0.8968727415326856 0
    outer loop
      vertex 2.263779527559055 -1.2531546070441808 0
      vertex 2.263779527559055 -1.2531546070441808 1.4173228346456692
      vertex 2.2614701463063995 -1.2542934678458904 1.4173228346456692
    endloop
  endfacet
  facet normal 0.5555702330195982 -0.8314696123025479 0
    outer loop
      vertex 2.285189257678882 -1.2388490827344951 0
      vertex 2.285189257678882 -1.2388490827344951 1.4173228346456692
      vertex 2.263779527559055 -1.2531546070441808 1.4173228346456692
    endloop
  endfacet
  facet normal 0.6593458151000623 -0.7518398074789833 0
    outer loop
      vertex 2.3045485789737303 -1.221871413619399 0
      vertex 2.3045485789737303 -1.221871413619399 1.4173228346456692
      vertex 2.285189257678882 -1.2388490827344951 1.4173228346456692
    endloop
  endfacet
  facet normal 0.7518398074789844 -0.659345815100061 0
    outer loop
      vertex 2.321526248088826 -1.2025120923245514 0
      vertex 2.321526248088826 -1.2025120923245514 1.4173228346456692
      vertex 2.3045485789737303 -1.221871413619399 1.4173228346456692
    endloop
  endfacet
  facet normal 0.8314696123025479 -0.5555702330195982 0
    outer loop
      vertex 2.3358317723985116 -1.1811023622047243 0
      vertex 2.3358317723985116 -1.1811023622047243 1.4173228346456692
      vertex 2.321526248088826 -1.2025120923245514 1.4173228346456692
    endloop
  endfacet
  facet normal 0.8968727415326838 -0.4422886902190105 0
    outer loop
      vertex 2.347220380415608 -1.1580085496781671 0
      vertex 2.347220380415608 -1.1580085496781671 1.4173228346456692
      vertex 2.3358317723985116 -1.1811023622047243 1.4173228346456692
    endloop
  endfacet
  facet normal 0.9469301294951042 -0.3214394653031657 0
    outer loop
      vertex 2.347220380415608 -1.1580085496781671 0
      vertex 2.354669526951042 -1.136064071619838 1.4173228346456692
      vertex 2.347220380415608 -1.1580085496781671 1.4173228346456692
    endloop
  endfacet
  facet normal 0.9469301294950992 -0.32143946530318024 0
    outer loop
      vertex 2.3554972098994233 -1.1336257962800238 0
      vertex 2.3554972098994233 -1.1336257962800238 1.4173228346456692
      vertex 2.354669526951042 -1.136064071619838 1.4173228346456692
    endloop
  endfacet
  facet normal 0.9807852804032364 -0.19509032201609852 0
    outer loop
      vertex 2.3605206420027183 -1.1083712976811124 0
      vertex 2.3605206420027183 -1.1083712976811124 1.4173228346456692
      vertex 2.3554972098994233 -1.1336257962800238 1.4173228346456692
    endloop
  endfacet
  facet normal 0.9978589232386025 -0.0654031292301592 0
    outer loop
      vertex 2.3605206420027183 -1.1083712976811124 0
      vertex 2.362036316168776 -1.085246578587009 1.4173228346456692
      vertex 2.3605206420027183 -1.1083712976811124 1.4173228346456692
    endloop
  endfacet
  facet normal 0.9978589232386101 -0.06540312923004032 0
    outer loop
      vertex 2.3622047244094486 -1.0826771653543306 0
      vertex 2.3622047244094486 -1.0826771653543306 1.4173228346456692
      vertex 2.362036316168776 -1.085246578587009 1.4173228346456692
    endloop
  endfacet
  facet normal 1 0 0
    outer loop
      vertex 2.3622047244094486 -1.0826771653543306 1.4173228346456692
      vertex 2.3622047244094486 -0.6035287059624149 0.8383502057288426
      vertex 2.3622047244094486 -0.5838632684615036 0.8858267716535433
    endloop
  endfacet
  facet normal 1 0 0
    outer loop
      vertex 2.3622047244094486 -1.0826771653543306 1.4173228346456692
      vertex 2.3622047244094486 -0.5838632684615036 0.8858267716535433
      vertex 2.3622047244094486 -0.5525800750367219 0.926595823068218
    endloop
  endfacet
  facet normal 1 0 0
    outer loop
      vertex 2.3622047244094486 -1.0826771653543306 1.4173228346456692
      vertex 2.3622047244094486 -0.5525800750367219 0.926595823068218
      vertex 2.3622047244094486 -0.5118110236220472 0.9578790164929997
    endloop
  endfacet
  facet normal 1 0 0
    outer loop
      vertex 2.3622047244094486 -1.0826771653543306 1.4173228346456692
      vertex 2.3622047244094486 -0.5118110236220472 0.9578790164929997
      vertex 2.3622047244094486 -0.4643344576973465 0.977544453993911
    endloop
  endfacet
  facet normal 1 0 0
    outer loop
      vertex 2.3622047244094486 -1.0826771653543306 1.4173228346456692
      vertex 2.3622047244094486 -0.4643344576973465 0.977544453993911
      vertex 2.3622047244094486 -0.4133858267716535 0.9842519685039369
    endloop
  endfacet
  facet normal 0.19509032201612875 -0.9807852804032304 -3.379310387007837e-16
    outer loop
      vertex 2.1910484630354436 -1.2778434766483877 1.4173228346456692
      vertex 2.2137775117744636 -1.2733223877554216 1.4173228346456692
      vertex 2.2163029616343546 -1.2728200445450921 1.574803149606299
    endloop
  endfacet
  facet normal 0 0 1
    outer loop
      vertex 2.263779527559055 -1.2531546070441808 1.574803149606299
      vertex 2.0822867612529623 -1.1180988838081611 1.574803149606299
      vertex 2.0472440944881884 -1.1220472440944882 1.574803149606299
    endloop
  endfacet
  facet normal 0 0 1
    outer loop
      vertex 2.263779527559055 -1.2531546070441808 1.574803149606299
      vertex 2.115572242380717 -1.1064517902208533 1.574803149606299
      vertex 2.0822867612529623 -1.1180988838081611 1.574803149606299
    endloop
  endfacet
  facet normal 0 0 1
    outer loop
      vertex 2.263779527559055 -1.2531546070441808 1.574803149606299
      vertex 2.145431464859642 -1.08768999723906 1.574803149606299
      vertex 2.115572242380717 -1.1064517902208533 1.574803149606299
    endloop
  endfacet
  facet normal 0 0 1
    outer loop
      vertex 2.263779527559055 -1.2531546070441808 1.574803149606299
      vertex 2.1703671625933896 -1.0627542995053123 1.574803149606299
      vertex 2.145431464859642 -1.08768999723906 1.574803149606299
    endloop
  endfacet
  facet normal 0 0 1
    outer loop
      vertex 2.263779527559055 -1.2531546070441808 1.574803149606299
      vertex 2.189128955575183 -1.0328950770263872 1.574803149606299
      vertex 2.1703671625933896 -1.0627542995053123 1.574803149606299
    endloop
  endfacet
  facet normal 0 0 1
    outer loop
      vertex 2.263779527559055 -1.2531546070441808 1.574803149606299
      vertex 2.2007760491624917 -0.9996095958986321 1.574803149606299
      vertex 2.189128955575183 -1.0328950770263872 1.574803149606299
    endloop
  endfacet
  facet normal 0 0 1
    outer loop
      vertex 2.263779527559055 -1.2531546070441808 1.574803149606299
      vertex 2.204724409448818 -0.9645669291338582 1.574803149606299
      vertex 2.2007760491624917 -0.9996095958986321 1.574803149606299
    endloop
  endfacet
  facet normal 0.44228869021899936 -0.8968727415326893 1.3368700432118544e-16
    outer loop
      vertex 2.2406857150324977 -1.264543215061277 1.4173228346456692
      vertex 2.2614701463063995 -1.2542934678458904 1.4173228346456692
      vertex 2.263779527559055 -1.2531546070441808 1.574803149606299
    endloop
  endfacet
  facet normal 0.9469301294951044 -0.3214394653031657 -2.5251989705113304e-16
    outer loop
      vertex 2.347220380415608 -1.1580085496781671 1.4173228346456692
      vertex 2.354669526951042 -1.136064071619838 1.4173228346456692
      vertex 2.3554972098994233 -1.1336257962800238 1.574803149606299
    endloop
  endfacet
  facet normal 0.9469301294951038 -0.32143946530316714 0
    outer loop
      vertex 2.347220380415608 -1.1580085496781671 1.4173228346456692
      vertex 2.3554972098994233 -1.1336257962800238 1.574803149606299
      vertex 2.347220380415608 -1.1580085496781671 1.574803149606299
    endloop
  endfacet
  facet normal 0 0 1
    outer loop
      vertex 2.3358317723985116 -1.1811023622047243 1.574803149606299
      vertex 2.347220380415608 -1.1580085496781671 1.574803149606299
      vertex 2.3554972098994233 -1.1336257962800238 1.574803149606299
    endloop
  endfacet
  facet normal 0.9978589232386025 -0.06540312923015922 1.94774538240176e-15
    outer loop
      vertex 2.3605206420027183 -1.1083712976811124 1.4173228346456692
      vertex 2.362036316168776 -1.085246578587009 1.4173228346456692
      vertex 2.3622047244094486 -1.0826771653543306 1.574803149606299
    endloop
  endfacet
  facet normal 1 0 0
    outer loop
      vertex 2.3622047244094486 -1.0826771653543306 1.4173228346456692
      vertex 2.3622047244094486 -0.8661417322834646 1.4173228346456692
      vertex 2.3622047244094486 -1.0826771653543306 1.574803149606299
    endloop
  endfacet
  facet normal 0.9978589232386033 -0.06540312923014731 0
    outer loop
      vertex 2.3605206420027183 -1.1083712976811124 1.4173228346456692
      vertex 2.3622047244094486 -1.0826771653543306 1.574803149606299
      vertex 2.3605206420027183 -1.1083712976811124 1.574803149606299
    endloop
  endfacet
  facet normal 0 0 1
    outer loop
      vertex 2.3554972098994233 -1.1336257962800238 1.574803149606299
      vertex 2.3605206420027183 -1.1083712976811124 1.574803149606299
      vertex 2.3622047244094486 -1.0826771653543306 1.574803149606299
    endloop
  endfacet
  facet normal 1 0 0
    outer loop
      vertex 2.3622047244094486 -1.0826771653543306 1.4173228346456692
      vertex 2.3622047244094486 -0.4133858267716535 0.9842519685039369
      vertex 2.3622047244094486 -0.8661417322834646 1.4173228346456692
    endloop
  endfacet
  facet normal 1 0 0
    outer loop
      vertex 2.3622047244094486 -0.8661417322834646 1.4173228346456692
      vertex 2.3622047244094486 -0.3149606299212597 0.9578790164929997
      vertex 2.3622047244094486 -0.27419157850658515 0.926595823068218
    endloop
  endfacet
  facet normal 1 0 0
    outer loop
      vertex 2.3622047244094486 -0.8661417322834646 1.4173228346456692
      vertex 2.3622047244094486 -0.4133858267716535 0.9842519685039369
      vertex 2.3622047244094486 -0.36243719584596046 0.977544453993911
    endloop
  endfacet
  facet normal 1 0 0
    outer loop
      vertex 2.3622047244094486 -0.8661417322834646 1.4173228346456692
      vertex 2.3622047244094486 -0.36243719584596046 0.977544453993911
      vertex 2.3622047244094486 -0.3149606299212597 0.9578790164929997
    endloop
  endfacet
  facet normal 1 0 0
    outer loop
      vertex 2.3622047244094486 -0.8661417322834646 1.4173228346456692
      vertex 2.3622047244094486 0.43167189346721524 0.6482073265380811
      vertex 2.3622047244094486 0.40038870004243354 0.6889763779527558
    endloop
  endfacet
  facet normal 1 0 0
    outer loop
      vertex 2.3622047244094486 -0.8661417322834646 1.4173228346456692
      vertex 2.3622047244094486 0.40038870004243354 0.6889763779527558
      vertex 2.3622047244094486 0.380723262541522 0.7364529438774565
    endloop
  endfacet
  facet normal 1 0 0
    outer loop
      vertex 2.3622047244094486 -0.8661417322834646 1.4173228346456692
      vertex 2.3622047244094486 0.380723262541522 0.7364529438774565
      vertex 2.3622047244094486 0.3740157480314963 0.7874015748031495
    endloop
  endfacet
  facet normal 1 0 0
    outer loop
      vertex 2.3622047244094486 -0.8661417322834646 1.4173228346456692
      vertex 2.3622047244094486 0.3740157480314963 0.7874015748031495
      vertex 2.3622047244094486 0.380723262541522 0.8383502057288426
    endloop
  endfacet
  facet normal 1 0 0
    outer loop
      vertex 2.3622047244094486 -0.8661417322834646 1.4173228346456692
      vertex 2.3622047244094486 0.380723262541522 0.8383502057288426
      vertex 2.3622047244094486 0.40038870004243354 0.8858267716535433
    endloop
  endfacet
  facet normal 1 0 0
    outer loop
      vertex 2.3622047244094486 -0.8661417322834646 1.4173228346456692
      vertex 2.3622047244094486 0.40038870004243354 0.8858267716535433
      vertex 2.3622047244094486 0.43167189346721524 0.926595823068218
    endloop
  endfacet
  facet normal 0 0 1
    outer loop
      vertex 1.8937121398138852 -0.9295242623690843 1.574803149606299
      vertex 1.9053592334011937 -0.8962387812413294 1.574803149606299
      vertex 2.0122014277234146 0.8110349744595555 1.574803149606299
    endloop
  endfacet
  facet normal 0 0 1
    outer loop
      vertex 2.263779527559055 -1.2531546070441808 1.574803149606299
      vertex 2.263779527559055 1.2531546070441806 1.574803149606299
      vertex 2.204724409448818 -0.9645669291338582 1.574803149606299
    endloop
  endfacet
  facet normal 0 0 1
    outer loop
      vertex 1.9053592334011937 -0.8962387812413294 1.574803149606299
      vertex 1.9241210263829873 -0.8663795587624041 1.574803149606299
      vertex 2.0122014277234146 0.8110349744595555 1.574803149606299
    endloop
  endfacet
  facet normal 0 0 1
    outer loop
      vertex 1.9241210263829873 -0.8663795587624041 1.574803149606299
      vertex 1.9490567241167347 -0.8414438610286568 1.574803149606299
      vertex 2.0122014277234146 0.8110349744595555 1.574803149606299
    endloop
  endfacet
  facet normal 0 0 1
    outer loop
      vertex 2.263779527559055 1.2531546070441806 1.574803149606299
      vertex 2.2007760491624917 -0.9295242623690843 1.574803149606299
      vertex 2.204724409448818 -0.9645669291338582 1.574803149606299
    endloop
  endfacet
  facet normal 0 0 1
    outer loop
      vertex 2.263779527559055 1.2531546070441806 1.574803149606299
      vertex 2.1703671625933896 -0.8663795587624041 1.574803149606299
      vertex 2.189128955575183 -0.8962387812413294 1.574803149606299
    endloop
  endfacet
  facet normal 0 0 1
    outer loop
      vertex 2.263779527559055 1.2531546070441806 1.574803149606299
      vertex 2.189128955575183 -0.8962387812413294 1.574803149606299
      vertex 2.2007760491624917 -0.9295242623690843 1.574803149606299
    endloop
  endfacet
  facet normal 0 0 1
    outer loop
      vertex 2.263779527559055 1.2531546070441806 1.574803149606299
      vertex 1.9490567241167347 -0.8414438610286568 1.574803149606299
      vertex 1.9789159465956598 -0.8226820680468631 1.574803149606299
    endloop
  endfacet
  facet normal 0 0 1
    outer loop
      vertex 2.263779527559055 1.2531546070441806 1.574803149606299
      vertex 1.9789159465956598 -0.8226820680468631 1.574803149606299
      vertex 2.0122014277234146 -0.8110349744595553 1.574803149606299
    endloop
  endfacet
  facet normal 0 0 1
    outer loop
      vertex 2.263779527559055 1.2531546070441806 1.574803149606299
      vertex 2.0122014277234146 -0.8110349744595553 1.574803149606299
      vertex 2.0472440944881884 -0.8070866141732282 1.574803149606299
    endloop
  endfacet
  facet normal 0 0 1
    outer loop
      vertex 2.263779527559055 1.2531546070441806 1.574803149606299
      vertex 2.0472440944881884 -0.8070866141732282 1.574803149606299
      vertex 2.0822867612529623 -0.8110349744595553 1.574803149606299
    endloop
  endfacet
  facet normal 0 0 1
    outer loop
      vertex 2.263779527559055 1.2531546070441806 1.574803149606299
      vertex 2.0822867612529623 -0.8110349744595553 1.574803149606299
      vertex 2.115572242380717 -0.8226820680468631 1.574803149606299
    endloop
  endfacet
  facet normal 0 0 1
    outer loop
      vertex 2.263779527559055 1.2531546070441806 1.574803149606299
      vertex 2.145431464859642 -0.8414438610286566 1.574803149606299
      vertex 2.1703671625933896 -0.8663795587624041 1.574803149606299
    endloop
  endfacet
  facet normal 0 0 1
    outer loop
      vertex 2.263779527559055 1.2531546070441806 1.574803149606299
      vertex 2.115572242380717 -0.8226820680468631 1.574803149606299
      vertex 2.145431464859642 -0.8414438610286566 1.574803149606299
    endloop
  endfacet
  facet normal 0 0 -1
    outer loop
      vertex -2.165354330708661 1.279527559055118 0
      vertex 2.263779527559055 1.2531546070441806 0
      vertex 2.3622047244094486 -1.0826771653543306 0
    endloop
  endfacet
  facet normal 0 0 -1
    outer loop
      vertex -2.165354330708661 1.279527559055118 0
      vertex 2.1653543307086616 1.279527559055118 0
      vertex 2.263779527559055 1.2531546070441806 0
    endloop
  endfacet
  facet normal 0 1 0
    outer loop
      vertex -2.165354330708661 1.279527559055118 0
      vertex 2.1653543307086616 1.279527559055118 1.4173228346456692
      vertex 2.1653543307086616 1.279527559055118 0
    endloop
  endfacet
  facet normal 1 0 0
    outer loop
      vertex 2.3622047244094486 -0.4643344576973465 0.5972586956123881
      vertex 2.3622047244094486 1.0826771653543306 0
      vertex 2.3622047244094486 -0.4133858267716535 0.5905511811023622
    endloop
  endfacet
  facet normal 1 0 0
    outer loop
      vertex 2.3622047244094486 -0.36243719584596046 0.5972586956123881
      vertex 2.3622047244094486 -0.4133858267716535 0.5905511811023622
      vertex 2.3622047244094486 1.0826771653543306 0
    endloop
  endfacet
  facet normal 0 0 -1
    outer loop
      vertex 2.3622047244094486 -1.0826771653543306 0
      vertex 2.263779527559055 1.2531546070441806 0
      vertex 2.3622047244094486 1.0826771653543306 0
    endloop
  endfacet
  facet normal 1 0 0
    outer loop
      vertex 2.3622047244094486 -0.36243719584596046 0.5972586956123881
      vertex 2.3622047244094486 1.0826771653543306 0
      vertex 2.3622047244094486 -0.3149606299212597 0.6169241331132994
    endloop
  endfacet
  facet normal 1 0 0
    outer loop
      vertex 2.3622047244094486 -0.3149606299212597 0.6169241331132994
      vertex 2.3622047244094486 1.0826771653543306 0
      vertex 2.3622047244094486 -0.27419157850658515 0.6482073265380811
    endloop
  endfacet
  facet normal 1 0 0
    outer loop
      vertex 2.3622047244094486 -0.27419157850658515 0.6482073265380811
      vertex 2.3622047244094486 1.0826771653543306 0
      vertex 2.3622047244094486 -0.24290838508180346 0.6889763779527558
    endloop
  endfacet
  facet normal 1 0 0
    outer loop
      vertex 2.3622047244094486 -0.22324294758089192 0.7364529438774565
      vertex 2.3622047244094486 -0.24290838508180346 0.6889763779527558
      vertex 2.3622047244094486 1.0826771653543306 0
    endloop
  endfacet
  facet normal 1 0 0
    outer loop
      vertex 2.3622047244094486 -0.22324294758089192 0.7364529438774565
      vertex 2.3622047244094486 1.0826771653543306 0
      vertex 2.3622047244094486 -0.2165354330708662 0.7874015748031495
    endloop
  endfacet
  facet normal 1 0 0
    outer loop
      vertex 2.3622047244094486 -0.2165354330708662 0.7874015748031495
      vertex 2.3622047244094486 1.0826771653543306 0
      vertex 2.3622047244094486 -0.22324294758089192 0.8383502057288426
    endloop
  endfacet
  facet normal 1 0 0
    outer loop
      vertex 2.3622047244094486 -0.22324294758089192 0.8383502057288426
      vertex 2.3622047244094486 1.0826771653543306 0
      vertex 2.3622047244094486 -0.24290838508180346 0.8858267716535433
    endloop
  endfacet
  facet normal 1 0 0
    outer loop
      vertex 2.3622047244094486 -0.27419157850658515 0.926595823068218
      vertex 2.3622047244094486 -0.24290838508180346 0.8858267716535433
      vertex 2.3622047244094486 1.0826771653543306 0
    endloop
  endfacet
  facet normal 1 0 0
    outer loop
      vertex 2.3622047244094486 -0.8661417322834646 1.4173228346456692
      vertex 2.3622047244094486 1.0826771653543306 0
      vertex 2.3622047244094486 0.4724409448818898 0.6169241331132994
    endloop
  endfacet
  facet normal 0 0 -1
    outer loop
      vertex 2.1653543307086616 1.279527559055118 0
      vertex 2.1910484630354436 1.2778434766483877 0
      vertex 2.2163029616343546 1.272820044545092 0
    endloop
  endfacet
  facet normal 0 0 -1
    outer loop
      vertex 2.1653543307086616 1.279527559055118 0
      vertex 2.2163029616343546 1.272820044545092 0
      vertex 2.263779527559055 1.2531546070441806 0
    endloop
  endfacet
  facet normal 0 0 -1
    outer loop
      vertex 2.2163029616343546 1.272820044545092 0
      vertex 2.2406857150324977 1.2645432150612765 0
      vertex 2.263779527559055 1.2531546070441806 0
    endloop
  endfacet
  facet normal 1 0 0
    outer loop
      vertex 2.3622047244094486 0.5199175108065905 0.5972586956123881
      vertex 2.3622047244094486 1.0826771653543306 0
      vertex 2.3622047244094486 0.5708661417322836 0.5905511811023622
    endloop
  endfacet
  facet normal 1 0 0
    outer loop
      vertex 2.3622047244094486 0.6218147726579766 0.5972586956123881
      vertex 2.3622047244094486 0.5708661417322836 0.5905511811023622
      vertex 2.3622047244094486 1.0826771653543306 0
    endloop
  endfacet
  facet normal 0 0 -1
    outer loop
      vertex 2.3622047244094486 1.0826771653543306 0
      vertex 2.3554972098994233 1.1336257962800236 0
      vertex 2.3605206420027183 1.1083712976811122 0
    endloop
  endfacet
  facet normal 0 0 -1
    outer loop
      vertex 2.3622047244094486 1.0826771653543306 0
      vertex 2.263779527559055 1.2531546070441806 0
      vertex 2.3358317723985116 1.181102362204724 0
    endloop
  endfacet
  facet normal 0 0 -1
    outer loop
      vertex 2.3622047244094486 1.0826771653543306 0
      vertex 2.3358317723985116 1.181102362204724 0
      vertex 2.3554972098994233 1.1336257962800236 0
    endloop
  endfacet
  facet normal 0 0 -1
    outer loop
      vertex 2.3554972098994233 1.1336257962800236 0
      vertex 2.3358317723985116 1.181102362204724 0
      vertex 2.347220380415608 1.1580085496781671 0
    endloop
  endfacet
  facet normal 0 0 -1
    outer loop
      vertex 2.285189257678882 1.238849082734495 0
      vertex 2.3045485789737303 1.2218714136193989 0
      vertex 2.263779527559055 1.2531546070441806 0
    endloop
  endfacet
  facet normal 0 0 -1
    outer loop
      vertex 2.3358317723985116 1.181102362204724 0
      vertex 2.263779527559055 1.2531546070441806 0
      vertex 2.3045485789737303 1.2218714136193989 0
    endloop
  endfacet
  facet normal 0 0 -1
    outer loop
      vertex 2.3358317723985116 1.181102362204724 0
      vertex 2.3045485789737303 1.2218714136193989 0
      vertex 2.321526248088826 1.2025120923245511 0
    endloop
  endfacet
  facet normal 0.06540312923014675 0.9978589232386033 0
    outer loop
      vertex 2.1653543307086616 1.279527559055118 0
      vertex 2.1910484630354436 1.2778434766483877 1.4173228346456692
      vertex 2.1910484630354436 1.2778434766483877 0
    endloop
  endfacet
  facet normal 0.19509032201613502 0.9807852804032292 0
    outer loop
      vertex 2.1910484630354436 1.2778434766483877 0
      vertex 2.2163029616343546 1.272820044545092 1.4173228346456692
      vertex 2.2163029616343546 1.272820044545092 0
    endloop
  endfacet
  facet normal 0.3214394653031698 0.946930129495103 0
    outer loop
      vertex 2.2163029616343546 1.272820044545092 0
      vertex 2.2406857150324977 1.2645432150612765 1.4173228346456692
      vertex 2.2406857150324977 1.2645432150612765 0
    endloop
  endfacet
  facet normal 1 0 0
    outer loop
      vertex 2.3622047244094486 0.4724409448818898 0.6169241331132994
      vertex 2.3622047244094486 1.0826771653543306 0
      vertex 2.3622047244094486 0.5199175108065905 0.5972586956123881
    endloop
  endfacet
  facet normal 1 0 0
    outer loop
      vertex 2.3622047244094486 0.6218147726579766 0.5972586956123881
      vertex 2.3622047244094486 1.0826771653543306 0
      vertex 2.3622047244094486 0.6692913385826773 0.6169241331132994
    endloop
  endfacet
  facet normal 1 0 0
    outer loop
      vertex 2.3622047244094486 1.0826771653543306 0
      vertex 2.3622047244094486 0.7100603899973519 0.6482073265380811
      vertex 2.3622047244094486 0.6692913385826773 0.6169241331132994
    endloop
  endfacet
  facet normal 1 0 0
    outer loop
      vertex 2.3622047244094486 1.0826771653543306 0
      vertex 2.3622047244094486 0.7413435834221338 0.6889763779527558
      vertex 2.3622047244094486 0.7100603899973519 0.6482073265380811
    endloop
  endfacet
  facet normal 1 0 0
    outer loop
      vertex 2.3622047244094486 1.0826771653543306 0
      vertex 2.3622047244094486 0.7610090209230451 0.7364529438774565
      vertex 2.3622047244094486 0.7413435834221338 0.6889763779527558
    endloop
  endfacet
  facet normal 1 0 0
    outer loop
      vertex 2.3622047244094486 1.0826771653543306 0
      vertex 2.3622047244094486 0.7677165354330708 0.7874015748031495
      vertex 2.3622047244094486 0.7610090209230451 0.7364529438774565
    endloop
  endfacet
  facet normal 0.9978589232386031 0.06540312923014788 0
    outer loop
      vertex 2.3622047244094486 1.0826771653543306 0
      vertex 2.3605206420027183 1.1083712976811122 0
      vertex 2.3622047244094486 1.0826771653543306 1.4173228346456692
    endloop
  endfacet
  facet normal 0.9807852804032364 0.19509032201609852 0
    outer loop
      vertex 2.3605206420027183 1.1083712976811122 0
      vertex 2.3554972098994233 1.1336257962800236 0
      vertex 2.3605206420027183 1.1083712976811122 1.4173228346456692
    endloop
  endfacet
  facet normal 0.8314696123025479 0.5555702330195982 0
    outer loop
      vertex 2.3358317723985116 1.181102362204724 0
      vertex 2.321526248088826 1.2025120923245511 0
      vertex 2.321526248088826 1.2025120923245511 1.4173228346456692
    endloop
  endfacet
  facet normal 0.9469301294951046 0.32143946530316453 0
    outer loop
      vertex 2.3554972098994233 1.1336257962800236 0
      vertex 2.347220380415608 1.1580085496781671 0
      vertex 2.3554972098994233 1.1336257962800236 1.4173228346456692
    endloop
  endfacet
  facet normal 0.896872741532682 0.4422886902190139 0
    outer loop
      vertex 2.347220380415608 1.1580085496781671 0
      vertex 2.3358317723985116 1.181102362204724 0
      vertex 2.347220380415608 1.1580085496781671 1.4173228346456692
    endloop
  endfacet
  facet normal 0.7518398074789844 0.659345815100061 0
    outer loop
      vertex 2.321526248088826 1.2025120923245511 0
      vertex 2.3045485789737303 1.2218714136193989 0
      vertex 2.321526248088826 1.2025120923245511 1.4173228346456692
    endloop
  endfacet
  facet normal 0.6593458151000623 0.7518398074789833 0
    outer loop
      vertex 2.285189257678882 1.238849082734495 0
      vertex 2.3045485789737303 1.2218714136193989 1.4173228346456692
      vertex 2.3045485789737303 1.2218714136193989 0
    endloop
  endfacet
  facet normal 0.4422886902189932 0.8968727415326924 0
    outer loop
      vertex 2.2406857150324977 1.2645432150612765 0
      vertex 2.263779527559055 1.2531546070441806 1.4173228346456692
      vertex 2.263779527559055 1.2531546070441806 0
    endloop
  endfacet
  facet normal 0.5555702330195982 0.8314696123025479 0
    outer loop
      vertex 2.285189257678882 1.238849082734495 0
      vertex 2.263779527559055 1.2531546070441806 0
      vertex 2.285189257678882 1.238849082734495 1.4173228346456692
    endloop
  endfacet
  facet normal 1 0 0
    outer loop
      vertex 2.3622047244094486 1.0826771653543306 0
      vertex 2.3622047244094486 1.0826771653543306 1.4173228346456692
      vertex 2.3622047244094486 0.7677165354330708 0.7874015748031495
    endloop
  endfacet
  facet normal 0 0 1
    outer loop
      vertex 1.9241210263829873 0.8663795587624041 1.574803149606299
      vertex 1.9053592334011937 0.8962387812413293 1.574803149606299
      vertex -1.9241210263829873 -1.0627542995053123 1.574803149606299
    endloop
  endfacet
  facet normal 0 0 1
    outer loop
      vertex 1.9241210263829873 0.8663795587624041 1.574803149606299
      vertex -1.9241210263829873 -1.0627542995053123 1.574803149606299
      vertex 1.9490567241167347 0.8414438610286568 1.574803149606299
    endloop
  endfacet
  facet normal 0 0 1
    outer loop
      vertex 1.9789159465956598 0.8226820680468632 1.574803149606299
      vertex 1.9490567241167347 0.8414438610286568 1.574803149606299
      vertex -1.9241210263829873 -1.0627542995053123 1.574803149606299
    endloop
  endfacet
  facet normal 0 0 1
    outer loop
      vertex 1.9789159465956598 0.8226820680468632 1.574803149606299
      vertex -1.9241210263829873 -1.0627542995053123 1.574803149606299
      vertex 2.0122014277234146 0.8110349744595555 1.574803149606299
    endloop
  endfacet
  facet normal 0 0 1
    outer loop
      vertex 1.9053592334011937 0.8962387812413293 1.574803149606299
      vertex 1.8937121398138852 0.9295242623690845 1.574803149606299
      vertex -1.9241210263829873 -1.0627542995053123 1.574803149606299
    endloop
  endfacet
  facet normal 0 0 1
    outer loop
      vertex 1.8937121398138852 0.9295242623690845 1.574803149606299
      vertex 1.8897637795275588 0.9645669291338583 1.574803149606299
      vertex -1.9241210263829873 -1.0627542995053123 1.574803149606299
    endloop
  endfacet
  facet normal 0 0 1
    outer loop
      vertex 1.8897637795275588 0.9645669291338583 1.574803149606299
      vertex 1.8937121398138852 0.9996095958986322 1.574803149606299
      vertex -1.9241210263829873 -1.0627542995053123 1.574803149606299
    endloop
  endfacet
  facet normal 0 0 1
    outer loop
      vertex 1.8937121398138852 0.9996095958986322 1.574803149606299
      vertex 1.9053592334011937 1.0328950770263874 1.574803149606299
      vertex -1.9241210263829873 -1.0627542995053123 1.574803149606299
    endloop
  endfacet
  facet normal 0 0 1
    outer loop
      vertex 1.9053592334011937 1.0328950770263874 1.574803149606299
      vertex 1.9241210263829873 1.0627542995053125 1.574803149606299
      vertex -1.9241210263829873 -1.0627542995053123 1.574803149606299
    endloop
  endfacet
  facet normal 0 0 1
    outer loop
      vertex -2.263779527559055 1.2531546070441806 1.574803149606299
      vertex 1.9241210263829873 1.0627542995053125 1.574803149606299
      vertex 1.9490567241167347 1.08768999723906 1.574803149606299
    endloop
  endfacet
  facet normal 0 0 1
    outer loop
      vertex -2.263779527559055 1.2531546070441806 1.574803149606299
      vertex 1.9490567241167347 1.08768999723906 1.574803149606299
      vertex 1.9789159465956598 1.1064517902208535 1.574803149606299
    endloop
  endfacet
  facet normal 0 0 1
    outer loop
      vertex -2.263779527559055 1.2531546070441806 1.574803149606299
      vertex 1.9789159465956598 1.1064517902208535 1.574803149606299
      vertex 2.0122014277234146 1.1180988838081611 1.574803149606299
    endloop
  endfacet
  facet normal 0 0 1
    outer loop
      vertex -2.263779527559055 1.2531546070441806 1.574803149606299
      vertex 2.0122014277234146 1.1180988838081611 1.574803149606299
      vertex 2.263779527559055 1.2531546070441806 1.574803149606299
    endloop
  endfacet
  facet normal 1 0 0
    outer loop
      vertex 2.3622047244094486 -0.8661417322834646 1.4173228346456692
      vertex 2.3622047244094486 0.4724409448818898 0.6169241331132994
      vertex 2.3622047244094486 0.43167189346721524 0.6482073265380811
    endloop
  endfacet
  facet normal 1 0 0
    outer loop
      vertex 2.3622047244094486 -0.8661417322834646 1.4173228346456692
      vertex 2.3622047244094486 0.43167189346721524 0.926595823068218
      vertex 2.3622047244094486 0.4724409448818898 0.9578790164929997
    endloop
  endfacet
  facet normal 1 0 0
    outer loop
      vertex 2.3622047244094486 -0.8661417322834646 1.4173228346456692
      vertex 2.3622047244094486 0.4724409448818898 0.9578790164929997
      vertex 2.3622047244094486 0.5199175108065905 0.977544453993911
    endloop
  endfacet
  facet normal 1 0 0
    outer loop
      vertex 2.3622047244094486 -0.8661417322834646 1.4173228346456692
      vertex 2.3622047244094486 0.5199175108065905 0.977544453993911
      vertex 2.3622047244094486 0.5708661417322836 0.9842519685039369
    endloop
  endfacet
  facet normal 1 0 0
    outer loop
      vertex 2.3622047244094486 -0.8661417322834646 1.4173228346456692
      vertex 2.3622047244094486 0.5708661417322836 0.9842519685039369
      vertex 2.3622047244094486 0.6218147726579766 0.977544453993911
    endloop
  endfacet
  facet normal 0 0 1
    outer loop
      vertex 1.9490567241167347 -0.8414438610286568 1.574803149606299
      vertex 2.0472440944881884 0.8070866141732282 1.574803149606299
      vertex 2.0122014277234146 0.8110349744595555 1.574803149606299
    endloop
  endfacet
  facet normal 0 0 1
    outer loop
      vertex 1.9490567241167347 -0.8414438610286568 1.574803149606299
      vertex 2.0822867612529623 0.8110349744595555 1.574803149606299
      vertex 2.0472440944881884 0.8070866141732282 1.574803149606299
    endloop
  endfacet
  facet normal 0 0 1
    outer loop
      vertex 1.9490567241167347 -0.8414438610286568 1.574803149606299
      vertex 2.115572242380717 0.8226820680468632 1.574803149606299
      vertex 2.0822867612529623 0.8110349744595555 1.574803149606299
    endloop
  endfacet
  facet normal 0 0 1
    outer loop
      vertex 1.9490567241167347 -0.8414438610286568 1.574803149606299
      vertex 2.145431464859642 0.8414438610286568 1.574803149606299
      vertex 2.115572242380717 0.8226820680468632 1.574803149606299
    endloop
  endfacet
  facet normal 0 0 1
    outer loop
      vertex 1.9490567241167347 -0.8414438610286568 1.574803149606299
      vertex 2.1703671625933896 0.8663795587624041 1.574803149606299
      vertex 2.145431464859642 0.8414438610286568 1.574803149606299
    endloop
  endfacet
  facet normal 0 0 1
    outer loop
      vertex 1.9490567241167347 -0.8414438610286568 1.574803149606299
      vertex 2.189128955575183 0.8962387812413293 1.574803149606299
      vertex 2.1703671625933896 0.8663795587624041 1.574803149606299
    endloop
  endfacet
  facet normal 0 0 1
    outer loop
      vertex 1.9490567241167347 -0.8414438610286568 1.574803149606299
      vertex 2.2007760491624917 0.9295242623690845 1.574803149606299
      vertex 2.189128955575183 0.8962387812413293 1.574803149606299
    endloop
  endfacet
  facet normal 0 0 1
    outer loop
      vertex 2.263779527559055 1.2531546070441806 1.574803149606299
      vertex 2.2007760491624917 0.9295242623690845 1.574803149606299
      vertex 1.9490567241167347 -0.8414438610286568 1.574803149606299
    endloop
  endfacet
  facet normal 1 0 0
    outer loop
      vertex 2.3622047244094486 -0.8661417322834646 1.4173228346456692
      vertex 2.3622047244094486 0.6218147726579766 0.977544453993911
      vertex 2.3622047244094486 1.0826771653543306 1.4173228346456692
    endloop
  endfacet
  facet normal 1 0 0
    outer loop
      vertex 2.3622047244094486 -1.0826771653543306 1.574803149606299
      vertex 2.3622047244094486 1.0826771653543306 1.4173228346456692
      vertex 2.3622047244094486 1.0826771653543306 1.574803149606299
    endloop
  endfacet
  facet normal 0 0 1
    outer loop
      vertex 2.3622047244094486 -1.0826771653543306 1.574803149606299
      vertex 2.3622047244094486 1.0826771653543306 1.574803149606299
      vertex 2.263779527559055 1.2531546070441806 1.574803149606299
    endloop
  endfacet
  facet normal 0.06540312923014675 0.9978589232386033 0
    outer loop
      vertex 2.1653543307086616 1.279527559055118 0
      vertex 2.1653543307086616 1.279527559055118 1.4173228346456692
      vertex 2.1910484630354436 1.2778434766483877 1.4173228346456692
    endloop
  endfacet
  facet normal 0.19509032201613502 0.9807852804032292 0
    outer loop
      vertex 2.1910484630354436 1.2778434766483877 0
      vertex 2.1910484630354436 1.2778434766483877 1.4173228346456692
      vertex 2.2163029616343546 1.272820044545092 1.4173228346456692
    endloop
  endfacet
  facet normal 0.3214394653031698 0.946930129495103 0
    outer loop
      vertex 2.2163029616343546 1.272820044545092 0
      vertex 2.2163029616343546 1.272820044545092 1.4173228346456692
      vertex 2.2406857150324977 1.2645432150612765 1.4173228346456692
    endloop
  endfacet
  facet normal 0.4422886902189932 0.8968727415326924 0
    outer loop
      vertex 2.2406857150324977 1.2645432150612765 0
      vertex 2.2406857150324977 1.2645432150612765 1.4173228346456692
      vertex 2.263779527559055 1.2531546070441806 1.4173228346456692
    endloop
  endfacet
  facet normal 1 0 0
    outer loop
      vertex 2.3622047244094486 0.6218147726579766 0.977544453993911
      vertex 2.3622047244094486 0.6692913385826773 0.9578790164929997
      vertex 2.3622047244094486 1.0826771653543306 1.4173228346456692
    endloop
  endfacet
  facet normal 1 0 0
    outer loop
      vertex 2.3622047244094486 0.7677165354330708 0.7874015748031495
      vertex 2.3622047244094486 1.0826771653543306 1.4173228346456692
      vertex 2.3622047244094486 0.7610090209230451 0.8383502057288426
    endloop
  endfacet
  facet normal 1 0 0
    outer loop
      vertex 2.3622047244094486 0.7610090209230451 0.8383502057288426
      vertex 2.3622047244094486 1.0826771653543306 1.4173228346456692
      vertex 2.3622047244094486 0.7413435834221338 0.8858267716535433
    endloop
  endfacet
  facet normal 1 0 0
    outer loop
      vertex 2.3622047244094486 0.7100603899973519 0.926595823068218
      vertex 2.3622047244094486 1.0826771653543306 1.4173228346456692
      vertex 2.3622047244094486 0.6692913385826773 0.9578790164929997
    endloop
  endfacet
  facet normal 1 0 0
    outer loop
      vertex 2.3622047244094486 0.7100603899973519 0.926595823068218
      vertex 2.3622047244094486 0.7413435834221338 0.8858267716535433
      vertex 2.3622047244094486 1.0826771653543306 1.4173228346456692
    endloop
  endfacet
  facet normal 0.9978589232386031 0.06540312923014788 0
    outer loop
      vertex 2.3605206420027183 1.1083712976811122 0
      vertex 2.3605206420027183 1.1083712976811122 1.4173228346456692
      vertex 2.3622047244094486 1.0826771653543306 1.4173228346456692
    endloop
  endfacet
  facet normal 0.8314696123025467 0.5555702330196 0
    outer loop
      vertex 2.3358317723985116 1.181102362204724 0
      vertex 2.3229568005197945 1.2003711193125683 1.4173228346456692
      vertex 2.3358317723985116 1.181102362204724 1.4173228346456692
    endloop
  endfacet
  facet normal 0.8314696123025586 0.5555702330195825 3.564986781898231e-16
    outer loop
      vertex 2.3358317723985116 1.181102362204724 0
      vertex 2.321526248088826 1.2025120923245511 1.4173228346456692
      vertex 2.3229568005197945 1.2003711193125683 1.4173228346456692
    endloop
  endfacet
  facet normal 0.9807852804032364 0.19509032201609852 0
    outer loop
      vertex 2.3554972098994233 1.1336257962800236 0
      vertex 2.3554972098994233 1.1336257962800236 1.4173228346456692
      vertex 2.3605206420027183 1.1083712976811122 1.4173228346456692
    endloop
  endfacet
  facet normal 0.896872741532682 0.4422886902190139 0
    outer loop
      vertex 2.3358317723985116 1.181102362204724 0
      vertex 2.3358317723985116 1.181102362204724 1.4173228346456692
      vertex 2.347220380415608 1.1580085496781671 1.4173228346456692
    endloop
  endfacet
  facet normal 0.9469301294951047 0.3214394653031643 0
    outer loop
      vertex 2.347220380415608 1.1580085496781671 0
      vertex 2.3554972098994233 1.1336257962800236 1.574803149606299
      vertex 2.3554972098994233 1.1336257962800236 1.4173228346456692
    endloop
  endfacet
  facet normal 0.9469301294951046 0.32143946530316453 0
    outer loop
      vertex 2.347220380415608 1.1580085496781671 0
      vertex 2.347220380415608 1.1580085496781671 1.4173228346456692
      vertex 2.3554972098994233 1.1336257962800236 1.574803149606299
    endloop
  endfacet
  facet normal 0.6593458151000623 0.7518398074789833 0
    outer loop
      vertex 2.285189257678882 1.238849082734495 0
      vertex 2.285189257678882 1.238849082734495 1.4173228346456692
      vertex 2.3045485789737303 1.2218714136193989 1.4173228346456692
    endloop
  endfacet
  facet normal 0.7518398074789844 0.659345815100061 0
    outer loop
      vertex 2.3045485789737303 1.2218714136193989 0
      vertex 2.3045485789737303 1.2218714136193989 1.4173228346456692
      vertex 2.321526248088826 1.2025120923245511 1.4173228346456692
    endloop
  endfacet
  facet normal 0.5555702330195982 0.8314696123025479 0
    outer loop
      vertex 2.263779527559055 1.2531546070441806 0
      vertex 2.263779527559055 1.2531546070441806 1.4173228346456692
      vertex 2.285189257678882 1.238849082734495 1.4173228346456692
    endloop
  endfacet
  facet normal 0 0 1
    outer loop
      vertex 2.263779527559055 1.2531546070441806 1.574803149606299
      vertex 2.204724409448818 0.9645669291338583 1.574803149606299
      vertex 2.2007760491624917 0.9295242623690845 1.574803149606299
    endloop
  endfacet
  facet normal 0 0 1
    outer loop
      vertex 2.263779527559055 1.2531546070441806 1.574803149606299
      vertex 2.2007760491624917 0.9996095958986322 1.574803149606299
      vertex 2.204724409448818 0.9645669291338583 1.574803149606299
    endloop
  endfacet
  facet normal 0 0 1
    outer loop
      vertex 2.263779527559055 1.2531546070441806 1.574803149606299
      vertex 2.1703671625933896 1.0627542995053125 1.574803149606299
      vertex 2.189128955575183 1.0328950770263874 1.574803149606299
    endloop
  endfacet
  facet normal 0 0 1
    outer loop
      vertex 2.263779527559055 1.2531546070441806 1.574803149606299
      vertex 2.189128955575183 1.0328950770263874 1.574803149606299
      vertex 2.2007760491624917 0.9996095958986322 1.574803149606299
    endloop
  endfacet
  facet normal 0 0 1
    outer loop
      vertex 2.263779527559055 1.2531546070441806 1.574803149606299
      vertex 2.0822867612529623 1.1180988838081611 1.574803149606299
      vertex 2.115572242380717 1.1064517902208535 1.574803149606299
    endloop
  endfacet
  facet normal 0 0 1
    outer loop
      vertex 2.263779527559055 1.2531546070441806 1.574803149606299
      vertex 2.0122014277234146 1.1180988838081611 1.574803149606299
      vertex 2.0472440944881884 1.1220472440944884 1.574803149606299
    endloop
  endfacet
  facet normal 0 0 1
    outer loop
      vertex 2.263779527559055 1.2531546070441806 1.574803149606299
      vertex 2.0472440944881884 1.1220472440944884 1.574803149606299
      vertex 2.0822867612529623 1.1180988838081611 1.574803149606299
    endloop
  endfacet
  facet normal 0 0 1
    outer loop
      vertex 2.263779527559055 1.2531546070441806 1.574803149606299
      vertex 2.145431464859642 1.08768999723906 1.574803149606299
      vertex 2.1703671625933896 1.0627542995053125 1.574803149606299
    endloop
  endfacet
  facet normal 0 0 1
    outer loop
      vertex 2.263779527559055 1.2531546070441806 1.574803149606299
      vertex 2.115572242380717 1.1064517902208535 1.574803149606299
      vertex 2.145431464859642 1.08768999723906 1.574803149606299
    endloop
  endfacet
  facet normal 0 0 1
    outer loop
      vertex 2.1653543307086616 1.279527559055118 1.574803149606299
      vertex 2.263779527559055 1.2531546070441806 1.574803149606299
      vertex 2.2163029616343546 1.272820044545092 1.574803149606299
    endloop
  endfacet
  facet normal 0.8314696123025584 0.5555702330195823 0
    outer loop
      vertex 2.3229568005197945 1.2003711193125683 1.4173228346456692
      vertex 2.321526248088826 1.2025120923245511 1.4173228346456692
      vertex 2.321526248088826 1.2025120923245511 1.574803149606299
    endloop
  endfacet
  facet normal 0.9469301294951048 0.32143946530316453 0
    outer loop
      vertex 2.347220380415608 1.1580085496781671 1.4173228346456692
      vertex 2.347220380415608 1.1580085496781671 1.574803149606299
      vertex 2.3554972098994233 1.1336257962800236 1.574803149606299
    endloop
  endfacet
  facet normal 0 0 1
    outer loop
      vertex 2.3622047244094486 1.0826771653543306 1.574803149606299
      vertex 2.3554972098994233 1.1336257962800236 1.574803149606299
      vertex 2.263779527559055 1.2531546070441806 1.574803149606299
    endloop
  endfacet
  facet normal 0 0 1
    outer loop
      vertex 2.3554972098994233 1.1336257962800236 1.574803149606299
      vertex 2.321526248088826 1.2025120923245511 1.574803149606299
      vertex 2.263779527559055 1.2531546070441806 1.574803149606299
    endloop
  endfacet
  facet normal 0 0 1
    outer loop
      vertex 2.3407692521857606 1.1691822315384046 1.574803149606299
      vertex 2.3358317723985116 1.181102362204724 1.574803149606299
      vertex 2.321526248088826 1.2025120923245511 1.574803149606299
    endloop
  endfacet
  facet normal 0 0 1
    outer loop
      vertex 2.3554972098994233 1.1336257962800236 1.574803149606299
      vertex 2.347220380415608 1.1580085496781671 1.574803149606299
      vertex 2.3407692521857606 1.1691822315384046 1.574803149606299
    endloop
  endfacet
  facet normal 0 0 1
    outer loop
      vertex 2.3554972098994233 1.1336257962800236 1.574803149606299
      vertex 2.3407692521857606 1.1691822315384046 1.574803149606299
      vertex 2.321526248088826 1.2025120923245511 1.574803149606299
    endloop
  endfacet
  facet normal -0.7518398074789938 -0.65934581510005 0
    outer loop
      vertex -2.3215262480888255 -1.2025120923245514 1.4173228346456692
      vertex -2.319828481177316 -1.204448024454036 1.4173228346456692
      vertex -2.3215262480888255 -1.2025120923245514 1.574803149606299
    endloop
  endfacet
  facet normal -0.4422886902190001 -0.8968727415326889 0
    outer loop
      vertex -2.263779527559055 -1.2531546070441808 1.4173228346456692
      vertex -2.2406857150324977 -1.264543215061277 1.4173228346456692
      vertex -2.2406857150324977 -1.264543215061277 1.574803149606299
    endloop
  endfacet
  facet normal -0.3214394653031568 -0.9469301294951074 0
    outer loop
      vertex -2.2406857150324977 -1.264543215061277 1.4173228346456692
      vertex -2.216302961634354 -1.2728200445450921 1.4173228346456692
      vertex -2.2406857150324977 -1.264543215061277 1.574803149606299
    endloop
  endfacet
  facet normal -0.6593458151000707 -0.7518398074789757 0
    outer loop
      vertex -2.3045485789737294 -1.221871413619399 1.4173228346456692
      vertex -2.2851892576788817 -1.2388490827344951 1.4173228346456692
      vertex -2.2851892576788817 -1.2388490827344951 1.574803149606299
    endloop
  endfacet
  facet normal -0.8968727415326837 -0.44228869021901046 0
    outer loop
      vertex -2.335831772398511 -1.1811023622047243 1.4173228346456692
      vertex -2.3472203804156075 -1.1580085496781671 1.574803149606299
      vertex -2.3472203804156075 -1.1580085496781671 1.4173228346456692
    endloop
  endfacet
  facet normal -0.8314696123025479 -0.5555702330195982 0
    outer loop
      vertex -2.3215262480888255 -1.2025120923245514 1.4173228346456692
      vertex -2.3215262480888255 -1.2025120923245514 1.574803149606299
      vertex -2.335831772398511 -1.1811023622047243 1.4173228346456692
    endloop
  endfacet
  facet normal -0.9469301294951038 -0.32143946530316714 0
    outer loop
      vertex -2.3472203804156075 -1.1580085496781671 1.4173228346456692
      vertex -2.3472203804156075 -1.1580085496781671 1.574803149606299
      vertex -2.355497209899423 -1.1336257962800238 1.4173228346456692
    endloop
  endfacet
  facet normal -0.19509032201612672 -0.9807852804032308 0
    outer loop
      vertex -2.216302961634354 -1.2728200445450921 1.4173228346456692
      vertex -2.191048463035443 -1.2778434766483877 1.4173228346456692
      vertex -2.191048463035443 -1.2778434766483877 1.574803149606299
    endloop
  endfacet
  facet normal -0.06540312923014675 -0.9978589232386033 0
    outer loop
      vertex -2.191048463035443 -1.2778434766483877 1.4173228346456692
      vertex -2.165354330708661 -1.279527559055118 1.4173228346456692
      vertex -2.191048463035443 -1.2778434766483877 1.574803149606299
    endloop
  endfacet
  facet normal -0.6593458151000707 -0.7518398074789757 0
    outer loop
      vertex -2.3045485789737294 -1.221871413619399 1.4173228346456692
      vertex -2.2851892576788817 -1.2388490827344951 1.574803149606299
      vertex -2.3045485789737294 -1.221871413619399 1.574803149606299
    endloop
  endfacet
  facet normal -0.4422886902190001 -0.8968727415326889 0
    outer loop
      vertex -2.263779527559055 -1.2531546070441808 1.4173228346456692
      vertex -2.2406857150324977 -1.264543215061277 1.574803149606299
      vertex -2.263779527559055 -1.2531546070441808 1.574803149606299
    endloop
  endfacet
  facet normal -0.3214394653031568 -0.9469301294951074 0
    outer loop
      vertex -2.216302961634354 -1.2728200445450921 1.4173228346456692
      vertex -2.216302961634354 -1.2728200445450921 1.574803149606299
      vertex -2.2406857150324977 -1.264543215061277 1.574803149606299
    endloop
  endfacet
  facet normal 0 0 1
    outer loop
      vertex -2.3045485789737294 -1.221871413619399 1.574803149606299
      vertex -2.263779527559055 -1.2531546070441808 1.574803149606299
      vertex -2.335831772398511 -1.1811023622047243 1.574803149606299
    endloop
  endfacet
  facet normal 0 0 1
    outer loop
      vertex -2.263779527559055 -1.2531546070441808 1.574803149606299
      vertex -2.2406857150324977 -1.264543215061277 1.574803149606299
      vertex -2.216302961634354 -1.2728200445450921 1.574803149606299
    endloop
  endfacet
  facet normal 0 0 1
    outer loop
      vertex -2.263779527559055 -1.2531546070441808 1.574803149606299
      vertex -2.216302961634354 -1.2728200445450921 1.574803149606299
      vertex -2.165354330708661 -1.279527559055118 1.574803149606299
    endloop
  endfacet
  facet normal -0.8968727415326837 -0.44228869021901046 0
    outer loop
      vertex -2.335831772398511 -1.1811023622047243 1.4173228346456692
      vertex -2.335831772398511 -1.1811023622047243 1.574803149606299
      vertex -2.3472203804156075 -1.1580085496781671 1.574803149606299
    endloop
  endfacet
  facet normal -0.8314696123025479 -0.5555702330195982 0
    outer loop
      vertex -2.335831772398511 -1.1811023622047243 1.4173228346456692
      vertex -2.3215262480888255 -1.2025120923245514 1.574803149606299
      vertex -2.335831772398511 -1.1811023622047243 1.574803149606299
    endloop
  endfacet
  facet normal -0.980785280403233 -0.19509032201611512 0
    outer loop
      vertex -2.355497209899423 -1.1336257962800238 1.4173228346456692
      vertex -2.355497209899423 -1.1336257962800238 1.574803149606299
      vertex -2.3605206420027183 -1.1083712976811124 1.574803149606299
    endloop
  endfacet
  facet normal 0 0 1
    outer loop
      vertex -2.263779527559055 -1.2531546070441808 1.574803149606299
      vertex -2.3622047244094486 -1.0826771653543306 1.574803149606299
      vertex -2.335831772398511 -1.1811023622047243 1.574803149606299
    endloop
  endfacet
  facet normal 0 0 1
    outer loop
      vertex -2.335831772398511 -1.1811023622047243 1.574803149606299
      vertex -2.3622047244094486 -1.0826771653543306 1.574803149606299
      vertex -2.355497209899423 -1.1336257962800238 1.574803149606299
    endloop
  endfacet
  facet normal -0.19509032201612672 -0.9807852804032308 0
    outer loop
      vertex -2.216302961634354 -1.2728200445450921 1.4173228346456692
      vertex -2.191048463035443 -1.2778434766483877 1.574803149606299
      vertex -2.216302961634354 -1.2728200445450921 1.574803149606299
    endloop
  endfacet
  facet normal -0.06540312923014675 -0.9978589232386033 0
    outer loop
      vertex -2.165354330708661 -1.279527559055118 1.4173228346456692
      vertex -2.165354330708661 -1.279527559055118 1.574803149606299
      vertex -2.191048463035443 -1.2778434766483877 1.574803149606299
    endloop
  endfacet
  facet normal 0 0 1
    outer loop
      vertex -2.216302961634354 -1.2728200445450921 1.574803149606299
      vertex -2.191048463035443 -1.2778434766483877 1.574803149606299
      vertex -2.165354330708661 -1.279527559055118 1.574803149606299
    endloop
  endfacet
  facet normal -0.980785280403233 -0.19509032201611512 0
    outer loop
      vertex -2.355497209899423 -1.1336257962800238 1.4173228346456692
      vertex -2.3605206420027183 -1.1083712976811124 1.574803149606299
      vertex -2.3605206420027183 -1.1083712976811124 1.4173228346456692
    endloop
  endfacet
  facet normal -0.9978589232386033 -0.06540312923014731 0
    outer loop
      vertex -2.3605206420027183 -1.1083712976811124 1.4173228346456692
      vertex -2.3605206420027183 -1.1083712976811124 1.574803149606299
      vertex -2.3622047244094486 -1.0826771653543306 1.4173228346456692
    endloop
  endfacet
  facet normal -1 0 0
    outer loop
      vertex -2.3622047244094486 -1.0826771653543306 1.4173228346456692
      vertex -2.3622047244094486 -1.0826771653543306 1.574803149606299
      vertex -2.3622047244094486 -0.8464566929133858 1.4173228346456694
    endloop
  endfacet
  facet normal -0.9978589232386033 -0.06540312923014731 0
    outer loop
      vertex -2.3622047244094486 -1.0826771653543306 1.4173228346456692
      vertex -2.3605206420027183 -1.1083712976811124 1.574803149606299
      vertex -2.3622047244094486 -1.0826771653543306 1.574803149606299
    endloop
  endfacet
  facet normal 0 0 1
    outer loop
      vertex -2.355497209899423 -1.1336257962800238 1.574803149606299
      vertex -2.3622047244094486 -1.0826771653543306 1.574803149606299
      vertex -2.3605206420027183 -1.1083712976811124 1.574803149606299
    endloop
  endfacet
  facet normal -1 0 0
    outer loop
      vertex -2.3622047244094486 -1.0826771653543306 1.574803149606299
      vertex -2.3622047244094486 0.5708661417322833 1.4173228346456692
      vertex -2.3622047244094486 -0.8464566929133858 1.4173228346456694
    endloop
  endfacet
  facet normal 0 -1 0
    outer loop
      vertex -2.165354330708661 -1.279527559055118 1.4173228346456692
      vertex 2.1653543307086616 -1.279527559055118 1.4173228346456692
      vertex -2.165354330708661 -1.279527559055118 1.574803149606299
    endloop
  endfacet
  facet normal 0 0 1
    outer loop
      vertex -2.263779527559055 -1.2531546070441808 1.574803149606299
      vertex -2.165354330708661 -1.279527559055118 1.574803149606299
      vertex 2.263779527559055 -1.2531546070441808 1.574803149606299
    endloop
  endfacet
  facet normal -1 0 0
    outer loop
      vertex -2.3622047244094486 -1.0826771653543306 1.574803149606299
      vertex -2.3622047244094486 1.0826771653543306 1.4173228346456692
      vertex -2.3622047244094486 0.5708661417322833 1.4173228346456692
    endloop
  endfacet
  facet normal -1 0 0
    outer loop
      vertex -2.3622047244094486 -1.0826771653543306 1.574803149606299
      vertex -2.3622047244094486 1.0826771653543306 1.574803149606299
      vertex -2.3622047244094486 1.0826771653543306 1.4173228346456692
    endloop
  endfacet
  facet normal 0 0 1
    outer loop
      vertex -2.3622047244094486 -1.0826771653543306 1.574803149606299
      vertex -2.3215262480888255 1.2025120923245511 1.574803149606299
      vertex -2.3622047244094486 1.0826771653543306 1.574803149606299
    endloop
  endfacet
  facet normal -0.9978589232386033 0.06540312923014788 0
    outer loop
      vertex -2.3622047244094486 1.0826771653543306 1.4173228346456692
      vertex -2.3605206420027183 1.1083712976811122 1.574803149606299
      vertex -2.3605206420027183 1.1083712976811122 1.4173228346456692
    endloop
  endfacet
  facet normal -0.9978589232386033 0.06540312923014788 0
    outer loop
      vertex -2.3622047244094486 1.0826771653543306 1.4173228346456692
      vertex -2.3622047244094486 1.0826771653543306 1.574803149606299
      vertex -2.3605206420027183 1.1083712976811122 1.574803149606299
    endloop
  endfacet
  facet normal -0.980785280403233 0.19509032201611512 0
    outer loop
      vertex -2.3605206420027183 1.1083712976811122 1.4173228346456692
      vertex -2.3605206420027183 1.1083712976811122 1.574803149606299
      vertex -2.355497209899423 1.1336257962800236 1.574803149606299
    endloop
  endfacet
  facet normal -0.980785280403233 0.19509032201611512 0
    outer loop
      vertex -2.3605206420027183 1.1083712976811122 1.4173228346456692
      vertex -2.355497209899423 1.1336257962800236 1.574803149606299
      vertex -2.355497209899423 1.1336257962800236 1.4173228346456692
    endloop
  endfacet
  facet normal -0.9469301294951048 0.32143946530316453 0
    outer loop
      vertex -2.355497209899423 1.1336257962800236 1.4173228346456692
      vertex -2.355497209899423 1.1336257962800236 1.574803149606299
      vertex -2.3472203804156075 1.1580085496781671 1.4173228346456692
    endloop
  endfacet
  facet normal -0.8314696123025479 0.5555702330195982 0
    outer loop
      vertex -2.335831772398511 1.181102362204724 1.4173228346456692
      vertex -2.3215262480888255 1.2025120923245511 1.574803149606299
      vertex -2.3215262480888255 1.2025120923245511 1.4173228346456692
    endloop
  endfacet
  facet normal -0.7518398074789757 0.6593458151000707 1.6176127522863658e-15
    outer loop
      vertex -2.3215262480888255 1.2025120923245511 1.4173228346456692
      vertex -2.306092003438738 1.2201114753198672 1.4316392269148175
      vertex -2.3045485789737294 1.2218714136193989 1.4173228346456692
    endloop
  endfacet
  facet normal -0.6593458151000707 0.7518398074789757 0
    outer loop
      vertex -2.3045485789737294 1.2218714136193989 1.4173228346456692
      vertex -2.3045485789737294 1.2218714136193989 1.4316392269148175
      vertex -2.2851892576788817 1.238849082734495 1.4173228346456692
    endloop
  endfacet
  facet normal -0.751839807478975 0.6593458151000715 0
    outer loop
      vertex -2.3215262480888255 1.2025120923245511 1.4173228346456692
      vertex -2.3215262480888255 1.2025120923245511 1.574803149606299
      vertex -2.306092003438738 1.2201114753198672 1.4316392269148175
    endloop
  endfacet
  facet normal -0.6593458151000707 0.7518398074789757 0
    outer loop
      vertex -2.2851892576788817 1.238849082734495 1.4173228346456692
      vertex -2.3045485789737294 1.2218714136193989 1.4316392269148175
      vertex -2.3045485789737294 1.2218714136193989 1.574803149606299
    endloop
  endfacet
  facet normal -0.7518398074789822 0.6593458151000634 0
    outer loop
      vertex -2.306092003438738 1.2201114753198672 1.4316392269148175
      vertex -2.3045485789737294 1.2218714136193989 1.574803149606299
      vertex -2.3045485789737294 1.2218714136193989 1.4316392269148175
    endloop
  endfacet
  facet normal -0.5555702330196062 0.8314696123025427 0
    outer loop
      vertex -2.2851892576788817 1.238849082734495 1.4173228346456692
      vertex -2.263779527559055 1.2531546070441806 1.574803149606299
      vertex -2.263779527559055 1.2531546070441806 1.4173228346456692
    endloop
  endfacet
  facet normal -0.4422886902189932 0.8968727415326924 0
    outer loop
      vertex -2.263779527559055 1.2531546070441806 1.4173228346456692
      vertex -2.263779527559055 1.2531546070441806 1.574803149606299
      vertex -2.2406857150324977 1.2645432150612765 1.4173228346456692
    endloop
  endfacet
  facet normal -0.32143946530316453 0.9469301294951048 0
    outer loop
      vertex -2.2406857150324977 1.2645432150612765 1.4173228346456692
      vertex -2.216302961634354 1.272820044545092 1.574803149606299
      vertex -2.216302961634354 1.272820044545092 1.4173228346456692
    endloop
  endfacet
  facet normal -0.195090322016135 0.9807852804032291 0
    outer loop
      vertex -2.216302961634354 1.272820044545092 1.4173228346456692
      vertex -2.216302961634354 1.272820044545092 1.574803149606299
      vertex -2.191048463035443 1.2778434766483877 1.4173228346456692
    endloop
  endfacet
  facet normal -0.06540312923014675 0.9978589232386033 0
    outer loop
      vertex -2.191048463035443 1.2778434766483877 1.4173228346456692
      vertex -2.191048463035443 1.2778434766483877 1.574803149606299
      vertex -2.165354330708661 1.279527559055118 1.4173228346456692
    endloop
  endfacet
  facet normal -0.9469301294951048 0.32143946530316453 0
    outer loop
      vertex -2.3472203804156075 1.1580085496781671 1.4173228346456692
      vertex -2.355497209899423 1.1336257962800236 1.574803149606299
      vertex -2.3472203804156075 1.1580085496781671 1.574803149606299
    endloop
  endfacet
  facet normal -0.8314696123025479 0.5555702330195982 0
    outer loop
      vertex -2.335831772398511 1.181102362204724 1.4173228346456692
      vertex -2.335831772398511 1.181102362204724 1.574803149606299
      vertex -2.3215262480888255 1.2025120923245511 1.574803149606299
    endloop
  endfacet
  facet normal 0 0 1
    outer loop
      vertex -2.3605206420027183 1.1083712976811122 1.574803149606299
      vertex -2.3472203804156075 1.1580085496781671 1.574803149606299
      vertex -2.355497209899423 1.1336257962800236 1.574803149606299
    endloop
  endfacet
  facet normal 0 0 1
    outer loop
      vertex -2.3622047244094486 1.0826771653543306 1.574803149606299
      vertex -2.3215262480888255 1.2025120923245511 1.574803149606299
      vertex -2.3605206420027183 1.1083712976811122 1.574803149606299
    endloop
  endfacet
  facet normal 0 0 1
    outer loop
      vertex -2.3472203804156075 1.1580085496781671 1.574803149606299
      vertex -2.3215262480888255 1.2025120923245511 1.574803149606299
      vertex -2.335831772398511 1.181102362204724 1.574803149606299
    endloop
  endfacet
  facet normal -0.7518398074789757 0.6593458151000707 -1.599230789192215e-16
    outer loop
      vertex -2.306092003438738 1.2201114753198672 1.4316392269148175
      vertex -2.3215262480888255 1.2025120923245511 1.574803149606299
      vertex -2.3045485789737294 1.2218714136193989 1.574803149606299
    endloop
  endfacet
  facet normal -0.6593458151000707 0.7518398074789757 0
    outer loop
      vertex -2.2851892576788817 1.238849082734495 1.4173228346456692
      vertex -2.3045485789737294 1.2218714136193989 1.574803149606299
      vertex -2.2851892576788817 1.238849082734495 1.574803149606299
    endloop
  endfacet
  facet normal -0.5555702330196062 0.8314696123025427 0
    outer loop
      vertex -2.2851892576788817 1.238849082734495 1.4173228346456692
      vertex -2.2851892576788817 1.238849082734495 1.574803149606299
      vertex -2.263779527559055 1.2531546070441806 1.574803149606299
    endloop
  endfacet
  facet normal -0.4422886902189932 0.8968727415326924 0
    outer loop
      vertex -2.2406857150324977 1.2645432150612765 1.4173228346456692
      vertex -2.263779527559055 1.2531546070441806 1.574803149606299
      vertex -2.2406857150324977 1.2645432150612765 1.574803149606299
    endloop
  endfacet
  facet normal -0.32143946530316453 0.9469301294951048 0
    outer loop
      vertex -2.2406857150324977 1.2645432150612765 1.4173228346456692
      vertex -2.2406857150324977 1.2645432150612765 1.574803149606299
      vertex -2.216302961634354 1.272820044545092 1.574803149606299
    endloop
  endfacet
  facet normal 0 0 1
    outer loop
      vertex -2.263779527559055 1.2531546070441806 1.574803149606299
      vertex -2.216302961634354 1.272820044545092 1.574803149606299
      vertex -2.2406857150324977 1.2645432150612765 1.574803149606299
    endloop
  endfacet
  facet normal -0.195090322016135 0.9807852804032291 0
    outer loop
      vertex -2.191048463035443 1.2778434766483877 1.4173228346456692
      vertex -2.216302961634354 1.272820044545092 1.574803149606299
      vertex -2.191048463035443 1.2778434766483877 1.574803149606299
    endloop
  endfacet
  facet normal -0.06540312923014675 0.9978589232386033 0
    outer loop
      vertex -2.165354330708661 1.279527559055118 1.4173228346456692
      vertex -2.191048463035443 1.2778434766483877 1.574803149606299
      vertex -2.165354330708661 1.279527559055118 1.574803149606299
    endloop
  endfacet
  facet normal 0 0 1
    outer loop
      vertex -2.216302961634354 1.272820044545092 1.574803149606299
      vertex -2.165354330708661 1.279527559055118 1.574803149606299
      vertex -2.191048463035443 1.2778434766483877 1.574803149606299
    endloop
  endfacet
  facet normal 0 1 0
    outer loop
      vertex -2.165354330708661 1.279527559055118 1.4173228346456692
      vertex -2.165354330708661 1.279527559055118 1.574803149606299
      vertex 2.1653543307086616 1.279527559055118 1.4173228346456692
    endloop
  endfacet
  facet normal 0.06540312923014675 -0.9978589232386033 0
    outer loop
      vertex 2.1653543307086616 -1.279527559055118 1.4173228346456692
      vertex 2.1910484630354436 -1.2778434766483877 1.4173228346456692
      vertex 2.1653543307086616 -1.279527559055118 1.574803149606299
    endloop
  endfacet
  facet normal 0.19509032201610843 -0.9807852804032344 0
    outer loop
      vertex 2.2137775117744636 -1.2733223877554216 1.4173228346456692
      vertex 2.2163029616343546 -1.2728200445450921 1.4173228346456692
      vertex 2.2163029616343546 -1.2728200445450921 1.574803149606299
    endloop
  endfacet
  facet normal 0.32143946530316203 -0.9469301294951056 0
    outer loop
      vertex 2.2163029616343546 -1.2728200445450921 1.4173228346456692
      vertex 2.2406857150324977 -1.264543215061277 1.4173228346456692
      vertex 2.2163029616343546 -1.2728200445450921 1.574803149606299
    endloop
  endfacet
  facet normal 0.06540312923014675 -0.9978589232386033 0
    outer loop
      vertex 2.1910484630354436 -1.2778434766483877 1.4173228346456692
      vertex 2.1910484630354436 -1.2778434766483877 1.574803149606299
      vertex 2.1653543307086616 -1.279527559055118 1.574803149606299
    endloop
  endfacet
  facet normal 0.19509032201612672 -0.9807852804032308 0
    outer loop
      vertex 2.1910484630354436 -1.2778434766483877 1.4173228346456692
      vertex 2.2163029616343546 -1.2728200445450921 1.574803149606299
      vertex 2.1910484630354436 -1.2778434766483877 1.574803149606299
    endloop
  endfacet
  facet normal 0.32143946530316203 -0.9469301294951056 0
    outer loop
      vertex 2.2406857150324977 -1.264543215061277 1.4173228346456692
      vertex 2.2406857150324977 -1.264543215061277 1.574803149606299
      vertex 2.2163029616343546 -1.2728200445450921 1.574803149606299
    endloop
  endfacet
  facet normal 0.4422886902190001 -0.8968727415326889 0
    outer loop
      vertex 2.2406857150324977 -1.264543215061277 1.4173228346456692
      vertex 2.263779527559055 -1.2531546070441808 1.574803149606299
      vertex 2.2406857150324977 -1.264543215061277 1.574803149606299
    endloop
  endfacet
  facet normal 0 0 1
    outer loop
      vertex 2.1653543307086616 -1.279527559055118 1.574803149606299
      vertex 2.1910484630354436 -1.2778434766483877 1.574803149606299
      vertex 2.2163029616343546 -1.2728200445450921 1.574803149606299
    endloop
  endfacet
  facet normal 0 0 1
    outer loop
      vertex 2.1653543307086616 -1.279527559055118 1.574803149606299
      vertex 2.2163029616343546 -1.2728200445450921 1.574803149606299
      vertex 2.263779527559055 -1.2531546070441808 1.574803149606299
    endloop
  endfacet
  facet normal 0 0 1
    outer loop
      vertex 2.2163029616343546 -1.2728200445450921 1.574803149606299
      vertex 2.2406857150324977 -1.264543215061277 1.574803149606299
      vertex 2.263779527559055 -1.2531546070441808 1.574803149606299
    endloop
  endfacet
  facet normal 0.4422886902190067 -0.8968727415326856 0
    outer loop
      vertex 2.2614701463063995 -1.2542934678458904 1.4173228346456692
      vertex 2.263779527559055 -1.2531546070441808 1.4173228346456692
      vertex 2.263779527559055 -1.2531546070441808 1.574803149606299
    endloop
  endfacet
  facet normal 0.5555702330195982 -0.8314696123025479 0
    outer loop
      vertex 2.263779527559055 -1.2531546070441808 1.4173228346456692
      vertex 2.285189257678882 -1.2388490827344951 1.4173228346456692
      vertex 2.285189257678882 -1.2388490827344951 1.574803149606299
    endloop
  endfacet
  facet normal 0.6593458151000623 -0.7518398074789833 0
    outer loop
      vertex 2.285189257678882 -1.2388490827344951 1.4173228346456692
      vertex 2.3045485789737303 -1.221871413619399 1.4173228346456692
      vertex 2.285189257678882 -1.2388490827344951 1.574803149606299
    endloop
  endfacet
  facet normal 0.7518398074789843 -0.659345815100061 0
    outer loop
      vertex 2.3045485789737303 -1.221871413619399 1.4173228346456692
      vertex 2.321526248088826 -1.2025120923245514 1.4173228346456692
      vertex 2.3045485789737303 -1.221871413619399 1.574803149606299
    endloop
  endfacet
  facet normal 0.8314696123025479 -0.5555702330195982 0
    outer loop
      vertex 2.321526248088826 -1.2025120923245514 1.4173228346456692
      vertex 2.3358317723985116 -1.1811023622047243 1.4173228346456692
      vertex 2.3358317723985116 -1.1811023622047243 1.574803149606299
    endloop
  endfacet
  facet normal 0.8968727415326837 -0.44228869021901046 0
    outer loop
      vertex 2.3358317723985116 -1.1811023622047243 1.4173228346456692
      vertex 2.347220380415608 -1.1580085496781671 1.4173228346456692
      vertex 2.347220380415608 -1.1580085496781671 1.574803149606299
    endloop
  endfacet
  facet normal 0.9469301294950994 -0.3214394653031803 0
    outer loop
      vertex 2.354669526951042 -1.136064071619838 1.4173228346456692
      vertex 2.3554972098994233 -1.1336257962800238 1.4173228346456692
      vertex 2.3554972098994233 -1.1336257962800238 1.574803149606299
    endloop
  endfacet
  facet normal 0.5555702330195982 -0.8314696123025479 0
    outer loop
      vertex 2.263779527559055 -1.2531546070441808 1.4173228346456692
      vertex 2.285189257678882 -1.2388490827344951 1.574803149606299
      vertex 2.263779527559055 -1.2531546070441808 1.574803149606299
    endloop
  endfacet
  facet normal 0.6593458151000623 -0.7518398074789833 0
    outer loop
      vertex 2.3045485789737303 -1.221871413619399 1.4173228346456692
      vertex 2.3045485789737303 -1.221871413619399 1.574803149606299
      vertex 2.285189257678882 -1.2388490827344951 1.574803149606299
    endloop
  endfacet
  facet normal 0.7518398074789843 -0.659345815100061 0
    outer loop
      vertex 2.321526248088826 -1.2025120923245514 1.4173228346456692
      vertex 2.321526248088826 -1.2025120923245514 1.574803149606299
      vertex 2.3045485789737303 -1.221871413619399 1.574803149606299
    endloop
  endfacet
  facet normal 0 0 1
    outer loop
      vertex 2.263779527559055 -1.2531546070441808 1.574803149606299
      vertex 2.285189257678882 -1.2388490827344951 1.574803149606299
      vertex 2.3045485789737303 -1.221871413619399 1.574803149606299
    endloop
  endfacet
  facet normal 0 0 1
    outer loop
      vertex 2.263779527559055 -1.2531546070441808 1.574803149606299
      vertex 2.3045485789737303 -1.221871413619399 1.574803149606299
      vertex 2.3358317723985116 -1.1811023622047243 1.574803149606299
    endloop
  endfacet
  facet normal 0 0 1
    outer loop
      vertex 2.3045485789737303 -1.221871413619399 1.574803149606299
      vertex 2.321526248088826 -1.2025120923245514 1.574803149606299
      vertex 2.3358317723985116 -1.1811023622047243 1.574803149606299
    endloop
  endfacet
  facet normal 0.8314696123025479 -0.5555702330195982 0
    outer loop
      vertex 2.321526248088826 -1.2025120923245514 1.4173228346456692
      vertex 2.3358317723985116 -1.1811023622047243 1.574803149606299
      vertex 2.321526248088826 -1.2025120923245514 1.574803149606299
    endloop
  endfacet
  facet normal 0.8968727415326837 -0.44228869021901046 0
    outer loop
      vertex 2.3358317723985116 -1.1811023622047243 1.4173228346456692
      vertex 2.347220380415608 -1.1580085496781671 1.574803149606299
      vertex 2.3358317723985116 -1.1811023622047243 1.574803149606299
    endloop
  endfacet
  facet normal 0.9807852804032363 -0.19509032201609855 0
    outer loop
      vertex 2.3554972098994233 -1.1336257962800238 1.4173228346456692
      vertex 2.3605206420027183 -1.1083712976811124 1.574803149606299
      vertex 2.3554972098994233 -1.1336257962800238 1.574803149606299
    endloop
  endfacet
  facet normal 0 0 1
    outer loop
      vertex 2.263779527559055 -1.2531546070441808 1.574803149606299
      vertex 2.3358317723985116 -1.1811023622047243 1.574803149606299
      vertex 2.3622047244094486 -1.0826771653543306 1.574803149606299
    endloop
  endfacet
  facet normal 0 0 1
    outer loop
      vertex 2.3358317723985116 -1.1811023622047243 1.574803149606299
      vertex 2.3554972098994233 -1.1336257962800238 1.574803149606299
      vertex 2.3622047244094486 -1.0826771653543306 1.574803149606299
    endloop
  endfacet
  facet normal 0.9807852804032363 -0.19509032201609855 0
    outer loop
      vertex 2.3554972098994233 -1.1336257962800238 1.4173228346456692
      vertex 2.3605206420027183 -1.1083712976811124 1.4173228346456692
      vertex 2.3605206420027183 -1.1083712976811124 1.574803149606299
    endloop
  endfacet
  facet normal 0.9978589232386103 -0.06540312923004034 0
    outer loop
      vertex 2.362036316168776 -1.085246578587009 1.4173228346456692
      vertex 2.3622047244094486 -1.0826771653543306 1.4173228346456692
      vertex 2.3622047244094486 -1.0826771653543306 1.574803149606299
    endloop
  endfacet
  facet normal 0 0 1
    outer loop
      vertex 2.263779527559055 -1.2531546070441808 1.574803149606299
      vertex 2.3622047244094486 -1.0826771653543306 1.574803149606299
      vertex 2.263779527559055 1.2531546070441806 1.574803149606299
    endloop
  endfacet
  facet normal 1 0 0
    outer loop
      vertex 2.3622047244094486 -1.0826771653543306 1.574803149606299
      vertex 2.3622047244094486 -0.8661417322834646 1.4173228346456692
      vertex 2.3622047244094486 1.0826771653543306 1.4173228346456692
    endloop
  endfacet
  facet normal 0 1 0
    outer loop
      vertex -2.165354330708661 1.279527559055118 1.574803149606299
      vertex 2.1653543307086616 1.279527559055118 1.574803149606299
      vertex 2.1653543307086616 1.279527559055118 1.4173228346456692
    endloop
  endfacet
  facet normal 0 0 1
    outer loop
      vertex -2.165354330708661 1.279527559055118 1.574803149606299
      vertex 2.263779527559055 1.2531546070441806 1.574803149606299
      vertex 2.1653543307086616 1.279527559055118 1.574803149606299
    endloop
  endfacet
  facet normal 0.06540312923014675 0.9978589232386033 0
    outer loop
      vertex 2.1653543307086616 1.279527559055118 1.4173228346456692
      vertex 2.1653543307086616 1.279527559055118 1.574803149606299
      vertex 2.1910484630354436 1.2778434766483877 1.4173228346456692
    endloop
  endfacet
  facet normal 0.195090322016135 0.9807852804032291 0
    outer loop
      vertex 2.1910484630354436 1.2778434766483877 1.4173228346456692
      vertex 2.2163029616343546 1.272820044545092 1.574803149606299
      vertex 2.2163029616343546 1.272820044545092 1.4173228346456692
    endloop
  endfacet
  facet normal 0.32143946530316975 0.9469301294951029 0
    outer loop
      vertex 2.2163029616343546 1.272820044545092 1.4173228346456692
      vertex 2.2163029616343546 1.272820044545092 1.574803149606299
      vertex 2.2406857150324977 1.2645432150612765 1.4173228346456692
    endloop
  endfacet
  facet normal 0.06540312923014675 0.9978589232386033 0
    outer loop
      vertex 2.1910484630354436 1.2778434766483877 1.4173228346456692
      vertex 2.1653543307086616 1.279527559055118 1.574803149606299
      vertex 2.1910484630354436 1.2778434766483877 1.574803149606299
    endloop
  endfacet
  facet normal 0.195090322016135 0.9807852804032291 0
    outer loop
      vertex 2.1910484630354436 1.2778434766483877 1.4173228346456692
      vertex 2.1910484630354436 1.2778434766483877 1.574803149606299
      vertex 2.2163029616343546 1.272820044545092 1.574803149606299
    endloop
  endfacet
  facet normal 0.32143946530316975 0.9469301294951029 0
    outer loop
      vertex 2.2406857150324977 1.2645432150612765 1.4173228346456692
      vertex 2.2163029616343546 1.272820044545092 1.574803149606299
      vertex 2.2406857150324977 1.2645432150612765 1.574803149606299
    endloop
  endfacet
  facet normal 0.4422886902189932 0.8968727415326924 0
    outer loop
      vertex 2.2406857150324977 1.2645432150612765 1.4173228346456692
      vertex 2.2406857150324977 1.2645432150612765 1.574803149606299
      vertex 2.263779527559055 1.2531546070441806 1.574803149606299
    endloop
  endfacet
  facet normal 0 0 1
    outer loop
      vertex 2.1653543307086616 1.279527559055118 1.574803149606299
      vertex 2.2163029616343546 1.272820044545092 1.574803149606299
      vertex 2.1910484630354436 1.2778434766483877 1.574803149606299
    endloop
  endfacet
  facet normal 0 0 1
    outer loop
      vertex 2.2163029616343546 1.272820044545092 1.574803149606299
      vertex 2.263779527559055 1.2531546070441806 1.574803149606299
      vertex 2.2406857150324977 1.2645432150612765 1.574803149606299
    endloop
  endfacet
  facet normal 0.9978589232386033 0.06540312923014788 0
    outer loop
      vertex 2.3622047244094486 1.0826771653543306 1.4173228346456692
      vertex 2.3605206420027183 1.1083712976811122 1.4173228346456692
      vertex 2.3605206420027183 1.1083712976811122 1.574803149606299
    endloop
  endfacet
  facet normal 0.9807852804032363 0.19509032201609855 0
    outer loop
      vertex 2.3605206420027183 1.1083712976811122 1.4173228346456692
      vertex 2.3554972098994233 1.1336257962800236 1.4173228346456692
      vertex 2.3605206420027183 1.1083712976811122 1.574803149606299
    endloop
  endfacet
  facet normal 0.9978589232386033 0.06540312923014788 0
    outer loop
      vertex 2.3622047244094486 1.0826771653543306 1.4173228346456692
      vertex 2.3605206420027183 1.1083712976811122 1.574803149606299
      vertex 2.3622047244094486 1.0826771653543306 1.574803149606299
    endloop
  endfacet
  facet normal 0 0 1
    outer loop
      vertex 2.3622047244094486 1.0826771653543306 1.574803149606299
      vertex 2.3605206420027183 1.1083712976811122 1.574803149606299
      vertex 2.3554972098994233 1.1336257962800236 1.574803149606299
    endloop
  endfacet
  facet normal 0.8314696123025467 0.5555702330196 -3.5649867818983437e-16
    outer loop
      vertex 2.3358317723985116 1.181102362204724 1.4173228346456692
      vertex 2.3229568005197945 1.2003711193125683 1.4173228346456692
      vertex 2.321526248088826 1.2025120923245511 1.574803149606299
    endloop
  endfacet
  facet normal 0.8968727415326821 0.44228869021901396 0
    outer loop
      vertex 2.347220380415608 1.1580085496781671 1.4173228346456692
      vertex 2.3358317723985116 1.181102362204724 1.4173228346456692
      vertex 2.3358317723985116 1.181102362204724 1.574803149606299
    endloop
  endfacet
  facet normal 0.6593458151000623 0.7518398074789833 0
    outer loop
      vertex 2.285189257678882 1.238849082734495 1.4173228346456692
      vertex 2.285189257678882 1.238849082734495 1.574803149606299
      vertex 2.3045485789737303 1.2218714136193989 1.4173228346456692
    endloop
  endfacet
  facet normal 0.7518398074789843 0.659345815100061 0
    outer loop
      vertex 2.321526248088826 1.2025120923245511 1.4173228346456692
      vertex 2.3045485789737303 1.2218714136193989 1.4173228346456692
      vertex 2.321526248088826 1.2025120923245511 1.574803149606299
    endloop
  endfacet
  facet normal 0.5555702330195982 0.8314696123025479 0
    outer loop
      vertex 2.285189257678882 1.238849082734495 1.4173228346456692
      vertex 2.263779527559055 1.2531546070441806 1.4173228346456692
      vertex 2.263779527559055 1.2531546070441806 1.574803149606299
    endloop
  endfacet
  facet normal 0.4422886902189932 0.8968727415326924 0
    outer loop
      vertex 2.2406857150324977 1.2645432150612765 1.4173228346456692
      vertex 2.263779527559055 1.2531546070441806 1.574803149606299
      vertex 2.263779527559055 1.2531546070441806 1.4173228346456692
    endloop
  endfacet
  facet normal 0.8314696123025479 0.5555702330195982 0
    outer loop
      vertex 2.3358317723985116 1.181102362204724 1.4173228346456692
      vertex 2.321526248088826 1.2025120923245511 1.574803149606299
      vertex 2.3358317723985116 1.181102362204724 1.574803149606299
    endloop
  endfacet
  facet normal 0.9807852804032363 0.19509032201609855 0
    outer loop
      vertex 2.3605206420027183 1.1083712976811122 1.574803149606299
      vertex 2.3554972098994233 1.1336257962800236 1.4173228346456692
      vertex 2.3554972098994233 1.1336257962800236 1.574803149606299
    endloop
  endfacet
  facet normal 0.8968727415326821 0.44228869021901396 0
    outer loop
      vertex 2.347220380415608 1.1580085496781671 1.4173228346456692
      vertex 2.3358317723985116 1.181102362204724 1.574803149606299
      vertex 2.347220380415608 1.1580085496781671 1.574803149606299
    endloop
  endfacet
  facet normal 0 0 1
    outer loop
      vertex 2.347220380415608 1.1580085496781671 1.574803149606299
      vertex 2.3358317723985116 1.181102362204724 1.574803149606299
      vertex 2.3407692521857606 1.1691822315384046 1.574803149606299
    endloop
  endfacet
  facet normal 0.7518398074789843 0.659345815100061 0
    outer loop
      vertex 2.3045485789737303 1.2218714136193989 1.4173228346456692
      vertex 2.3045485789737303 1.2218714136193989 1.574803149606299
      vertex 2.321526248088826 1.2025120923245511 1.574803149606299
    endloop
  endfacet
  facet normal 0.6593458151000623 0.7518398074789833 0
    outer loop
      vertex 2.3045485789737303 1.2218714136193989 1.4173228346456692
      vertex 2.285189257678882 1.238849082734495 1.574803149606299
      vertex 2.3045485789737303 1.2218714136193989 1.574803149606299
    endloop
  endfacet
  facet normal 0.5555702330195982 0.8314696123025479 0
    outer loop
      vertex 2.285189257678882 1.238849082734495 1.4173228346456692
      vertex 2.263779527559055 1.2531546070441806 1.574803149606299
      vertex 2.285189257678882 1.238849082734495 1.574803149606299
    endloop
  endfacet
  facet normal 0 0 1
    outer loop
      vertex 2.285189257678882 1.238849082734495 1.574803149606299
      vertex 2.263779527559055 1.2531546070441806 1.574803149606299
      vertex 2.321526248088826 1.2025120923245511 1.574803149606299
    endloop
  endfacet
  facet normal 0 0 1
    outer loop
      vertex 2.285189257678882 1.238849082734495 1.574803149606299
      vertex 2.321526248088826 1.2025120923245511 1.574803149606299
      vertex 2.3045485789737303 1.2218714136193989 1.574803149606299
    endloop
  endfacet
  facet normal 1 0 0
    outer loop
      vertex 2.2440944881889764 -0.6035287059624149 0.7364529438774565
      vertex 2.2440944881889764 -0.6035287059624149 0.8383502057288426
      vertex 2.2440944881889764 -0.6102362204724409 0.7874015748031495
    endloop
  endfacet
  facet normal 1 0 0
    outer loop
      vertex 2.2440944881889764 -0.5838632684615036 0.6889763779527558
      vertex 2.2440944881889764 -0.5838632684615036 0.8858267716535433
      vertex 2.2440944881889764 -0.6035287059624149 0.7364529438774565
    endloop
  endfacet
  facet normal 1 0 0
    outer loop
      vertex 2.2440944881889764 -0.5838632684615036 0.6889763779527558
      vertex 2.2440944881889764 -0.5525800750367219 0.6482073265380811
      vertex 2.2440944881889764 -0.5525800750367219 0.926595823068218
    endloop
  endfacet
  facet normal 1 0 0
    outer loop
      vertex 2.2440944881889764 -0.5118110236220472 0.6169241331132994
      vertex 2.2440944881889764 -0.5118110236220472 0.9578790164929997
      vertex 2.2440944881889764 -0.5525800750367219 0.6482073265380811
    endloop
  endfacet
  facet normal 1 0 0
    outer loop
      vertex 2.2440944881889764 -0.5118110236220472 0.6169241331132994
      vertex 2.2440944881889764 -0.4643344576973465 0.5972586956123881
      vertex 2.2440944881889764 -0.4643344576973465 0.977544453993911
    endloop
  endfacet
  facet normal 1 0 0
    outer loop
      vertex 2.2440944881889764 -0.4643344576973465 0.5972586956123881
      vertex 2.2440944881889764 -0.4133858267716535 0.5905511811023622
      vertex 2.2440944881889764 -0.4133858267716535 0.9842519685039369
    endloop
  endfacet
  facet normal 1 0 0
    outer loop
      vertex 2.2440944881889764 -0.4133858267716535 0.5905511811023622
      vertex 2.2440944881889764 -0.36243719584596046 0.5972586956123881
      vertex 2.2440944881889764 -0.36243719584596046 0.977544453993911
    endloop
  endfacet
  facet normal 1 0 0
    outer loop
      vertex 2.2440944881889764 -0.36243719584596046 0.5972586956123881
      vertex 2.2440944881889764 -0.3149606299212597 0.6169241331132994
      vertex 2.2440944881889764 -0.3149606299212597 0.9578790164929997
    endloop
  endfacet
  facet normal 1 0 0
    outer loop
      vertex 2.2440944881889764 -0.3149606299212597 0.6169241331132994
      vertex 2.2440944881889764 -0.27419157850658515 0.6482073265380811
      vertex 2.2440944881889764 -0.27419157850658515 0.926595823068218
    endloop
  endfacet
  facet normal 1 0 0
    outer loop
      vertex 2.2440944881889764 -0.27419157850658515 0.6482073265380811
      vertex 2.2440944881889764 -0.24290838508180346 0.6889763779527558
      vertex 2.2440944881889764 -0.24290838508180346 0.8858267716535433
    endloop
  endfacet
  facet normal 1 0 0
    outer loop
      vertex 2.2440944881889764 -0.24290838508180346 0.6889763779527558
      vertex 2.2440944881889764 -0.22324294758089192 0.7364529438774565
      vertex 2.2440944881889764 -0.22324294758089192 0.8383502057288426
    endloop
  endfacet
  facet normal 1 0 0
    outer loop
      vertex 2.2440944881889764 -0.22324294758089192 0.7364529438774565
      vertex 2.2440944881889764 -0.2165354330708662 0.7874015748031495
      vertex 2.2440944881889764 -0.22324294758089192 0.8383502057288426
    endloop
  endfacet
  facet normal 0 0.13052619222005185 0.9914448613738104
    outer loop
      vertex 2.2440944881889764 -0.4643344576973465 0.5972586956123881
      vertex 2.3622047244094486 -0.4643344576973465 0.5972586956123881
      vertex 2.2440944881889764 -0.4133858267716535 0.5905511811023622
    endloop
  endfacet
  facet normal 0 0.13052619222005185 0.9914448613738104
    outer loop
      vertex 2.2440944881889764 -0.4133858267716535 0.5905511811023622
      vertex 2.3622047244094486 -0.4643344576973465 0.5972586956123881
      vertex 2.3622047244094486 -0.4133858267716535 0.5905511811023622
    endloop
  endfacet
  facet normal 0 -0.13052619222005185 0.9914448613738104
    outer loop
      vertex 2.2440944881889764 -0.4133858267716535 0.5905511811023622
      vertex 2.3622047244094486 -0.4133858267716535 0.5905511811023622
      vertex 2.2440944881889764 -0.36243719584596046 0.5972586956123881
    endloop
  endfacet
  facet normal 0 -0.13052619222005185 0.9914448613738104
    outer loop
      vertex 2.2440944881889764 -0.36243719584596046 0.5972586956123881
      vertex 2.3622047244094486 -0.4133858267716535 0.5905511811023622
      vertex 2.3622047244094486 -0.36243719584596046 0.5972586956123881
    endloop
  endfacet
  facet normal 0 0.7933533402912352 0.6087614290087205
    outer loop
      vertex 2.2440944881889764 -0.5838632684615036 0.6889763779527558
      vertex 2.3622047244094486 -0.5838632684615036 0.6889763779527558
      vertex 2.2440944881889764 -0.5525800750367219 0.6482073265380811
    endloop
  endfacet
  facet normal 0 0.7933533402912352 0.6087614290087205
    outer loop
      vertex 2.2440944881889764 -0.5525800750367219 0.6482073265380811
      vertex 2.3622047244094486 -0.5838632684615036 0.6889763779527558
      vertex 2.3622047244094486 -0.5525800750367219 0.6482073265380811
    endloop
  endfacet
  facet normal 0 0.6087614290087205 0.7933533402912352
    outer loop
      vertex 2.2440944881889764 -0.5118110236220472 0.6169241331132994
      vertex 2.2440944881889764 -0.5525800750367219 0.6482073265380811
      vertex 2.3622047244094486 -0.5525800750367219 0.6482073265380811
    endloop
  endfacet
  facet normal 0 0.6087614290087205 0.7933533402912352
    outer loop
      vertex 2.2440944881889764 -0.5118110236220472 0.6169241331132994
      vertex 2.3622047244094486 -0.5525800750367219 0.6482073265380811
      vertex 2.3622047244094486 -0.5118110236220472 0.6169241331132994
    endloop
  endfacet
  facet normal 0 0.3826834323650886 0.9238795325112872
    outer loop
      vertex 2.2440944881889764 -0.5118110236220472 0.6169241331132994
      vertex 2.3622047244094486 -0.5118110236220472 0.6169241331132994
      vertex 2.2440944881889764 -0.4643344576973465 0.5972586956123881
    endloop
  endfacet
  facet normal 0 0.3826834323650886 0.9238795325112872
    outer loop
      vertex 2.3622047244094486 -0.5118110236220472 0.6169241331132994
      vertex 2.3622047244094486 -0.4643344576973465 0.5972586956123881
      vertex 2.2440944881889764 -0.4643344576973465 0.5972586956123881
    endloop
  endfacet
  facet normal 0 0.9238795325112872 0.3826834323650886
    outer loop
      vertex 2.2440944881889764 -0.5838632684615036 0.6889763779527558
      vertex 2.2440944881889764 -0.6035287059624149 0.7364529438774565
      vertex 2.3622047244094486 -0.6035287059624149 0.7364529438774565
    endloop
  endfacet
  facet normal 0 0.9238795325112872 0.3826834323650886
    outer loop
      vertex 2.2440944881889764 -0.5838632684615036 0.6889763779527558
      vertex 2.3622047244094486 -0.6035287059624149 0.7364529438774565
      vertex 2.3622047244094486 -0.5838632684615036 0.6889763779527558
    endloop
  endfacet
  facet normal 0 0.9914448613738104 0.13052619222005185
    outer loop
      vertex 2.2440944881889764 -0.6035287059624149 0.7364529438774565
      vertex 2.2440944881889764 -0.6102362204724409 0.7874015748031495
      vertex 2.3622047244094486 -0.6102362204724409 0.7874015748031495
    endloop
  endfacet
  facet normal 0 0.9914448613738104 0.13052619222005185
    outer loop
      vertex 2.2440944881889764 -0.6035287059624149 0.7364529438774565
      vertex 2.3622047244094486 -0.6102362204724409 0.7874015748031495
      vertex 2.3622047244094486 -0.6035287059624149 0.7364529438774565
    endloop
  endfacet
  facet normal 0 -0.3826834323650886 0.9238795325112872
    outer loop
      vertex 2.2440944881889764 -0.36243719584596046 0.5972586956123881
      vertex 2.3622047244094486 -0.36243719584596046 0.5972586956123881
      vertex 2.2440944881889764 -0.3149606299212597 0.6169241331132994
    endloop
  endfacet
  facet normal 0 -0.3826834323650886 0.9238795325112872
    outer loop
      vertex 2.3622047244094486 -0.36243719584596046 0.5972586956123881
      vertex 2.3622047244094486 -0.3149606299212597 0.6169241331132994
      vertex 2.2440944881889764 -0.3149606299212597 0.6169241331132994
    endloop
  endfacet
  facet normal 0 -0.6087614290087217 0.7933533402912344
    outer loop
      vertex 2.2440944881889764 -0.3149606299212597 0.6169241331132994
      vertex 2.3622047244094486 -0.3149606299212597 0.6169241331132994
      vertex 2.2440944881889764 -0.27419157850658515 0.6482073265380811
    endloop
  endfacet
  facet normal 0 -0.6087614290087217 0.7933533402912344
    outer loop
      vertex 2.3622047244094486 -0.3149606299212597 0.6169241331132994
      vertex 2.3622047244094486 -0.27419157850658515 0.6482073265380811
      vertex 2.2440944881889764 -0.27419157850658515 0.6482073265380811
    endloop
  endfacet
  facet normal 0 -0.7933533402912352 0.6087614290087205
    outer loop
      vertex 2.2440944881889764 -0.27419157850658515 0.6482073265380811
      vertex 2.3622047244094486 -0.27419157850658515 0.6482073265380811
      vertex 2.2440944881889764 -0.24290838508180346 0.6889763779527558
    endloop
  endfacet
  facet normal 0 -0.7933533402912352 0.6087614290087205
    outer loop
      vertex 2.2440944881889764 -0.24290838508180346 0.6889763779527558
      vertex 2.3622047244094486 -0.27419157850658515 0.6482073265380811
      vertex 2.3622047244094486 -0.24290838508180346 0.6889763779527558
    endloop
  endfacet
  facet normal 0 -0.9238795325112857 0.3826834323650924
    outer loop
      vertex 2.2440944881889764 -0.24290838508180346 0.6889763779527558
      vertex 2.3622047244094486 -0.24290838508180346 0.6889763779527558
      vertex 2.2440944881889764 -0.22324294758089192 0.7364529438774565
    endloop
  endfacet
  facet normal 0 -0.9238795325112857 0.3826834323650924
    outer loop
      vertex 2.2440944881889764 -0.22324294758089192 0.7364529438774565
      vertex 2.3622047244094486 -0.24290838508180346 0.6889763779527558
      vertex 2.3622047244094486 -0.22324294758089192 0.7364529438774565
    endloop
  endfacet
  facet normal 0 -0.9914448613738109 0.13052619222004763
    outer loop
      vertex 2.2440944881889764 -0.22324294758089192 0.7364529438774565
      vertex 2.3622047244094486 -0.22324294758089192 0.7364529438774565
      vertex 2.2440944881889764 -0.2165354330708662 0.7874015748031495
    endloop
  endfacet
  facet normal 0 -0.9914448613738109 0.13052619222004763
    outer loop
      vertex 2.3622047244094486 -0.22324294758089192 0.7364529438774565
      vertex 2.3622047244094486 -0.2165354330708662 0.7874015748031495
      vertex 2.2440944881889764 -0.2165354330708662 0.7874015748031495
    endloop
  endfacet
  facet normal 1 0 0
    outer loop
      vertex 2.2440944881889764 -0.6035287059624149 0.7364529438774565
      vertex 2.2440944881889764 -0.5838632684615036 0.8858267716535433
      vertex 2.2440944881889764 -0.6035287059624149 0.8383502057288426
    endloop
  endfacet
  facet normal 1 0 0
    outer loop
      vertex 2.2440944881889764 -0.5838632684615036 0.6889763779527558
      vertex 2.2440944881889764 -0.5525800750367219 0.926595823068218
      vertex 2.2440944881889764 -0.5838632684615036 0.8858267716535433
    endloop
  endfacet
  facet normal 1 0 0
    outer loop
      vertex 2.2440944881889764 -0.5525800750367219 0.6482073265380811
      vertex 2.2440944881889764 -0.5118110236220472 0.9578790164929997
      vertex 2.2440944881889764 -0.5525800750367219 0.926595823068218
    endloop
  endfacet
  facet normal 1 0 0
    outer loop
      vertex 2.2440944881889764 -0.5118110236220472 0.6169241331132994
      vertex 2.2440944881889764 -0.4643344576973465 0.977544453993911
      vertex 2.2440944881889764 -0.5118110236220472 0.9578790164929997
    endloop
  endfacet
  facet normal 1 0 0
    outer loop
      vertex 2.2440944881889764 -0.4643344576973465 0.5972586956123881
      vertex 2.2440944881889764 -0.4133858267716535 0.9842519685039369
      vertex 2.2440944881889764 -0.4643344576973465 0.977544453993911
    endloop
  endfacet
  facet normal 1 0 0
    outer loop
      vertex 2.2440944881889764 -0.4133858267716535 0.5905511811023622
      vertex 2.2440944881889764 -0.36243719584596046 0.977544453993911
      vertex 2.2440944881889764 -0.4133858267716535 0.9842519685039369
    endloop
  endfacet
  facet normal 1 0 0
    outer loop
      vertex 2.2440944881889764 -0.36243719584596046 0.5972586956123881
      vertex 2.2440944881889764 -0.3149606299212597 0.9578790164929997
      vertex 2.2440944881889764 -0.36243719584596046 0.977544453993911
    endloop
  endfacet
  facet normal 1 0 0
    outer loop
      vertex 2.2440944881889764 -0.3149606299212597 0.6169241331132994
      vertex 2.2440944881889764 -0.27419157850658515 0.926595823068218
      vertex 2.2440944881889764 -0.3149606299212597 0.9578790164929997
    endloop
  endfacet
  facet normal 1 0 0
    outer loop
      vertex 2.2440944881889764 -0.27419157850658515 0.6482073265380811
      vertex 2.2440944881889764 -0.24290838508180346 0.8858267716535433
      vertex 2.2440944881889764 -0.27419157850658515 0.926595823068218
    endloop
  endfacet
  facet normal 1 0 0
    outer loop
      vertex 2.2440944881889764 -0.24290838508180346 0.6889763779527558
      vertex 2.2440944881889764 -0.22324294758089192 0.8383502057288426
      vertex 2.2440944881889764 -0.24290838508180346 0.8858267716535433
    endloop
  endfacet
  facet normal 0 0.9914448613738104 -0.13052619222005185
    outer loop
      vertex 2.2440944881889764 -0.6102362204724409 0.7874015748031495
      vertex 2.2440944881889764 -0.6035287059624149 0.8383502057288426
      vertex 2.3622047244094486 -0.6035287059624149 0.8383502057288426
    endloop
  endfacet
  facet normal 0 0.9914448613738104 -0.13052619222005185
    outer loop
      vertex 2.2440944881889764 -0.6102362204724409 0.7874015748031495
      vertex 2.3622047244094486 -0.6035287059624149 0.8383502057288426
      vertex 2.3622047244094486 -0.6102362204724409 0.7874015748031495
    endloop
  endfacet
  facet normal 0 0.9238795325112872 -0.3826834323650886
    outer loop
      vertex 2.2440944881889764 -0.6035287059624149 0.8383502057288426
      vertex 2.2440944881889764 -0.5838632684615036 0.8858267716535433
      vertex 2.3622047244094486 -0.5838632684615036 0.8858267716535433
    endloop
  endfacet
  facet normal 0 0.9238795325112872 -0.3826834323650886
    outer loop
      vertex 2.2440944881889764 -0.6035287059624149 0.8383502057288426
      vertex 2.3622047244094486 -0.5838632684615036 0.8858267716535433
      vertex 2.3622047244094486 -0.6035287059624149 0.8383502057288426
    endloop
  endfacet
  facet normal 0 0.7933533402912352 -0.6087614290087205
    outer loop
      vertex 2.2440944881889764 -0.5838632684615036 0.8858267716535433
      vertex 2.3622047244094486 -0.5525800750367219 0.926595823068218
      vertex 2.3622047244094486 -0.5838632684615036 0.8858267716535433
    endloop
  endfacet
  facet normal 0 0.7933533402912352 -0.6087614290087205
    outer loop
      vertex 2.2440944881889764 -0.5838632684615036 0.8858267716535433
      vertex 2.2440944881889764 -0.5525800750367219 0.926595823068218
      vertex 2.3622047244094486 -0.5525800750367219 0.926595823068218
    endloop
  endfacet
  facet normal 0 0.6087614290087205 -0.7933533402912352
    outer loop
      vertex 2.2440944881889764 -0.5525800750367219 0.926595823068218
      vertex 2.2440944881889764 -0.5118110236220472 0.9578790164929997
      vertex 2.3622047244094486 -0.5118110236220472 0.9578790164929997
    endloop
  endfacet
  facet normal 0 0.6087614290087205 -0.7933533402912352
    outer loop
      vertex 2.2440944881889764 -0.5525800750367219 0.926595823068218
      vertex 2.3622047244094486 -0.5118110236220472 0.9578790164929997
      vertex 2.3622047244094486 -0.5525800750367219 0.926595823068218
    endloop
  endfacet
  facet normal 0 0.3826834323650886 -0.9238795325112872
    outer loop
      vertex 2.2440944881889764 -0.5118110236220472 0.9578790164929997
      vertex 2.2440944881889764 -0.4643344576973465 0.977544453993911
      vertex 2.3622047244094486 -0.4643344576973465 0.977544453993911
    endloop
  endfacet
  facet normal 0 0.3826834323650886 -0.9238795325112872
    outer loop
      vertex 2.2440944881889764 -0.5118110236220472 0.9578790164929997
      vertex 2.3622047244094486 -0.4643344576973465 0.977544453993911
      vertex 2.3622047244094486 -0.5118110236220472 0.9578790164929997
    endloop
  endfacet
  facet normal 0 0.13052619222005185 -0.9914448613738104
    outer loop
      vertex 2.2440944881889764 -0.4643344576973465 0.977544453993911
      vertex 2.3622047244094486 -0.4133858267716535 0.9842519685039369
      vertex 2.3622047244094486 -0.4643344576973465 0.977544453993911
    endloop
  endfacet
  facet normal 0 0.13052619222005185 -0.9914448613738104
    outer loop
      vertex 2.2440944881889764 -0.4643344576973465 0.977544453993911
      vertex 2.2440944881889764 -0.4133858267716535 0.9842519685039369
      vertex 2.3622047244094486 -0.4133858267716535 0.9842519685039369
    endloop
  endfacet
  facet normal 0 -0.13052619222005185 -0.9914448613738104
    outer loop
      vertex 2.2440944881889764 -0.36243719584596046 0.977544453993911
      vertex 2.3622047244094486 -0.36243719584596046 0.977544453993911
      vertex 2.2440944881889764 -0.4133858267716535 0.9842519685039369
    endloop
  endfacet
  facet normal 0 -0.13052619222005185 -0.9914448613738104
    outer loop
      vertex 2.3622047244094486 -0.36243719584596046 0.977544453993911
      vertex 2.3622047244094486 -0.4133858267716535 0.9842519685039369
      vertex 2.2440944881889764 -0.4133858267716535 0.9842519685039369
    endloop
  endfacet
  facet normal 0 -0.3826834323650886 -0.9238795325112872
    outer loop
      vertex 2.2440944881889764 -0.36243719584596046 0.977544453993911
      vertex 2.2440944881889764 -0.3149606299212597 0.9578790164929997
      vertex 2.3622047244094486 -0.3149606299212597 0.9578790164929997
    endloop
  endfacet
  facet normal 0 -0.3826834323650886 -0.9238795325112872
    outer loop
      vertex 2.2440944881889764 -0.36243719584596046 0.977544453993911
      vertex 2.3622047244094486 -0.3149606299212597 0.9578790164929997
      vertex 2.3622047244094486 -0.36243719584596046 0.977544453993911
    endloop
  endfacet
  facet normal 0 -0.7933533402912352 -0.6087614290087205
    outer loop
      vertex 2.2440944881889764 -0.24290838508180346 0.8858267716535433
      vertex 2.3622047244094486 -0.24290838508180346 0.8858267716535433
      vertex 2.2440944881889764 -0.27419157850658515 0.926595823068218
    endloop
  endfacet
  facet normal 0 -0.9914448613738109 -0.13052619222004763
    outer loop
      vertex 2.2440944881889764 -0.2165354330708662 0.7874015748031495
      vertex 2.3622047244094486 -0.2165354330708662 0.7874015748031495
      vertex 2.2440944881889764 -0.22324294758089192 0.8383502057288426
    endloop
  endfacet
  facet normal 0 -0.9914448613738109 -0.13052619222004763
    outer loop
      vertex 2.3622047244094486 -0.2165354330708662 0.7874015748031495
      vertex 2.3622047244094486 -0.22324294758089192 0.8383502057288426
      vertex 2.2440944881889764 -0.22324294758089192 0.8383502057288426
    endloop
  endfacet
  facet normal 0 -0.9238795325112857 -0.3826834323650924
    outer loop
      vertex 2.2440944881889764 -0.22324294758089192 0.8383502057288426
      vertex 2.3622047244094486 -0.22324294758089192 0.8383502057288426
      vertex 2.2440944881889764 -0.24290838508180346 0.8858267716535433
    endloop
  endfacet
  facet normal 0 -0.9238795325112857 -0.3826834323650924
    outer loop
      vertex 2.3622047244094486 -0.22324294758089192 0.8383502057288426
      vertex 2.3622047244094486 -0.24290838508180346 0.8858267716535433
      vertex 2.2440944881889764 -0.24290838508180346 0.8858267716535433
    endloop
  endfacet
  facet normal 0 -0.6087614290087217 -0.7933533402912344
    outer loop
      vertex 2.2440944881889764 -0.27419157850658515 0.926595823068218
      vertex 2.3622047244094486 -0.27419157850658515 0.926595823068218
      vertex 2.2440944881889764 -0.3149606299212597 0.9578790164929997
    endloop
  endfacet
  facet normal 0 -0.6087614290087217 -0.7933533402912344
    outer loop
      vertex 2.3622047244094486 -0.27419157850658515 0.926595823068218
      vertex 2.3622047244094486 -0.3149606299212597 0.9578790164929997
      vertex 2.2440944881889764 -0.3149606299212597 0.9578790164929997
    endloop
  endfacet
  facet normal 0 -0.7933533402912352 -0.6087614290087205
    outer loop
      vertex 2.2440944881889764 -0.27419157850658515 0.926595823068218
      vertex 2.3622047244094486 -0.24290838508180346 0.8858267716535433
      vertex 2.3622047244094486 -0.27419157850658515 0.926595823068218
    endloop
  endfacet
  facet normal 1 0 0
    outer loop
      vertex 2.2440944881889764 0.40038870004243354 0.6889763779527558
      vertex 2.2440944881889764 0.40038870004243354 0.8858267716535433
      vertex 2.2440944881889764 0.380723262541522 0.7364529438774565
    endloop
  endfacet
  facet normal 1 0 0
    outer loop
      vertex 2.2440944881889764 0.380723262541522 0.7364529438774565
      vertex 2.2440944881889764 0.380723262541522 0.8383502057288426
      vertex 2.2440944881889764 0.3740157480314963 0.7874015748031495
    endloop
  endfacet
  facet normal 1 0 0
    outer loop
      vertex 2.2440944881889764 0.4724409448818898 0.6169241331132994
      vertex 2.2440944881889764 0.4724409448818898 0.9578790164929997
      vertex 2.2440944881889764 0.43167189346721524 0.6482073265380811
    endloop
  endfacet
  facet normal 1 0 0
    outer loop
      vertex 2.2440944881889764 0.43167189346721524 0.6482073265380811
      vertex 2.2440944881889764 0.43167189346721524 0.926595823068218
      vertex 2.2440944881889764 0.40038870004243354 0.6889763779527558
    endloop
  endfacet
  facet normal 1 0 0
    outer loop
      vertex 2.2440944881889764 0.4724409448818898 0.6169241331132994
      vertex 2.2440944881889764 0.5199175108065905 0.5972586956123881
      vertex 2.2440944881889764 0.5199175108065905 0.977544453993911
    endloop
  endfacet
  facet normal 1 0 0
    outer loop
      vertex 2.2440944881889764 0.5199175108065905 0.5972586956123881
      vertex 2.2440944881889764 0.5708661417322836 0.5905511811023622
      vertex 2.2440944881889764 0.5708661417322836 0.9842519685039369
    endloop
  endfacet
  facet normal 1 0 0
    outer loop
      vertex 2.2440944881889764 0.5708661417322836 0.5905511811023622
      vertex 2.2440944881889764 0.6218147726579766 0.5972586956123881
      vertex 2.2440944881889764 0.6218147726579766 0.977544453993911
    endloop
  endfacet
  facet normal 0 0.13052619222005185 0.9914448613738104
    outer loop
      vertex 2.2440944881889764 0.5199175108065905 0.5972586956123881
      vertex 2.3622047244094486 0.5199175108065905 0.5972586956123881
      vertex 2.2440944881889764 0.5708661417322836 0.5905511811023622
    endloop
  endfacet
  facet normal 0 0.13052619222005185 0.9914448613738104
    outer loop
      vertex 2.3622047244094486 0.5199175108065905 0.5972586956123881
      vertex 2.3622047244094486 0.5708661417322836 0.5905511811023622
      vertex 2.2440944881889764 0.5708661417322836 0.5905511811023622
    endloop
  endfacet
  facet normal 0 -0.13052619222005185 0.9914448613738104
    outer loop
      vertex 2.2440944881889764 0.5708661417322836 0.5905511811023622
      vertex 2.3622047244094486 0.5708661417322836 0.5905511811023622
      vertex 2.2440944881889764 0.6218147726579766 0.5972586956123881
    endloop
  endfacet
  facet normal 0 -0.13052619222005185 0.9914448613738104
    outer loop
      vertex 2.2440944881889764 0.6218147726579766 0.5972586956123881
      vertex 2.3622047244094486 0.5708661417322836 0.5905511811023622
      vertex 2.3622047244094486 0.6218147726579766 0.5972586956123881
    endloop
  endfacet
  facet normal 0 0.6087614290087217 0.7933533402912344
    outer loop
      vertex 2.2440944881889764 0.4724409448818898 0.6169241331132994
      vertex 2.2440944881889764 0.43167189346721524 0.6482073265380811
      vertex 2.3622047244094486 0.43167189346721524 0.6482073265380811
    endloop
  endfacet
  facet normal 0 0.6087614290087217 0.7933533402912344
    outer loop
      vertex 2.2440944881889764 0.4724409448818898 0.6169241331132994
      vertex 2.3622047244094486 0.43167189346721524 0.6482073265380811
      vertex 2.3622047244094486 0.4724409448818898 0.6169241331132994
    endloop
  endfacet
  facet normal 0 0.7933533402912352 0.6087614290087205
    outer loop
      vertex 2.2440944881889764 0.43167189346721524 0.6482073265380811
      vertex 2.2440944881889764 0.40038870004243354 0.6889763779527558
      vertex 2.3622047244094486 0.40038870004243354 0.6889763779527558
    endloop
  endfacet
  facet normal 0 0.7933533402912352 0.6087614290087205
    outer loop
      vertex 2.2440944881889764 0.43167189346721524 0.6482073265380811
      vertex 2.3622047244094486 0.40038870004243354 0.6889763779527558
      vertex 2.3622047244094486 0.43167189346721524 0.6482073265380811
    endloop
  endfacet
  facet normal 0 0.9238795325112857 0.3826834323650924
    outer loop
      vertex 2.2440944881889764 0.40038870004243354 0.6889763779527558
      vertex 2.2440944881889764 0.380723262541522 0.7364529438774565
      vertex 2.3622047244094486 0.380723262541522 0.7364529438774565
    endloop
  endfacet
  facet normal 0 0.9238795325112857 0.3826834323650924
    outer loop
      vertex 2.2440944881889764 0.40038870004243354 0.6889763779527558
      vertex 2.3622047244094486 0.380723262541522 0.7364529438774565
      vertex 2.3622047244094486 0.40038870004243354 0.6889763779527558
    endloop
  endfacet
  facet normal 0 0.9914448613738109 0.13052619222004763
    outer loop
      vertex 2.2440944881889764 0.380723262541522 0.7364529438774565
      vertex 2.2440944881889764 0.3740157480314963 0.7874015748031495
      vertex 2.3622047244094486 0.3740157480314963 0.7874015748031495
    endloop
  endfacet
  facet normal 0 0.9914448613738109 0.13052619222004763
    outer loop
      vertex 2.2440944881889764 0.380723262541522 0.7364529438774565
      vertex 2.3622047244094486 0.3740157480314963 0.7874015748031495
      vertex 2.3622047244094486 0.380723262541522 0.7364529438774565
    endloop
  endfacet
  facet normal 0 0.3826834323650886 0.9238795325112872
    outer loop
      vertex 2.2440944881889764 0.4724409448818898 0.6169241331132994
      vertex 2.3622047244094486 0.4724409448818898 0.6169241331132994
      vertex 2.2440944881889764 0.5199175108065905 0.5972586956123881
    endloop
  endfacet
  facet normal 0 0.3826834323650886 0.9238795325112872
    outer loop
      vertex 2.3622047244094486 0.4724409448818898 0.6169241331132994
      vertex 2.3622047244094486 0.5199175108065905 0.5972586956123881
      vertex 2.2440944881889764 0.5199175108065905 0.5972586956123881
    endloop
  endfacet
  facet normal 0 -0.3826834323650886 0.9238795325112872
    outer loop
      vertex 2.2440944881889764 0.6218147726579766 0.5972586956123881
      vertex 2.3622047244094486 0.6218147726579766 0.5972586956123881
      vertex 2.2440944881889764 0.6692913385826773 0.6169241331132994
    endloop
  endfacet
  facet normal 1 0 0
    outer loop
      vertex 2.2440944881889764 0.6218147726579766 0.5972586956123881
      vertex 2.2440944881889764 0.6692913385826773 0.6169241331132994
      vertex 2.2440944881889764 0.6692913385826773 0.9578790164929997
    endloop
  endfacet
  facet normal 1 0 0
    outer loop
      vertex 2.2440944881889764 0.6692913385826773 0.6169241331132994
      vertex 2.2440944881889764 0.7100603899973519 0.6482073265380811
      vertex 2.2440944881889764 0.7100603899973519 0.926595823068218
    endloop
  endfacet
  facet normal 1 0 0
    outer loop
      vertex 2.2440944881889764 0.7100603899973519 0.6482073265380811
      vertex 2.2440944881889764 0.7413435834221338 0.6889763779527558
      vertex 2.2440944881889764 0.7413435834221338 0.8858267716535433
    endloop
  endfacet
  facet normal 1 0 0
    outer loop
      vertex 2.2440944881889764 0.7413435834221338 0.6889763779527558
      vertex 2.2440944881889764 0.7610090209230451 0.7364529438774565
      vertex 2.2440944881889764 0.7610090209230451 0.8383502057288426
    endloop
  endfacet
  facet normal 1 0 0
    outer loop
      vertex 2.2440944881889764 0.7610090209230451 0.7364529438774565
      vertex 2.2440944881889764 0.7677165354330708 0.7874015748031495
      vertex 2.2440944881889764 0.7610090209230451 0.8383502057288426
    endloop
  endfacet
  facet normal 0 -0.3826834323650886 0.9238795325112872
    outer loop
      vertex 2.3622047244094486 0.6218147726579766 0.5972586956123881
      vertex 2.3622047244094486 0.6692913385826773 0.6169241331132994
      vertex 2.2440944881889764 0.6692913385826773 0.6169241331132994
    endloop
  endfacet
  facet normal 0 -0.6087614290087217 0.7933533402912344
    outer loop
      vertex 2.2440944881889764 0.6692913385826773 0.6169241331132994
      vertex 2.3622047244094486 0.6692913385826773 0.6169241331132994
      vertex 2.2440944881889764 0.7100603899973519 0.6482073265380811
    endloop
  endfacet
  facet normal 0 -0.6087614290087217 0.7933533402912344
    outer loop
      vertex 2.3622047244094486 0.6692913385826773 0.6169241331132994
      vertex 2.3622047244094486 0.7100603899973519 0.6482073265380811
      vertex 2.2440944881889764 0.7100603899973519 0.6482073265380811
    endloop
  endfacet
  facet normal 0 -0.7933533402912331 0.6087614290087233
    outer loop
      vertex 2.2440944881889764 0.7100603899973519 0.6482073265380811
      vertex 2.3622047244094486 0.7100603899973519 0.6482073265380811
      vertex 2.2440944881889764 0.7413435834221338 0.6889763779527558
    endloop
  endfacet
  facet normal 0 -0.7933533402912331 0.6087614290087233
    outer loop
      vertex 2.3622047244094486 0.7100603899973519 0.6482073265380811
      vertex 2.3622047244094486 0.7413435834221338 0.6889763779527558
      vertex 2.2440944881889764 0.7413435834221338 0.6889763779527558
    endloop
  endfacet
  facet normal 0 -0.9238795325112872 0.3826834323650886
    outer loop
      vertex 2.2440944881889764 0.7413435834221338 0.6889763779527558
      vertex 2.3622047244094486 0.7413435834221338 0.6889763779527558
      vertex 2.2440944881889764 0.7610090209230451 0.7364529438774565
    endloop
  endfacet
  facet normal 0 -0.9238795325112872 0.3826834323650886
    outer loop
      vertex 2.2440944881889764 0.7610090209230451 0.7364529438774565
      vertex 2.3622047244094486 0.7413435834221338 0.6889763779527558
      vertex 2.3622047244094486 0.7610090209230451 0.7364529438774565
    endloop
  endfacet
  facet normal 0 -0.9914448613738109 0.13052619222004763
    outer loop
      vertex 2.2440944881889764 0.7610090209230451 0.7364529438774565
      vertex 2.3622047244094486 0.7610090209230451 0.7364529438774565
      vertex 2.2440944881889764 0.7677165354330708 0.7874015748031495
    endloop
  endfacet
  facet normal 0 -0.9914448613738109 0.13052619222004763
    outer loop
      vertex 2.3622047244094486 0.7610090209230451 0.7364529438774565
      vertex 2.3622047244094486 0.7677165354330708 0.7874015748031495
      vertex 2.2440944881889764 0.7677165354330708 0.7874015748031495
    endloop
  endfacet
  facet normal 1 0 0
    outer loop
      vertex 2.2440944881889764 0.380723262541522 0.7364529438774565
      vertex 2.2440944881889764 0.40038870004243354 0.8858267716535433
      vertex 2.2440944881889764 0.380723262541522 0.8383502057288426
    endloop
  endfacet
  facet normal 1 0 0
    outer loop
      vertex 2.2440944881889764 0.40038870004243354 0.6889763779527558
      vertex 2.2440944881889764 0.43167189346721524 0.926595823068218
      vertex 2.2440944881889764 0.40038870004243354 0.8858267716535433
    endloop
  endfacet
  facet normal 1 0 0
    outer loop
      vertex 2.2440944881889764 0.43167189346721524 0.6482073265380811
      vertex 2.2440944881889764 0.4724409448818898 0.9578790164929997
      vertex 2.2440944881889764 0.43167189346721524 0.926595823068218
    endloop
  endfacet
  facet normal 1 0 0
    outer loop
      vertex 2.2440944881889764 0.4724409448818898 0.6169241331132994
      vertex 2.2440944881889764 0.5199175108065905 0.977544453993911
      vertex 2.2440944881889764 0.4724409448818898 0.9578790164929997
    endloop
  endfacet
  facet normal 1 0 0
    outer loop
      vertex 2.2440944881889764 0.5199175108065905 0.5972586956123881
      vertex 2.2440944881889764 0.5708661417322836 0.9842519685039369
      vertex 2.2440944881889764 0.5199175108065905 0.977544453993911
    endloop
  endfacet
  facet normal 1 0 0
    outer loop
      vertex 2.2440944881889764 0.5708661417322836 0.5905511811023622
      vertex 2.2440944881889764 0.6218147726579766 0.977544453993911
      vertex 2.2440944881889764 0.5708661417322836 0.9842519685039369
    endloop
  endfacet
  facet normal 1 0 0
    outer loop
      vertex 2.2440944881889764 0.6218147726579766 0.5972586956123881
      vertex 2.2440944881889764 0.6692913385826773 0.9578790164929997
      vertex 2.2440944881889764 0.6218147726579766 0.977544453993911
    endloop
  endfacet
  facet normal 0 0.9914448613738109 -0.13052619222004763
    outer loop
      vertex 2.2440944881889764 0.3740157480314963 0.7874015748031495
      vertex 2.2440944881889764 0.380723262541522 0.8383502057288426
      vertex 2.3622047244094486 0.380723262541522 0.8383502057288426
    endloop
  endfacet
  facet normal 0 0.9914448613738109 -0.13052619222004763
    outer loop
      vertex 2.2440944881889764 0.3740157480314963 0.7874015748031495
      vertex 2.3622047244094486 0.380723262541522 0.8383502057288426
      vertex 2.3622047244094486 0.3740157480314963 0.7874015748031495
    endloop
  endfacet
  facet normal 0 0.9238795325112857 -0.3826834323650924
    outer loop
      vertex 2.2440944881889764 0.380723262541522 0.8383502057288426
      vertex 2.2440944881889764 0.40038870004243354 0.8858267716535433
      vertex 2.3622047244094486 0.40038870004243354 0.8858267716535433
    endloop
  endfacet
  facet normal 0 0.9238795325112857 -0.3826834323650924
    outer loop
      vertex 2.2440944881889764 0.380723262541522 0.8383502057288426
      vertex 2.3622047244094486 0.40038870004243354 0.8858267716535433
      vertex 2.3622047244094486 0.380723262541522 0.8383502057288426
    endloop
  endfacet
  facet normal 0 0.7933533402912352 -0.6087614290087205
    outer loop
      vertex 2.2440944881889764 0.40038870004243354 0.8858267716535433
      vertex 2.3622047244094486 0.43167189346721524 0.926595823068218
      vertex 2.3622047244094486 0.40038870004243354 0.8858267716535433
    endloop
  endfacet
  facet normal 0 0.7933533402912352 -0.6087614290087205
    outer loop
      vertex 2.2440944881889764 0.40038870004243354 0.8858267716535433
      vertex 2.2440944881889764 0.43167189346721524 0.926595823068218
      vertex 2.3622047244094486 0.43167189346721524 0.926595823068218
    endloop
  endfacet
  facet normal 0 0.6087614290087217 -0.7933533402912344
    outer loop
      vertex 2.2440944881889764 0.43167189346721524 0.926595823068218
      vertex 2.2440944881889764 0.4724409448818898 0.9578790164929997
      vertex 2.3622047244094486 0.4724409448818898 0.9578790164929997
    endloop
  endfacet
  facet normal 0 0.6087614290087217 -0.7933533402912344
    outer loop
      vertex 2.2440944881889764 0.43167189346721524 0.926595823068218
      vertex 2.3622047244094486 0.4724409448818898 0.9578790164929997
      vertex 2.3622047244094486 0.43167189346721524 0.926595823068218
    endloop
  endfacet
  facet normal 0 0.3826834323650886 -0.9238795325112872
    outer loop
      vertex 2.2440944881889764 0.4724409448818898 0.9578790164929997
      vertex 2.2440944881889764 0.5199175108065905 0.977544453993911
      vertex 2.3622047244094486 0.5199175108065905 0.977544453993911
    endloop
  endfacet
  facet normal 0 0.3826834323650886 -0.9238795325112872
    outer loop
      vertex 2.2440944881889764 0.4724409448818898 0.9578790164929997
      vertex 2.3622047244094486 0.5199175108065905 0.977544453993911
      vertex 2.3622047244094486 0.4724409448818898 0.9578790164929997
    endloop
  endfacet
  facet normal 0 0.13052619222005185 -0.9914448613738104
    outer loop
      vertex 2.2440944881889764 0.5199175108065905 0.977544453993911
      vertex 2.2440944881889764 0.5708661417322836 0.9842519685039369
      vertex 2.3622047244094486 0.5708661417322836 0.9842519685039369
    endloop
  endfacet
  facet normal 0 0.13052619222005185 -0.9914448613738104
    outer loop
      vertex 2.2440944881889764 0.5199175108065905 0.977544453993911
      vertex 2.3622047244094486 0.5708661417322836 0.9842519685039369
      vertex 2.3622047244094486 0.5199175108065905 0.977544453993911
    endloop
  endfacet
  facet normal 0 -0.13052619222005185 -0.9914448613738104
    outer loop
      vertex 2.3622047244094486 0.6218147726579766 0.977544453993911
      vertex 2.3622047244094486 0.5708661417322836 0.9842519685039369
      vertex 2.2440944881889764 0.5708661417322836 0.9842519685039369
    endloop
  endfacet
  facet normal 0 -0.3826834323650886 -0.9238795325112872
    outer loop
      vertex 2.2440944881889764 0.6218147726579766 0.977544453993911
      vertex 2.3622047244094486 0.6692913385826773 0.9578790164929997
      vertex 2.3622047244094486 0.6218147726579766 0.977544453993911
    endloop
  endfacet
  facet normal 0 -0.13052619222005185 -0.9914448613738104
    outer loop
      vertex 2.2440944881889764 0.6218147726579766 0.977544453993911
      vertex 2.3622047244094486 0.6218147726579766 0.977544453993911
      vertex 2.2440944881889764 0.5708661417322836 0.9842519685039369
    endloop
  endfacet
  facet normal 1 0 0
    outer loop
      vertex 2.2440944881889764 0.6692913385826773 0.6169241331132994
      vertex 2.2440944881889764 0.7100603899973519 0.926595823068218
      vertex 2.2440944881889764 0.6692913385826773 0.9578790164929997
    endloop
  endfacet
  facet normal 1 0 0
    outer loop
      vertex 2.2440944881889764 0.7100603899973519 0.6482073265380811
      vertex 2.2440944881889764 0.7413435834221338 0.8858267716535433
      vertex 2.2440944881889764 0.7100603899973519 0.926595823068218
    endloop
  endfacet
  facet normal 1 0 0
    outer loop
      vertex 2.2440944881889764 0.7413435834221338 0.6889763779527558
      vertex 2.2440944881889764 0.7610090209230451 0.8383502057288426
      vertex 2.2440944881889764 0.7413435834221338 0.8858267716535433
    endloop
  endfacet
  facet normal 0 -0.9914448613738109 -0.13052619222004763
    outer loop
      vertex 2.2440944881889764 0.7677165354330708 0.7874015748031495
      vertex 2.3622047244094486 0.7677165354330708 0.7874015748031495
      vertex 2.2440944881889764 0.7610090209230451 0.8383502057288426
    endloop
  endfacet
  facet normal 0 -0.9914448613738109 -0.13052619222004763
    outer loop
      vertex 2.3622047244094486 0.7677165354330708 0.7874015748031495
      vertex 2.3622047244094486 0.7610090209230451 0.8383502057288426
      vertex 2.2440944881889764 0.7610090209230451 0.8383502057288426
    endloop
  endfacet
  facet normal 0 -0.9238795325112872 -0.3826834323650886
    outer loop
      vertex 2.2440944881889764 0.7610090209230451 0.8383502057288426
      vertex 2.3622047244094486 0.7610090209230451 0.8383502057288426
      vertex 2.2440944881889764 0.7413435834221338 0.8858267716535433
    endloop
  endfacet
  facet normal 0 -0.9238795325112872 -0.3826834323650886
    outer loop
      vertex 2.3622047244094486 0.7610090209230451 0.8383502057288426
      vertex 2.3622047244094486 0.7413435834221338 0.8858267716535433
      vertex 2.2440944881889764 0.7413435834221338 0.8858267716535433
    endloop
  endfacet
  facet normal 0 -0.7933533402912331 -0.6087614290087233
    outer loop
      vertex 2.2440944881889764 0.7100603899973519 0.926595823068218
      vertex 2.2440944881889764 0.7413435834221338 0.8858267716535433
      vertex 2.3622047244094486 0.7413435834221338 0.8858267716535433
    endloop
  endfacet
  facet normal 0 -0.6087614290087217 -0.7933533402912344
    outer loop
      vertex 2.2440944881889764 0.7100603899973519 0.926595823068218
      vertex 2.3622047244094486 0.7100603899973519 0.926595823068218
      vertex 2.2440944881889764 0.6692913385826773 0.9578790164929997
    endloop
  endfacet
  facet normal 0 -0.6087614290087217 -0.7933533402912344
    outer loop
      vertex 2.3622047244094486 0.7100603899973519 0.926595823068218
      vertex 2.3622047244094486 0.6692913385826773 0.9578790164929997
      vertex 2.2440944881889764 0.6692913385826773 0.9578790164929997
    endloop
  endfacet
  facet normal 0 -0.3826834323650886 -0.9238795325112872
    outer loop
      vertex 2.2440944881889764 0.6218147726579766 0.977544453993911
      vertex 2.2440944881889764 0.6692913385826773 0.9578790164929997
      vertex 2.3622047244094486 0.6692913385826773 0.9578790164929997
    endloop
  endfacet
  facet normal 0 -0.7933533402912331 -0.6087614290087233
    outer loop
      vertex 2.2440944881889764 0.7100603899973519 0.926595823068218
      vertex 2.3622047244094486 0.7413435834221338 0.8858267716535433
      vertex 2.3622047244094486 0.7100603899973519 0.926595823068218
    endloop
  endfacet
  facet normal -0.11196447610330992 -0.9937122098932423 0
    outer loop
      vertex -2.0822867612529627 -1.1180988838081611 1.5944881889763778
      vertex -2.047244094488189 -1.1220472440944882 1.574803149606299
      vertex -2.047244094488189 -1.1220472440944882 1.5944881889763778
    endloop
  endfacet
  facet normal -0.5320320765153324 -0.8467241992282868 0
    outer loop
      vertex -2.145431464859643 -1.0876899972390597 1.5944881889763778
      vertex -2.145431464859643 -1.0876899972390597 1.574803149606299
      vertex -2.1155722423807175 -1.1064517902208533 1.574803149606299
    endloop
  endfacet
  facet normal -0.8467241992282831 -0.532032076515338 0
    outer loop
      vertex -2.1703671625933905 -1.0627542995053123 1.5944881889763778
      vertex -2.189128955575184 -1.0328950770263872 1.5944881889763778
      vertex -2.1703671625933905 -1.0627542995053123 1.574803149606299
    endloop
  endfacet
  facet normal -0.8467241992282831 -0.532032076515338 0
    outer loop
      vertex -2.189128955575184 -1.0328950770263872 1.5944881889763778
      vertex -2.189128955575184 -1.0328950770263872 1.574803149606299
      vertex -2.1703671625933905 -1.0627542995053123 1.574803149606299
    endloop
  endfacet
  facet normal -0.7071067811865476 -0.7071067811865476 0
    outer loop
      vertex -2.1703671625933905 -1.0627542995053123 1.5944881889763778
      vertex -2.1703671625933905 -1.0627542995053123 1.574803149606299
      vertex -2.145431464859643 -1.0876899972390597 1.574803149606299
    endloop
  endfacet
  facet normal -0.7071067811865476 -0.7071067811865476 0
    outer loop
      vertex -2.145431464859643 -1.0876899972390597 1.5944881889763778
      vertex -2.1703671625933905 -1.0627542995053123 1.5944881889763778
      vertex -2.145431464859643 -1.0876899972390597 1.574803149606299
    endloop
  endfacet
  facet normal 0 0 1
    outer loop
      vertex -2.145431464859643 -1.0876899972390597 1.5944881889763778
      vertex -2.1155722423807175 -1.1064517902208533 1.5944881889763778
      vertex -2.1328083901240316 -0.98749381305042 1.5944881889763778
    endloop
  endfacet
  facet normal -0.5320320765153324 -0.8467241992282868 0
    outer loop
      vertex -2.145431464859643 -1.0876899972390597 1.5944881889763778
      vertex -2.1155722423807175 -1.1064517902208533 1.574803149606299
      vertex -2.1155722423807175 -1.1064517902208533 1.5944881889763778
    endloop
  endfacet
  facet normal -0.3302790619551703 -0.9438833303083665 0
    outer loop
      vertex -2.1155722423807175 -1.1064517902208533 1.5944881889763778
      vertex -2.1155722423807175 -1.1064517902208533 1.574803149606299
      vertex -2.0822867612529627 -1.1180988838081611 1.574803149606299
    endloop
  endfacet
  facet normal -0.3302790619551703 -0.9438833303083665 0
    outer loop
      vertex -2.1155722423807175 -1.1064517902208533 1.5944881889763778
      vertex -2.0822867612529627 -1.1180988838081611 1.574803149606299
      vertex -2.0822867612529627 -1.1180988838081611 1.5944881889763778
    endloop
  endfacet
  facet normal 0 0 1
    outer loop
      vertex -2.1155722423807175 -1.1064517902208533 1.5944881889763778
      vertex -2.0822867612529627 -1.1180988838081611 1.5944881889763778
      vertex -2.0915354330708658 -1.0412817778942909 1.5944881889763778
    endloop
  endfacet
  facet normal -0.11196447610330992 -0.9937122098932423 0
    outer loop
      vertex -2.0822867612529627 -1.1180988838081611 1.5944881889763778
      vertex -2.0822867612529627 -1.1180988838081611 1.574803149606299
      vertex -2.047244094488189 -1.1220472440944882 1.574803149606299
    endloop
  endfacet
  facet normal 0 0 1
    outer loop
      vertex -2.0822867612529627 -1.1180988838081611 1.5944881889763778
      vertex -2.047244094488189 -1.1220472440944882 1.5944881889763778
      vertex -2.0701709784047506 -1.050131224769701 1.5944881889763778
    endloop
  endfacet
  facet normal 0 0 1
    outer loop
      vertex -2.1155722423807175 -1.1064517902208533 1.5944881889763778
      vertex -2.1098815062074694 -1.027204340853139 1.5944881889763778
      vertex -2.1239589432486214 -1.0088582677165354 1.5944881889763778
    endloop
  endfacet
  facet normal 0 0 1
    outer loop
      vertex -2.1155722423807175 -1.1064517902208533 1.5944881889763778
      vertex -2.0915354330708658 -1.0412817778942909 1.5944881889763778
      vertex -2.1098815062074694 -1.027204340853139 1.5944881889763778
    endloop
  endfacet
  facet normal 0 0 1
    outer loop
      vertex -2.0822867612529627 -1.1180988838081611 1.5944881889763778
      vertex -2.0701709784047506 -1.050131224769701 1.5944881889763778
      vertex -2.0915354330708658 -1.0412817778942909 1.5944881889763778
    endloop
  endfacet
  facet normal 0 0 1
    outer loop
      vertex -2.0701709784047506 -1.050131224769701 1.5944881889763778
      vertex -2.047244094488189 -1.1220472440944882 1.5944881889763778
      vertex -2.047244094488189 -1.0531496062992125 1.5944881889763778
    endloop
  endfacet
  facet normal -0.9438833303083691 -0.3302790619551628 0
    outer loop
      vertex -2.189128955575184 -1.0328950770263872 1.5944881889763778
      vertex -2.2007760491624917 -0.9996095958986322 1.5944881889763778
      vertex -2.189128955575184 -1.0328950770263872 1.574803149606299
    endloop
  endfacet
  facet normal -0.9438833303083691 -0.3302790619551628 0
    outer loop
      vertex -2.2007760491624917 -0.9996095958986322 1.5944881889763778
      vertex -2.2007760491624917 -0.9996095958986322 1.574803149606299
      vertex -2.189128955575184 -1.0328950770263872 1.574803149606299
    endloop
  endfacet
  facet normal 0 0 1
    outer loop
      vertex -2.145431464859643 -1.0876899972390597 1.5944881889763778
      vertex -2.1703671625933905 -0.8663795587624041 1.5944881889763778
      vertex -2.1703671625933905 -1.0627542995053123 1.5944881889763778
    endloop
  endfacet
  facet normal 0 0 1
    outer loop
      vertex -2.145431464859643 -1.0876899972390597 1.5944881889763778
      vertex -2.1328083901240316 -0.98749381305042 1.5944881889763778
      vertex -2.135826771653543 -0.9645669291338582 1.5944881889763778
    endloop
  endfacet
  facet normal -0.993712209893243 -0.11196447610330337 0
    outer loop
      vertex -2.2007760491624917 -0.9996095958986322 1.5944881889763778
      vertex -2.2047244094488185 -0.9645669291338582 1.5944881889763778
      vertex -2.2007760491624917 -0.9996095958986322 1.574803149606299
    endloop
  endfacet
  facet normal 0 0 1
    outer loop
      vertex -2.189128955575184 -1.0328950770263872 1.5944881889763778
      vertex -2.2007760491624917 -0.9295242623690843 1.5944881889763778
      vertex -2.2007760491624917 -0.9996095958986322 1.5944881889763778
    endloop
  endfacet
  facet normal 0 0 1
    outer loop
      vertex -2.1703671625933905 -1.0627542995053123 1.5944881889763778
      vertex -2.189128955575184 -0.8962387812413294 1.5944881889763778
      vertex -2.189128955575184 -1.0328950770263872 1.5944881889763778
    endloop
  endfacet
  facet normal -0.993712209893243 -0.11196447610330337 0
    outer loop
      vertex -2.2047244094488185 -0.9645669291338582 1.5944881889763778
      vertex -2.2047244094488185 -0.9645669291338582 1.574803149606299
      vertex -2.2007760491624917 -0.9996095958986322 1.574803149606299
    endloop
  endfacet
  facet normal 0 0 1
    outer loop
      vertex -2.2007760491624917 -0.9996095958986322 1.5944881889763778
      vertex -2.2007760491624917 -0.9295242623690843 1.5944881889763778
      vertex -2.2047244094488185 -0.9645669291338582 1.5944881889763778
    endloop
  endfacet
  facet normal 0 0 1
    outer loop
      vertex -2.145431464859643 -1.0876899972390597 1.5944881889763778
      vertex -2.135826771653543 -0.9645669291338582 1.5944881889763778
      vertex -2.145431464859643 -0.8414438610286568 1.5944881889763778
    endloop
  endfacet
  facet normal 0 0 1
    outer loop
      vertex -2.1155722423807175 -1.1064517902208533 1.5944881889763778
      vertex -2.1239589432486214 -1.0088582677165354 1.5944881889763778
      vertex -2.1328083901240316 -0.98749381305042 1.5944881889763778
    endloop
  endfacet
  facet normal 0.11196447610330992 -0.9937122098932423 0
    outer loop
      vertex -2.047244094488189 -1.1220472440944882 1.5944881889763778
      vertex -2.047244094488189 -1.1220472440944882 1.574803149606299
      vertex -2.012201427723415 -1.1180988838081611 1.574803149606299
    endloop
  endfacet
  facet normal 0.11196447610330992 -0.9937122098932423 0
    outer loop
      vertex -2.047244094488189 -1.1220472440944882 1.5944881889763778
      vertex -2.012201427723415 -1.1180988838081611 1.574803149606299
      vertex -2.012201427723415 -1.1180988838081611 1.5944881889763778
    endloop
  endfacet
  facet normal 0 0 1
    outer loop
      vertex -2.047244094488189 -1.1220472440944882 1.5944881889763778
      vertex -2.012201427723415 -1.1180988838081611 1.5944881889763778
      vertex -2.047244094488189 -1.0531496062992125 1.5944881889763778
    endloop
  endfacet
  facet normal 0.33027906195516643 -0.9438833303083677 0
    outer loop
      vertex -2.012201427723415 -1.1180988838081611 1.5944881889763778
      vertex -2.012201427723415 -1.1180988838081611 1.574803149606299
      vertex -1.9789159465956598 -1.1064517902208533 1.574803149606299
    endloop
  endfacet
  facet normal 0.33027906195516643 -0.9438833303083677 0
    outer loop
      vertex -2.012201427723415 -1.1180988838081611 1.5944881889763778
      vertex -1.9789159465956598 -1.1064517902208533 1.574803149606299
      vertex -1.9789159465956598 -1.1064517902208533 1.5944881889763778
    endloop
  endfacet
  facet normal 0.5320320765153336 -0.8467241992282861 0
    outer loop
      vertex -1.9789159465956598 -1.1064517902208533 1.5944881889763778
      vertex -1.9789159465956598 -1.1064517902208533 1.574803149606299
      vertex -1.9490567241167347 -1.08768999723906 1.574803149606299
    endloop
  endfacet
  facet normal 0 0 1
    outer loop
      vertex -2.012201427723415 -1.1180988838081611 1.5944881889763778
      vertex -1.9789159465956598 -1.1064517902208533 1.5944881889763778
      vertex -2.0243172105716267 -1.050131224769701 1.5944881889763778
    endloop
  endfacet
  facet normal 0 0 1
    outer loop
      vertex -2.012201427723415 -1.1180988838081611 1.5944881889763778
      vertex -2.0243172105716267 -1.050131224769701 1.5944881889763778
      vertex -2.047244094488189 -1.0531496062992125 1.5944881889763778
    endloop
  endfacet
  facet normal 0 0 1
    outer loop
      vertex -1.9789159465956598 -1.1064517902208533 1.5944881889763778
      vertex -2.0029527559055116 -1.0412817778942909 1.5944881889763778
      vertex -2.0243172105716267 -1.050131224769701 1.5944881889763778
    endloop
  endfacet
  facet normal 0 0 1
    outer loop
      vertex -1.9789159465956598 -1.1064517902208533 1.5944881889763778
      vertex -1.9490567241167347 -1.08768999723906 1.5944881889763778
      vertex -1.984606682768908 -1.027204340853139 1.5944881889763778
    endloop
  endfacet
  facet normal 0 0 1
    outer loop
      vertex -1.9789159465956598 -1.1064517902208533 1.5944881889763778
      vertex -1.984606682768908 -1.027204340853139 1.5944881889763778
      vertex -2.0029527559055116 -1.0412817778942909 1.5944881889763778
    endloop
  endfacet
  facet normal 0 0 1
    outer loop
      vertex -1.9490567241167347 -1.08768999723906 1.5944881889763778
      vertex -1.9705292457277563 -1.0088582677165354 1.5944881889763778
      vertex -1.984606682768908 -1.027204340853139 1.5944881889763778
    endloop
  endfacet
  facet normal 0.5320320765153336 -0.8467241992282861 0
    outer loop
      vertex -1.9789159465956598 -1.1064517902208533 1.5944881889763778
      vertex -1.9490567241167347 -1.08768999723906 1.574803149606299
      vertex -1.9490567241167347 -1.08768999723906 1.5944881889763778
    endloop
  endfacet
  facet normal 0.7071067811865507 -0.7071067811865444 0
    outer loop
      vertex -1.9490567241167347 -1.08768999723906 1.5944881889763778
      vertex -1.9490567241167347 -1.08768999723906 1.574803149606299
      vertex -1.9241210263829873 -1.0627542995053123 1.574803149606299
    endloop
  endfacet
  facet normal 0.7071067811865507 -0.7071067811865444 0
    outer loop
      vertex -1.9490567241167347 -1.08768999723906 1.5944881889763778
      vertex -1.9241210263829873 -1.0627542995053123 1.574803149606299
      vertex -1.9241210263829873 -1.0627542995053123 1.5944881889763778
    endloop
  endfacet
  facet normal 0.8467241992282831 -0.532032076515338 0
    outer loop
      vertex -1.9241210263829873 -1.0627542995053123 1.5944881889763778
      vertex -1.9241210263829873 -1.0627542995053123 1.574803149606299
      vertex -1.9053592334011937 -1.0328950770263872 1.574803149606299
    endloop
  endfacet
  facet normal 0.8467241992282831 -0.532032076515338 0
    outer loop
      vertex -1.9241210263829873 -1.0627542995053123 1.5944881889763778
      vertex -1.9053592334011937 -1.0328950770263872 1.574803149606299
      vertex -1.9053592334011937 -1.0328950770263872 1.5944881889763778
    endloop
  endfacet
  facet normal 0 0 1
    outer loop
      vertex -1.9490567241167347 -1.08768999723906 1.5944881889763778
      vertex -1.9616797988523462 -0.98749381305042 1.5944881889763778
      vertex -1.9705292457277563 -1.0088582677165354 1.5944881889763778
    endloop
  endfacet
  facet normal 0 0 1
    outer loop
      vertex -1.9490567241167347 -1.08768999723906 1.5944881889763778
      vertex -1.9586614173228345 -0.9645669291338582 1.5944881889763778
      vertex -1.9616797988523462 -0.98749381305042 1.5944881889763778
    endloop
  endfacet
  facet normal 0.9438833303083675 -0.3302790619551674 0
    outer loop
      vertex -1.9053592334011937 -1.0328950770263872 1.5944881889763778
      vertex -1.9053592334011937 -1.0328950770263872 1.574803149606299
      vertex -1.8937121398138859 -0.9996095958986321 1.574803149606299
    endloop
  endfacet
  facet normal 0.9438833303083675 -0.3302790619551674 0
    outer loop
      vertex -1.9053592334011937 -1.0328950770263872 1.5944881889763778
      vertex -1.8937121398138859 -0.9996095958986321 1.574803149606299
      vertex -1.8937121398138859 -0.9996095958986321 1.5944881889763778
    endloop
  endfacet
  facet normal 0 0 1
    outer loop
      vertex -1.9490567241167347 -1.08768999723906 1.5944881889763778
      vertex -1.9241210263829873 -1.0627542995053123 1.5944881889763778
      vertex -1.9490567241167347 -0.8414438610286566 1.5944881889763778
    endloop
  endfacet
  facet normal 0 0 1
    outer loop
      vertex -1.9490567241167347 -1.08768999723906 1.5944881889763778
      vertex -1.9490567241167347 -0.8414438610286566 1.5944881889763778
      vertex -1.9586614173228345 -0.9645669291338582 1.5944881889763778
    endloop
  endfacet
  facet normal 0.9937122098932423 -0.11196447610330992 0
    outer loop
      vertex -1.8937121398138859 -0.9996095958986321 1.5944881889763778
      vertex -1.8937121398138859 -0.9996095958986321 1.574803149606299
      vertex -1.8897637795275588 -0.9645669291338582 1.574803149606299
    endloop
  endfacet
  facet normal 0 0 1
    outer loop
      vertex -1.9241210263829873 -1.0627542995053123 1.5944881889763778
      vertex -1.9053592334011937 -1.0328950770263872 1.5944881889763778
      vertex -1.9241210263829873 -0.8663795587624041 1.5944881889763778
    endloop
  endfacet
  facet normal 0.9937122098932423 -0.11196447610330992 0
    outer loop
      vertex -1.8937121398138859 -0.9996095958986321 1.5944881889763778
      vertex -1.8897637795275588 -0.9645669291338582 1.574803149606299
      vertex -1.8897637795275588 -0.9645669291338582 1.5944881889763778
    endloop
  endfacet
  facet normal 0 0 1
    outer loop
      vertex -1.9053592334011937 -1.0328950770263872 1.5944881889763778
      vertex -1.8937121398138859 -0.9996095958986321 1.5944881889763778
      vertex -1.9053592334011937 -0.8962387812413294 1.5944881889763778
    endloop
  endfacet
  facet normal 0 0 1
    outer loop
      vertex -1.8937121398138859 -0.9996095958986321 1.5944881889763778
      vertex -1.8897637795275588 -0.9645669291338582 1.5944881889763778
      vertex -1.8937121398138859 -0.9295242623690843 1.5944881889763778
    endloop
  endfacet
  facet normal -0.993712209893243 0.11196447610330337 0
    outer loop
      vertex -2.2047244094488185 -0.9645669291338582 1.5944881889763778
      vertex -2.2007760491624917 -0.9295242623690843 1.5944881889763778
      vertex -2.2047244094488185 -0.9645669291338582 1.574803149606299
    endloop
  endfacet
  facet normal -0.993712209893243 0.11196447610330337 0
    outer loop
      vertex -2.2007760491624917 -0.9295242623690843 1.5944881889763778
      vertex -2.2007760491624917 -0.9295242623690843 1.574803149606299
      vertex -2.2047244094488185 -0.9645669291338582 1.574803149606299
    endloop
  endfacet
  facet normal 0 0 1
    outer loop
      vertex -2.189128955575184 -1.0328950770263872 1.5944881889763778
      vertex -2.189128955575184 -0.8962387812413294 1.5944881889763778
      vertex -2.2007760491624917 -0.9295242623690843 1.5944881889763778
    endloop
  endfacet
  facet normal 0 0 1
    outer loop
      vertex -2.1703671625933905 -1.0627542995053123 1.5944881889763778
      vertex -2.1703671625933905 -0.8663795587624041 1.5944881889763778
      vertex -2.189128955575184 -0.8962387812413294 1.5944881889763778
    endloop
  endfacet
  facet normal 0 0 1
    outer loop
      vertex -2.145431464859643 -1.0876899972390597 1.5944881889763778
      vertex -2.145431464859643 -0.8414438610286568 1.5944881889763778
      vertex -2.1703671625933905 -0.8663795587624041 1.5944881889763778
    endloop
  endfacet
  facet normal -0.9438833303083688 0.33027906195516377 0
    outer loop
      vertex -2.2007760491624917 -0.9295242623690843 1.5944881889763778
      vertex -2.189128955575184 -0.8962387812413294 1.5944881889763778
      vertex -2.2007760491624917 -0.9295242623690843 1.574803149606299
    endloop
  endfacet
  facet normal -0.9438833303083688 0.33027906195516377 0
    outer loop
      vertex -2.189128955575184 -0.8962387812413294 1.5944881889763778
      vertex -2.189128955575184 -0.8962387812413294 1.574803149606299
      vertex -2.2007760491624917 -0.9295242623690843 1.574803149606299
    endloop
  endfacet
  facet normal -0.846724199228284 0.5320320765153366 0
    outer loop
      vertex -2.189128955575184 -0.8962387812413294 1.5944881889763778
      vertex -2.1703671625933905 -0.8663795587624041 1.5944881889763778
      vertex -2.189128955575184 -0.8962387812413294 1.574803149606299
    endloop
  endfacet
  facet normal 0 0 1
    outer loop
      vertex -2.135826771653543 -0.9645669291338582 1.5944881889763778
      vertex -2.1328083901240316 -0.9416400452172964 1.5944881889763778
      vertex -2.145431464859643 -0.8414438610286568 1.5944881889763778
    endloop
  endfacet
  facet normal 0 0 1
    outer loop
      vertex -2.1328083901240316 -0.9416400452172964 1.5944881889763778
      vertex -2.1239589432486214 -0.920275590551181 1.5944881889763778
      vertex -2.145431464859643 -0.8414438610286568 1.5944881889763778
    endloop
  endfacet
  facet normal 0 0 1
    outer loop
      vertex -2.1239589432486214 -0.920275590551181 1.5944881889763778
      vertex -2.1098815062074694 -0.9019295174145774 1.5944881889763778
      vertex -2.145431464859643 -0.8414438610286568 1.5944881889763778
    endloop
  endfacet
  facet normal -0.846724199228284 0.5320320765153366 0
    outer loop
      vertex -2.1703671625933905 -0.8663795587624041 1.5944881889763778
      vertex -2.1703671625933905 -0.8663795587624041 1.574803149606299
      vertex -2.189128955575184 -0.8962387812413294 1.574803149606299
    endloop
  endfacet
  facet normal -0.7071067811865476 0.7071067811865476 0
    outer loop
      vertex -2.145431464859643 -0.8414438610286568 1.5944881889763778
      vertex -2.145431464859643 -0.8414438610286568 1.574803149606299
      vertex -2.1703671625933905 -0.8663795587624041 1.574803149606299
    endloop
  endfacet
  facet normal -0.7071067811865476 0.7071067811865476 0
    outer loop
      vertex -2.1703671625933905 -0.8663795587624041 1.5944881889763778
      vertex -2.145431464859643 -0.8414438610286568 1.5944881889763778
      vertex -2.1703671625933905 -0.8663795587624041 1.574803149606299
    endloop
  endfacet
  facet normal -0.5320320765153346 0.8467241992282853 0
    outer loop
      vertex -2.145431464859643 -0.8414438610286568 1.5944881889763778
      vertex -2.1155722423807175 -0.8226820680468631 1.5944881889763778
      vertex -2.145431464859643 -0.8414438610286568 1.574803149606299
    endloop
  endfacet
  facet normal 0 0 1
    outer loop
      vertex -2.1098815062074694 -0.9019295174145774 1.5944881889763778
      vertex -2.0915354330708658 -0.8878520803734257 1.5944881889763778
      vertex -2.1155722423807175 -0.8226820680468631 1.5944881889763778
    endloop
  endfacet
  facet normal 0 0 1
    outer loop
      vertex -2.0915354330708658 -0.8878520803734257 1.5944881889763778
      vertex -2.0701709784047506 -0.8790026334980156 1.5944881889763778
      vertex -2.1155722423807175 -0.8226820680468631 1.5944881889763778
    endloop
  endfacet
  facet normal 0 0 1
    outer loop
      vertex -2.1098815062074694 -0.9019295174145774 1.5944881889763778
      vertex -2.1155722423807175 -0.8226820680468631 1.5944881889763778
      vertex -2.145431464859643 -0.8414438610286568 1.5944881889763778
    endloop
  endfacet
  facet normal 0 0 1
    outer loop
      vertex -2.0701709784047506 -0.8790026334980156 1.5944881889763778
      vertex -2.047244094488189 -0.8759842519685039 1.5944881889763778
      vertex -2.0822867612529627 -0.8110349744595553 1.5944881889763778
    endloop
  endfacet
  facet normal -0.5320320765153346 0.8467241992282853 0
    outer loop
      vertex -2.1155722423807175 -0.8226820680468631 1.5944881889763778
      vertex -2.1155722423807175 -0.8226820680468631 1.574803149606299
      vertex -2.145431464859643 -0.8414438610286568 1.574803149606299
    endloop
  endfacet
  facet normal 0 0 1
    outer loop
      vertex -2.0701709784047506 -0.8790026334980156 1.5944881889763778
      vertex -2.0822867612529627 -0.8110349744595553 1.5944881889763778
      vertex -2.1155722423807175 -0.8226820680468631 1.5944881889763778
    endloop
  endfacet
  facet normal -0.33027906195516754 0.9438833303083675 0
    outer loop
      vertex -2.0822867612529627 -0.8110349744595553 1.5944881889763778
      vertex -2.0822867612529627 -0.8110349744595553 1.574803149606299
      vertex -2.1155722423807175 -0.8226820680468631 1.574803149606299
    endloop
  endfacet
  facet normal -0.33027906195516754 0.9438833303083675 0
    outer loop
      vertex -2.1155722423807175 -0.8226820680468631 1.5944881889763778
      vertex -2.0822867612529627 -0.8110349744595553 1.5944881889763778
      vertex -2.1155722423807175 -0.8226820680468631 1.574803149606299
    endloop
  endfacet
  facet normal 0 0 1
    outer loop
      vertex -2.047244094488189 -0.8759842519685039 1.5944881889763778
      vertex -2.047244094488189 -0.8070866141732282 1.5944881889763778
      vertex -2.0822867612529627 -0.8110349744595553 1.5944881889763778
    endloop
  endfacet
  facet normal -0.11196447610330992 0.9937122098932423 0
    outer loop
      vertex -2.0822867612529627 -0.8110349744595553 1.5944881889763778
      vertex -2.047244094488189 -0.8070866141732282 1.5944881889763778
      vertex -2.0822867612529627 -0.8110349744595553 1.574803149606299
    endloop
  endfacet
  facet normal -0.11196447610330992 0.9937122098932423 0
    outer loop
      vertex -2.047244094488189 -0.8070866141732282 1.5944881889763778
      vertex -2.047244094488189 -0.8070866141732282 1.574803149606299
      vertex -2.0822867612529627 -0.8110349744595553 1.574803149606299
    endloop
  endfacet
  facet normal 0 0 1
    outer loop
      vertex -1.9705292457277563 -0.920275590551181 1.5944881889763778
      vertex -1.9616797988523462 -0.9416400452172964 1.5944881889763778
      vertex -1.9789159465956598 -0.8226820680468631 1.5944881889763778
    endloop
  endfacet
  facet normal 0 0 1
    outer loop
      vertex -1.9705292457277563 -0.920275590551181 1.5944881889763778
      vertex -1.9789159465956598 -0.8226820680468631 1.5944881889763778
      vertex -1.984606682768908 -0.9019295174145774 1.5944881889763778
    endloop
  endfacet
  facet normal 0 0 1
    outer loop
      vertex -1.9241210263829873 -1.0627542995053123 1.5944881889763778
      vertex -1.9241210263829873 -0.8663795587624041 1.5944881889763778
      vertex -1.9490567241167347 -0.8414438610286566 1.5944881889763778
    endloop
  endfacet
  facet normal 0.9937122098932425 0.11196447610330959 0
    outer loop
      vertex -1.8897637795275588 -0.9645669291338582 1.5944881889763778
      vertex -1.8897637795275588 -0.9645669291338582 1.574803149606299
      vertex -1.8937121398138859 -0.9295242623690843 1.574803149606299
    endloop
  endfacet
  facet normal 0.9937122098932425 0.11196447610330959 0
    outer loop
      vertex -1.8897637795275588 -0.9645669291338582 1.5944881889763778
      vertex -1.8937121398138859 -0.9295242623690843 1.574803149606299
      vertex -1.8937121398138859 -0.9295242623690843 1.5944881889763778
    endloop
  endfacet
  facet normal 0 0 1
    outer loop
      vertex -1.8937121398138859 -0.9996095958986321 1.5944881889763778
      vertex -1.8937121398138859 -0.9295242623690843 1.5944881889763778
      vertex -1.9053592334011937 -0.8962387812413294 1.5944881889763778
    endloop
  endfacet
  facet normal 0 0 1
    outer loop
      vertex -1.9053592334011937 -1.0328950770263872 1.5944881889763778
      vertex -1.9053592334011937 -0.8962387812413294 1.5944881889763778
      vertex -1.9241210263829873 -0.8663795587624041 1.5944881889763778
    endloop
  endfacet
  facet normal 0 0 1
    outer loop
      vertex -1.9586614173228345 -0.9645669291338582 1.5944881889763778
      vertex -1.9490567241167347 -0.8414438610286566 1.5944881889763778
      vertex -1.9616797988523462 -0.9416400452172964 1.5944881889763778
    endloop
  endfacet
  facet normal 0.9438833303083668 0.3302790619551694 0
    outer loop
      vertex -1.8937121398138859 -0.9295242623690843 1.5944881889763778
      vertex -1.8937121398138859 -0.9295242623690843 1.574803149606299
      vertex -1.9053592334011937 -0.8962387812413294 1.574803149606299
    endloop
  endfacet
  facet normal 0.9438833303083668 0.3302790619551694 0
    outer loop
      vertex -1.8937121398138859 -0.9295242623690843 1.5944881889763778
      vertex -1.9053592334011937 -0.8962387812413294 1.574803149606299
      vertex -1.9053592334011937 -0.8962387812413294 1.5944881889763778
    endloop
  endfacet
  facet normal 0.846724199228284 0.5320320765153366 0
    outer loop
      vertex -1.9053592334011937 -0.8962387812413294 1.5944881889763778
      vertex -1.9053592334011937 -0.8962387812413294 1.574803149606299
      vertex -1.9241210263829873 -0.8663795587624041 1.574803149606299
    endloop
  endfacet
  facet normal 0 0 1
    outer loop
      vertex -2.0243172105716267 -0.8790026334980156 1.5944881889763778
      vertex -2.047244094488189 -0.8070866141732282 1.5944881889763778
      vertex -2.047244094488189 -0.8759842519685039 1.5944881889763778
    endloop
  endfacet
  facet normal 0 0 1
    outer loop
      vertex -2.0243172105716267 -0.8790026334980156 1.5944881889763778
      vertex -2.0029527559055116 -0.8878520803734257 1.5944881889763778
      vertex -2.012201427723415 -0.8110349744595553 1.5944881889763778
    endloop
  endfacet
  facet normal 0 0 1
    outer loop
      vertex -1.984606682768908 -0.9019295174145774 1.5944881889763778
      vertex -1.9789159465956598 -0.8226820680468631 1.5944881889763778
      vertex -2.0029527559055116 -0.8878520803734257 1.5944881889763778
    endloop
  endfacet
  facet normal 0 0 1
    outer loop
      vertex -2.0029527559055116 -0.8878520803734257 1.5944881889763778
      vertex -1.9789159465956598 -0.8226820680468631 1.5944881889763778
      vertex -2.012201427723415 -0.8110349744595553 1.5944881889763778
    endloop
  endfacet
  facet normal 0 0 1
    outer loop
      vertex -2.0243172105716267 -0.8790026334980156 1.5944881889763778
      vertex -2.012201427723415 -0.8110349744595553 1.5944881889763778
      vertex -2.047244094488189 -0.8070866141732282 1.5944881889763778
    endloop
  endfacet
  facet normal 0.11196447610330992 0.9937122098932423 0
    outer loop
      vertex -2.047244094488189 -0.8070866141732282 1.5944881889763778
      vertex -2.012201427723415 -0.8110349744595553 1.5944881889763778
      vertex -2.047244094488189 -0.8070866141732282 1.574803149606299
    endloop
  endfacet
  facet normal 0.11196447610330992 0.9937122098932423 0
    outer loop
      vertex -2.012201427723415 -0.8110349744595553 1.5944881889763778
      vertex -2.012201427723415 -0.8110349744595553 1.574803149606299
      vertex -2.047244094488189 -0.8070866141732282 1.574803149606299
    endloop
  endfacet
  facet normal 0.532032076515338 0.8467241992282831 0
    outer loop
      vertex -1.9789159465956598 -0.8226820680468631 1.5944881889763778
      vertex -1.9490567241167347 -0.8414438610286566 1.5944881889763778
      vertex -1.9789159465956598 -0.8226820680468631 1.574803149606299
    endloop
  endfacet
  facet normal 0.33027906195516366 0.9438833303083688 0
    outer loop
      vertex -1.9789159465956598 -0.8226820680468631 1.5944881889763778
      vertex -1.9789159465956598 -0.8226820680468631 1.574803149606299
      vertex -2.012201427723415 -0.8110349744595553 1.574803149606299
    endloop
  endfacet
  facet normal 0.33027906195516366 0.9438833303083688 0
    outer loop
      vertex -2.012201427723415 -0.8110349744595553 1.5944881889763778
      vertex -1.9789159465956598 -0.8226820680468631 1.5944881889763778
      vertex -2.012201427723415 -0.8110349744595553 1.574803149606299
    endloop
  endfacet
  facet normal 0 0 1
    outer loop
      vertex -1.9616797988523462 -0.9416400452172964 1.5944881889763778
      vertex -1.9490567241167347 -0.8414438610286566 1.5944881889763778
      vertex -1.9789159465956598 -0.8226820680468631 1.5944881889763778
    endloop
  endfacet
  facet normal 0.707106781186549 0.7071067811865459 0
    outer loop
      vertex -1.9241210263829873 -0.8663795587624041 1.5944881889763778
      vertex -1.9241210263829873 -0.8663795587624041 1.574803149606299
      vertex -1.9490567241167347 -0.8414438610286566 1.574803149606299
    endloop
  endfacet
  facet normal 0.707106781186549 0.7071067811865459 0
    outer loop
      vertex -1.9241210263829873 -0.8663795587624041 1.5944881889763778
      vertex -1.9490567241167347 -0.8414438610286566 1.574803149606299
      vertex -1.9490567241167347 -0.8414438610286566 1.5944881889763778
    endloop
  endfacet
  facet normal 0.846724199228284 0.5320320765153366 0
    outer loop
      vertex -1.9053592334011937 -0.8962387812413294 1.5944881889763778
      vertex -1.9241210263829873 -0.8663795587624041 1.574803149606299
      vertex -1.9241210263829873 -0.8663795587624041 1.5944881889763778
    endloop
  endfacet
  facet normal 0.532032076515338 0.8467241992282831 0
    outer loop
      vertex -1.9490567241167347 -0.8414438610286566 1.5944881889763778
      vertex -1.9490567241167347 -0.8414438610286566 1.574803149606299
      vertex -1.9789159465956598 -0.8226820680468631 1.574803149606299
    endloop
  endfacet
  facet normal -0.3826834323650924 -0.9238795325112855 0
    outer loop
      vertex -2.0915354330708658 -1.0412817778942909 1.5944881889763778
      vertex -2.0701709784047506 -1.050131224769701 1.6023622047244093
      vertex -2.0915354330708658 -1.0412817778942909 1.6023622047244093
    endloop
  endfacet
  facet normal -0.3826834323650924 -0.9238795325112855 0
    outer loop
      vertex -2.0915354330708658 -1.0412817778942909 1.5944881889763778
      vertex -2.0701709784047506 -1.050131224769701 1.5944881889763778
      vertex -2.0701709784047506 -1.050131224769701 1.6023622047244093
    endloop
  endfacet
  facet normal -0.13052619222004552 -0.9914448613738112 0
    outer loop
      vertex -2.0701709784047506 -1.050131224769701 1.5944881889763778
      vertex -2.047244094488189 -1.0531496062992125 1.6023622047244093
      vertex -2.0701709784047506 -1.050131224769701 1.6023622047244093
    endloop
  endfacet
  facet normal -0.13052619222004552 -0.9914448613738112 0
    outer loop
      vertex -2.0701709784047506 -1.050131224769701 1.5944881889763778
      vertex -2.047244094488189 -1.0531496062992125 1.5944881889763778
      vertex -2.047244094488189 -1.0531496062992125 1.6023622047244093
    endloop
  endfacet
  facet normal -0.9914448613738114 -0.13052619222004494 0
    outer loop
      vertex -2.1328083901240316 -0.98749381305042 1.5944881889763778
      vertex -2.1328083901240316 -0.98749381305042 1.6023622047244093
      vertex -2.135826771653543 -0.9645669291338582 1.5944881889763778
    endloop
  endfacet
  facet normal -0.9914448613738114 -0.13052619222004494 0
    outer loop
      vertex -2.1328083901240316 -0.98749381305042 1.6023622047244093
      vertex -2.135826771653543 -0.9645669291338582 1.6023622047244093
      vertex -2.135826771653543 -0.9645669291338582 1.5944881889763778
    endloop
  endfacet
  facet normal 0 0 1
    outer loop
      vertex -2.1328083901240316 -0.98749381305042 1.6023622047244093
      vertex -2.1328083901240316 -0.9416400452172964 1.6023622047244093
      vertex -2.135826771653543 -0.9645669291338582 1.6023622047244093
    endloop
  endfacet
  facet normal -0.7933533402912295 -0.6087614290087279 0
    outer loop
      vertex -2.1098815062074694 -1.027204340853139 1.5944881889763778
      vertex -2.1098815062074694 -1.027204340853139 1.6023622047244093
      vertex -2.1239589432486214 -1.0088582677165354 1.5944881889763778
    endloop
  endfacet
  facet normal -0.6087614290087219 -0.7933533402912343 0
    outer loop
      vertex -2.0915354330708658 -1.0412817778942909 1.6023622047244093
      vertex -2.1098815062074694 -1.027204340853139 1.6023622047244093
      vertex -2.1098815062074694 -1.027204340853139 1.5944881889763778
    endloop
  endfacet
  facet normal -0.6087614290087219 -0.7933533402912343 0
    outer loop
      vertex -2.0915354330708658 -1.0412817778942909 1.5944881889763778
      vertex -2.0915354330708658 -1.0412817778942909 1.6023622047244093
      vertex -2.1098815062074694 -1.027204340853139 1.5944881889763778
    endloop
  endfacet
  facet normal -0.7933533402912295 -0.6087614290087279 0
    outer loop
      vertex -2.1098815062074694 -1.027204340853139 1.6023622047244093
      vertex -2.1239589432486214 -1.0088582677165354 1.6023622047244093
      vertex -2.1239589432486214 -1.0088582677165354 1.5944881889763778
    endloop
  endfacet
  facet normal -0.9238795325112871 -0.382683432365089 0
    outer loop
      vertex -2.1328083901240316 -0.98749381305042 1.5944881889763778
      vertex -2.1239589432486214 -1.0088582677165354 1.5944881889763778
      vertex -2.1239589432486214 -1.0088582677165354 1.6023622047244093
    endloop
  endfacet
  facet normal -0.9238795325112871 -0.382683432365089 0
    outer loop
      vertex -2.1328083901240316 -0.98749381305042 1.5944881889763778
      vertex -2.1239589432486214 -1.0088582677165354 1.6023622047244093
      vertex -2.1328083901240316 -0.98749381305042 1.6023622047244093
    endloop
  endfacet
  facet normal 0 0 1
    outer loop
      vertex -2.1098815062074694 -1.027204340853139 1.6023622047244093
      vertex -2.1239589432486214 -0.920275590551181 1.6023622047244093
      vertex -2.1239589432486214 -1.0088582677165354 1.6023622047244093
    endloop
  endfacet
  facet normal 0 0 1
    outer loop
      vertex -2.0915354330708658 -1.0412817778942909 1.6023622047244093
      vertex -2.1098815062074694 -0.9019295174145774 1.6023622047244093
      vertex -2.1098815062074694 -1.027204340853139 1.6023622047244093
    endloop
  endfacet
  facet normal 0 0 1
    outer loop
      vertex -2.1328083901240316 -0.98749381305042 1.6023622047244093
      vertex -2.1239589432486214 -1.0088582677165354 1.6023622047244093
      vertex -2.1328083901240316 -0.9416400452172964 1.6023622047244093
    endloop
  endfacet
  facet normal 0 0 1
    outer loop
      vertex -2.0915354330708658 -1.0412817778942909 1.6023622047244093
      vertex -2.0701709784047506 -1.050131224769701 1.6023622047244093
      vertex -2.0915354330708658 -0.8878520803734257 1.6023622047244093
    endloop
  endfacet
  facet normal 0 0 1
    outer loop
      vertex -2.0701709784047506 -1.050131224769701 1.6023622047244093
      vertex -2.047244094488189 -1.0531496062992125 1.6023622047244093
      vertex -2.0701709784047506 -0.8790026334980156 1.6023622047244093
    endloop
  endfacet
  facet normal 0.13052619222004305 -0.9914448613738115 0
    outer loop
      vertex -2.047244094488189 -1.0531496062992125 1.5944881889763778
      vertex -2.0243172105716267 -1.050131224769701 1.6023622047244093
      vertex -2.047244094488189 -1.0531496062992125 1.6023622047244093
    endloop
  endfacet
  facet normal 0.13052619222004305 -0.9914448613738115 0
    outer loop
      vertex -2.047244094488189 -1.0531496062992125 1.5944881889763778
      vertex -2.0243172105716267 -1.050131224769701 1.5944881889763778
      vertex -2.0243172105716267 -1.050131224769701 1.6023622047244093
    endloop
  endfacet
  facet normal 0.3826834323650924 -0.9238795325112855 0
    outer loop
      vertex -2.0243172105716267 -1.050131224769701 1.5944881889763778
      vertex -2.0029527559055116 -1.0412817778942909 1.6023622047244093
      vertex -2.0243172105716267 -1.050131224769701 1.6023622047244093
    endloop
  endfacet
  facet normal 0.3826834323650924 -0.9238795325112855 0
    outer loop
      vertex -2.0243172105716267 -1.050131224769701 1.5944881889763778
      vertex -2.0029527559055116 -1.0412817778942909 1.5944881889763778
      vertex -2.0029527559055116 -1.0412817778942909 1.6023622047244093
    endloop
  endfacet
  facet normal 0.6087614290087219 -0.7933533402912343 0
    outer loop
      vertex -2.0029527559055116 -1.0412817778942909 1.5944881889763778
      vertex -1.984606682768908 -1.027204340853139 1.6023622047244093
      vertex -2.0029527559055116 -1.0412817778942909 1.6023622047244093
    endloop
  endfacet
  facet normal 0.6087614290087219 -0.7933533402912343 0
    outer loop
      vertex -2.0029527559055116 -1.0412817778942909 1.5944881889763778
      vertex -1.984606682768908 -1.027204340853139 1.5944881889763778
      vertex -1.984606682768908 -1.027204340853139 1.6023622047244093
    endloop
  endfacet
  facet normal 0.7933533402912388 -0.6087614290087159 0
    outer loop
      vertex -1.984606682768908 -1.027204340853139 1.5944881889763778
      vertex -1.9705292457277563 -1.0088582677165354 1.6023622047244093
      vertex -1.984606682768908 -1.027204340853139 1.6023622047244093
    endloop
  endfacet
  facet normal 0.7933533402912388 -0.6087614290087159 0
    outer loop
      vertex -1.984606682768908 -1.027204340853139 1.5944881889763778
      vertex -1.9705292457277563 -1.0088582677165354 1.5944881889763778
      vertex -1.9705292457277563 -1.0088582677165354 1.6023622047244093
    endloop
  endfacet
  facet normal 0.9238795325112871 -0.382683432365089 0
    outer loop
      vertex -1.9705292457277563 -1.0088582677165354 1.5944881889763778
      vertex -1.9616797988523462 -0.98749381305042 1.6023622047244093
      vertex -1.9705292457277563 -1.0088582677165354 1.6023622047244093
    endloop
  endfacet
  facet normal 0 0 1
    outer loop
      vertex -2.047244094488189 -1.0531496062992125 1.6023622047244093
      vertex -2.0243172105716267 -1.050131224769701 1.6023622047244093
      vertex -2.047244094488189 -0.8759842519685039 1.6023622047244093
    endloop
  endfacet
  facet normal 0 0 1
    outer loop
      vertex -2.0243172105716267 -1.050131224769701 1.6023622047244093
      vertex -2.0029527559055116 -1.0412817778942909 1.6023622047244093
      vertex -2.0243172105716267 -0.8790026334980156 1.6023622047244093
    endloop
  endfacet
  facet normal 0 0 1
    outer loop
      vertex -2.0029527559055116 -1.0412817778942909 1.6023622047244093
      vertex -1.984606682768908 -1.027204340853139 1.6023622047244093
      vertex -2.0029527559055116 -0.8878520803734257 1.6023622047244093
    endloop
  endfacet
  facet normal 0.9238795325112871 -0.382683432365089 0
    outer loop
      vertex -1.9705292457277563 -1.0088582677165354 1.5944881889763778
      vertex -1.9616797988523462 -0.98749381305042 1.5944881889763778
      vertex -1.9616797988523462 -0.98749381305042 1.6023622047244093
    endloop
  endfacet
  facet normal 0 0 1
    outer loop
      vertex -1.984606682768908 -1.027204340853139 1.6023622047244093
      vertex -1.9705292457277563 -1.0088582677165354 1.6023622047244093
      vertex -1.984606682768908 -0.9019295174145774 1.6023622047244093
    endloop
  endfacet
  facet normal 0 0 1
    outer loop
      vertex -1.9705292457277563 -1.0088582677165354 1.6023622047244093
      vertex -1.9616797988523462 -0.98749381305042 1.6023622047244093
      vertex -1.9705292457277563 -0.920275590551181 1.6023622047244093
    endloop
  endfacet
  facet normal 0.99144486137381 -0.13052619222005435 0
    outer loop
      vertex -1.9616797988523462 -0.98749381305042 1.5944881889763778
      vertex -1.9586614173228345 -0.9645669291338582 1.6023622047244093
      vertex -1.9616797988523462 -0.98749381305042 1.6023622047244093
    endloop
  endfacet
  facet normal 0.99144486137381 -0.13052619222005435 0
    outer loop
      vertex -1.9616797988523462 -0.98749381305042 1.5944881889763778
      vertex -1.9586614173228345 -0.9645669291338582 1.5944881889763778
      vertex -1.9586614173228345 -0.9645669291338582 1.6023622047244093
    endloop
  endfacet
  facet normal 0 0 1
    outer loop
      vertex -1.9616797988523462 -0.98749381305042 1.6023622047244093
      vertex -1.9586614173228345 -0.9645669291338582 1.6023622047244093
      vertex -1.9616797988523462 -0.9416400452172964 1.6023622047244093
    endloop
  endfacet
  facet normal -0.9914448613738114 0.13052619222004494 0
    outer loop
      vertex -2.135826771653543 -0.9645669291338582 1.5944881889763778
      vertex -2.135826771653543 -0.9645669291338582 1.6023622047244093
      vertex -2.1328083901240316 -0.9416400452172964 1.5944881889763778
    endloop
  endfacet
  facet normal -0.9914448613738114 0.13052619222004494 0
    outer loop
      vertex -2.135826771653543 -0.9645669291338582 1.6023622047244093
      vertex -2.1328083901240316 -0.9416400452172964 1.6023622047244093
      vertex -2.1328083901240316 -0.9416400452172964 1.5944881889763778
    endloop
  endfacet
  facet normal 0 0 1
    outer loop
      vertex -2.1239589432486214 -1.0088582677165354 1.6023622047244093
      vertex -2.1239589432486214 -0.920275590551181 1.6023622047244093
      vertex -2.1328083901240316 -0.9416400452172964 1.6023622047244093
    endloop
  endfacet
  facet normal 0 0 1
    outer loop
      vertex -2.1098815062074694 -1.027204340853139 1.6023622047244093
      vertex -2.1098815062074694 -0.9019295174145774 1.6023622047244093
      vertex -2.1239589432486214 -0.920275590551181 1.6023622047244093
    endloop
  endfacet
  facet normal 0 0 1
    outer loop
      vertex -2.0915354330708658 -1.0412817778942909 1.6023622047244093
      vertex -2.0915354330708658 -0.8878520803734257 1.6023622047244093
      vertex -2.1098815062074694 -0.9019295174145774 1.6023622047244093
    endloop
  endfacet
  facet normal -0.9238795325112871 0.382683432365089 0
    outer loop
      vertex -2.1328083901240316 -0.9416400452172964 1.5944881889763778
      vertex -2.1328083901240316 -0.9416400452172964 1.6023622047244093
      vertex -2.1239589432486214 -0.920275590551181 1.5944881889763778
    endloop
  endfacet
  facet normal -0.9238795325112871 0.382683432365089 0
    outer loop
      vertex -2.1328083901240316 -0.9416400452172964 1.6023622047244093
      vertex -2.1239589432486214 -0.920275590551181 1.6023622047244093
      vertex -2.1239589432486214 -0.920275590551181 1.5944881889763778
    endloop
  endfacet
  facet normal 0 0 1
    outer loop
      vertex -2.0701709784047506 -1.050131224769701 1.6023622047244093
      vertex -2.0701709784047506 -0.8790026334980156 1.6023622047244093
      vertex -2.0915354330708658 -0.8878520803734257 1.6023622047244093
    endloop
  endfacet
  facet normal 0 0 1
    outer loop
      vertex -2.0701709784047506 -0.8790026334980156 1.6023622047244093
      vertex -2.047244094488189 -1.0531496062992125 1.6023622047244093
      vertex -2.047244094488189 -0.8759842519685039 1.6023622047244093
    endloop
  endfacet
  facet normal -0.7933533402912295 0.6087614290087279 0
    outer loop
      vertex -2.1239589432486214 -0.920275590551181 1.5944881889763778
      vertex -2.1239589432486214 -0.920275590551181 1.6023622047244093
      vertex -2.1098815062074694 -0.9019295174145774 1.5944881889763778
    endloop
  endfacet
  facet normal -0.7933533402912295 0.6087614290087279 0
    outer loop
      vertex -2.1239589432486214 -0.920275590551181 1.6023622047244093
      vertex -2.1098815062074694 -0.9019295174145774 1.6023622047244093
      vertex -2.1098815062074694 -0.9019295174145774 1.5944881889763778
    endloop
  endfacet
  facet normal -0.6087614290087189 0.7933533402912365 0
    outer loop
      vertex -2.1098815062074694 -0.9019295174145774 1.5944881889763778
      vertex -2.1098815062074694 -0.9019295174145774 1.6023622047244093
      vertex -2.0915354330708658 -0.8878520803734257 1.5944881889763778
    endloop
  endfacet
  facet normal -0.6087614290087189 0.7933533402912365 0
    outer loop
      vertex -2.1098815062074694 -0.9019295174145774 1.6023622047244093
      vertex -2.0915354330708658 -0.8878520803734257 1.6023622047244093
      vertex -2.0915354330708658 -0.8878520803734257 1.5944881889763778
    endloop
  endfacet
  facet normal -0.3826834323650924 0.9238795325112855 0
    outer loop
      vertex -2.0915354330708658 -0.8878520803734257 1.5944881889763778
      vertex -2.0915354330708658 -0.8878520803734257 1.6023622047244093
      vertex -2.0701709784047506 -0.8790026334980156 1.5944881889763778
    endloop
  endfacet
  facet normal -0.3826834323650924 0.9238795325112855 0
    outer loop
      vertex -2.0915354330708658 -0.8878520803734257 1.6023622047244093
      vertex -2.0701709784047506 -0.8790026334980156 1.6023622047244093
      vertex -2.0701709784047506 -0.8790026334980156 1.5944881889763778
    endloop
  endfacet
  facet normal -0.13052619222005027 0.9914448613738106 0
    outer loop
      vertex -2.0701709784047506 -0.8790026334980156 1.5944881889763778
      vertex -2.0701709784047506 -0.8790026334980156 1.6023622047244093
      vertex -2.047244094488189 -0.8759842519685039 1.5944881889763778
    endloop
  endfacet
  facet normal -0.13052619222005027 0.9914448613738106 0
    outer loop
      vertex -2.0701709784047506 -0.8790026334980156 1.6023622047244093
      vertex -2.047244094488189 -0.8759842519685039 1.6023622047244093
      vertex -2.047244094488189 -0.8759842519685039 1.5944881889763778
    endloop
  endfacet
  facet normal 0 0 1
    outer loop
      vertex -2.0243172105716267 -1.050131224769701 1.6023622047244093
      vertex -2.0243172105716267 -0.8790026334980156 1.6023622047244093
      vertex -2.047244094488189 -0.8759842519685039 1.6023622047244093
    endloop
  endfacet
  facet normal 0 0 1
    outer loop
      vertex -2.0029527559055116 -1.0412817778942909 1.6023622047244093
      vertex -2.0029527559055116 -0.8878520803734257 1.6023622047244093
      vertex -2.0243172105716267 -0.8790026334980156 1.6023622047244093
    endloop
  endfacet
  facet normal 0 0 1
    outer loop
      vertex -1.9616797988523462 -0.98749381305042 1.6023622047244093
      vertex -1.9616797988523462 -0.9416400452172964 1.6023622047244093
      vertex -1.9705292457277563 -0.920275590551181 1.6023622047244093
    endloop
  endfacet
  facet normal 0 0 1
    outer loop
      vertex -1.9705292457277563 -1.0088582677165354 1.6023622047244093
      vertex -1.9705292457277563 -0.920275590551181 1.6023622047244093
      vertex -1.984606682768908 -0.9019295174145774 1.6023622047244093
    endloop
  endfacet
  facet normal 0 0 1
    outer loop
      vertex -1.984606682768908 -1.027204340853139 1.6023622047244093
      vertex -1.984606682768908 -0.9019295174145774 1.6023622047244093
      vertex -2.0029527559055116 -0.8878520803734257 1.6023622047244093
    endloop
  endfacet
  facet normal 0.9238795325112871 0.382683432365089 0
    outer loop
      vertex -1.9705292457277563 -0.920275590551181 1.6023622047244093
      vertex -1.9616797988523462 -0.9416400452172964 1.6023622047244093
      vertex -1.9616797988523462 -0.9416400452172964 1.5944881889763778
    endloop
  endfacet
  facet normal 0.9238795325112871 0.382683432365089 0
    outer loop
      vertex -1.9705292457277563 -0.920275590551181 1.5944881889763778
      vertex -1.9705292457277563 -0.920275590551181 1.6023622047244093
      vertex -1.9616797988523462 -0.9416400452172964 1.5944881889763778
    endloop
  endfacet
  facet normal 0.3826834323650924 0.9238795325112855 0
    outer loop
      vertex -2.0243172105716267 -0.8790026334980156 1.5944881889763778
      vertex -2.0243172105716267 -0.8790026334980156 1.6023622047244093
      vertex -2.0029527559055116 -0.8878520803734257 1.5944881889763778
    endloop
  endfacet
  facet normal 0.3826834323650924 0.9238795325112855 0
    outer loop
      vertex -2.0243172105716267 -0.8790026334980156 1.6023622047244093
      vertex -2.0029527559055116 -0.8878520803734257 1.6023622047244093
      vertex -2.0029527559055116 -0.8878520803734257 1.5944881889763778
    endloop
  endfacet
  facet normal 0.7933533402912388 0.6087614290087159 0
    outer loop
      vertex -1.9705292457277563 -0.920275590551181 1.5944881889763778
      vertex -1.984606682768908 -0.9019295174145774 1.6023622047244093
      vertex -1.9705292457277563 -0.920275590551181 1.6023622047244093
    endloop
  endfacet
  facet normal 0.7933533402912388 0.6087614290087159 0
    outer loop
      vertex -1.9705292457277563 -0.920275590551181 1.5944881889763778
      vertex -1.984606682768908 -0.9019295174145774 1.5944881889763778
      vertex -1.984606682768908 -0.9019295174145774 1.6023622047244093
    endloop
  endfacet
  facet normal 0.6087614290087189 0.7933533402912365 0
    outer loop
      vertex -1.984606682768908 -0.9019295174145774 1.5944881889763778
      vertex -2.0029527559055116 -0.8878520803734257 1.5944881889763778
      vertex -2.0029527559055116 -0.8878520803734257 1.6023622047244093
    endloop
  endfacet
  facet normal 0.6087614290087189 0.7933533402912365 0
    outer loop
      vertex -1.984606682768908 -0.9019295174145774 1.5944881889763778
      vertex -2.0029527559055116 -0.8878520803734257 1.6023622047244093
      vertex -1.984606682768908 -0.9019295174145774 1.6023622047244093
    endloop
  endfacet
  facet normal 0.99144486137381 0.13052619222005435 0
    outer loop
      vertex -1.9586614173228345 -0.9645669291338582 1.5944881889763778
      vertex -1.9616797988523462 -0.9416400452172964 1.6023622047244093
      vertex -1.9586614173228345 -0.9645669291338582 1.6023622047244093
    endloop
  endfacet
  facet normal 0.99144486137381 0.13052619222005435 0
    outer loop
      vertex -1.9586614173228345 -0.9645669291338582 1.5944881889763778
      vertex -1.9616797988523462 -0.9416400452172964 1.5944881889763778
      vertex -1.9616797988523462 -0.9416400452172964 1.6023622047244093
    endloop
  endfacet
  facet normal 0.13052619222004774 0.9914448613738108 0
    outer loop
      vertex -2.0243172105716267 -0.8790026334980156 1.5944881889763778
      vertex -2.047244094488189 -0.8759842519685039 1.5944881889763778
      vertex -2.047244094488189 -0.8759842519685039 1.6023622047244093
    endloop
  endfacet
  facet normal 0.13052619222004774 0.9914448613738108 0
    outer loop
      vertex -2.0243172105716267 -0.8790026334980156 1.5944881889763778
      vertex -2.047244094488189 -0.8759842519685039 1.6023622047244093
      vertex -2.0243172105716267 -0.8790026334980156 1.6023622047244093
    endloop
  endfacet
  facet normal -0.5320320765153324 -0.8467241992282868 0
    outer loop
      vertex -2.145431464859643 0.8414438610286568 1.5944881889763778
      vertex -2.145431464859643 0.8414438610286568 1.574803149606299
      vertex -2.1155722423807175 0.8226820680468632 1.574803149606299
    endloop
  endfacet
  facet normal -0.8467241992282831 -0.532032076515338 0
    outer loop
      vertex -2.1703671625933905 0.8663795587624041 1.5944881889763778
      vertex -2.189128955575184 0.8962387812413293 1.5944881889763778
      vertex -2.1703671625933905 0.8663795587624041 1.574803149606299
    endloop
  endfacet
  facet normal -0.7071067811865476 -0.7071067811865476 0
    outer loop
      vertex -2.1703671625933905 0.8663795587624041 1.5944881889763778
      vertex -2.1703671625933905 0.8663795587624041 1.574803149606299
      vertex -2.145431464859643 0.8414438610286568 1.574803149606299
    endloop
  endfacet
  facet normal -0.7071067811865476 -0.7071067811865476 0
    outer loop
      vertex -2.145431464859643 0.8414438610286568 1.5944881889763778
      vertex -2.1703671625933905 0.8663795587624041 1.5944881889763778
      vertex -2.145431464859643 0.8414438610286568 1.574803149606299
    endloop
  endfacet
  facet normal 0 0 1
    outer loop
      vertex -2.145431464859643 0.8414438610286568 1.5944881889763778
      vertex -2.1155722423807175 0.8226820680468632 1.5944881889763778
      vertex -2.1328083901240316 0.9416400452172966 1.5944881889763778
    endloop
  endfacet
  facet normal -0.3302790619551647 -0.9438833303083684 0
    outer loop
      vertex -2.1155722423807175 0.8226820680468632 1.5944881889763778
      vertex -2.1155722423807175 0.8226820680468632 1.574803149606299
      vertex -2.0822867612529627 0.8110349744595555 1.574803149606299
    endloop
  endfacet
  facet normal -0.3302790619551647 -0.9438833303083684 0
    outer loop
      vertex -2.1155722423807175 0.8226820680468632 1.5944881889763778
      vertex -2.0822867612529627 0.8110349744595555 1.574803149606299
      vertex -2.0822867612529627 0.8110349744595555 1.5944881889763778
    endloop
  endfacet
  facet normal -0.5320320765153324 -0.8467241992282868 0
    outer loop
      vertex -2.145431464859643 0.8414438610286568 1.5944881889763778
      vertex -2.1155722423807175 0.8226820680468632 1.574803149606299
      vertex -2.1155722423807175 0.8226820680468632 1.5944881889763778
    endloop
  endfacet
  facet normal -0.11196447610331615 -0.9937122098932416 0
    outer loop
      vertex -2.0822867612529627 0.8110349744595555 1.5944881889763778
      vertex -2.0822867612529627 0.8110349744595555 1.574803149606299
      vertex -2.047244094488189 0.8070866141732282 1.574803149606299
    endloop
  endfacet
  facet normal -0.11196447610331615 -0.9937122098932416 0
    outer loop
      vertex -2.0822867612529627 0.8110349744595555 1.5944881889763778
      vertex -2.047244094488189 0.8070866141732282 1.574803149606299
      vertex -2.047244094488189 0.8070866141732282 1.5944881889763778
    endloop
  endfacet
  facet normal 0 0 1
    outer loop
      vertex -2.0822867612529627 0.8110349744595555 1.5944881889763778
      vertex -2.047244094488189 0.8070866141732282 1.5944881889763778
      vertex -2.0701709784047506 0.8790026334980157 1.5944881889763778
    endloop
  endfacet
  facet normal 0 0 1
    outer loop
      vertex -2.1155722423807175 0.8226820680468632 1.5944881889763778
      vertex -2.0822867612529627 0.8110349744595555 1.5944881889763778
      vertex -2.0915354330708658 0.8878520803734258 1.5944881889763778
    endloop
  endfacet
  facet normal 0 0 1
    outer loop
      vertex -2.1155722423807175 0.8226820680468632 1.5944881889763778
      vertex -2.0915354330708658 0.8878520803734258 1.5944881889763778
      vertex -2.1098815062074694 0.9019295174145774 1.5944881889763778
    endloop
  endfacet
  facet normal 0 0 1
    outer loop
      vertex -2.0822867612529627 0.8110349744595555 1.5944881889763778
      vertex -2.0701709784047506 0.8790026334980157 1.5944881889763778
      vertex -2.0915354330708658 0.8878520803734258 1.5944881889763778
    endloop
  endfacet
  facet normal 0 0 1
    outer loop
      vertex -2.047244094488189 0.8070866141732282 1.5944881889763778
      vertex -2.047244094488189 0.8759842519685042 1.5944881889763778
      vertex -2.0701709784047506 0.8790026334980157 1.5944881889763778
    endloop
  endfacet
  facet normal -0.8467241992282831 -0.532032076515338 0
    outer loop
      vertex -2.189128955575184 0.8962387812413293 1.5944881889763778
      vertex -2.189128955575184 0.8962387812413293 1.574803149606299
      vertex -2.1703671625933905 0.8663795587624041 1.574803149606299
    endloop
  endfacet
  facet normal -0.9438833303083698 -0.3302790619551608 0
    outer loop
      vertex -2.189128955575184 0.8962387812413293 1.5944881889763778
      vertex -2.2007760491624917 0.9295242623690845 1.5944881889763778
      vertex -2.189128955575184 0.8962387812413293 1.574803149606299
    endloop
  endfacet
  facet normal -0.9438833303083698 -0.3302790619551608 0
    outer loop
      vertex -2.2007760491624917 0.9295242623690845 1.5944881889763778
      vertex -2.2007760491624917 0.9295242623690845 1.574803149606299
      vertex -2.189128955575184 0.8962387812413293 1.574803149606299
    endloop
  endfacet
  facet normal 0 0 1
    outer loop
      vertex -2.145431464859643 0.8414438610286568 1.5944881889763778
      vertex -2.1328083901240316 0.9416400452172966 1.5944881889763778
      vertex -2.135826771653543 0.9645669291338583 1.5944881889763778
    endloop
  endfacet
  facet normal 0 0 1
    outer loop
      vertex -2.1703671625933905 0.8663795587624041 1.5944881889763778
      vertex -2.189128955575184 1.0328950770263874 1.5944881889763778
      vertex -2.189128955575184 0.8962387812413293 1.5944881889763778
    endloop
  endfacet
  facet normal -0.993712209893243 -0.11196447610330372 0
    outer loop
      vertex -2.2007760491624917 0.9295242623690845 1.5944881889763778
      vertex -2.2047244094488185 0.9645669291338583 1.5944881889763778
      vertex -2.2007760491624917 0.9295242623690845 1.574803149606299
    endloop
  endfacet
  facet normal -0.993712209893243 -0.11196447610330372 0
    outer loop
      vertex -2.2047244094488185 0.9645669291338583 1.5944881889763778
      vertex -2.2047244094488185 0.9645669291338583 1.574803149606299
      vertex -2.2007760491624917 0.9295242623690845 1.574803149606299
    endloop
  endfacet
  facet normal 0 0 1
    outer loop
      vertex -2.189128955575184 0.8962387812413293 1.5944881889763778
      vertex -2.2007760491624917 0.9996095958986322 1.5944881889763778
      vertex -2.2007760491624917 0.9295242623690845 1.5944881889763778
    endloop
  endfacet
  facet normal 0 0 1
    outer loop
      vertex -2.145431464859643 0.8414438610286568 1.5944881889763778
      vertex -2.1703671625933905 1.0627542995053125 1.5944881889763778
      vertex -2.1703671625933905 0.8663795587624041 1.5944881889763778
    endloop
  endfacet
  facet normal 0 0 1
    outer loop
      vertex -2.1155722423807175 0.8226820680468632 1.5944881889763778
      vertex -2.1098815062074694 0.9019295174145774 1.5944881889763778
      vertex -2.1239589432486214 0.920275590551181 1.5944881889763778
    endloop
  endfacet
  facet normal 0 0 1
    outer loop
      vertex -2.1155722423807175 0.8226820680468632 1.5944881889763778
      vertex -2.1239589432486214 0.920275590551181 1.5944881889763778
      vertex -2.1328083901240316 0.9416400452172966 1.5944881889763778
    endloop
  endfacet
  facet normal 0.11196447610331615 -0.9937122098932416 0
    outer loop
      vertex -2.047244094488189 0.8070866141732282 1.5944881889763778
      vertex -2.047244094488189 0.8070866141732282 1.574803149606299
      vertex -2.012201427723415 0.8110349744595555 1.574803149606299
    endloop
  endfacet
  facet normal 0.11196447610331615 -0.9937122098932416 0
    outer loop
      vertex -2.047244094488189 0.8070866141732282 1.5944881889763778
      vertex -2.012201427723415 0.8110349744595555 1.574803149606299
      vertex -2.012201427723415 0.8110349744595555 1.5944881889763778
    endloop
  endfacet
  facet normal 0 0 1
    outer loop
      vertex -2.047244094488189 0.8070866141732282 1.5944881889763778
      vertex -2.012201427723415 0.8110349744595555 1.5944881889763778
      vertex -2.047244094488189 0.8759842519685042 1.5944881889763778
    endloop
  endfacet
  facet normal 0.3302790619551608 -0.9438833303083698 0
    outer loop
      vertex -2.012201427723415 0.8110349744595555 1.5944881889763778
      vertex -2.012201427723415 0.8110349744595555 1.574803149606299
      vertex -1.9789159465956598 0.8226820680468632 1.574803149606299
    endloop
  endfacet
  facet normal 0.3302790619551608 -0.9438833303083698 0
    outer loop
      vertex -2.012201427723415 0.8110349744595555 1.5944881889763778
      vertex -1.9789159465956598 0.8226820680468632 1.574803149606299
      vertex -1.9789159465956598 0.8226820680468632 1.5944881889763778
    endloop
  endfacet
  facet normal 0.532032076515338 -0.8467241992282831 0
    outer loop
      vertex -1.9789159465956598 0.8226820680468632 1.5944881889763778
      vertex -1.9789159465956598 0.8226820680468632 1.574803149606299
      vertex -1.9490567241167347 0.8414438610286568 1.574803149606299
    endloop
  endfacet
  facet normal 0 0 1
    outer loop
      vertex -2.012201427723415 0.8110349744595555 1.5944881889763778
      vertex -1.9789159465956598 0.8226820680468632 1.5944881889763778
      vertex -2.0243172105716267 0.8790026334980157 1.5944881889763778
    endloop
  endfacet
  facet normal 0 0 1
    outer loop
      vertex -2.012201427723415 0.8110349744595555 1.5944881889763778
      vertex -2.0243172105716267 0.8790026334980157 1.5944881889763778
      vertex -2.047244094488189 0.8759842519685042 1.5944881889763778
    endloop
  endfacet
  facet normal 0 0 1
    outer loop
      vertex -1.9789159465956598 0.8226820680468632 1.5944881889763778
      vertex -1.9490567241167347 0.8414438610286568 1.5944881889763778
      vertex -1.984606682768908 0.9019295174145774 1.5944881889763778
    endloop
  endfacet
  facet normal 0 0 1
    outer loop
      vertex -1.9789159465956598 0.8226820680468632 1.5944881889763778
      vertex -2.0029527559055116 0.8878520803734258 1.5944881889763778
      vertex -2.0243172105716267 0.8790026334980157 1.5944881889763778
    endloop
  endfacet
  facet normal 0 0 1
    outer loop
      vertex -1.9789159465956598 0.8226820680468632 1.5944881889763778
      vertex -1.984606682768908 0.9019295174145774 1.5944881889763778
      vertex -2.0029527559055116 0.8878520803734258 1.5944881889763778
    endloop
  endfacet
  facet normal 0.532032076515338 -0.8467241992282831 0
    outer loop
      vertex -1.9789159465956598 0.8226820680468632 1.5944881889763778
      vertex -1.9490567241167347 0.8414438610286568 1.574803149606299
      vertex -1.9490567241167347 0.8414438610286568 1.5944881889763778
    endloop
  endfacet
  facet normal 0.7071067811865476 -0.7071067811865476 0
    outer loop
      vertex -1.9490567241167347 0.8414438610286568 1.5944881889763778
      vertex -1.9490567241167347 0.8414438610286568 1.574803149606299
      vertex -1.9241210263829873 0.8663795587624041 1.574803149606299
    endloop
  endfacet
  facet normal 0.7071067811865476 -0.7071067811865476 0
    outer loop
      vertex -1.9490567241167347 0.8414438610286568 1.5944881889763778
      vertex -1.9241210263829873 0.8663795587624041 1.574803149606299
      vertex -1.9241210263829873 0.8663795587624041 1.5944881889763778
    endloop
  endfacet
  facet normal 0.8467241992282831 -0.532032076515338 0
    outer loop
      vertex -1.9241210263829873 0.8663795587624041 1.5944881889763778
      vertex -1.9241210263829873 0.8663795587624041 1.574803149606299
      vertex -1.9053592334011937 0.8962387812413293 1.574803149606299
    endloop
  endfacet
  facet normal 0 0 1
    outer loop
      vertex -1.9490567241167347 0.8414438610286568 1.5944881889763778
      vertex -1.9705292457277563 0.920275590551181 1.5944881889763778
      vertex -1.984606682768908 0.9019295174145774 1.5944881889763778
    endloop
  endfacet
  facet normal 0 0 1
    outer loop
      vertex -1.9490567241167347 0.8414438610286568 1.5944881889763778
      vertex -1.9616797988523462 0.9416400452172966 1.5944881889763778
      vertex -1.9705292457277563 0.920275590551181 1.5944881889763778
    endloop
  endfacet
  facet normal 0 0 1
    outer loop
      vertex -1.9490567241167347 0.8414438610286568 1.5944881889763778
      vertex -1.9586614173228345 0.9645669291338583 1.5944881889763778
      vertex -1.9616797988523462 0.9416400452172966 1.5944881889763778
    endloop
  endfacet
  facet normal 0.8467241992282831 -0.532032076515338 0
    outer loop
      vertex -1.9241210263829873 0.8663795587624041 1.5944881889763778
      vertex -1.9053592334011937 0.8962387812413293 1.574803149606299
      vertex -1.9053592334011937 0.8962387812413293 1.5944881889763778
    endloop
  endfacet
  facet normal 0.9438833303083677 -0.33027906195516643 0
    outer loop
      vertex -1.9053592334011937 0.8962387812413293 1.5944881889763778
      vertex -1.9053592334011937 0.8962387812413293 1.574803149606299
      vertex -1.8937121398138859 0.9295242623690845 1.574803149606299
    endloop
  endfacet
  facet normal 0.9438833303083677 -0.33027906195516643 0
    outer loop
      vertex -1.9053592334011937 0.8962387812413293 1.5944881889763778
      vertex -1.8937121398138859 0.9295242623690845 1.574803149606299
      vertex -1.8937121398138859 0.9295242623690845 1.5944881889763778
    endloop
  endfacet
  facet normal 0 0 1
    outer loop
      vertex -1.9490567241167347 0.8414438610286568 1.5944881889763778
      vertex -1.9241210263829873 0.8663795587624041 1.5944881889763778
      vertex -1.9490567241167347 1.08768999723906 1.5944881889763778
    endloop
  endfacet
  facet normal 0.9937122098932423 -0.11196447610330992 0
    outer loop
      vertex -1.8937121398138859 0.9295242623690845 1.5944881889763778
      vertex -1.8937121398138859 0.9295242623690845 1.574803149606299
      vertex -1.8897637795275588 0.9645669291338583 1.574803149606299
    endloop
  endfacet
  facet normal 0.9937122098932423 -0.11196447610330992 0
    outer loop
      vertex -1.8937121398138859 0.9295242623690845 1.5944881889763778
      vertex -1.8897637795275588 0.9645669291338583 1.574803149606299
      vertex -1.8897637795275588 0.9645669291338583 1.5944881889763778
    endloop
  endfacet
  facet normal 0 0 1
    outer loop
      vertex -1.9241210263829873 0.8663795587624041 1.5944881889763778
      vertex -1.9053592334011937 0.8962387812413293 1.5944881889763778
      vertex -1.9241210263829873 1.0627542995053125 1.5944881889763778
    endloop
  endfacet
  facet normal 0 0 1
    outer loop
      vertex -1.9053592334011937 0.8962387812413293 1.5944881889763778
      vertex -1.8937121398138859 0.9295242623690845 1.5944881889763778
      vertex -1.9053592334011937 1.0328950770263874 1.5944881889763778
    endloop
  endfacet
  facet normal -0.993712209893243 0.11196447610330372 0
    outer loop
      vertex -2.2047244094488185 0.9645669291338583 1.5944881889763778
      vertex -2.2007760491624917 0.9996095958986322 1.5944881889763778
      vertex -2.2047244094488185 0.9645669291338583 1.574803149606299
    endloop
  endfacet
  facet normal 0 0 1
    outer loop
      vertex -2.2007760491624917 0.9295242623690845 1.5944881889763778
      vertex -2.2007760491624917 0.9996095958986322 1.5944881889763778
      vertex -2.2047244094488185 0.9645669291338583 1.5944881889763778
    endloop
  endfacet
  facet normal 0 0 1
    outer loop
      vertex -2.189128955575184 0.8962387812413293 1.5944881889763778
      vertex -2.189128955575184 1.0328950770263874 1.5944881889763778
      vertex -2.2007760491624917 0.9996095958986322 1.5944881889763778
    endloop
  endfacet
  facet normal -0.993712209893243 0.11196447610330372 0
    outer loop
      vertex -2.2007760491624917 0.9996095958986322 1.5944881889763778
      vertex -2.2007760491624917 0.9996095958986322 1.574803149606299
      vertex -2.2047244094488185 0.9645669291338583 1.574803149606299
    endloop
  endfacet
  facet normal 0 0 1
    outer loop
      vertex -2.1703671625933905 0.8663795587624041 1.5944881889763778
      vertex -2.1703671625933905 1.0627542995053125 1.5944881889763778
      vertex -2.189128955575184 1.0328950770263874 1.5944881889763778
    endloop
  endfacet
  facet normal 0 0 1
    outer loop
      vertex -2.145431464859643 0.8414438610286568 1.5944881889763778
      vertex -2.135826771653543 0.9645669291338583 1.5944881889763778
      vertex -2.145431464859643 1.08768999723906 1.5944881889763778
    endloop
  endfacet
  facet normal 0 0 1
    outer loop
      vertex -2.145431464859643 0.8414438610286568 1.5944881889763778
      vertex -2.145431464859643 1.08768999723906 1.5944881889763778
      vertex -2.1703671625933905 1.0627542995053125 1.5944881889763778
    endloop
  endfacet
  facet normal -0.9438833303083698 0.3302790619551608 0
    outer loop
      vertex -2.2007760491624917 0.9996095958986322 1.5944881889763778
      vertex -2.189128955575184 1.0328950770263874 1.5944881889763778
      vertex -2.2007760491624917 0.9996095958986322 1.574803149606299
    endloop
  endfacet
  facet normal -0.9438833303083698 0.3302790619551608 0
    outer loop
      vertex -2.189128955575184 1.0328950770263874 1.5944881889763778
      vertex -2.189128955575184 1.0328950770263874 1.574803149606299
      vertex -2.2007760491624917 0.9996095958986322 1.574803149606299
    endloop
  endfacet
  facet normal 0 0 1
    outer loop
      vertex -2.135826771653543 0.9645669291338583 1.5944881889763778
      vertex -2.1328083901240316 0.98749381305042 1.5944881889763778
      vertex -2.145431464859643 1.08768999723906 1.5944881889763778
    endloop
  endfacet
  facet normal 0 0 1
    outer loop
      vertex -2.1328083901240316 0.98749381305042 1.5944881889763778
      vertex -2.1239589432486214 1.0088582677165356 1.5944881889763778
      vertex -2.145431464859643 1.08768999723906 1.5944881889763778
    endloop
  endfacet
  facet normal -0.8467241992282831 0.532032076515338 0
    outer loop
      vertex -2.189128955575184 1.0328950770263874 1.5944881889763778
      vertex -2.1703671625933905 1.0627542995053125 1.5944881889763778
      vertex -2.189128955575184 1.0328950770263874 1.574803149606299
    endloop
  endfacet
  facet normal -0.8467241992282831 0.532032076515338 0
    outer loop
      vertex -2.1703671625933905 1.0627542995053125 1.5944881889763778
      vertex -2.1703671625933905 1.0627542995053125 1.574803149606299
      vertex -2.189128955575184 1.0328950770263874 1.574803149606299
    endloop
  endfacet
  facet normal -0.7071067811865476 0.7071067811865476 0
    outer loop
      vertex -2.145431464859643 1.08768999723906 1.5944881889763778
      vertex -2.145431464859643 1.08768999723906 1.574803149606299
      vertex -2.1703671625933905 1.0627542995053125 1.574803149606299
    endloop
  endfacet
  facet normal -0.7071067811865476 0.7071067811865476 0
    outer loop
      vertex -2.1703671625933905 1.0627542995053125 1.5944881889763778
      vertex -2.145431464859643 1.08768999723906 1.5944881889763778
      vertex -2.1703671625933905 1.0627542995053125 1.574803149606299
    endloop
  endfacet
  facet normal -0.5320320765153324 0.8467241992282868 0
    outer loop
      vertex -2.145431464859643 1.08768999723906 1.5944881889763778
      vertex -2.1155722423807175 1.1064517902208535 1.5944881889763778
      vertex -2.145431464859643 1.08768999723906 1.574803149606299
    endloop
  endfacet
  facet normal 0 0 1
    outer loop
      vertex -2.1239589432486214 1.0088582677165356 1.5944881889763778
      vertex -2.1098815062074694 1.0272043408531393 1.5944881889763778
      vertex -2.145431464859643 1.08768999723906 1.5944881889763778
    endloop
  endfacet
  facet normal 0 0 1
    outer loop
      vertex -2.1098815062074694 1.0272043408531393 1.5944881889763778
      vertex -2.0915354330708658 1.0412817778942909 1.5944881889763778
      vertex -2.1155722423807175 1.1064517902208535 1.5944881889763778
    endloop
  endfacet
  facet normal 0 0 1
    outer loop
      vertex -2.1098815062074694 1.0272043408531393 1.5944881889763778
      vertex -2.1155722423807175 1.1064517902208535 1.5944881889763778
      vertex -2.145431464859643 1.08768999723906 1.5944881889763778
    endloop
  endfacet
  facet normal 0 0 1
    outer loop
      vertex -2.0915354330708658 1.0412817778942909 1.5944881889763778
      vertex -2.0701709784047506 1.050131224769701 1.5944881889763778
      vertex -2.1155722423807175 1.1064517902208535 1.5944881889763778
    endloop
  endfacet
  facet normal 0 0 1
    outer loop
      vertex -2.0701709784047506 1.050131224769701 1.5944881889763778
      vertex -2.047244094488189 1.0531496062992125 1.5944881889763778
      vertex -2.0822867612529627 1.1180988838081611 1.5944881889763778
    endloop
  endfacet
  facet normal 0 0 1
    outer loop
      vertex -2.0701709784047506 1.050131224769701 1.5944881889763778
      vertex -2.0822867612529627 1.1180988838081611 1.5944881889763778
      vertex -2.1155722423807175 1.1064517902208535 1.5944881889763778
    endloop
  endfacet
  facet normal -0.5320320765153324 0.8467241992282868 0
    outer loop
      vertex -2.1155722423807175 1.1064517902208535 1.5944881889763778
      vertex -2.1155722423807175 1.1064517902208535 1.574803149606299
      vertex -2.145431464859643 1.08768999723906 1.574803149606299
    endloop
  endfacet
  facet normal -0.3302790619551647 0.9438833303083684 0
    outer loop
      vertex -2.0822867612529627 1.1180988838081611 1.5944881889763778
      vertex -2.0822867612529627 1.1180988838081611 1.574803149606299
      vertex -2.1155722423807175 1.1064517902208535 1.574803149606299
    endloop
  endfacet
  facet normal -0.3302790619551647 0.9438833303083684 0
    outer loop
      vertex -2.1155722423807175 1.1064517902208535 1.5944881889763778
      vertex -2.0822867612529627 1.1180988838081611 1.5944881889763778
      vertex -2.1155722423807175 1.1064517902208535 1.574803149606299
    endloop
  endfacet
  facet normal 0 0 1
    outer loop
      vertex -2.0822867612529627 1.1180988838081611 1.5944881889763778
      vertex -2.047244094488189 1.0531496062992125 1.5944881889763778
      vertex -2.047244094488189 1.1220472440944884 1.5944881889763778
    endloop
  endfacet
  facet normal -0.11196447610331615 0.9937122098932416 0
    outer loop
      vertex -2.0822867612529627 1.1180988838081611 1.5944881889763778
      vertex -2.047244094488189 1.1220472440944884 1.5944881889763778
      vertex -2.0822867612529627 1.1180988838081611 1.574803149606299
    endloop
  endfacet
  facet normal -0.11196447610331615 0.9937122098932416 0
    outer loop
      vertex -2.047244094488189 1.1220472440944884 1.5944881889763778
      vertex -2.047244094488189 1.1220472440944884 1.574803149606299
      vertex -2.0822867612529627 1.1180988838081611 1.574803149606299
    endloop
  endfacet
  facet normal 0 0 1
    outer loop
      vertex -1.9705292457277563 1.0088582677165356 1.5944881889763778
      vertex -1.9616797988523462 0.98749381305042 1.5944881889763778
      vertex -1.9789159465956598 1.1064517902208535 1.5944881889763778
    endloop
  endfacet
  facet normal 0 0 1
    outer loop
      vertex -1.9490567241167347 0.8414438610286568 1.5944881889763778
      vertex -1.9490567241167347 1.08768999723906 1.5944881889763778
      vertex -1.9586614173228345 0.9645669291338583 1.5944881889763778
    endloop
  endfacet
  facet normal 0.9937122098932423 0.11196447610330992 0
    outer loop
      vertex -1.8897637795275588 0.9645669291338583 1.5944881889763778
      vertex -1.8897637795275588 0.9645669291338583 1.574803149606299
      vertex -1.8937121398138859 0.9996095958986322 1.574803149606299
    endloop
  endfacet
  facet normal 0 0 1
    outer loop
      vertex -1.8937121398138859 0.9295242623690845 1.5944881889763778
      vertex -1.8897637795275588 0.9645669291338583 1.5944881889763778
      vertex -1.8937121398138859 0.9996095958986322 1.5944881889763778
    endloop
  endfacet
  facet normal 0.9937122098932423 0.11196447610330992 0
    outer loop
      vertex -1.8897637795275588 0.9645669291338583 1.5944881889763778
      vertex -1.8937121398138859 0.9996095958986322 1.574803149606299
      vertex -1.8937121398138859 0.9996095958986322 1.5944881889763778
    endloop
  endfacet
  facet normal 0 0 1
    outer loop
      vertex -1.9053592334011937 0.8962387812413293 1.5944881889763778
      vertex -1.9053592334011937 1.0328950770263874 1.5944881889763778
      vertex -1.9241210263829873 1.0627542995053125 1.5944881889763778
    endloop
  endfacet
  facet normal 0 0 1
    outer loop
      vertex -1.8937121398138859 0.9295242623690845 1.5944881889763778
      vertex -1.8937121398138859 0.9996095958986322 1.5944881889763778
      vertex -1.9053592334011937 1.0328950770263874 1.5944881889763778
    endloop
  endfacet
  facet normal 0 0 1
    outer loop
      vertex -1.9586614173228345 0.9645669291338583 1.5944881889763778
      vertex -1.9490567241167347 1.08768999723906 1.5944881889763778
      vertex -1.9616797988523462 0.98749381305042 1.5944881889763778
    endloop
  endfacet
  facet normal 0 0 1
    outer loop
      vertex -1.9241210263829873 0.8663795587624041 1.5944881889763778
      vertex -1.9241210263829873 1.0627542995053125 1.5944881889763778
      vertex -1.9490567241167347 1.08768999723906 1.5944881889763778
    endloop
  endfacet
  facet normal 0.9438833303083677 0.33027906195516643 0
    outer loop
      vertex -1.8937121398138859 0.9996095958986322 1.5944881889763778
      vertex -1.8937121398138859 0.9996095958986322 1.574803149606299
      vertex -1.9053592334011937 1.0328950770263874 1.574803149606299
    endloop
  endfacet
  facet normal 0.9438833303083677 0.33027906195516643 0
    outer loop
      vertex -1.8937121398138859 0.9996095958986322 1.5944881889763778
      vertex -1.9053592334011937 1.0328950770263874 1.574803149606299
      vertex -1.9053592334011937 1.0328950770263874 1.5944881889763778
    endloop
  endfacet
  facet normal 0 0 1
    outer loop
      vertex -2.0243172105716267 1.050131224769701 1.5944881889763778
      vertex -2.047244094488189 1.1220472440944884 1.5944881889763778
      vertex -2.047244094488189 1.0531496062992125 1.5944881889763778
    endloop
  endfacet
  facet normal 0 0 1
    outer loop
      vertex -2.0243172105716267 1.050131224769701 1.5944881889763778
      vertex -2.0029527559055116 1.0412817778942909 1.5944881889763778
      vertex -2.012201427723415 1.1180988838081611 1.5944881889763778
    endloop
  endfacet
  facet normal 0 0 1
    outer loop
      vertex -1.984606682768908 1.0272043408531393 1.5944881889763778
      vertex -1.9789159465956598 1.1064517902208535 1.5944881889763778
      vertex -2.0029527559055116 1.0412817778942909 1.5944881889763778
    endloop
  endfacet
  facet normal 0 0 1
    outer loop
      vertex -1.9705292457277563 1.0088582677165356 1.5944881889763778
      vertex -1.9789159465956598 1.1064517902208535 1.5944881889763778
      vertex -1.984606682768908 1.0272043408531393 1.5944881889763778
    endloop
  endfacet
  facet normal 0 0 1
    outer loop
      vertex -2.0243172105716267 1.050131224769701 1.5944881889763778
      vertex -2.012201427723415 1.1180988838081611 1.5944881889763778
      vertex -2.047244094488189 1.1220472440944884 1.5944881889763778
    endloop
  endfacet
  facet normal 0.11196447610331615 0.9937122098932416 0
    outer loop
      vertex -2.012201427723415 1.1180988838081611 1.5944881889763778
      vertex -2.012201427723415 1.1180988838081611 1.574803149606299
      vertex -2.047244094488189 1.1220472440944884 1.574803149606299
    endloop
  endfacet
  facet normal 0 0 1
    outer loop
      vertex -2.0029527559055116 1.0412817778942909 1.5944881889763778
      vertex -1.9789159465956598 1.1064517902208535 1.5944881889763778
      vertex -2.012201427723415 1.1180988838081611 1.5944881889763778
    endloop
  endfacet
  facet normal 0.3302790619551608 0.9438833303083698 0
    outer loop
      vertex -1.9789159465956598 1.1064517902208535 1.5944881889763778
      vertex -1.9789159465956598 1.1064517902208535 1.574803149606299
      vertex -2.012201427723415 1.1180988838081611 1.574803149606299
    endloop
  endfacet
  facet normal 0.3302790619551608 0.9438833303083698 0
    outer loop
      vertex -2.012201427723415 1.1180988838081611 1.5944881889763778
      vertex -1.9789159465956598 1.1064517902208535 1.5944881889763778
      vertex -2.012201427723415 1.1180988838081611 1.574803149606299
    endloop
  endfacet
  facet normal 0.532032076515338 0.8467241992282831 0
    outer loop
      vertex -1.9789159465956598 1.1064517902208535 1.5944881889763778
      vertex -1.9490567241167347 1.08768999723906 1.5944881889763778
      vertex -1.9789159465956598 1.1064517902208535 1.574803149606299
    endloop
  endfacet
  facet normal 0.7071067811865476 0.7071067811865476 0
    outer loop
      vertex -1.9241210263829873 1.0627542995053125 1.5944881889763778
      vertex -1.9241210263829873 1.0627542995053125 1.574803149606299
      vertex -1.9490567241167347 1.08768999723906 1.574803149606299
    endloop
  endfacet
  facet normal 0.7071067811865476 0.7071067811865476 0
    outer loop
      vertex -1.9241210263829873 1.0627542995053125 1.5944881889763778
      vertex -1.9490567241167347 1.08768999723906 1.574803149606299
      vertex -1.9490567241167347 1.08768999723906 1.5944881889763778
    endloop
  endfacet
  facet normal 0 0 1
    outer loop
      vertex -1.9616797988523462 0.98749381305042 1.5944881889763778
      vertex -1.9490567241167347 1.08768999723906 1.5944881889763778
      vertex -1.9789159465956598 1.1064517902208535 1.5944881889763778
    endloop
  endfacet
  facet normal 0.8467241992282831 0.532032076515338 0
    outer loop
      vertex -1.9053592334011937 1.0328950770263874 1.5944881889763778
      vertex -1.9053592334011937 1.0328950770263874 1.574803149606299
      vertex -1.9241210263829873 1.0627542995053125 1.574803149606299
    endloop
  endfacet
  facet normal 0.8467241992282831 0.532032076515338 0
    outer loop
      vertex -1.9053592334011937 1.0328950770263874 1.5944881889763778
      vertex -1.9241210263829873 1.0627542995053125 1.574803149606299
      vertex -1.9241210263829873 1.0627542995053125 1.5944881889763778
    endloop
  endfacet
  facet normal 0.532032076515338 0.8467241992282831 0
    outer loop
      vertex -1.9490567241167347 1.08768999723906 1.5944881889763778
      vertex -1.9490567241167347 1.08768999723906 1.574803149606299
      vertex -1.9789159465956598 1.1064517902208535 1.574803149606299
    endloop
  endfacet
  facet normal 0.11196447610331615 0.9937122098932416 0
    outer loop
      vertex -2.047244094488189 1.1220472440944884 1.5944881889763778
      vertex -2.012201427723415 1.1180988838081611 1.5944881889763778
      vertex -2.047244094488189 1.1220472440944884 1.574803149606299
    endloop
  endfacet
  facet normal -0.13052619222004552 -0.9914448613738112 0
    outer loop
      vertex -2.0701709784047506 0.8790026334980157 1.5944881889763778
      vertex -2.047244094488189 0.8759842519685042 1.6023622047244093
      vertex -2.0701709784047506 0.8790026334980157 1.6023622047244093
    endloop
  endfacet
  facet normal -0.13052619222004552 -0.9914448613738112 0
    outer loop
      vertex -2.0701709784047506 0.8790026334980157 1.5944881889763778
      vertex -2.047244094488189 0.8759842519685042 1.5944881889763778
      vertex -2.047244094488189 0.8759842519685042 1.6023622047244093
    endloop
  endfacet
  facet normal -0.9914448613738112 -0.13052619222004552 0
    outer loop
      vertex -2.1328083901240316 0.9416400452172966 1.5944881889763778
      vertex -2.1328083901240316 0.9416400452172966 1.6023622047244093
      vertex -2.135826771653543 0.9645669291338583 1.5944881889763778
    endloop
  endfacet
  facet normal -0.9914448613738112 -0.13052619222004552 0
    outer loop
      vertex -2.1328083901240316 0.9416400452172966 1.6023622047244093
      vertex -2.135826771653543 0.9645669291338583 1.6023622047244093
      vertex -2.135826771653543 0.9645669291338583 1.5944881889763778
    endloop
  endfacet
  facet normal -0.6087614290087159 -0.7933533402912388 0
    outer loop
      vertex -2.0915354330708658 0.8878520803734258 1.6023622047244093
      vertex -2.1098815062074694 0.9019295174145774 1.6023622047244093
      vertex -2.1098815062074694 0.9019295174145774 1.5944881889763778
    endloop
  endfacet
  facet normal -0.6087614290087159 -0.7933533402912388 0
    outer loop
      vertex -2.0915354330708658 0.8878520803734258 1.5944881889763778
      vertex -2.0915354330708658 0.8878520803734258 1.6023622047244093
      vertex -2.1098815062074694 0.9019295174145774 1.5944881889763778
    endloop
  endfacet
  facet normal -0.7933533402912295 -0.6087614290087279 0
    outer loop
      vertex -2.1098815062074694 0.9019295174145774 1.5944881889763778
      vertex -2.1098815062074694 0.9019295174145774 1.6023622047244093
      vertex -2.1239589432486214 0.920275590551181 1.5944881889763778
    endloop
  endfacet
  facet normal -0.7933533402912295 -0.6087614290087279 0
    outer loop
      vertex -2.1098815062074694 0.9019295174145774 1.6023622047244093
      vertex -2.1239589432486214 0.920275590551181 1.6023622047244093
      vertex -2.1239589432486214 0.920275590551181 1.5944881889763778
    endloop
  endfacet
  facet normal -0.3826834323650924 -0.9238795325112855 0
    outer loop
      vertex -2.0915354330708658 0.8878520803734258 1.5944881889763778
      vertex -2.0701709784047506 0.8790026334980157 1.6023622047244093
      vertex -2.0915354330708658 0.8878520803734258 1.6023622047244093
    endloop
  endfacet
  facet normal -0.3826834323650924 -0.9238795325112855 0
    outer loop
      vertex -2.0915354330708658 0.8878520803734258 1.5944881889763778
      vertex -2.0701709784047506 0.8790026334980157 1.5944881889763778
      vertex -2.0701709784047506 0.8790026334980157 1.6023622047244093
    endloop
  endfacet
  facet normal -0.9238795325112885 -0.3826834323650857 0
    outer loop
      vertex -2.1328083901240316 0.9416400452172966 1.5944881889763778
      vertex -2.1239589432486214 0.920275590551181 1.5944881889763778
      vertex -2.1239589432486214 0.920275590551181 1.6023622047244093
    endloop
  endfacet
  facet normal -0.9238795325112885 -0.3826834323650857 0
    outer loop
      vertex -2.1328083901240316 0.9416400452172966 1.5944881889763778
      vertex -2.1239589432486214 0.920275590551181 1.6023622047244093
      vertex -2.1328083901240316 0.9416400452172966 1.6023622047244093
    endloop
  endfacet
  facet normal 0 0 1
    outer loop
      vertex -2.0915354330708658 0.8878520803734258 1.6023622047244093
      vertex -2.1098815062074694 1.0272043408531393 1.6023622047244093
      vertex -2.1098815062074694 0.9019295174145774 1.6023622047244093
    endloop
  endfacet
  facet normal 0 0 1
    outer loop
      vertex -2.1098815062074694 0.9019295174145774 1.6023622047244093
      vertex -2.1239589432486214 1.0088582677165356 1.6023622047244093
      vertex -2.1239589432486214 0.920275590551181 1.6023622047244093
    endloop
  endfacet
  facet normal 0 0 1
    outer loop
      vertex -2.1328083901240316 0.9416400452172966 1.6023622047244093
      vertex -2.1239589432486214 0.920275590551181 1.6023622047244093
      vertex -2.1328083901240316 0.98749381305042 1.6023622047244093
    endloop
  endfacet
  facet normal 0 0 1
    outer loop
      vertex -2.0915354330708658 0.8878520803734258 1.6023622047244093
      vertex -2.0701709784047506 0.8790026334980157 1.6023622047244093
      vertex -2.0915354330708658 1.0412817778942909 1.6023622047244093
    endloop
  endfacet
  facet normal 0 0 1
    outer loop
      vertex -2.0701709784047506 0.8790026334980157 1.6023622047244093
      vertex -2.047244094488189 0.8759842519685042 1.6023622047244093
      vertex -2.0701709784047506 1.050131224769701 1.6023622047244093
    endloop
  endfacet
  facet normal 0.13052619222004305 -0.9914448613738115 0
    outer loop
      vertex -2.047244094488189 0.8759842519685042 1.5944881889763778
      vertex -2.0243172105716267 0.8790026334980157 1.6023622047244093
      vertex -2.047244094488189 0.8759842519685042 1.6023622047244093
    endloop
  endfacet
  facet normal 0.13052619222004305 -0.9914448613738115 0
    outer loop
      vertex -2.047244094488189 0.8759842519685042 1.5944881889763778
      vertex -2.0243172105716267 0.8790026334980157 1.5944881889763778
      vertex -2.0243172105716267 0.8790026334980157 1.6023622047244093
    endloop
  endfacet
  facet normal 0.3826834323650924 -0.9238795325112855 0
    outer loop
      vertex -2.0243172105716267 0.8790026334980157 1.5944881889763778
      vertex -2.0029527559055116 0.8878520803734258 1.6023622047244093
      vertex -2.0243172105716267 0.8790026334980157 1.6023622047244093
    endloop
  endfacet
  facet normal 0.3826834323650924 -0.9238795325112855 0
    outer loop
      vertex -2.0243172105716267 0.8790026334980157 1.5944881889763778
      vertex -2.0029527559055116 0.8878520803734258 1.5944881889763778
      vertex -2.0029527559055116 0.8878520803734258 1.6023622047244093
    endloop
  endfacet
  facet normal 0.6087614290087159 -0.7933533402912388 0
    outer loop
      vertex -2.0029527559055116 0.8878520803734258 1.5944881889763778
      vertex -1.984606682768908 0.9019295174145774 1.6023622047244093
      vertex -2.0029527559055116 0.8878520803734258 1.6023622047244093
    endloop
  endfacet
  facet normal 0.6087614290087159 -0.7933533402912388 0
    outer loop
      vertex -2.0029527559055116 0.8878520803734258 1.5944881889763778
      vertex -1.984606682768908 0.9019295174145774 1.5944881889763778
      vertex -1.984606682768908 0.9019295174145774 1.6023622047244093
    endloop
  endfacet
  facet normal 0.7933533402912388 -0.6087614290087159 0
    outer loop
      vertex -1.984606682768908 0.9019295174145774 1.5944881889763778
      vertex -1.9705292457277563 0.920275590551181 1.6023622047244093
      vertex -1.984606682768908 0.9019295174145774 1.6023622047244093
    endloop
  endfacet
  facet normal 0.7933533402912388 -0.6087614290087159 0
    outer loop
      vertex -1.984606682768908 0.9019295174145774 1.5944881889763778
      vertex -1.9705292457277563 0.920275590551181 1.5944881889763778
      vertex -1.9705292457277563 0.920275590551181 1.6023622047244093
    endloop
  endfacet
  facet normal 0 0 1
    outer loop
      vertex -2.047244094488189 0.8759842519685042 1.6023622047244093
      vertex -2.0243172105716267 0.8790026334980157 1.6023622047244093
      vertex -2.047244094488189 1.0531496062992125 1.6023622047244093
    endloop
  endfacet
  facet normal 0 0 1
    outer loop
      vertex -2.0243172105716267 0.8790026334980157 1.6023622047244093
      vertex -2.0029527559055116 0.8878520803734258 1.6023622047244093
      vertex -2.0243172105716267 1.050131224769701 1.6023622047244093
    endloop
  endfacet
  facet normal 0.9238795325112885 -0.3826834323650857 0
    outer loop
      vertex -1.9705292457277563 0.920275590551181 1.5944881889763778
      vertex -1.9616797988523462 0.9416400452172966 1.6023622047244093
      vertex -1.9705292457277563 0.920275590551181 1.6023622047244093
    endloop
  endfacet
  facet normal 0.9238795325112885 -0.3826834323650857 0
    outer loop
      vertex -1.9705292457277563 0.920275590551181 1.5944881889763778
      vertex -1.9616797988523462 0.9416400452172966 1.5944881889763778
      vertex -1.9616797988523462 0.9416400452172966 1.6023622047244093
    endloop
  endfacet
  facet normal 0 0 1
    outer loop
      vertex -2.0029527559055116 0.8878520803734258 1.6023622047244093
      vertex -1.984606682768908 0.9019295174145774 1.6023622047244093
      vertex -2.0029527559055116 1.0412817778942909 1.6023622047244093
    endloop
  endfacet
  facet normal 0 0 1
    outer loop
      vertex -1.984606682768908 0.9019295174145774 1.6023622047244093
      vertex -1.9705292457277563 0.920275590551181 1.6023622047244093
      vertex -1.984606682768908 1.0272043408531393 1.6023622047244093
    endloop
  endfacet
  facet normal 0 0 1
    outer loop
      vertex -1.9705292457277563 0.920275590551181 1.6023622047244093
      vertex -1.9616797988523462 0.9416400452172966 1.6023622047244093
      vertex -1.9705292457277563 1.0088582677165356 1.6023622047244093
    endloop
  endfacet
  facet normal 0.99144486137381 -0.130526192220055 0
    outer loop
      vertex -1.9616797988523462 0.9416400452172966 1.5944881889763778
      vertex -1.9586614173228345 0.9645669291338583 1.6023622047244093
      vertex -1.9616797988523462 0.9416400452172966 1.6023622047244093
    endloop
  endfacet
  facet normal 0.99144486137381 -0.130526192220055 0
    outer loop
      vertex -1.9616797988523462 0.9416400452172966 1.5944881889763778
      vertex -1.9586614173228345 0.9645669291338583 1.5944881889763778
      vertex -1.9586614173228345 0.9645669291338583 1.6023622047244093
    endloop
  endfacet
  facet normal 0 0 1
    outer loop
      vertex -2.1328083901240316 0.9416400452172966 1.6023622047244093
      vertex -2.1328083901240316 0.98749381305042 1.6023622047244093
      vertex -2.135826771653543 0.9645669291338583 1.6023622047244093
    endloop
  endfacet
  facet normal -0.9914448613738112 0.13052619222004552 0
    outer loop
      vertex -2.135826771653543 0.9645669291338583 1.5944881889763778
      vertex -2.135826771653543 0.9645669291338583 1.6023622047244093
      vertex -2.1328083901240316 0.98749381305042 1.5944881889763778
    endloop
  endfacet
  facet normal -0.9914448613738112 0.13052619222004552 0
    outer loop
      vertex -2.135826771653543 0.9645669291338583 1.6023622047244093
      vertex -2.1328083901240316 0.98749381305042 1.6023622047244093
      vertex -2.1328083901240316 0.98749381305042 1.5944881889763778
    endloop
  endfacet
  facet normal 0 0 1
    outer loop
      vertex -2.1239589432486214 0.920275590551181 1.6023622047244093
      vertex -2.1239589432486214 1.0088582677165356 1.6023622047244093
      vertex -2.1328083901240316 0.98749381305042 1.6023622047244093
    endloop
  endfacet
  facet normal 0 0 1
    outer loop
      vertex -2.1098815062074694 0.9019295174145774 1.6023622047244093
      vertex -2.1098815062074694 1.0272043408531393 1.6023622047244093
      vertex -2.1239589432486214 1.0088582677165356 1.6023622047244093
    endloop
  endfacet
  facet normal -0.9238795325112885 0.3826834323650857 0
    outer loop
      vertex -2.1328083901240316 0.98749381305042 1.5944881889763778
      vertex -2.1328083901240316 0.98749381305042 1.6023622047244093
      vertex -2.1239589432486214 1.0088582677165356 1.5944881889763778
    endloop
  endfacet
  facet normal 0 0 1
    outer loop
      vertex -2.0915354330708658 0.8878520803734258 1.6023622047244093
      vertex -2.0915354330708658 1.0412817778942909 1.6023622047244093
      vertex -2.1098815062074694 1.0272043408531393 1.6023622047244093
    endloop
  endfacet
  facet normal 0 0 1
    outer loop
      vertex -2.0701709784047506 0.8790026334980157 1.6023622047244093
      vertex -2.0701709784047506 1.050131224769701 1.6023622047244093
      vertex -2.0915354330708658 1.0412817778942909 1.6023622047244093
    endloop
  endfacet
  facet normal 0 0 1
    outer loop
      vertex -2.0701709784047506 1.050131224769701 1.6023622047244093
      vertex -2.047244094488189 0.8759842519685042 1.6023622047244093
      vertex -2.047244094488189 1.0531496062992125 1.6023622047244093
    endloop
  endfacet
  facet normal -0.9238795325112885 0.3826834323650857 0
    outer loop
      vertex -2.1328083901240316 0.98749381305042 1.6023622047244093
      vertex -2.1239589432486214 1.0088582677165356 1.6023622047244093
      vertex -2.1239589432486214 1.0088582677165356 1.5944881889763778
    endloop
  endfacet
  facet normal -0.7933533402912295 0.6087614290087279 0
    outer loop
      vertex -2.1239589432486214 1.0088582677165356 1.5944881889763778
      vertex -2.1239589432486214 1.0088582677165356 1.6023622047244093
      vertex -2.1098815062074694 1.0272043408531393 1.5944881889763778
    endloop
  endfacet
  facet normal -0.7933533402912295 0.6087614290087279 0
    outer loop
      vertex -2.1239589432486214 1.0088582677165356 1.6023622047244093
      vertex -2.1098815062074694 1.0272043408531393 1.6023622047244093
      vertex -2.1098815062074694 1.0272043408531393 1.5944881889763778
    endloop
  endfacet
  facet normal -0.6087614290087159 0.7933533402912388 0
    outer loop
      vertex -2.1098815062074694 1.0272043408531393 1.5944881889763778
      vertex -2.1098815062074694 1.0272043408531393 1.6023622047244093
      vertex -2.0915354330708658 1.0412817778942909 1.5944881889763778
    endloop
  endfacet
  facet normal -0.6087614290087159 0.7933533402912388 0
    outer loop
      vertex -2.1098815062074694 1.0272043408531393 1.6023622047244093
      vertex -2.0915354330708658 1.0412817778942909 1.6023622047244093
      vertex -2.0915354330708658 1.0412817778942909 1.5944881889763778
    endloop
  endfacet
  facet normal -0.3826834323650924 0.9238795325112855 0
    outer loop
      vertex -2.0915354330708658 1.0412817778942909 1.5944881889763778
      vertex -2.0915354330708658 1.0412817778942909 1.6023622047244093
      vertex -2.0701709784047506 1.050131224769701 1.5944881889763778
    endloop
  endfacet
  facet normal -0.3826834323650924 0.9238795325112855 0
    outer loop
      vertex -2.0915354330708658 1.0412817778942909 1.6023622047244093
      vertex -2.0701709784047506 1.050131224769701 1.6023622047244093
      vertex -2.0701709784047506 1.050131224769701 1.5944881889763778
    endloop
  endfacet
  facet normal -0.13052619222004552 0.9914448613738112 0
    outer loop
      vertex -2.0701709784047506 1.050131224769701 1.5944881889763778
      vertex -2.0701709784047506 1.050131224769701 1.6023622047244093
      vertex -2.047244094488189 1.0531496062992125 1.5944881889763778
    endloop
  endfacet
  facet normal -0.13052619222004552 0.9914448613738112 0
    outer loop
      vertex -2.0701709784047506 1.050131224769701 1.6023622047244093
      vertex -2.047244094488189 1.0531496062992125 1.6023622047244093
      vertex -2.047244094488189 1.0531496062992125 1.5944881889763778
    endloop
  endfacet
  facet normal 0 0 1
    outer loop
      vertex -2.0243172105716267 0.8790026334980157 1.6023622047244093
      vertex -2.0243172105716267 1.050131224769701 1.6023622047244093
      vertex -2.047244094488189 1.0531496062992125 1.6023622047244093
    endloop
  endfacet
  facet normal 0 0 1
    outer loop
      vertex -2.0029527559055116 0.8878520803734258 1.6023622047244093
      vertex -2.0029527559055116 1.0412817778942909 1.6023622047244093
      vertex -2.0243172105716267 1.050131224769701 1.6023622047244093
    endloop
  endfacet
  facet normal 0 0 1
    outer loop
      vertex -1.9616797988523462 0.9416400452172966 1.6023622047244093
      vertex -1.9616797988523462 0.98749381305042 1.6023622047244093
      vertex -1.9705292457277563 1.0088582677165356 1.6023622047244093
    endloop
  endfacet
  facet normal 0 0 1
    outer loop
      vertex -1.984606682768908 0.9019295174145774 1.6023622047244093
      vertex -1.984606682768908 1.0272043408531393 1.6023622047244093
      vertex -2.0029527559055116 1.0412817778942909 1.6023622047244093
    endloop
  endfacet
  facet normal 0 0 1
    outer loop
      vertex -1.9705292457277563 0.920275590551181 1.6023622047244093
      vertex -1.9705292457277563 1.0088582677165356 1.6023622047244093
      vertex -1.984606682768908 1.0272043408531393 1.6023622047244093
    endloop
  endfacet
  facet normal 0.9238795325112885 0.3826834323650857 0
    outer loop
      vertex -1.9705292457277563 1.0088582677165356 1.6023622047244093
      vertex -1.9616797988523462 0.98749381305042 1.6023622047244093
      vertex -1.9616797988523462 0.98749381305042 1.5944881889763778
    endloop
  endfacet
  facet normal 0.9238795325112885 0.3826834323650857 0
    outer loop
      vertex -1.9705292457277563 1.0088582677165356 1.5944881889763778
      vertex -1.9705292457277563 1.0088582677165356 1.6023622047244093
      vertex -1.9616797988523462 0.98749381305042 1.5944881889763778
    endloop
  endfacet
  facet normal 0.7933533402912388 0.6087614290087159 0
    outer loop
      vertex -1.9705292457277563 1.0088582677165356 1.5944881889763778
      vertex -1.984606682768908 1.0272043408531393 1.6023622047244093
      vertex -1.9705292457277563 1.0088582677165356 1.6023622047244093
    endloop
  endfacet
  facet normal 0.6087614290087159 0.7933533402912388 0
    outer loop
      vertex -1.984606682768908 1.0272043408531393 1.5944881889763778
      vertex -2.0029527559055116 1.0412817778942909 1.5944881889763778
      vertex -2.0029527559055116 1.0412817778942909 1.6023622047244093
    endloop
  endfacet
  facet normal 0.6087614290087159 0.7933533402912388 0
    outer loop
      vertex -1.984606682768908 1.0272043408531393 1.5944881889763778
      vertex -2.0029527559055116 1.0412817778942909 1.6023622047244093
      vertex -1.984606682768908 1.0272043408531393 1.6023622047244093
    endloop
  endfacet
  facet normal 0.7933533402912388 0.6087614290087159 0
    outer loop
      vertex -1.9705292457277563 1.0088582677165356 1.5944881889763778
      vertex -1.984606682768908 1.0272043408531393 1.5944881889763778
      vertex -1.984606682768908 1.0272043408531393 1.6023622047244093
    endloop
  endfacet
  facet normal 0 0 1
    outer loop
      vertex -1.9616797988523462 0.9416400452172966 1.6023622047244093
      vertex -1.9586614173228345 0.9645669291338583 1.6023622047244093
      vertex -1.9616797988523462 0.98749381305042 1.6023622047244093
    endloop
  endfacet
  facet normal 0.99144486137381 0.130526192220055 0
    outer loop
      vertex -1.9586614173228345 0.9645669291338583 1.5944881889763778
      vertex -1.9616797988523462 0.98749381305042 1.6023622047244093
      vertex -1.9586614173228345 0.9645669291338583 1.6023622047244093
    endloop
  endfacet
  facet normal 0.99144486137381 0.130526192220055 0
    outer loop
      vertex -1.9586614173228345 0.9645669291338583 1.5944881889763778
      vertex -1.9616797988523462 0.98749381305042 1.5944881889763778
      vertex -1.9616797988523462 0.98749381305042 1.6023622047244093
    endloop
  endfacet
  facet normal 0.13052619222004305 0.9914448613738115 0
    outer loop
      vertex -2.0243172105716267 1.050131224769701 1.5944881889763778
      vertex -2.047244094488189 1.0531496062992125 1.5944881889763778
      vertex -2.047244094488189 1.0531496062992125 1.6023622047244093
    endloop
  endfacet
  facet normal 0.13052619222004305 0.9914448613738115 0
    outer loop
      vertex -2.0243172105716267 1.050131224769701 1.5944881889763778
      vertex -2.047244094488189 1.0531496062992125 1.6023622047244093
      vertex -2.0243172105716267 1.050131224769701 1.6023622047244093
    endloop
  endfacet
  facet normal 0.3826834323650924 0.9238795325112855 0
    outer loop
      vertex -2.0243172105716267 1.050131224769701 1.5944881889763778
      vertex -2.0243172105716267 1.050131224769701 1.6023622047244093
      vertex -2.0029527559055116 1.0412817778942909 1.5944881889763778
    endloop
  endfacet
  facet normal 0.3826834323650924 0.9238795325112855 0
    outer loop
      vertex -2.0243172105716267 1.050131224769701 1.6023622047244093
      vertex -2.0029527559055116 1.0412817778942909 1.6023622047244093
      vertex -2.0029527559055116 1.0412817778942909 1.5944881889763778
    endloop
  endfacet
  facet normal -0.8467241992282831 -0.532032076515338 0
    outer loop
      vertex 1.9053592334011937 -1.0328950770263872 1.5944881889763778
      vertex 1.9241210263829873 -1.0627542995053123 1.574803149606299
      vertex 1.9241210263829873 -1.0627542995053123 1.5944881889763778
    endloop
  endfacet
  facet normal -0.8467241992282831 -0.532032076515338 0
    outer loop
      vertex 1.9053592334011937 -1.0328950770263872 1.5944881889763778
      vertex 1.9053592334011937 -1.0328950770263872 1.574803149606299
      vertex 1.9241210263829873 -1.0627542995053123 1.574803149606299
    endloop
  endfacet
  facet normal -0.9438833303083611 -0.3302790619551852 0
    outer loop
      vertex 1.9053592334011937 -1.0328950770263872 1.5944881889763778
      vertex 1.8937121398138852 -0.9996095958986322 1.5944881889763778
      vertex 1.9053592334011937 -1.0328950770263872 1.574803149606299
    endloop
  endfacet
  facet normal -0.9438833303083611 -0.3302790619551852 0
    outer loop
      vertex 1.8937121398138852 -0.9996095958986322 1.5944881889763778
      vertex 1.8937121398138852 -0.9996095958986322 1.574803149606299
      vertex 1.9053592334011937 -1.0328950770263872 1.574803149606299
    endloop
  endfacet
  facet normal -0.9937122098932445 -0.11196447610329094 0
    outer loop
      vertex 1.8937121398138852 -0.9996095958986322 1.5944881889763778
      vertex 1.8897637795275588 -0.9645669291338582 1.5944881889763778
      vertex 1.8937121398138852 -0.9996095958986322 1.574803149606299
    endloop
  endfacet
  facet normal 0 0 1
    outer loop
      vertex 1.9053592334011937 -1.0328950770263872 1.5944881889763778
      vertex 1.8937121398138852 -0.9295242623690843 1.5944881889763778
      vertex 1.8937121398138852 -0.9996095958986322 1.5944881889763778
    endloop
  endfacet
  facet normal 0 0 1
    outer loop
      vertex 1.9053592334011937 -1.0328950770263872 1.5944881889763778
      vertex 1.9241210263829873 -1.0627542995053123 1.5944881889763778
      vertex 1.9053592334011937 -0.8962387812413294 1.5944881889763778
    endloop
  endfacet
  facet normal -0.9937122098932445 -0.11196447610329094 0
    outer loop
      vertex 1.8897637795275588 -0.9645669291338582 1.5944881889763778
      vertex 1.8897637795275588 -0.9645669291338582 1.574803149606299
      vertex 1.8937121398138852 -0.9996095958986322 1.574803149606299
    endloop
  endfacet
  facet normal 0 0 1
    outer loop
      vertex 1.8937121398138852 -0.9996095958986322 1.5944881889763778
      vertex 1.8937121398138852 -0.9295242623690843 1.5944881889763778
      vertex 1.8897637795275588 -0.9645669291338582 1.5944881889763778
    endloop
  endfacet
  facet normal -0.11196447610330992 -0.9937122098932423 0
    outer loop
      vertex 2.0122014277234146 -1.1180988838081611 1.5944881889763778
      vertex 2.0472440944881884 -1.1220472440944882 1.574803149606299
      vertex 2.0472440944881884 -1.1220472440944882 1.5944881889763778
    endloop
  endfacet
  facet normal 0.11196447610330992 -0.9937122098932423 0
    outer loop
      vertex 2.0472440944881884 -1.1220472440944882 1.5944881889763778
      vertex 2.0472440944881884 -1.1220472440944882 1.574803149606299
      vertex 2.0822867612529623 -1.1180988838081611 1.574803149606299
    endloop
  endfacet
  facet normal -0.532032076515338 -0.8467241992282831 0
    outer loop
      vertex 1.9490567241167347 -1.0876899972390597 1.5944881889763778
      vertex 1.9490567241167347 -1.0876899972390597 1.574803149606299
      vertex 1.9789159465956598 -1.1064517902208533 1.574803149606299
    endloop
  endfacet
  facet normal -0.532032076515338 -0.8467241992282831 0
    outer loop
      vertex 1.9490567241167347 -1.0876899972390597 1.5944881889763778
      vertex 1.9789159465956598 -1.1064517902208533 1.574803149606299
      vertex 1.9789159465956598 -1.1064517902208533 1.5944881889763778
    endloop
  endfacet
  facet normal -0.3302790619551703 -0.9438833303083665 0
    outer loop
      vertex 1.9789159465956598 -1.1064517902208533 1.5944881889763778
      vertex 1.9789159465956598 -1.1064517902208533 1.574803149606299
      vertex 2.0122014277234146 -1.1180988838081611 1.574803149606299
    endloop
  endfacet
  facet normal -0.3302790619551703 -0.9438833303083665 0
    outer loop
      vertex 1.9789159465956598 -1.1064517902208533 1.5944881889763778
      vertex 2.0122014277234146 -1.1180988838081611 1.574803149606299
      vertex 2.0122014277234146 -1.1180988838081611 1.5944881889763778
    endloop
  endfacet
  facet normal 0 0 1
    outer loop
      vertex 1.9789159465956598 -1.1064517902208533 1.5944881889763778
      vertex 2.0122014277234146 -1.1180988838081611 1.5944881889763778
      vertex 2.0029527559055116 -1.0412817778942909 1.5944881889763778
    endloop
  endfacet
  facet normal -0.7071067811865476 -0.7071067811865476 0
    outer loop
      vertex 1.9241210263829873 -1.0627542995053123 1.5944881889763778
      vertex 1.9241210263829873 -1.0627542995053123 1.574803149606299
      vertex 1.9490567241167347 -1.0876899972390597 1.574803149606299
    endloop
  endfacet
  facet normal -0.7071067811865476 -0.7071067811865476 0
    outer loop
      vertex 1.9490567241167347 -1.0876899972390597 1.5944881889763778
      vertex 1.9241210263829873 -1.0627542995053123 1.5944881889763778
      vertex 1.9490567241167347 -1.0876899972390597 1.574803149606299
    endloop
  endfacet
  facet normal 0 0 1
    outer loop
      vertex 1.9490567241167347 -1.0876899972390597 1.5944881889763778
      vertex 1.9789159465956598 -1.1064517902208533 1.5944881889763778
      vertex 1.9616797988523458 -0.98749381305042 1.5944881889763778
    endloop
  endfacet
  facet normal 0 0 1
    outer loop
      vertex 1.9789159465956598 -1.1064517902208533 1.5944881889763778
      vertex 1.984606682768908 -1.027204340853139 1.5944881889763778
      vertex 1.970529245727756 -1.0088582677165354 1.5944881889763778
    endloop
  endfacet
  facet normal 0 0 1
    outer loop
      vertex 1.9789159465956598 -1.1064517902208533 1.5944881889763778
      vertex 2.0029527559055116 -1.0412817778942909 1.5944881889763778
      vertex 1.984606682768908 -1.027204340853139 1.5944881889763778
    endloop
  endfacet
  facet normal -0.11196447610330992 -0.9937122098932423 0
    outer loop
      vertex 2.0122014277234146 -1.1180988838081611 1.5944881889763778
      vertex 2.0122014277234146 -1.1180988838081611 1.574803149606299
      vertex 2.0472440944881884 -1.1220472440944882 1.574803149606299
    endloop
  endfacet
  facet normal 0 0 1
    outer loop
      vertex 2.0122014277234146 -1.1180988838081611 1.5944881889763778
      vertex 2.0472440944881884 -1.1220472440944882 1.5944881889763778
      vertex 2.0243172105716263 -1.050131224769701 1.5944881889763778
    endloop
  endfacet
  facet normal 0.11196447610330992 -0.9937122098932423 0
    outer loop
      vertex 2.0472440944881884 -1.1220472440944882 1.5944881889763778
      vertex 2.0822867612529623 -1.1180988838081611 1.574803149606299
      vertex 2.0822867612529623 -1.1180988838081611 1.5944881889763778
    endloop
  endfacet
  facet normal 0 0 1
    outer loop
      vertex 2.0472440944881884 -1.1220472440944882 1.5944881889763778
      vertex 2.0822867612529623 -1.1180988838081611 1.5944881889763778
      vertex 2.0472440944881884 -1.0531496062992125 1.5944881889763778
    endloop
  endfacet
  facet normal 0 0 1
    outer loop
      vertex 2.0122014277234146 -1.1180988838081611 1.5944881889763778
      vertex 2.0243172105716263 -1.050131224769701 1.5944881889763778
      vertex 2.0029527559055116 -1.0412817778942909 1.5944881889763778
    endloop
  endfacet
  facet normal 0 0 1
    outer loop
      vertex 2.0472440944881884 -1.1220472440944882 1.5944881889763778
      vertex 2.0472440944881884 -1.0531496062992125 1.5944881889763778
      vertex 2.0243172105716263 -1.050131224769701 1.5944881889763778
    endloop
  endfacet
  facet normal 0 0 1
    outer loop
      vertex 2.0822867612529623 -1.1180988838081611 1.5944881889763778
      vertex 2.0701709784047506 -1.050131224769701 1.5944881889763778
      vertex 2.0472440944881884 -1.0531496062992125 1.5944881889763778
    endloop
  endfacet
  facet normal 0 0 1
    outer loop
      vertex 1.9490567241167347 -1.0876899972390597 1.5944881889763778
      vertex 1.9241210263829873 -0.8663795587624041 1.5944881889763778
      vertex 1.9241210263829873 -1.0627542995053123 1.5944881889763778
    endloop
  endfacet
  facet normal 0 0 1
    outer loop
      vertex 1.9490567241167347 -1.0876899972390597 1.5944881889763778
      vertex 1.9616797988523458 -0.98749381305042 1.5944881889763778
      vertex 1.9586614173228338 -0.9645669291338582 1.5944881889763778
    endloop
  endfacet
  facet normal 0 0 1
    outer loop
      vertex 1.9789159465956598 -1.1064517902208533 1.5944881889763778
      vertex 1.970529245727756 -1.0088582677165354 1.5944881889763778
      vertex 1.9616797988523458 -0.98749381305042 1.5944881889763778
    endloop
  endfacet
  facet normal 0 0 1
    outer loop
      vertex 1.9490567241167347 -1.0876899972390597 1.5944881889763778
      vertex 1.9586614173228338 -0.9645669291338582 1.5944881889763778
      vertex 1.9490567241167347 -0.8414438610286568 1.5944881889763778
    endloop
  endfacet
  facet normal 0.3302790619551703 -0.9438833303083665 0
    outer loop
      vertex 2.0822867612529623 -1.1180988838081611 1.5944881889763778
      vertex 2.0822867612529623 -1.1180988838081611 1.574803149606299
      vertex 2.115572242380717 -1.1064517902208533 1.574803149606299
    endloop
  endfacet
  facet normal 0.3302790619551703 -0.9438833303083665 0
    outer loop
      vertex 2.0822867612529623 -1.1180988838081611 1.5944881889763778
      vertex 2.115572242380717 -1.1064517902208533 1.574803149606299
      vertex 2.115572242380717 -1.1064517902208533 1.5944881889763778
    endloop
  endfacet
  facet normal 0.5320320765153336 -0.8467241992282861 0
    outer loop
      vertex 2.115572242380717 -1.1064517902208533 1.5944881889763778
      vertex 2.115572242380717 -1.1064517902208533 1.574803149606299
      vertex 2.145431464859642 -1.08768999723906 1.574803149606299
    endloop
  endfacet
  facet normal 0 0 1
    outer loop
      vertex 2.0822867612529623 -1.1180988838081611 1.5944881889763778
      vertex 2.115572242380717 -1.1064517902208533 1.5944881889763778
      vertex 2.0701709784047506 -1.050131224769701 1.5944881889763778
    endloop
  endfacet
  facet normal 0.5320320765153336 -0.8467241992282861 0
    outer loop
      vertex 2.115572242380717 -1.1064517902208533 1.5944881889763778
      vertex 2.145431464859642 -1.08768999723906 1.574803149606299
      vertex 2.145431464859642 -1.08768999723906 1.5944881889763778
    endloop
  endfacet
  facet normal 0 0 1
    outer loop
      vertex 2.0701709784047506 -1.050131224769701 1.5944881889763778
      vertex 2.115572242380717 -1.1064517902208533 1.5944881889763778
      vertex 2.0915354330708653 -1.0412817778942909 1.5944881889763778
    endloop
  endfacet
  facet normal 0 0 1
    outer loop
      vertex 2.115572242380717 -1.1064517902208533 1.5944881889763778
      vertex 2.145431464859642 -1.08768999723906 1.5944881889763778
      vertex 2.109881506207469 -1.027204340853139 1.5944881889763778
    endloop
  endfacet
  facet normal 0 0 1
    outer loop
      vertex 2.115572242380717 -1.1064517902208533 1.5944881889763778
      vertex 2.109881506207469 -1.027204340853139 1.5944881889763778
      vertex 2.0915354330708653 -1.0412817778942909 1.5944881889763778
    endloop
  endfacet
  facet normal 0 0 1
    outer loop
      vertex 2.145431464859642 -1.08768999723906 1.5944881889763778
      vertex 2.123958943248621 -1.0088582677165354 1.5944881889763778
      vertex 2.109881506207469 -1.027204340853139 1.5944881889763778
    endloop
  endfacet
  facet normal 0.7071067811865507 -0.7071067811865444 0
    outer loop
      vertex 2.145431464859642 -1.08768999723906 1.5944881889763778
      vertex 2.145431464859642 -1.08768999723906 1.574803149606299
      vertex 2.1703671625933896 -1.0627542995053123 1.574803149606299
    endloop
  endfacet
  facet normal 0.7071067811865507 -0.7071067811865444 0
    outer loop
      vertex 2.145431464859642 -1.08768999723906 1.5944881889763778
      vertex 2.1703671625933896 -1.0627542995053123 1.574803149606299
      vertex 2.1703671625933896 -1.0627542995053123 1.5944881889763778
    endloop
  endfacet
  facet normal 0.8467241992282831 -0.532032076515338 0
    outer loop
      vertex 2.1703671625933896 -1.0627542995053123 1.5944881889763778
      vertex 2.1703671625933896 -1.0627542995053123 1.574803149606299
      vertex 2.189128955575183 -1.0328950770263872 1.574803149606299
    endloop
  endfacet
  facet normal 0.8467241992282831 -0.532032076515338 0
    outer loop
      vertex 2.1703671625933896 -1.0627542995053123 1.5944881889763778
      vertex 2.189128955575183 -1.0328950770263872 1.574803149606299
      vertex 2.189128955575183 -1.0328950770263872 1.5944881889763778
    endloop
  endfacet
  facet normal 0 0 1
    outer loop
      vertex 2.145431464859642 -1.08768999723906 1.5944881889763778
      vertex 2.132808390124031 -0.98749381305042 1.5944881889763778
      vertex 2.123958943248621 -1.0088582677165354 1.5944881889763778
    endloop
  endfacet
  facet normal 0 0 1
    outer loop
      vertex 2.145431464859642 -1.08768999723906 1.5944881889763778
      vertex 2.135826771653543 -0.9645669291338582 1.5944881889763778
      vertex 2.132808390124031 -0.98749381305042 1.5944881889763778
    endloop
  endfacet
  facet normal 0 0 1
    outer loop
      vertex 2.145431464859642 -1.08768999723906 1.5944881889763778
      vertex 2.1703671625933896 -1.0627542995053123 1.5944881889763778
      vertex 2.145431464859642 -0.8414438610286566 1.5944881889763778
    endloop
  endfacet
  facet normal 0 0 1
    outer loop
      vertex 2.145431464859642 -1.08768999723906 1.5944881889763778
      vertex 2.145431464859642 -0.8414438610286566 1.5944881889763778
      vertex 2.135826771653543 -0.9645669291338582 1.5944881889763778
    endloop
  endfacet
  facet normal 0.9438833303083615 -0.33027906195518425 0
    outer loop
      vertex 2.189128955575183 -1.0328950770263872 1.5944881889763778
      vertex 2.189128955575183 -1.0328950770263872 1.574803149606299
      vertex 2.2007760491624917 -0.9996095958986321 1.574803149606299
    endloop
  endfacet
  facet normal 0.9438833303083615 -0.33027906195518425 0
    outer loop
      vertex 2.189128955575183 -1.0328950770263872 1.5944881889763778
      vertex 2.2007760491624917 -0.9996095958986321 1.574803149606299
      vertex 2.2007760491624917 -0.9996095958986321 1.5944881889763778
    endloop
  endfacet
  facet normal 0.9937122098932445 -0.11196447610329129 0
    outer loop
      vertex 2.2007760491624917 -0.9996095958986321 1.5944881889763778
      vertex 2.2007760491624917 -0.9996095958986321 1.574803149606299
      vertex 2.204724409448818 -0.9645669291338582 1.574803149606299
    endloop
  endfacet
  facet normal 0 0 1
    outer loop
      vertex 2.1703671625933896 -1.0627542995053123 1.5944881889763778
      vertex 2.189128955575183 -1.0328950770263872 1.5944881889763778
      vertex 2.1703671625933896 -0.8663795587624041 1.5944881889763778
    endloop
  endfacet
  facet normal 0.9937122098932445 -0.11196447610329129 0
    outer loop
      vertex 2.2007760491624917 -0.9996095958986321 1.5944881889763778
      vertex 2.204724409448818 -0.9645669291338582 1.574803149606299
      vertex 2.204724409448818 -0.9645669291338582 1.5944881889763778
    endloop
  endfacet
  facet normal 0 0 1
    outer loop
      vertex 2.189128955575183 -1.0328950770263872 1.5944881889763778
      vertex 2.2007760491624917 -0.9996095958986321 1.5944881889763778
      vertex 2.189128955575183 -0.8962387812413294 1.5944881889763778
    endloop
  endfacet
  facet normal 0 0 1
    outer loop
      vertex 2.2007760491624917 -0.9996095958986321 1.5944881889763778
      vertex 2.204724409448818 -0.9645669291338582 1.5944881889763778
      vertex 2.2007760491624917 -0.9295242623690843 1.5944881889763778
    endloop
  endfacet
  facet normal -0.9937122098932445 0.11196447610329094 0
    outer loop
      vertex 1.8897637795275588 -0.9645669291338582 1.5944881889763778
      vertex 1.8937121398138852 -0.9295242623690843 1.5944881889763778
      vertex 1.8897637795275588 -0.9645669291338582 1.574803149606299
    endloop
  endfacet
  facet normal -0.9937122098932445 0.11196447610329094 0
    outer loop
      vertex 1.8937121398138852 -0.9295242623690843 1.5944881889763778
      vertex 1.8937121398138852 -0.9295242623690843 1.574803149606299
      vertex 1.8897637795275588 -0.9645669291338582 1.574803149606299
    endloop
  endfacet
  facet normal 0 0 1
    outer loop
      vertex 1.9053592334011937 -1.0328950770263872 1.5944881889763778
      vertex 1.9053592334011937 -0.8962387812413294 1.5944881889763778
      vertex 1.8937121398138852 -0.9295242623690843 1.5944881889763778
    endloop
  endfacet
  facet normal 0 0 1
    outer loop
      vertex 1.9053592334011937 -0.8962387812413294 1.5944881889763778
      vertex 1.9241210263829873 -1.0627542995053123 1.5944881889763778
      vertex 1.9241210263829873 -0.8663795587624041 1.5944881889763778
    endloop
  endfacet
  facet normal -0.9438833303083609 0.3302790619551862 0
    outer loop
      vertex 1.8937121398138852 -0.9295242623690843 1.5944881889763778
      vertex 1.9053592334011937 -0.8962387812413294 1.5944881889763778
      vertex 1.8937121398138852 -0.9295242623690843 1.574803149606299
    endloop
  endfacet
  facet normal -0.9438833303083609 0.3302790619551862 0
    outer loop
      vertex 1.9053592334011937 -0.8962387812413294 1.5944881889763778
      vertex 1.9053592334011937 -0.8962387812413294 1.574803149606299
      vertex 1.8937121398138852 -0.9295242623690843 1.574803149606299
    endloop
  endfacet
  facet normal -0.846724199228284 0.5320320765153366 0
    outer loop
      vertex 1.9053592334011937 -0.8962387812413294 1.5944881889763778
      vertex 1.9241210263829873 -0.8663795587624041 1.5944881889763778
      vertex 1.9053592334011937 -0.8962387812413294 1.574803149606299
    endloop
  endfacet
  facet normal -0.846724199228284 0.5320320765153366 0
    outer loop
      vertex 1.9241210263829873 -0.8663795587624041 1.5944881889763778
      vertex 1.9241210263829873 -0.8663795587624041 1.574803149606299
      vertex 1.9053592334011937 -0.8962387812413294 1.574803149606299
    endloop
  endfacet
  facet normal 0 0 1
    outer loop
      vertex 1.9490567241167347 -1.0876899972390597 1.5944881889763778
      vertex 1.9490567241167347 -0.8414438610286568 1.5944881889763778
      vertex 1.9241210263829873 -0.8663795587624041 1.5944881889763778
    endloop
  endfacet
  facet normal 0 0 1
    outer loop
      vertex 1.9586614173228338 -0.9645669291338582 1.5944881889763778
      vertex 1.9616797988523458 -0.9416400452172964 1.5944881889763778
      vertex 1.9490567241167347 -0.8414438610286568 1.5944881889763778
    endloop
  endfacet
  facet normal 0 0 1
    outer loop
      vertex 1.9616797988523458 -0.9416400452172964 1.5944881889763778
      vertex 1.970529245727756 -0.920275590551181 1.5944881889763778
      vertex 1.9490567241167347 -0.8414438610286568 1.5944881889763778
    endloop
  endfacet
  facet normal 0 0 1
    outer loop
      vertex 1.970529245727756 -0.920275590551181 1.5944881889763778
      vertex 1.984606682768908 -0.9019295174145774 1.5944881889763778
      vertex 1.9490567241167347 -0.8414438610286568 1.5944881889763778
    endloop
  endfacet
  facet normal -0.7071067811865476 0.7071067811865476 0
    outer loop
      vertex 1.9490567241167347 -0.8414438610286568 1.5944881889763778
      vertex 1.9490567241167347 -0.8414438610286568 1.574803149606299
      vertex 1.9241210263829873 -0.8663795587624041 1.574803149606299
    endloop
  endfacet
  facet normal -0.7071067811865476 0.7071067811865476 0
    outer loop
      vertex 1.9241210263829873 -0.8663795587624041 1.5944881889763778
      vertex 1.9490567241167347 -0.8414438610286568 1.5944881889763778
      vertex 1.9241210263829873 -0.8663795587624041 1.574803149606299
    endloop
  endfacet
  facet normal 0 0 1
    outer loop
      vertex 1.984606682768908 -0.9019295174145774 1.5944881889763778
      vertex 2.0029527559055116 -0.8878520803734257 1.5944881889763778
      vertex 1.9789159465956598 -0.8226820680468631 1.5944881889763778
    endloop
  endfacet
  facet normal 0 0 1
    outer loop
      vertex 2.0029527559055116 -0.8878520803734257 1.5944881889763778
      vertex 2.0243172105716263 -0.8790026334980156 1.5944881889763778
      vertex 1.9789159465956598 -0.8226820680468631 1.5944881889763778
    endloop
  endfacet
  facet normal 0 0 1
    outer loop
      vertex 1.984606682768908 -0.9019295174145774 1.5944881889763778
      vertex 1.9789159465956598 -0.8226820680468631 1.5944881889763778
      vertex 1.9490567241167347 -0.8414438610286568 1.5944881889763778
    endloop
  endfacet
  facet normal -0.5320320765153403 0.8467241992282819 0
    outer loop
      vertex 1.9490567241167347 -0.8414438610286568 1.5944881889763778
      vertex 1.9789159465956598 -0.8226820680468631 1.5944881889763778
      vertex 1.9490567241167347 -0.8414438610286568 1.574803149606299
    endloop
  endfacet
  facet normal -0.5320320765153403 0.8467241992282819 0
    outer loop
      vertex 1.9789159465956598 -0.8226820680468631 1.5944881889763778
      vertex 1.9789159465956598 -0.8226820680468631 1.574803149606299
      vertex 1.9490567241167347 -0.8414438610286568 1.574803149606299
    endloop
  endfacet
  facet normal -0.33027906195516754 0.9438833303083675 0
    outer loop
      vertex 2.0122014277234146 -0.8110349744595553 1.5944881889763778
      vertex 2.0122014277234146 -0.8110349744595553 1.574803149606299
      vertex 1.9789159465956598 -0.8226820680468631 1.574803149606299
    endloop
  endfacet
  facet normal -0.33027906195516754 0.9438833303083675 0
    outer loop
      vertex 1.9789159465956598 -0.8226820680468631 1.5944881889763778
      vertex 2.0122014277234146 -0.8110349744595553 1.5944881889763778
      vertex 1.9789159465956598 -0.8226820680468631 1.574803149606299
    endloop
  endfacet
  facet normal 0 0 1
    outer loop
      vertex 2.0243172105716263 -0.8790026334980156 1.5944881889763778
      vertex 2.0472440944881884 -0.8759842519685039 1.5944881889763778
      vertex 2.0122014277234146 -0.8110349744595553 1.5944881889763778
    endloop
  endfacet
  facet normal 0 0 1
    outer loop
      vertex 2.0701709784047506 -0.8790026334980156 1.5944881889763778
      vertex 2.0472440944881884 -0.8070866141732282 1.5944881889763778
      vertex 2.0472440944881884 -0.8759842519685039 1.5944881889763778
    endloop
  endfacet
  facet normal 0 0 1
    outer loop
      vertex 2.0701709784047506 -0.8790026334980156 1.5944881889763778
      vertex 2.0915354330708653 -0.8878520803734257 1.5944881889763778
      vertex 2.0822867612529623 -0.8110349744595553 1.5944881889763778
    endloop
  endfacet
  facet normal 0 0 1
    outer loop
      vertex 2.0243172105716263 -0.8790026334980156 1.5944881889763778
      vertex 2.0122014277234146 -0.8110349744595553 1.5944881889763778
      vertex 1.9789159465956598 -0.8226820680468631 1.5944881889763778
    endloop
  endfacet
  facet normal 0 0 1
    outer loop
      vertex 2.0472440944881884 -0.8759842519685039 1.5944881889763778
      vertex 2.0472440944881884 -0.8070866141732282 1.5944881889763778
      vertex 2.0122014277234146 -0.8110349744595553 1.5944881889763778
    endloop
  endfacet
  facet normal -0.11196447610330992 0.9937122098932423 0
    outer loop
      vertex 2.0122014277234146 -0.8110349744595553 1.5944881889763778
      vertex 2.0472440944881884 -0.8070866141732282 1.5944881889763778
      vertex 2.0122014277234146 -0.8110349744595553 1.574803149606299
    endloop
  endfacet
  facet normal -0.11196447610330992 0.9937122098932423 0
    outer loop
      vertex 2.0472440944881884 -0.8070866141732282 1.5944881889763778
      vertex 2.0472440944881884 -0.8070866141732282 1.574803149606299
      vertex 2.0122014277234146 -0.8110349744595553 1.574803149606299
    endloop
  endfacet
  facet normal 0 0 1
    outer loop
      vertex 2.0701709784047506 -0.8790026334980156 1.5944881889763778
      vertex 2.0822867612529623 -0.8110349744595553 1.5944881889763778
      vertex 2.0472440944881884 -0.8070866141732282 1.5944881889763778
    endloop
  endfacet
  facet normal 0.11196447610330992 0.9937122098932423 0
    outer loop
      vertex 2.0472440944881884 -0.8070866141732282 1.5944881889763778
      vertex 2.0822867612529623 -0.8110349744595553 1.5944881889763778
      vertex 2.0472440944881884 -0.8070866141732282 1.574803149606299
    endloop
  endfacet
  facet normal 0.11196447610330992 0.9937122098932423 0
    outer loop
      vertex 2.0822867612529623 -0.8110349744595553 1.5944881889763778
      vertex 2.0822867612529623 -0.8110349744595553 1.574803149606299
      vertex 2.0472440944881884 -0.8070866141732282 1.574803149606299
    endloop
  endfacet
  facet normal 0 0 1
    outer loop
      vertex 2.1703671625933896 -1.0627542995053123 1.5944881889763778
      vertex 2.1703671625933896 -0.8663795587624041 1.5944881889763778
      vertex 2.145431464859642 -0.8414438610286566 1.5944881889763778
    endloop
  endfacet
  facet normal 0 0 1
    outer loop
      vertex 2.123958943248621 -0.920275590551181 1.5944881889763778
      vertex 2.132808390124031 -0.9416400452172964 1.5944881889763778
      vertex 2.115572242380717 -0.8226820680468631 1.5944881889763778
    endloop
  endfacet
  facet normal 0 0 1
    outer loop
      vertex 2.123958943248621 -0.920275590551181 1.5944881889763778
      vertex 2.115572242380717 -0.8226820680468631 1.5944881889763778
      vertex 2.109881506207469 -0.9019295174145774 1.5944881889763778
    endloop
  endfacet
  facet normal 0 0 1
    outer loop
      vertex 2.135826771653543 -0.9645669291338582 1.5944881889763778
      vertex 2.145431464859642 -0.8414438610286566 1.5944881889763778
      vertex 2.132808390124031 -0.9416400452172964 1.5944881889763778
    endloop
  endfacet
  facet normal 0.9937122098932445 0.11196447610329094 0
    outer loop
      vertex 2.204724409448818 -0.9645669291338582 1.5944881889763778
      vertex 2.204724409448818 -0.9645669291338582 1.574803149606299
      vertex 2.2007760491624917 -0.9295242623690843 1.574803149606299
    endloop
  endfacet
  facet normal 0.9937122098932445 0.11196447610329094 0
    outer loop
      vertex 2.204724409448818 -0.9645669291338582 1.5944881889763778
      vertex 2.2007760491624917 -0.9295242623690843 1.574803149606299
      vertex 2.2007760491624917 -0.9295242623690843 1.5944881889763778
    endloop
  endfacet
  facet normal 0 0 1
    outer loop
      vertex 2.2007760491624917 -0.9996095958986321 1.5944881889763778
      vertex 2.2007760491624917 -0.9295242623690843 1.5944881889763778
      vertex 2.189128955575183 -0.8962387812413294 1.5944881889763778
    endloop
  endfacet
  facet normal 0 0 1
    outer loop
      vertex 2.189128955575183 -1.0328950770263872 1.5944881889763778
      vertex 2.189128955575183 -0.8962387812413294 1.5944881889763778
      vertex 2.1703671625933896 -0.8663795587624041 1.5944881889763778
    endloop
  endfacet
  facet normal 0.9438833303083609 0.3302790619551862 0
    outer loop
      vertex 2.2007760491624917 -0.9295242623690843 1.5944881889763778
      vertex 2.2007760491624917 -0.9295242623690843 1.574803149606299
      vertex 2.189128955575183 -0.8962387812413294 1.574803149606299
    endloop
  endfacet
  facet normal 0.9438833303083609 0.3302790619551862 0
    outer loop
      vertex 2.2007760491624917 -0.9295242623690843 1.5944881889763778
      vertex 2.189128955575183 -0.8962387812413294 1.574803149606299
      vertex 2.189128955575183 -0.8962387812413294 1.5944881889763778
    endloop
  endfacet
  facet normal 0.846724199228284 0.5320320765153366 0
    outer loop
      vertex 2.189128955575183 -0.8962387812413294 1.5944881889763778
      vertex 2.189128955575183 -0.8962387812413294 1.574803149606299
      vertex 2.1703671625933896 -0.8663795587624041 1.574803149606299
    endloop
  endfacet
  facet normal 0 0 1
    outer loop
      vertex 2.109881506207469 -0.9019295174145774 1.5944881889763778
      vertex 2.115572242380717 -0.8226820680468631 1.5944881889763778
      vertex 2.0915354330708653 -0.8878520803734257 1.5944881889763778
    endloop
  endfacet
  facet normal 0 0 1
    outer loop
      vertex 2.0915354330708653 -0.8878520803734257 1.5944881889763778
      vertex 2.115572242380717 -0.8226820680468631 1.5944881889763778
      vertex 2.0822867612529623 -0.8110349744595553 1.5944881889763778
    endloop
  endfacet
  facet normal 0 0 1
    outer loop
      vertex 2.132808390124031 -0.9416400452172964 1.5944881889763778
      vertex 2.145431464859642 -0.8414438610286566 1.5944881889763778
      vertex 2.115572242380717 -0.8226820680468631 1.5944881889763778
    endloop
  endfacet
  facet normal 0.707106781186549 0.7071067811865459 0
    outer loop
      vertex 2.1703671625933896 -0.8663795587624041 1.5944881889763778
      vertex 2.1703671625933896 -0.8663795587624041 1.574803149606299
      vertex 2.145431464859642 -0.8414438610286566 1.574803149606299
    endloop
  endfacet
  facet normal 0.707106781186549 0.7071067811865459 0
    outer loop
      vertex 2.1703671625933896 -0.8663795587624041 1.5944881889763778
      vertex 2.145431464859642 -0.8414438610286566 1.574803149606299
      vertex 2.145431464859642 -0.8414438610286566 1.5944881889763778
    endloop
  endfacet
  facet normal 0.532032076515338 0.8467241992282831 0
    outer loop
      vertex 2.115572242380717 -0.8226820680468631 1.5944881889763778
      vertex 2.145431464859642 -0.8414438610286566 1.5944881889763778
      vertex 2.115572242380717 -0.8226820680468631 1.574803149606299
    endloop
  endfacet
  facet normal 0.33027906195516754 0.9438833303083675 0
    outer loop
      vertex 2.115572242380717 -0.8226820680468631 1.5944881889763778
      vertex 2.115572242380717 -0.8226820680468631 1.574803149606299
      vertex 2.0822867612529623 -0.8110349744595553 1.574803149606299
    endloop
  endfacet
  facet normal 0.33027906195516754 0.9438833303083675 0
    outer loop
      vertex 2.0822867612529623 -0.8110349744595553 1.5944881889763778
      vertex 2.115572242380717 -0.8226820680468631 1.5944881889763778
      vertex 2.0822867612529623 -0.8110349744595553 1.574803149606299
    endloop
  endfacet
  facet normal 0.532032076515338 0.8467241992282831 0
    outer loop
      vertex 2.145431464859642 -0.8414438610286566 1.5944881889763778
      vertex 2.145431464859642 -0.8414438610286566 1.574803149606299
      vertex 2.115572242380717 -0.8226820680468631 1.574803149606299
    endloop
  endfacet
  facet normal 0.846724199228284 0.5320320765153366 0
    outer loop
      vertex 2.189128955575183 -0.8962387812413294 1.5944881889763778
      vertex 2.1703671625933896 -0.8663795587624041 1.574803149606299
      vertex 2.1703671625933896 -0.8663795587624041 1.5944881889763778
    endloop
  endfacet
  facet normal -0.3826834323650992 -0.9238795325112829 0
    outer loop
      vertex 2.0029527559055116 -1.0412817778942909 1.5944881889763778
      vertex 2.0243172105716263 -1.050131224769701 1.6023622047244093
      vertex 2.0029527559055116 -1.0412817778942909 1.6023622047244093
    endloop
  endfacet
  facet normal -0.3826834323650992 -0.9238795325112829 0
    outer loop
      vertex 2.0029527559055116 -1.0412817778942909 1.5944881889763778
      vertex 2.0243172105716263 -1.050131224769701 1.5944881889763778
      vertex 2.0243172105716263 -1.050131224769701 1.6023622047244093
    endloop
  endfacet
  facet normal -0.13052619222004305 -0.9914448613738115 0
    outer loop
      vertex 2.0472440944881884 -1.0531496062992125 1.6023622047244093
      vertex 2.0243172105716263 -1.050131224769701 1.6023622047244093
      vertex 2.0243172105716263 -1.050131224769701 1.5944881889763778
    endloop
  endfacet
  facet normal -0.13052619222004305 -0.9914448613738115 0
    outer loop
      vertex 2.0472440944881884 -1.0531496062992125 1.5944881889763778
      vertex 2.0472440944881884 -1.0531496062992125 1.6023622047244093
      vertex 2.0243172105716263 -1.050131224769701 1.5944881889763778
    endloop
  endfacet
  facet normal 0.13052619222004305 -0.9914448613738115 0
    outer loop
      vertex 2.0472440944881884 -1.0531496062992125 1.5944881889763778
      vertex 2.0701709784047506 -1.050131224769701 1.6023622047244093
      vertex 2.0472440944881884 -1.0531496062992125 1.6023622047244093
    endloop
  endfacet
  facet normal 0.13052619222004305 -0.9914448613738115 0
    outer loop
      vertex 2.0472440944881884 -1.0531496062992125 1.5944881889763778
      vertex 2.0701709784047506 -1.050131224769701 1.5944881889763778
      vertex 2.0701709784047506 -1.050131224769701 1.6023622047244093
    endloop
  endfacet
  facet normal 0.3826834323650992 -0.9238795325112829 0
    outer loop
      vertex 2.0701709784047506 -1.050131224769701 1.5944881889763778
      vertex 2.0915354330708653 -1.0412817778942909 1.6023622047244093
      vertex 2.0701709784047506 -1.050131224769701 1.6023622047244093
    endloop
  endfacet
  facet normal 0.3826834323650992 -0.9238795325112829 0
    outer loop
      vertex 2.0701709784047506 -1.050131224769701 1.5944881889763778
      vertex 2.0915354330708653 -1.0412817778942909 1.5944881889763778
      vertex 2.0915354330708653 -1.0412817778942909 1.6023622047244093
    endloop
  endfacet
  facet normal -0.7933533402912295 -0.6087614290087279 0
    outer loop
      vertex 1.984606682768908 -1.027204340853139 1.5944881889763778
      vertex 1.984606682768908 -1.027204340853139 1.6023622047244093
      vertex 1.970529245727756 -1.0088582677165354 1.5944881889763778
    endloop
  endfacet
  facet normal -0.6087614290087219 -0.7933533402912343 0
    outer loop
      vertex 2.0029527559055116 -1.0412817778942909 1.6023622047244093
      vertex 1.984606682768908 -1.027204340853139 1.6023622047244093
      vertex 1.984606682768908 -1.027204340853139 1.5944881889763778
    endloop
  endfacet
  facet normal -0.6087614290087219 -0.7933533402912343 0
    outer loop
      vertex 2.0029527559055116 -1.0412817778942909 1.5944881889763778
      vertex 2.0029527559055116 -1.0412817778942909 1.6023622047244093
      vertex 1.984606682768908 -1.027204340853139 1.5944881889763778
    endloop
  endfacet
  facet normal -0.7933533402912295 -0.6087614290087279 0
    outer loop
      vertex 1.984606682768908 -1.027204340853139 1.6023622047244093
      vertex 1.970529245727756 -1.0088582677165354 1.6023622047244093
      vertex 1.970529245727756 -1.0088582677165354 1.5944881889763778
    endloop
  endfacet
  facet normal -0.9238795325112871 -0.382683432365089 0
    outer loop
      vertex 1.9616797988523458 -0.98749381305042 1.5944881889763778
      vertex 1.970529245727756 -1.0088582677165354 1.5944881889763778
      vertex 1.970529245727756 -1.0088582677165354 1.6023622047244093
    endloop
  endfacet
  facet normal -0.9914448613738089 -0.1305261922200638 0
    outer loop
      vertex 1.9616797988523458 -0.98749381305042 1.5944881889763778
      vertex 1.9616797988523458 -0.98749381305042 1.6023622047244093
      vertex 1.9586614173228338 -0.9645669291338582 1.5944881889763778
    endloop
  endfacet
  facet normal -0.9914448613738089 -0.1305261922200638 0
    outer loop
      vertex 1.9616797988523458 -0.98749381305042 1.6023622047244093
      vertex 1.9586614173228338 -0.9645669291338582 1.6023622047244093
      vertex 1.9586614173228338 -0.9645669291338582 1.5944881889763778
    endloop
  endfacet
  facet normal 0 0 1
    outer loop
      vertex 1.9616797988523458 -0.98749381305042 1.6023622047244093
      vertex 1.9616797988523458 -0.9416400452172964 1.6023622047244093
      vertex 1.9586614173228338 -0.9645669291338582 1.6023622047244093
    endloop
  endfacet
  facet normal -0.9238795325112871 -0.382683432365089 0
    outer loop
      vertex 1.9616797988523458 -0.98749381305042 1.5944881889763778
      vertex 1.970529245727756 -1.0088582677165354 1.6023622047244093
      vertex 1.9616797988523458 -0.98749381305042 1.6023622047244093
    endloop
  endfacet
  facet normal 0 0 1
    outer loop
      vertex 1.984606682768908 -1.027204340853139 1.6023622047244093
      vertex 1.970529245727756 -0.920275590551181 1.6023622047244093
      vertex 1.970529245727756 -1.0088582677165354 1.6023622047244093
    endloop
  endfacet
  facet normal 0 0 1
    outer loop
      vertex 2.0029527559055116 -1.0412817778942909 1.6023622047244093
      vertex 1.984606682768908 -0.9019295174145774 1.6023622047244093
      vertex 1.984606682768908 -1.027204340853139 1.6023622047244093
    endloop
  endfacet
  facet normal 0 0 1
    outer loop
      vertex 1.9616797988523458 -0.98749381305042 1.6023622047244093
      vertex 1.970529245727756 -1.0088582677165354 1.6023622047244093
      vertex 1.9616797988523458 -0.9416400452172964 1.6023622047244093
    endloop
  endfacet
  facet normal 0 0 1
    outer loop
      vertex 2.0029527559055116 -1.0412817778942909 1.6023622047244093
      vertex 2.0243172105716263 -1.050131224769701 1.6023622047244093
      vertex 2.0029527559055116 -0.8878520803734257 1.6023622047244093
    endloop
  endfacet
  facet normal 0 0 1
    outer loop
      vertex 2.0472440944881884 -1.0531496062992125 1.6023622047244093
      vertex 2.0243172105716263 -0.8790026334980156 1.6023622047244093
      vertex 2.0243172105716263 -1.050131224769701 1.6023622047244093
    endloop
  endfacet
  facet normal 0 0 1
    outer loop
      vertex 2.0472440944881884 -1.0531496062992125 1.6023622047244093
      vertex 2.0701709784047506 -1.050131224769701 1.6023622047244093
      vertex 2.0472440944881884 -0.8759842519685039 1.6023622047244093
    endloop
  endfacet
  facet normal 0 0 1
    outer loop
      vertex 2.0701709784047506 -1.050131224769701 1.6023622047244093
      vertex 2.0915354330708653 -1.0412817778942909 1.6023622047244093
      vertex 2.0701709784047506 -0.8790026334980156 1.6023622047244093
    endloop
  endfacet
  facet normal 0.6087614290087219 -0.7933533402912343 0
    outer loop
      vertex 2.0915354330708653 -1.0412817778942909 1.5944881889763778
      vertex 2.109881506207469 -1.027204340853139 1.6023622047244093
      vertex 2.0915354330708653 -1.0412817778942909 1.6023622047244093
    endloop
  endfacet
  facet normal 0.6087614290087219 -0.7933533402912343 0
    outer loop
      vertex 2.0915354330708653 -1.0412817778942909 1.5944881889763778
      vertex 2.109881506207469 -1.027204340853139 1.5944881889763778
      vertex 2.109881506207469 -1.027204340853139 1.6023622047244093
    endloop
  endfacet
  facet normal 0.7933533402912295 -0.6087614290087279 0
    outer loop
      vertex 2.109881506207469 -1.027204340853139 1.5944881889763778
      vertex 2.123958943248621 -1.0088582677165354 1.6023622047244093
      vertex 2.109881506207469 -1.027204340853139 1.6023622047244093
    endloop
  endfacet
  facet normal 0.7933533402912295 -0.6087614290087279 0
    outer loop
      vertex 2.109881506207469 -1.027204340853139 1.5944881889763778
      vertex 2.123958943248621 -1.0088582677165354 1.5944881889763778
      vertex 2.123958943248621 -1.0088582677165354 1.6023622047244093
    endloop
  endfacet
  facet normal 0.9238795325112871 -0.382683432365089 0
    outer loop
      vertex 2.123958943248621 -1.0088582677165354 1.5944881889763778
      vertex 2.132808390124031 -0.98749381305042 1.6023622047244093
      vertex 2.123958943248621 -1.0088582677165354 1.6023622047244093
    endloop
  endfacet
  facet normal 0 0 1
    outer loop
      vertex 2.0915354330708653 -1.0412817778942909 1.6023622047244093
      vertex 2.109881506207469 -1.027204340853139 1.6023622047244093
      vertex 2.0915354330708653 -0.8878520803734257 1.6023622047244093
    endloop
  endfacet
  facet normal 0 0 1
    outer loop
      vertex 2.109881506207469 -1.027204340853139 1.6023622047244093
      vertex 2.123958943248621 -1.0088582677165354 1.6023622047244093
      vertex 2.109881506207469 -0.9019295174145774 1.6023622047244093
    endloop
  endfacet
  facet normal 0 0 1
    outer loop
      vertex 2.123958943248621 -1.0088582677165354 1.6023622047244093
      vertex 2.132808390124031 -0.98749381305042 1.6023622047244093
      vertex 2.123958943248621 -0.920275590551181 1.6023622047244093
    endloop
  endfacet
  facet normal 0.9238795325112871 -0.382683432365089 0
    outer loop
      vertex 2.123958943248621 -1.0088582677165354 1.5944881889763778
      vertex 2.132808390124031 -0.98749381305042 1.5944881889763778
      vertex 2.132808390124031 -0.98749381305042 1.6023622047244093
    endloop
  endfacet
  facet normal 0.9914448613738089 -0.1305261922200638 0
    outer loop
      vertex 2.132808390124031 -0.98749381305042 1.5944881889763778
      vertex 2.135826771653543 -0.9645669291338582 1.6023622047244093
      vertex 2.132808390124031 -0.98749381305042 1.6023622047244093
    endloop
  endfacet
  facet normal 0.9914448613738089 -0.1305261922200638 0
    outer loop
      vertex 2.132808390124031 -0.98749381305042 1.5944881889763778
      vertex 2.135826771653543 -0.9645669291338582 1.5944881889763778
      vertex 2.135826771653543 -0.9645669291338582 1.6023622047244093
    endloop
  endfacet
  facet normal 0 0 1
    outer loop
      vertex 2.132808390124031 -0.98749381305042 1.6023622047244093
      vertex 2.135826771653543 -0.9645669291338582 1.6023622047244093
      vertex 2.132808390124031 -0.9416400452172964 1.6023622047244093
    endloop
  endfacet
  facet normal -0.9914448613738089 0.1305261922200638 0
    outer loop
      vertex 1.9586614173228338 -0.9645669291338582 1.5944881889763778
      vertex 1.9586614173228338 -0.9645669291338582 1.6023622047244093
      vertex 1.9616797988523458 -0.9416400452172964 1.5944881889763778
    endloop
  endfacet
  facet normal -0.9914448613738089 0.1305261922200638 0
    outer loop
      vertex 1.9586614173228338 -0.9645669291338582 1.6023622047244093
      vertex 1.9616797988523458 -0.9416400452172964 1.6023622047244093
      vertex 1.9616797988523458 -0.9416400452172964 1.5944881889763778
    endloop
  endfacet
  facet normal 0 0 1
    outer loop
      vertex 1.970529245727756 -1.0088582677165354 1.6023622047244093
      vertex 1.970529245727756 -0.920275590551181 1.6023622047244093
      vertex 1.9616797988523458 -0.9416400452172964 1.6023622047244093
    endloop
  endfacet
  facet normal 0 0 1
    outer loop
      vertex 1.984606682768908 -1.027204340853139 1.6023622047244093
      vertex 1.984606682768908 -0.9019295174145774 1.6023622047244093
      vertex 1.970529245727756 -0.920275590551181 1.6023622047244093
    endloop
  endfacet
  facet normal 0 0 1
    outer loop
      vertex 2.0029527559055116 -1.0412817778942909 1.6023622047244093
      vertex 2.0029527559055116 -0.8878520803734257 1.6023622047244093
      vertex 1.984606682768908 -0.9019295174145774 1.6023622047244093
    endloop
  endfacet
  facet normal -0.9238795325112871 0.382683432365089 0
    outer loop
      vertex 1.9616797988523458 -0.9416400452172964 1.5944881889763778
      vertex 1.9616797988523458 -0.9416400452172964 1.6023622047244093
      vertex 1.970529245727756 -0.920275590551181 1.5944881889763778
    endloop
  endfacet
  facet normal -0.9238795325112871 0.382683432365089 0
    outer loop
      vertex 1.9616797988523458 -0.9416400452172964 1.6023622047244093
      vertex 1.970529245727756 -0.920275590551181 1.6023622047244093
      vertex 1.970529245727756 -0.920275590551181 1.5944881889763778
    endloop
  endfacet
  facet normal -0.7933533402912295 0.6087614290087279 0
    outer loop
      vertex 1.970529245727756 -0.920275590551181 1.5944881889763778
      vertex 1.970529245727756 -0.920275590551181 1.6023622047244093
      vertex 1.984606682768908 -0.9019295174145774 1.5944881889763778
    endloop
  endfacet
  facet normal -0.7933533402912295 0.6087614290087279 0
    outer loop
      vertex 1.970529245727756 -0.920275590551181 1.6023622047244093
      vertex 1.984606682768908 -0.9019295174145774 1.6023622047244093
      vertex 1.984606682768908 -0.9019295174145774 1.5944881889763778
    endloop
  endfacet
  facet normal -0.6087614290087189 0.7933533402912365 0
    outer loop
      vertex 1.984606682768908 -0.9019295174145774 1.5944881889763778
      vertex 1.984606682768908 -0.9019295174145774 1.6023622047244093
      vertex 2.0029527559055116 -0.8878520803734257 1.5944881889763778
    endloop
  endfacet
  facet normal -0.6087614290087189 0.7933533402912365 0
    outer loop
      vertex 1.984606682768908 -0.9019295174145774 1.6023622047244093
      vertex 2.0029527559055116 -0.8878520803734257 1.6023622047244093
      vertex 2.0029527559055116 -0.8878520803734257 1.5944881889763778
    endloop
  endfacet
  facet normal 0 0 1
    outer loop
      vertex 2.0243172105716263 -1.050131224769701 1.6023622047244093
      vertex 2.0243172105716263 -0.8790026334980156 1.6023622047244093
      vertex 2.0029527559055116 -0.8878520803734257 1.6023622047244093
    endloop
  endfacet
  facet normal 0 0 1
    outer loop
      vertex 2.0472440944881884 -1.0531496062992125 1.6023622047244093
      vertex 2.0472440944881884 -0.8759842519685039 1.6023622047244093
      vertex 2.0243172105716263 -0.8790026334980156 1.6023622047244093
    endloop
  endfacet
  facet normal 0 0 1
    outer loop
      vertex 2.0701709784047506 -1.050131224769701 1.6023622047244093
      vertex 2.0701709784047506 -0.8790026334980156 1.6023622047244093
      vertex 2.0472440944881884 -0.8759842519685039 1.6023622047244093
    endloop
  endfacet
  facet normal 0 0 1
    outer loop
      vertex 2.0915354330708653 -1.0412817778942909 1.6023622047244093
      vertex 2.0915354330708653 -0.8878520803734257 1.6023622047244093
      vertex 2.0701709784047506 -0.8790026334980156 1.6023622047244093
    endloop
  endfacet
  facet normal -0.3826834323650992 0.9238795325112829 0
    outer loop
      vertex 2.0029527559055116 -0.8878520803734257 1.5944881889763778
      vertex 2.0029527559055116 -0.8878520803734257 1.6023622047244093
      vertex 2.0243172105716263 -0.8790026334980156 1.5944881889763778
    endloop
  endfacet
  facet normal -0.3826834323650992 0.9238795325112829 0
    outer loop
      vertex 2.0029527559055116 -0.8878520803734257 1.6023622047244093
      vertex 2.0243172105716263 -0.8790026334980156 1.6023622047244093
      vertex 2.0243172105716263 -0.8790026334980156 1.5944881889763778
    endloop
  endfacet
  facet normal 0.3826834323650992 0.9238795325112829 0
    outer loop
      vertex 2.0701709784047506 -0.8790026334980156 1.6023622047244093
      vertex 2.0915354330708653 -0.8878520803734257 1.6023622047244093
      vertex 2.0915354330708653 -0.8878520803734257 1.5944881889763778
    endloop
  endfacet
  facet normal 0.3826834323650992 0.9238795325112829 0
    outer loop
      vertex 2.0701709784047506 -0.8790026334980156 1.5944881889763778
      vertex 2.0701709784047506 -0.8790026334980156 1.6023622047244093
      vertex 2.0915354330708653 -0.8878520803734257 1.5944881889763778
    endloop
  endfacet
  facet normal -0.13052619222004774 0.9914448613738108 0
    outer loop
      vertex 2.0243172105716263 -0.8790026334980156 1.5944881889763778
      vertex 2.0243172105716263 -0.8790026334980156 1.6023622047244093
      vertex 2.0472440944881884 -0.8759842519685039 1.5944881889763778
    endloop
  endfacet
  facet normal -0.13052619222004774 0.9914448613738108 0
    outer loop
      vertex 2.0243172105716263 -0.8790026334980156 1.6023622047244093
      vertex 2.0472440944881884 -0.8759842519685039 1.6023622047244093
      vertex 2.0472440944881884 -0.8759842519685039 1.5944881889763778
    endloop
  endfacet
  facet normal 0.13052619222004774 0.9914448613738108 0
    outer loop
      vertex 2.0701709784047506 -0.8790026334980156 1.5944881889763778
      vertex 2.0472440944881884 -0.8759842519685039 1.5944881889763778
      vertex 2.0472440944881884 -0.8759842519685039 1.6023622047244093
    endloop
  endfacet
  facet normal 0.13052619222004774 0.9914448613738108 0
    outer loop
      vertex 2.0701709784047506 -0.8790026334980156 1.5944881889763778
      vertex 2.0472440944881884 -0.8759842519685039 1.6023622047244093
      vertex 2.0701709784047506 -0.8790026334980156 1.6023622047244093
    endloop
  endfacet
  facet normal 0 0 1
    outer loop
      vertex 2.123958943248621 -1.0088582677165354 1.6023622047244093
      vertex 2.123958943248621 -0.920275590551181 1.6023622047244093
      vertex 2.109881506207469 -0.9019295174145774 1.6023622047244093
    endloop
  endfacet
  facet normal 0 0 1
    outer loop
      vertex 2.109881506207469 -1.027204340853139 1.6023622047244093
      vertex 2.109881506207469 -0.9019295174145774 1.6023622047244093
      vertex 2.0915354330708653 -0.8878520803734257 1.6023622047244093
    endloop
  endfacet
  facet normal 0.9238795325112871 0.382683432365089 0
    outer loop
      vertex 2.123958943248621 -0.920275590551181 1.5944881889763778
      vertex 2.123958943248621 -0.920275590551181 1.6023622047244093
      vertex 2.132808390124031 -0.9416400452172964 1.5944881889763778
    endloop
  endfacet
  facet normal 0.9914448613738089 0.1305261922200638 0
    outer loop
      vertex 2.135826771653543 -0.9645669291338582 1.5944881889763778
      vertex 2.132808390124031 -0.9416400452172964 1.6023622047244093
      vertex 2.135826771653543 -0.9645669291338582 1.6023622047244093
    endloop
  endfacet
  facet normal 0 0 1
    outer loop
      vertex 2.132808390124031 -0.98749381305042 1.6023622047244093
      vertex 2.132808390124031 -0.9416400452172964 1.6023622047244093
      vertex 2.123958943248621 -0.920275590551181 1.6023622047244093
    endloop
  endfacet
  facet normal 0.9914448613738089 0.1305261922200638 0
    outer loop
      vertex 2.135826771653543 -0.9645669291338582 1.5944881889763778
      vertex 2.132808390124031 -0.9416400452172964 1.5944881889763778
      vertex 2.132808390124031 -0.9416400452172964 1.6023622047244093
    endloop
  endfacet
  facet normal 0.9238795325112871 0.382683432365089 0
    outer loop
      vertex 2.123958943248621 -0.920275590551181 1.6023622047244093
      vertex 2.132808390124031 -0.9416400452172964 1.6023622047244093
      vertex 2.132808390124031 -0.9416400452172964 1.5944881889763778
    endloop
  endfacet
  facet normal 0.7933533402912295 0.6087614290087279 0
    outer loop
      vertex 2.123958943248621 -0.920275590551181 1.5944881889763778
      vertex 2.109881506207469 -0.9019295174145774 1.6023622047244093
      vertex 2.123958943248621 -0.920275590551181 1.6023622047244093
    endloop
  endfacet
  facet normal 0.7933533402912295 0.6087614290087279 0
    outer loop
      vertex 2.123958943248621 -0.920275590551181 1.5944881889763778
      vertex 2.109881506207469 -0.9019295174145774 1.5944881889763778
      vertex 2.109881506207469 -0.9019295174145774 1.6023622047244093
    endloop
  endfacet
  facet normal 0.6087614290087189 0.7933533402912365 0
    outer loop
      vertex 2.109881506207469 -0.9019295174145774 1.5944881889763778
      vertex 2.0915354330708653 -0.8878520803734257 1.6023622047244093
      vertex 2.109881506207469 -0.9019295174145774 1.6023622047244093
    endloop
  endfacet
  facet normal 0.6087614290087189 0.7933533402912365 0
    outer loop
      vertex 2.109881506207469 -0.9019295174145774 1.5944881889763778
      vertex 2.0915354330708653 -0.8878520803734257 1.5944881889763778
      vertex 2.0915354330708653 -0.8878520803734257 1.6023622047244093
    endloop
  endfacet
  facet normal -0.8467241992282831 -0.532032076515338 0
    outer loop
      vertex 1.9053592334011937 0.8962387812413293 1.5944881889763778
      vertex 1.9241210263829873 0.8663795587624041 1.574803149606299
      vertex 1.9241210263829873 0.8663795587624041 1.5944881889763778
    endloop
  endfacet
  facet normal -0.8467241992282831 -0.532032076515338 0
    outer loop
      vertex 1.9053592334011937 0.8962387812413293 1.5944881889763778
      vertex 1.9053592334011937 0.8962387812413293 1.574803149606299
      vertex 1.9241210263829873 0.8663795587624041 1.574803149606299
    endloop
  endfacet
  facet normal -0.9438833303083618 -0.33027906195518325 0
    outer loop
      vertex 1.8937121398138852 0.9295242623690845 1.5944881889763778
      vertex 1.8937121398138852 0.9295242623690845 1.574803149606299
      vertex 1.9053592334011937 0.8962387812413293 1.574803149606299
    endloop
  endfacet
  facet normal -0.9438833303083618 -0.33027906195518325 0
    outer loop
      vertex 1.9053592334011937 0.8962387812413293 1.5944881889763778
      vertex 1.8937121398138852 0.9295242623690845 1.5944881889763778
      vertex 1.9053592334011937 0.8962387812413293 1.574803149606299
    endloop
  endfacet
  facet normal 0 0 1
    outer loop
      vertex 1.9053592334011937 0.8962387812413293 1.5944881889763778
      vertex 1.9241210263829873 0.8663795587624041 1.5944881889763778
      vertex 1.9053592334011937 1.0328950770263874 1.5944881889763778
    endloop
  endfacet
  facet normal -0.9937122098932445 -0.11196447610329129 0
    outer loop
      vertex 1.8937121398138852 0.9295242623690845 1.5944881889763778
      vertex 1.8897637795275588 0.9645669291338583 1.5944881889763778
      vertex 1.8937121398138852 0.9295242623690845 1.574803149606299
    endloop
  endfacet
  facet normal -0.9937122098932445 -0.11196447610329129 0
    outer loop
      vertex 1.8897637795275588 0.9645669291338583 1.5944881889763778
      vertex 1.8897637795275588 0.9645669291338583 1.574803149606299
      vertex 1.8937121398138852 0.9295242623690845 1.574803149606299
    endloop
  endfacet
  facet normal 0 0 1
    outer loop
      vertex 1.9053592334011937 0.8962387812413293 1.5944881889763778
      vertex 1.8937121398138852 0.9996095958986322 1.5944881889763778
      vertex 1.8937121398138852 0.9295242623690845 1.5944881889763778
    endloop
  endfacet
  facet normal -0.532032076515338 -0.8467241992282831 0
    outer loop
      vertex 1.9490567241167347 0.8414438610286568 1.5944881889763778
      vertex 1.9490567241167347 0.8414438610286568 1.574803149606299
      vertex 1.9789159465956598 0.8226820680468632 1.574803149606299
    endloop
  endfacet
  facet normal -0.3302790619551647 -0.9438833303083684 0
    outer loop
      vertex 1.9789159465956598 0.8226820680468632 1.5944881889763778
      vertex 1.9789159465956598 0.8226820680468632 1.574803149606299
      vertex 2.0122014277234146 0.8110349744595555 1.574803149606299
    endloop
  endfacet
  facet normal -0.3302790619551647 -0.9438833303083684 0
    outer loop
      vertex 1.9789159465956598 0.8226820680468632 1.5944881889763778
      vertex 2.0122014277234146 0.8110349744595555 1.574803149606299
      vertex 2.0122014277234146 0.8110349744595555 1.5944881889763778
    endloop
  endfacet
  facet normal -0.532032076515338 -0.8467241992282831 0
    outer loop
      vertex 1.9490567241167347 0.8414438610286568 1.5944881889763778
      vertex 1.9789159465956598 0.8226820680468632 1.574803149606299
      vertex 1.9789159465956598 0.8226820680468632 1.5944881889763778
    endloop
  endfacet
  facet normal -0.7071067811865476 -0.7071067811865476 0
    outer loop
      vertex 1.9241210263829873 0.8663795587624041 1.5944881889763778
      vertex 1.9241210263829873 0.8663795587624041 1.574803149606299
      vertex 1.9490567241167347 0.8414438610286568 1.574803149606299
    endloop
  endfacet
  facet normal -0.7071067811865476 -0.7071067811865476 0
    outer loop
      vertex 1.9490567241167347 0.8414438610286568 1.5944881889763778
      vertex 1.9241210263829873 0.8663795587624041 1.5944881889763778
      vertex 1.9490567241167347 0.8414438610286568 1.574803149606299
    endloop
  endfacet
  facet normal 0 0 1
    outer loop
      vertex 1.9789159465956598 0.8226820680468632 1.5944881889763778
      vertex 2.0122014277234146 0.8110349744595555 1.5944881889763778
      vertex 2.0029527559055116 0.8878520803734258 1.5944881889763778
    endloop
  endfacet
  facet normal 0 0 1
    outer loop
      vertex 1.9490567241167347 0.8414438610286568 1.5944881889763778
      vertex 1.9789159465956598 0.8226820680468632 1.5944881889763778
      vertex 1.9616797988523458 0.9416400452172966 1.5944881889763778
    endloop
  endfacet
  facet normal 0 0 1
    outer loop
      vertex 1.9789159465956598 0.8226820680468632 1.5944881889763778
      vertex 2.0029527559055116 0.8878520803734258 1.5944881889763778
      vertex 1.984606682768908 0.9019295174145774 1.5944881889763778
    endloop
  endfacet
  facet normal -0.11196447610331615 -0.9937122098932416 0
    outer loop
      vertex 2.0122014277234146 0.8110349744595555 1.5944881889763778
      vertex 2.0122014277234146 0.8110349744595555 1.574803149606299
      vertex 2.0472440944881884 0.8070866141732282 1.574803149606299
    endloop
  endfacet
  facet normal -0.11196447610331615 -0.9937122098932416 0
    outer loop
      vertex 2.0122014277234146 0.8110349744595555 1.5944881889763778
      vertex 2.0472440944881884 0.8070866141732282 1.574803149606299
      vertex 2.0472440944881884 0.8070866141732282 1.5944881889763778
    endloop
  endfacet
  facet normal 0 0 1
    outer loop
      vertex 2.0122014277234146 0.8110349744595555 1.5944881889763778
      vertex 2.0472440944881884 0.8070866141732282 1.5944881889763778
      vertex 2.0243172105716263 0.8790026334980157 1.5944881889763778
    endloop
  endfacet
  facet normal 0.11196447610331615 -0.9937122098932416 0
    outer loop
      vertex 2.0472440944881884 0.8070866141732282 1.5944881889763778
      vertex 2.0472440944881884 0.8070866141732282 1.574803149606299
      vertex 2.0822867612529623 0.8110349744595555 1.574803149606299
    endloop
  endfacet
  facet normal 0.11196447610331615 -0.9937122098932416 0
    outer loop
      vertex 2.0472440944881884 0.8070866141732282 1.5944881889763778
      vertex 2.0822867612529623 0.8110349744595555 1.574803149606299
      vertex 2.0822867612529623 0.8110349744595555 1.5944881889763778
    endloop
  endfacet
  facet normal 0 0 1
    outer loop
      vertex 2.0472440944881884 0.8070866141732282 1.5944881889763778
      vertex 2.0822867612529623 0.8110349744595555 1.5944881889763778
      vertex 2.0472440944881884 0.8759842519685042 1.5944881889763778
    endloop
  endfacet
  facet normal 0 0 1
    outer loop
      vertex 2.0122014277234146 0.8110349744595555 1.5944881889763778
      vertex 2.0243172105716263 0.8790026334980157 1.5944881889763778
      vertex 2.0029527559055116 0.8878520803734258 1.5944881889763778
    endloop
  endfacet
  facet normal 0 0 1
    outer loop
      vertex 2.0472440944881884 0.8070866141732282 1.5944881889763778
      vertex 2.0472440944881884 0.8759842519685042 1.5944881889763778
      vertex 2.0243172105716263 0.8790026334980157 1.5944881889763778
    endloop
  endfacet
  facet normal 0 0 1
    outer loop
      vertex 2.0822867612529623 0.8110349744595555 1.5944881889763778
      vertex 2.0701709784047506 0.8790026334980157 1.5944881889763778
      vertex 2.0472440944881884 0.8759842519685042 1.5944881889763778
    endloop
  endfacet
  facet normal 0 0 1
    outer loop
      vertex 1.9490567241167347 0.8414438610286568 1.5944881889763778
      vertex 1.9616797988523458 0.9416400452172966 1.5944881889763778
      vertex 1.9586614173228338 0.9645669291338583 1.5944881889763778
    endloop
  endfacet
  facet normal 0 0 1
    outer loop
      vertex 1.9789159465956598 0.8226820680468632 1.5944881889763778
      vertex 1.984606682768908 0.9019295174145774 1.5944881889763778
      vertex 1.970529245727756 0.920275590551181 1.5944881889763778
    endloop
  endfacet
  facet normal 0 0 1
    outer loop
      vertex 1.9789159465956598 0.8226820680468632 1.5944881889763778
      vertex 1.970529245727756 0.920275590551181 1.5944881889763778
      vertex 1.9616797988523458 0.9416400452172966 1.5944881889763778
    endloop
  endfacet
  facet normal 0 0 1
    outer loop
      vertex 1.9490567241167347 0.8414438610286568 1.5944881889763778
      vertex 1.9241210263829873 1.0627542995053125 1.5944881889763778
      vertex 1.9241210263829873 0.8663795587624041 1.5944881889763778
    endloop
  endfacet
  facet normal 0.3302790619551647 -0.9438833303083684 0
    outer loop
      vertex 2.0822867612529623 0.8110349744595555 1.5944881889763778
      vertex 2.0822867612529623 0.8110349744595555 1.574803149606299
      vertex 2.115572242380717 0.8226820680468632 1.574803149606299
    endloop
  endfacet
  facet normal 0.3302790619551647 -0.9438833303083684 0
    outer loop
      vertex 2.0822867612529623 0.8110349744595555 1.5944881889763778
      vertex 2.115572242380717 0.8226820680468632 1.574803149606299
      vertex 2.115572242380717 0.8226820680468632 1.5944881889763778
    endloop
  endfacet
  facet normal 0.532032076515338 -0.8467241992282831 0
    outer loop
      vertex 2.115572242380717 0.8226820680468632 1.5944881889763778
      vertex 2.115572242380717 0.8226820680468632 1.574803149606299
      vertex 2.145431464859642 0.8414438610286568 1.574803149606299
    endloop
  endfacet
  facet normal 0 0 1
    outer loop
      vertex 2.0822867612529623 0.8110349744595555 1.5944881889763778
      vertex 2.115572242380717 0.8226820680468632 1.5944881889763778
      vertex 2.0701709784047506 0.8790026334980157 1.5944881889763778
    endloop
  endfacet
  facet normal 0.532032076515338 -0.8467241992282831 0
    outer loop
      vertex 2.115572242380717 0.8226820680468632 1.5944881889763778
      vertex 2.145431464859642 0.8414438610286568 1.574803149606299
      vertex 2.145431464859642 0.8414438610286568 1.5944881889763778
    endloop
  endfacet
  facet normal 0 0 1
    outer loop
      vertex 2.115572242380717 0.8226820680468632 1.5944881889763778
      vertex 2.145431464859642 0.8414438610286568 1.5944881889763778
      vertex 2.109881506207469 0.9019295174145774 1.5944881889763778
    endloop
  endfacet
  facet normal 0 0 1
    outer loop
      vertex 2.115572242380717 0.8226820680468632 1.5944881889763778
      vertex 2.0915354330708653 0.8878520803734258 1.5944881889763778
      vertex 2.0701709784047506 0.8790026334980157 1.5944881889763778
    endloop
  endfacet
  facet normal 0 0 1
    outer loop
      vertex 2.115572242380717 0.8226820680468632 1.5944881889763778
      vertex 2.109881506207469 0.9019295174145774 1.5944881889763778
      vertex 2.0915354330708653 0.8878520803734258 1.5944881889763778
    endloop
  endfacet
  facet normal 0.7071067811865476 -0.7071067811865476 0
    outer loop
      vertex 2.145431464859642 0.8414438610286568 1.5944881889763778
      vertex 2.145431464859642 0.8414438610286568 1.574803149606299
      vertex 2.1703671625933896 0.8663795587624041 1.574803149606299
    endloop
  endfacet
  facet normal 0.7071067811865476 -0.7071067811865476 0
    outer loop
      vertex 2.145431464859642 0.8414438610286568 1.5944881889763778
      vertex 2.1703671625933896 0.8663795587624041 1.574803149606299
      vertex 2.1703671625933896 0.8663795587624041 1.5944881889763778
    endloop
  endfacet
  facet normal 0.8467241992282831 -0.532032076515338 0
    outer loop
      vertex 2.1703671625933896 0.8663795587624041 1.5944881889763778
      vertex 2.1703671625933896 0.8663795587624041 1.574803149606299
      vertex 2.189128955575183 0.8962387812413293 1.574803149606299
    endloop
  endfacet
  facet normal 0 0 1
    outer loop
      vertex 2.145431464859642 0.8414438610286568 1.5944881889763778
      vertex 2.123958943248621 0.920275590551181 1.5944881889763778
      vertex 2.109881506207469 0.9019295174145774 1.5944881889763778
    endloop
  endfacet
  facet normal 0 0 1
    outer loop
      vertex 2.145431464859642 0.8414438610286568 1.5944881889763778
      vertex 2.132808390124031 0.9416400452172966 1.5944881889763778
      vertex 2.123958943248621 0.920275590551181 1.5944881889763778
    endloop
  endfacet
  facet normal 0 0 1
    outer loop
      vertex 2.145431464859642 0.8414438610286568 1.5944881889763778
      vertex 2.135826771653543 0.9645669291338583 1.5944881889763778
      vertex 2.132808390124031 0.9416400452172966 1.5944881889763778
    endloop
  endfacet
  facet normal 0 0 1
    outer loop
      vertex 2.145431464859642 0.8414438610286568 1.5944881889763778
      vertex 2.1703671625933896 0.8663795587624041 1.5944881889763778
      vertex 2.145431464859642 1.08768999723906 1.5944881889763778
    endloop
  endfacet
  facet normal 0.8467241992282831 -0.532032076515338 0
    outer loop
      vertex 2.1703671625933896 0.8663795587624041 1.5944881889763778
      vertex 2.189128955575183 0.8962387812413293 1.574803149606299
      vertex 2.189128955575183 0.8962387812413293 1.5944881889763778
    endloop
  endfacet
  facet normal 0.9438833303083618 -0.33027906195518325 0
    outer loop
      vertex 2.189128955575183 0.8962387812413293 1.5944881889763778
      vertex 2.189128955575183 0.8962387812413293 1.574803149606299
      vertex 2.2007760491624917 0.9295242623690845 1.574803149606299
    endloop
  endfacet
  facet normal 0.9438833303083618 -0.33027906195518325 0
    outer loop
      vertex 2.189128955575183 0.8962387812413293 1.5944881889763778
      vertex 2.2007760491624917 0.9295242623690845 1.574803149606299
      vertex 2.2007760491624917 0.9295242623690845 1.5944881889763778
    endloop
  endfacet
  facet normal 0.9937122098932445 -0.11196447610329129 0
    outer loop
      vertex 2.2007760491624917 0.9295242623690845 1.5944881889763778
      vertex 2.2007760491624917 0.9295242623690845 1.574803149606299
      vertex 2.204724409448818 0.9645669291338583 1.574803149606299
    endloop
  endfacet
  facet normal 0.9937122098932445 -0.11196447610329129 0
    outer loop
      vertex 2.2007760491624917 0.9295242623690845 1.5944881889763778
      vertex 2.204724409448818 0.9645669291338583 1.574803149606299
      vertex 2.204724409448818 0.9645669291338583 1.5944881889763778
    endloop
  endfacet
  facet normal 0 0 1
    outer loop
      vertex 2.1703671625933896 0.8663795587624041 1.5944881889763778
      vertex 2.189128955575183 0.8962387812413293 1.5944881889763778
      vertex 2.1703671625933896 1.0627542995053125 1.5944881889763778
    endloop
  endfacet
  facet normal 0 0 1
    outer loop
      vertex 2.189128955575183 0.8962387812413293 1.5944881889763778
      vertex 2.2007760491624917 0.9295242623690845 1.5944881889763778
      vertex 2.189128955575183 1.0328950770263874 1.5944881889763778
    endloop
  endfacet
  facet normal -0.9937122098932445 0.11196447610329129 0
    outer loop
      vertex 1.8897637795275588 0.9645669291338583 1.5944881889763778
      vertex 1.8937121398138852 0.9996095958986322 1.5944881889763778
      vertex 1.8897637795275588 0.9645669291338583 1.574803149606299
    endloop
  endfacet
  facet normal 0 0 1
    outer loop
      vertex 1.8937121398138852 0.9295242623690845 1.5944881889763778
      vertex 1.8937121398138852 0.9996095958986322 1.5944881889763778
      vertex 1.8897637795275588 0.9645669291338583 1.5944881889763778
    endloop
  endfacet
  facet normal 0 0 1
    outer loop
      vertex 1.9053592334011937 0.8962387812413293 1.5944881889763778
      vertex 1.9053592334011937 1.0328950770263874 1.5944881889763778
      vertex 1.8937121398138852 0.9996095958986322 1.5944881889763778
    endloop
  endfacet
  facet normal -0.9937122098932445 0.11196447610329129 0
    outer loop
      vertex 1.8937121398138852 0.9996095958986322 1.5944881889763778
      vertex 1.8937121398138852 0.9996095958986322 1.574803149606299
      vertex 1.8897637795275588 0.9645669291338583 1.574803149606299
    endloop
  endfacet
  facet normal 0 0 1
    outer loop
      vertex 1.9053592334011937 1.0328950770263874 1.5944881889763778
      vertex 1.9241210263829873 0.8663795587624041 1.5944881889763778
      vertex 1.9241210263829873 1.0627542995053125 1.5944881889763778
    endloop
  endfacet
  facet normal -0.9438833303083618 0.33027906195518325 0
    outer loop
      vertex 1.8937121398138852 0.9996095958986322 1.5944881889763778
      vertex 1.9053592334011937 1.0328950770263874 1.5944881889763778
      vertex 1.8937121398138852 0.9996095958986322 1.574803149606299
    endloop
  endfacet
  facet normal -0.9438833303083618 0.33027906195518325 0
    outer loop
      vertex 1.9053592334011937 1.0328950770263874 1.5944881889763778
      vertex 1.9053592334011937 1.0328950770263874 1.574803149606299
      vertex 1.8937121398138852 0.9996095958986322 1.574803149606299
    endloop
  endfacet
  facet normal -0.8467241992282831 0.532032076515338 0
    outer loop
      vertex 1.9053592334011937 1.0328950770263874 1.5944881889763778
      vertex 1.9241210263829873 1.0627542995053125 1.5944881889763778
      vertex 1.9053592334011937 1.0328950770263874 1.574803149606299
    endloop
  endfacet
  facet normal -0.8467241992282831 0.532032076515338 0
    outer loop
      vertex 1.9241210263829873 1.0627542995053125 1.5944881889763778
      vertex 1.9241210263829873 1.0627542995053125 1.574803149606299
      vertex 1.9053592334011937 1.0328950770263874 1.574803149606299
    endloop
  endfacet
  facet normal 0 0 1
    outer loop
      vertex 1.9490567241167347 0.8414438610286568 1.5944881889763778
      vertex 1.9586614173228338 0.9645669291338583 1.5944881889763778
      vertex 1.9490567241167347 1.08768999723906 1.5944881889763778
    endloop
  endfacet
  facet normal 0 0 1
    outer loop
      vertex 1.9490567241167347 0.8414438610286568 1.5944881889763778
      vertex 1.9490567241167347 1.08768999723906 1.5944881889763778
      vertex 1.9241210263829873 1.0627542995053125 1.5944881889763778
    endloop
  endfacet
  facet normal 0 0 1
    outer loop
      vertex 1.9586614173228338 0.9645669291338583 1.5944881889763778
      vertex 1.9616797988523458 0.98749381305042 1.5944881889763778
      vertex 1.9490567241167347 1.08768999723906 1.5944881889763778
    endloop
  endfacet
  facet normal 0 0 1
    outer loop
      vertex 1.9616797988523458 0.98749381305042 1.5944881889763778
      vertex 1.970529245727756 1.0088582677165356 1.5944881889763778
      vertex 1.9490567241167347 1.08768999723906 1.5944881889763778
    endloop
  endfacet
  facet normal -0.7071067811865476 0.7071067811865476 0
    outer loop
      vertex 1.9490567241167347 1.08768999723906 1.5944881889763778
      vertex 1.9490567241167347 1.08768999723906 1.574803149606299
      vertex 1.9241210263829873 1.0627542995053125 1.574803149606299
    endloop
  endfacet
  facet normal -0.7071067811865476 0.7071067811865476 0
    outer loop
      vertex 1.9241210263829873 1.0627542995053125 1.5944881889763778
      vertex 1.9490567241167347 1.08768999723906 1.5944881889763778
      vertex 1.9241210263829873 1.0627542995053125 1.574803149606299
    endloop
  endfacet
  facet normal 0 0 1
    outer loop
      vertex 1.970529245727756 1.0088582677165356 1.5944881889763778
      vertex 1.984606682768908 1.0272043408531393 1.5944881889763778
      vertex 1.9490567241167347 1.08768999723906 1.5944881889763778
    endloop
  endfacet
  facet normal 0 0 1
    outer loop
      vertex 1.984606682768908 1.0272043408531393 1.5944881889763778
      vertex 2.0029527559055116 1.0412817778942909 1.5944881889763778
      vertex 1.9789159465956598 1.1064517902208535 1.5944881889763778
    endloop
  endfacet
  facet normal 0 0 1
    outer loop
      vertex 1.984606682768908 1.0272043408531393 1.5944881889763778
      vertex 1.9789159465956598 1.1064517902208535 1.5944881889763778
      vertex 1.9490567241167347 1.08768999723906 1.5944881889763778
    endloop
  endfacet
  facet normal 0 0 1
    outer loop
      vertex 2.0029527559055116 1.0412817778942909 1.5944881889763778
      vertex 2.0243172105716263 1.050131224769701 1.5944881889763778
      vertex 1.9789159465956598 1.1064517902208535 1.5944881889763778
    endloop
  endfacet
  facet normal -0.532032076515338 0.8467241992282831 0
    outer loop
      vertex 1.9490567241167347 1.08768999723906 1.5944881889763778
      vertex 1.9789159465956598 1.1064517902208535 1.5944881889763778
      vertex 1.9490567241167347 1.08768999723906 1.574803149606299
    endloop
  endfacet
  facet normal -0.532032076515338 0.8467241992282831 0
    outer loop
      vertex 1.9789159465956598 1.1064517902208535 1.5944881889763778
      vertex 1.9789159465956598 1.1064517902208535 1.574803149606299
      vertex 1.9490567241167347 1.08768999723906 1.574803149606299
    endloop
  endfacet
  facet normal -0.3302790619551647 0.9438833303083684 0
    outer loop
      vertex 2.0122014277234146 1.1180988838081611 1.5944881889763778
      vertex 2.0122014277234146 1.1180988838081611 1.574803149606299
      vertex 1.9789159465956598 1.1064517902208535 1.574803149606299
    endloop
  endfacet
  facet normal -0.3302790619551647 0.9438833303083684 0
    outer loop
      vertex 1.9789159465956598 1.1064517902208535 1.5944881889763778
      vertex 2.0122014277234146 1.1180988838081611 1.5944881889763778
      vertex 1.9789159465956598 1.1064517902208535 1.574803149606299
    endloop
  endfacet
  facet normal 0 0 1
    outer loop
      vertex 2.0243172105716263 1.050131224769701 1.5944881889763778
      vertex 2.0472440944881884 1.0531496062992125 1.5944881889763778
      vertex 2.0122014277234146 1.1180988838081611 1.5944881889763778
    endloop
  endfacet
  facet normal 0 0 1
    outer loop
      vertex 2.0701709784047506 1.050131224769701 1.5944881889763778
      vertex 2.0472440944881884 1.1220472440944884 1.5944881889763778
      vertex 2.0472440944881884 1.0531496062992125 1.5944881889763778
    endloop
  endfacet
  facet normal 0 0 1
    outer loop
      vertex 2.0701709784047506 1.050131224769701 1.5944881889763778
      vertex 2.0915354330708653 1.0412817778942909 1.5944881889763778
      vertex 2.0822867612529623 1.1180988838081611 1.5944881889763778
    endloop
  endfacet
  facet normal 0 0 1
    outer loop
      vertex 2.0243172105716263 1.050131224769701 1.5944881889763778
      vertex 2.0122014277234146 1.1180988838081611 1.5944881889763778
      vertex 1.9789159465956598 1.1064517902208535 1.5944881889763778
    endloop
  endfacet
  facet normal 0 0 1
    outer loop
      vertex 2.0472440944881884 1.0531496062992125 1.5944881889763778
      vertex 2.0472440944881884 1.1220472440944884 1.5944881889763778
      vertex 2.0122014277234146 1.1180988838081611 1.5944881889763778
    endloop
  endfacet
  facet normal -0.11196447610331615 0.9937122098932416 0
    outer loop
      vertex 2.0122014277234146 1.1180988838081611 1.5944881889763778
      vertex 2.0472440944881884 1.1220472440944884 1.5944881889763778
      vertex 2.0122014277234146 1.1180988838081611 1.574803149606299
    endloop
  endfacet
  facet normal 0 0 1
    outer loop
      vertex 2.0701709784047506 1.050131224769701 1.5944881889763778
      vertex 2.0822867612529623 1.1180988838081611 1.5944881889763778
      vertex 2.0472440944881884 1.1220472440944884 1.5944881889763778
    endloop
  endfacet
  facet normal 0.11196447610331615 0.9937122098932416 0
    outer loop
      vertex 2.0822867612529623 1.1180988838081611 1.5944881889763778
      vertex 2.0822867612529623 1.1180988838081611 1.574803149606299
      vertex 2.0472440944881884 1.1220472440944884 1.574803149606299
    endloop
  endfacet
  facet normal 0 0 1
    outer loop
      vertex 2.145431464859642 0.8414438610286568 1.5944881889763778
      vertex 2.145431464859642 1.08768999723906 1.5944881889763778
      vertex 2.135826771653543 0.9645669291338583 1.5944881889763778
    endloop
  endfacet
  facet normal 0 0 1
    outer loop
      vertex 2.123958943248621 1.0088582677165356 1.5944881889763778
      vertex 2.132808390124031 0.98749381305042 1.5944881889763778
      vertex 2.115572242380717 1.1064517902208535 1.5944881889763778
    endloop
  endfacet
  facet normal 0 0 1
    outer loop
      vertex 2.135826771653543 0.9645669291338583 1.5944881889763778
      vertex 2.145431464859642 1.08768999723906 1.5944881889763778
      vertex 2.132808390124031 0.98749381305042 1.5944881889763778
    endloop
  endfacet
  facet normal 0 0 1
    outer loop
      vertex 2.1703671625933896 0.8663795587624041 1.5944881889763778
      vertex 2.1703671625933896 1.0627542995053125 1.5944881889763778
      vertex 2.145431464859642 1.08768999723906 1.5944881889763778
    endloop
  endfacet
  facet normal 0.9937122098932445 0.11196447610329129 0
    outer loop
      vertex 2.204724409448818 0.9645669291338583 1.5944881889763778
      vertex 2.204724409448818 0.9645669291338583 1.574803149606299
      vertex 2.2007760491624917 0.9996095958986322 1.574803149606299
    endloop
  endfacet
  facet normal 0 0 1
    outer loop
      vertex 2.2007760491624917 0.9295242623690845 1.5944881889763778
      vertex 2.204724409448818 0.9645669291338583 1.5944881889763778
      vertex 2.2007760491624917 0.9996095958986322 1.5944881889763778
    endloop
  endfacet
  facet normal 0.9937122098932445 0.11196447610329129 0
    outer loop
      vertex 2.204724409448818 0.9645669291338583 1.5944881889763778
      vertex 2.2007760491624917 0.9996095958986322 1.574803149606299
      vertex 2.2007760491624917 0.9996095958986322 1.5944881889763778
    endloop
  endfacet
  facet normal 0 0 1
    outer loop
      vertex 2.189128955575183 0.8962387812413293 1.5944881889763778
      vertex 2.189128955575183 1.0328950770263874 1.5944881889763778
      vertex 2.1703671625933896 1.0627542995053125 1.5944881889763778
    endloop
  endfacet
  facet normal 0 0 1
    outer loop
      vertex 2.2007760491624917 0.9295242623690845 1.5944881889763778
      vertex 2.2007760491624917 0.9996095958986322 1.5944881889763778
      vertex 2.189128955575183 1.0328950770263874 1.5944881889763778
    endloop
  endfacet
  facet normal 0.9438833303083618 0.33027906195518325 0
    outer loop
      vertex 2.2007760491624917 0.9996095958986322 1.5944881889763778
      vertex 2.2007760491624917 0.9996095958986322 1.574803149606299
      vertex 2.189128955575183 1.0328950770263874 1.574803149606299
    endloop
  endfacet
  facet normal 0.9438833303083618 0.33027906195518325 0
    outer loop
      vertex 2.2007760491624917 0.9996095958986322 1.5944881889763778
      vertex 2.189128955575183 1.0328950770263874 1.574803149606299
      vertex 2.189128955575183 1.0328950770263874 1.5944881889763778
    endloop
  endfacet
  facet normal 0 0 1
    outer loop
      vertex 2.109881506207469 1.0272043408531393 1.5944881889763778
      vertex 2.115572242380717 1.1064517902208535 1.5944881889763778
      vertex 2.0915354330708653 1.0412817778942909 1.5944881889763778
    endloop
  endfacet
  facet normal 0 0 1
    outer loop
      vertex 2.123958943248621 1.0088582677165356 1.5944881889763778
      vertex 2.115572242380717 1.1064517902208535 1.5944881889763778
      vertex 2.109881506207469 1.0272043408531393 1.5944881889763778
    endloop
  endfacet
  facet normal 0.7071067811865476 0.7071067811865476 0
    outer loop
      vertex 2.1703671625933896 1.0627542995053125 1.5944881889763778
      vertex 2.1703671625933896 1.0627542995053125 1.574803149606299
      vertex 2.145431464859642 1.08768999723906 1.574803149606299
    endloop
  endfacet
  facet normal 0.7071067811865476 0.7071067811865476 0
    outer loop
      vertex 2.145431464859642 1.08768999723906 1.5944881889763778
      vertex 2.1703671625933896 1.0627542995053125 1.5944881889763778
      vertex 2.145431464859642 1.08768999723906 1.574803149606299
    endloop
  endfacet
  facet normal 0 0 1
    outer loop
      vertex 2.132808390124031 0.98749381305042 1.5944881889763778
      vertex 2.145431464859642 1.08768999723906 1.5944881889763778
      vertex 2.115572242380717 1.1064517902208535 1.5944881889763778
    endloop
  endfacet
  facet normal 0 0 1
    outer loop
      vertex 2.0822867612529623 1.1180988838081611 1.5944881889763778
      vertex 2.0915354330708653 1.0412817778942909 1.5944881889763778
      vertex 2.115572242380717 1.1064517902208535 1.5944881889763778
    endloop
  endfacet
  facet normal 0.3302790619551647 0.9438833303083684 0
    outer loop
      vertex 2.115572242380717 1.1064517902208535 1.5944881889763778
      vertex 2.115572242380717 1.1064517902208535 1.574803149606299
      vertex 2.0822867612529623 1.1180988838081611 1.574803149606299
    endloop
  endfacet
  facet normal 0.3302790619551647 0.9438833303083684 0
    outer loop
      vertex 2.0822867612529623 1.1180988838081611 1.5944881889763778
      vertex 2.115572242380717 1.1064517902208535 1.5944881889763778
      vertex 2.0822867612529623 1.1180988838081611 1.574803149606299
    endloop
  endfacet
  facet normal 0.532032076515338 0.8467241992282831 0
    outer loop
      vertex 2.115572242380717 1.1064517902208535 1.5944881889763778
      vertex 2.145431464859642 1.08768999723906 1.5944881889763778
      vertex 2.115572242380717 1.1064517902208535 1.574803149606299
    endloop
  endfacet
  facet normal 0.532032076515338 0.8467241992282831 0
    outer loop
      vertex 2.145431464859642 1.08768999723906 1.5944881889763778
      vertex 2.145431464859642 1.08768999723906 1.574803149606299
      vertex 2.115572242380717 1.1064517902208535 1.574803149606299
    endloop
  endfacet
  facet normal 0.8467241992282831 0.532032076515338 0
    outer loop
      vertex 2.189128955575183 1.0328950770263874 1.5944881889763778
      vertex 2.189128955575183 1.0328950770263874 1.574803149606299
      vertex 2.1703671625933896 1.0627542995053125 1.574803149606299
    endloop
  endfacet
  facet normal 0.8467241992282831 0.532032076515338 0
    outer loop
      vertex 2.189128955575183 1.0328950770263874 1.5944881889763778
      vertex 2.1703671625933896 1.0627542995053125 1.574803149606299
      vertex 2.1703671625933896 1.0627542995053125 1.5944881889763778
    endloop
  endfacet
  facet normal -0.11196447610331615 0.9937122098932416 0
    outer loop
      vertex 2.0472440944881884 1.1220472440944884 1.5944881889763778
      vertex 2.0472440944881884 1.1220472440944884 1.574803149606299
      vertex 2.0122014277234146 1.1180988838081611 1.574803149606299
    endloop
  endfacet
  facet normal 0.11196447610331615 0.9937122098932416 0
    outer loop
      vertex 2.0472440944881884 1.1220472440944884 1.5944881889763778
      vertex 2.0822867612529623 1.1180988838081611 1.5944881889763778
      vertex 2.0472440944881884 1.1220472440944884 1.574803149606299
    endloop
  endfacet
  facet normal -0.13052619222004305 -0.9914448613738115 0
    outer loop
      vertex 2.0472440944881884 0.8759842519685042 1.6023622047244093
      vertex 2.0243172105716263 0.8790026334980157 1.6023622047244093
      vertex 2.0243172105716263 0.8790026334980157 1.5944881889763778
    endloop
  endfacet
  facet normal -0.13052619222004305 -0.9914448613738115 0
    outer loop
      vertex 2.0472440944881884 0.8759842519685042 1.5944881889763778
      vertex 2.0472440944881884 0.8759842519685042 1.6023622047244093
      vertex 2.0243172105716263 0.8790026334980157 1.5944881889763778
    endloop
  endfacet
  facet normal 0.13052619222004305 -0.9914448613738115 0
    outer loop
      vertex 2.0472440944881884 0.8759842519685042 1.5944881889763778
      vertex 2.0701709784047506 0.8790026334980157 1.6023622047244093
      vertex 2.0472440944881884 0.8759842519685042 1.6023622047244093
    endloop
  endfacet
  facet normal 0.13052619222004305 -0.9914448613738115 0
    outer loop
      vertex 2.0472440944881884 0.8759842519685042 1.5944881889763778
      vertex 2.0701709784047506 0.8790026334980157 1.5944881889763778
      vertex 2.0701709784047506 0.8790026334980157 1.6023622047244093
    endloop
  endfacet
  facet normal -0.6087614290087159 -0.7933533402912388 0
    outer loop
      vertex 2.0029527559055116 0.8878520803734258 1.6023622047244093
      vertex 1.984606682768908 0.9019295174145774 1.6023622047244093
      vertex 1.984606682768908 0.9019295174145774 1.5944881889763778
    endloop
  endfacet
  facet normal -0.6087614290087159 -0.7933533402912388 0
    outer loop
      vertex 2.0029527559055116 0.8878520803734258 1.5944881889763778
      vertex 2.0029527559055116 0.8878520803734258 1.6023622047244093
      vertex 1.984606682768908 0.9019295174145774 1.5944881889763778
    endloop
  endfacet
  facet normal -0.7933533402912295 -0.6087614290087279 0
    outer loop
      vertex 1.984606682768908 0.9019295174145774 1.5944881889763778
      vertex 1.984606682768908 0.9019295174145774 1.6023622047244093
      vertex 1.970529245727756 0.920275590551181 1.5944881889763778
    endloop
  endfacet
  facet normal -0.7933533402912295 -0.6087614290087279 0
    outer loop
      vertex 1.984606682768908 0.9019295174145774 1.6023622047244093
      vertex 1.970529245727756 0.920275590551181 1.6023622047244093
      vertex 1.970529245727756 0.920275590551181 1.5944881889763778
    endloop
  endfacet
  facet normal -0.9914448613738087 -0.1305261922200644 0
    outer loop
      vertex 1.9616797988523458 0.9416400452172966 1.5944881889763778
      vertex 1.9616797988523458 0.9416400452172966 1.6023622047244093
      vertex 1.9586614173228338 0.9645669291338583 1.5944881889763778
    endloop
  endfacet
  facet normal -0.9914448613738087 -0.1305261922200644 0
    outer loop
      vertex 1.9616797988523458 0.9416400452172966 1.6023622047244093
      vertex 1.9586614173228338 0.9645669291338583 1.6023622047244093
      vertex 1.9586614173228338 0.9645669291338583 1.5944881889763778
    endloop
  endfacet
  facet normal -0.9238795325112885 -0.3826834323650857 0
    outer loop
      vertex 1.9616797988523458 0.9416400452172966 1.5944881889763778
      vertex 1.970529245727756 0.920275590551181 1.5944881889763778
      vertex 1.970529245727756 0.920275590551181 1.6023622047244093
    endloop
  endfacet
  facet normal -0.9238795325112885 -0.3826834323650857 0
    outer loop
      vertex 1.9616797988523458 0.9416400452172966 1.5944881889763778
      vertex 1.970529245727756 0.920275590551181 1.6023622047244093
      vertex 1.9616797988523458 0.9416400452172966 1.6023622047244093
    endloop
  endfacet
  facet normal 0 0 1
    outer loop
      vertex 2.0029527559055116 0.8878520803734258 1.6023622047244093
      vertex 1.984606682768908 1.0272043408531393 1.6023622047244093
      vertex 1.984606682768908 0.9019295174145774 1.6023622047244093
    endloop
  endfacet
  facet normal 0 0 1
    outer loop
      vertex 1.984606682768908 0.9019295174145774 1.6023622047244093
      vertex 1.970529245727756 1.0088582677165356 1.6023622047244093
      vertex 1.970529245727756 0.920275590551181 1.6023622047244093
    endloop
  endfacet
  facet normal 0 0 1
    outer loop
      vertex 1.9616797988523458 0.9416400452172966 1.6023622047244093
      vertex 1.970529245727756 0.920275590551181 1.6023622047244093
      vertex 1.9616797988523458 0.98749381305042 1.6023622047244093
    endloop
  endfacet
  facet normal -0.3826834323650992 -0.9238795325112829 0
    outer loop
      vertex 2.0029527559055116 0.8878520803734258 1.5944881889763778
      vertex 2.0243172105716263 0.8790026334980157 1.6023622047244093
      vertex 2.0029527559055116 0.8878520803734258 1.6023622047244093
    endloop
  endfacet
  facet normal -0.3826834323650992 -0.9238795325112829 0
    outer loop
      vertex 2.0029527559055116 0.8878520803734258 1.5944881889763778
      vertex 2.0243172105716263 0.8790026334980157 1.5944881889763778
      vertex 2.0243172105716263 0.8790026334980157 1.6023622047244093
    endloop
  endfacet
  facet normal 0.3826834323650992 -0.9238795325112829 0
    outer loop
      vertex 2.0701709784047506 0.8790026334980157 1.5944881889763778
      vertex 2.0915354330708653 0.8878520803734258 1.6023622047244093
      vertex 2.0701709784047506 0.8790026334980157 1.6023622047244093
    endloop
  endfacet
  facet normal 0.3826834323650992 -0.9238795325112829 0
    outer loop
      vertex 2.0701709784047506 0.8790026334980157 1.5944881889763778
      vertex 2.0915354330708653 0.8878520803734258 1.5944881889763778
      vertex 2.0915354330708653 0.8878520803734258 1.6023622047244093
    endloop
  endfacet
  facet normal 0 0 1
    outer loop
      vertex 2.0029527559055116 0.8878520803734258 1.6023622047244093
      vertex 2.0243172105716263 0.8790026334980157 1.6023622047244093
      vertex 2.0029527559055116 1.0412817778942909 1.6023622047244093
    endloop
  endfacet
  facet normal 0 0 1
    outer loop
      vertex 2.0472440944881884 0.8759842519685042 1.6023622047244093
      vertex 2.0243172105716263 1.050131224769701 1.6023622047244093
      vertex 2.0243172105716263 0.8790026334980157 1.6023622047244093
    endloop
  endfacet
  facet normal 0 0 1
    outer loop
      vertex 2.0472440944881884 0.8759842519685042 1.6023622047244093
      vertex 2.0701709784047506 0.8790026334980157 1.6023622047244093
      vertex 2.0472440944881884 1.0531496062992125 1.6023622047244093
    endloop
  endfacet
  facet normal 0 0 1
    outer loop
      vertex 2.0701709784047506 0.8790026334980157 1.6023622047244093
      vertex 2.0915354330708653 0.8878520803734258 1.6023622047244093
      vertex 2.0701709784047506 1.050131224769701 1.6023622047244093
    endloop
  endfacet
  facet normal 0.6087614290087159 -0.7933533402912388 0
    outer loop
      vertex 2.0915354330708653 0.8878520803734258 1.5944881889763778
      vertex 2.109881506207469 0.9019295174145774 1.6023622047244093
      vertex 2.0915354330708653 0.8878520803734258 1.6023622047244093
    endloop
  endfacet
  facet normal 0.6087614290087159 -0.7933533402912388 0
    outer loop
      vertex 2.0915354330708653 0.8878520803734258 1.5944881889763778
      vertex 2.109881506207469 0.9019295174145774 1.5944881889763778
      vertex 2.109881506207469 0.9019295174145774 1.6023622047244093
    endloop
  endfacet
  facet normal 0.7933533402912295 -0.6087614290087279 0
    outer loop
      vertex 2.109881506207469 0.9019295174145774 1.5944881889763778
      vertex 2.123958943248621 0.920275590551181 1.6023622047244093
      vertex 2.109881506207469 0.9019295174145774 1.6023622047244093
    endloop
  endfacet
  facet normal 0.7933533402912295 -0.6087614290087279 0
    outer loop
      vertex 2.109881506207469 0.9019295174145774 1.5944881889763778
      vertex 2.123958943248621 0.920275590551181 1.5944881889763778
      vertex 2.123958943248621 0.920275590551181 1.6023622047244093
    endloop
  endfacet
  facet normal 0.9238795325112885 -0.3826834323650857 0
    outer loop
      vertex 2.123958943248621 0.920275590551181 1.5944881889763778
      vertex 2.132808390124031 0.9416400452172966 1.6023622047244093
      vertex 2.123958943248621 0.920275590551181 1.6023622047244093
    endloop
  endfacet
  facet normal 0 0 1
    outer loop
      vertex 2.0915354330708653 0.8878520803734258 1.6023622047244093
      vertex 2.109881506207469 0.9019295174145774 1.6023622047244093
      vertex 2.0915354330708653 1.0412817778942909 1.6023622047244093
    endloop
  endfacet
  facet normal 0 0 1
    outer loop
      vertex 2.109881506207469 0.9019295174145774 1.6023622047244093
      vertex 2.123958943248621 0.920275590551181 1.6023622047244093
      vertex 2.109881506207469 1.0272043408531393 1.6023622047244093
    endloop
  endfacet
  facet normal 0 0 1
    outer loop
      vertex 2.123958943248621 0.920275590551181 1.6023622047244093
      vertex 2.132808390124031 0.9416400452172966 1.6023622047244093
      vertex 2.123958943248621 1.0088582677165356 1.6023622047244093
    endloop
  endfacet
  facet normal 0.9238795325112885 -0.3826834323650857 0
    outer loop
      vertex 2.123958943248621 0.920275590551181 1.5944881889763778
      vertex 2.132808390124031 0.9416400452172966 1.5944881889763778
      vertex 2.132808390124031 0.9416400452172966 1.6023622047244093
    endloop
  endfacet
  facet normal 0.9914448613738087 -0.1305261922200644 0
    outer loop
      vertex 2.132808390124031 0.9416400452172966 1.5944881889763778
      vertex 2.135826771653543 0.9645669291338583 1.6023622047244093
      vertex 2.132808390124031 0.9416400452172966 1.6023622047244093
    endloop
  endfacet
  facet normal 0.9914448613738087 -0.1305261922200644 0
    outer loop
      vertex 2.132808390124031 0.9416400452172966 1.5944881889763778
      vertex 2.135826771653543 0.9645669291338583 1.5944881889763778
      vertex 2.135826771653543 0.9645669291338583 1.6023622047244093
    endloop
  endfacet
  facet normal 0 0 1
    outer loop
      vertex 1.9616797988523458 0.9416400452172966 1.6023622047244093
      vertex 1.9616797988523458 0.98749381305042 1.6023622047244093
      vertex 1.9586614173228338 0.9645669291338583 1.6023622047244093
    endloop
  endfacet
  facet normal -0.9914448613738087 0.1305261922200644 0
    outer loop
      vertex 1.9586614173228338 0.9645669291338583 1.5944881889763778
      vertex 1.9586614173228338 0.9645669291338583 1.6023622047244093
      vertex 1.9616797988523458 0.98749381305042 1.5944881889763778
    endloop
  endfacet
  facet normal -0.9914448613738087 0.1305261922200644 0
    outer loop
      vertex 1.9586614173228338 0.9645669291338583 1.6023622047244093
      vertex 1.9616797988523458 0.98749381305042 1.6023622047244093
      vertex 1.9616797988523458 0.98749381305042 1.5944881889763778
    endloop
  endfacet
  facet normal 0 0 1
    outer loop
      vertex 1.970529245727756 0.920275590551181 1.6023622047244093
      vertex 1.970529245727756 1.0088582677165356 1.6023622047244093
      vertex 1.9616797988523458 0.98749381305042 1.6023622047244093
    endloop
  endfacet
  facet normal 0 0 1
    outer loop
      vertex 1.984606682768908 0.9019295174145774 1.6023622047244093
      vertex 1.984606682768908 1.0272043408531393 1.6023622047244093
      vertex 1.970529245727756 1.0088582677165356 1.6023622047244093
    endloop
  endfacet
  facet normal -0.9238795325112885 0.3826834323650857 0
    outer loop
      vertex 1.9616797988523458 0.98749381305042 1.5944881889763778
      vertex 1.9616797988523458 0.98749381305042 1.6023622047244093
      vertex 1.970529245727756 1.0088582677165356 1.5944881889763778
    endloop
  endfacet
  facet normal 0 0 1
    outer loop
      vertex 2.0029527559055116 0.8878520803734258 1.6023622047244093
      vertex 2.0029527559055116 1.0412817778942909 1.6023622047244093
      vertex 1.984606682768908 1.0272043408531393 1.6023622047244093
    endloop
  endfacet
  facet normal -0.9238795325112885 0.3826834323650857 0
    outer loop
      vertex 1.9616797988523458 0.98749381305042 1.6023622047244093
      vertex 1.970529245727756 1.0088582677165356 1.6023622047244093
      vertex 1.970529245727756 1.0088582677165356 1.5944881889763778
    endloop
  endfacet
  facet normal -0.7933533402912295 0.6087614290087279 0
    outer loop
      vertex 1.970529245727756 1.0088582677165356 1.5944881889763778
      vertex 1.970529245727756 1.0088582677165356 1.6023622047244093
      vertex 1.984606682768908 1.0272043408531393 1.5944881889763778
    endloop
  endfacet
  facet normal -0.7933533402912295 0.6087614290087279 0
    outer loop
      vertex 1.970529245727756 1.0088582677165356 1.6023622047244093
      vertex 1.984606682768908 1.0272043408531393 1.6023622047244093
      vertex 1.984606682768908 1.0272043408531393 1.5944881889763778
    endloop
  endfacet
  facet normal -0.6087614290087159 0.7933533402912388 0
    outer loop
      vertex 1.984606682768908 1.0272043408531393 1.5944881889763778
      vertex 1.984606682768908 1.0272043408531393 1.6023622047244093
      vertex 2.0029527559055116 1.0412817778942909 1.5944881889763778
    endloop
  endfacet
  facet normal -0.6087614290087159 0.7933533402912388 0
    outer loop
      vertex 1.984606682768908 1.0272043408531393 1.6023622047244093
      vertex 2.0029527559055116 1.0412817778942909 1.6023622047244093
      vertex 2.0029527559055116 1.0412817778942909 1.5944881889763778
    endloop
  endfacet
  facet normal 0 0 1
    outer loop
      vertex 2.0243172105716263 0.8790026334980157 1.6023622047244093
      vertex 2.0243172105716263 1.050131224769701 1.6023622047244093
      vertex 2.0029527559055116 1.0412817778942909 1.6023622047244093
    endloop
  endfacet
  facet normal 0 0 1
    outer loop
      vertex 2.0472440944881884 0.8759842519685042 1.6023622047244093
      vertex 2.0472440944881884 1.0531496062992125 1.6023622047244093
      vertex 2.0243172105716263 1.050131224769701 1.6023622047244093
    endloop
  endfacet
  facet normal 0 0 1
    outer loop
      vertex 2.0701709784047506 0.8790026334980157 1.6023622047244093
      vertex 2.0701709784047506 1.050131224769701 1.6023622047244093
      vertex 2.0472440944881884 1.0531496062992125 1.6023622047244093
    endloop
  endfacet
  facet normal 0 0 1
    outer loop
      vertex 2.0915354330708653 0.8878520803734258 1.6023622047244093
      vertex 2.0915354330708653 1.0412817778942909 1.6023622047244093
      vertex 2.0701709784047506 1.050131224769701 1.6023622047244093
    endloop
  endfacet
  facet normal -0.3826834323650992 0.9238795325112829 0
    outer loop
      vertex 2.0029527559055116 1.0412817778942909 1.5944881889763778
      vertex 2.0029527559055116 1.0412817778942909 1.6023622047244093
      vertex 2.0243172105716263 1.050131224769701 1.5944881889763778
    endloop
  endfacet
  facet normal -0.3826834323650992 0.9238795325112829 0
    outer loop
      vertex 2.0029527559055116 1.0412817778942909 1.6023622047244093
      vertex 2.0243172105716263 1.050131224769701 1.6023622047244093
      vertex 2.0243172105716263 1.050131224769701 1.5944881889763778
    endloop
  endfacet
  facet normal -0.13052619222004305 0.9914448613738115 0
    outer loop
      vertex 2.0243172105716263 1.050131224769701 1.5944881889763778
      vertex 2.0243172105716263 1.050131224769701 1.6023622047244093
      vertex 2.0472440944881884 1.0531496062992125 1.5944881889763778
    endloop
  endfacet
  facet normal -0.13052619222004305 0.9914448613738115 0
    outer loop
      vertex 2.0243172105716263 1.050131224769701 1.6023622047244093
      vertex 2.0472440944881884 1.0531496062992125 1.6023622047244093
      vertex 2.0472440944881884 1.0531496062992125 1.5944881889763778
    endloop
  endfacet
  facet normal 0.13052619222004305 0.9914448613738115 0
    outer loop
      vertex 2.0701709784047506 1.050131224769701 1.5944881889763778
      vertex 2.0472440944881884 1.0531496062992125 1.5944881889763778
      vertex 2.0472440944881884 1.0531496062992125 1.6023622047244093
    endloop
  endfacet
  facet normal 0.13052619222004305 0.9914448613738115 0
    outer loop
      vertex 2.0701709784047506 1.050131224769701 1.5944881889763778
      vertex 2.0472440944881884 1.0531496062992125 1.6023622047244093
      vertex 2.0701709784047506 1.050131224769701 1.6023622047244093
    endloop
  endfacet
  facet normal 0.3826834323650992 0.9238795325112829 0
    outer loop
      vertex 2.0701709784047506 1.050131224769701 1.6023622047244093
      vertex 2.0915354330708653 1.0412817778942909 1.6023622047244093
      vertex 2.0915354330708653 1.0412817778942909 1.5944881889763778
    endloop
  endfacet
  facet normal 0.3826834323650992 0.9238795325112829 0
    outer loop
      vertex 2.0701709784047506 1.050131224769701 1.5944881889763778
      vertex 2.0701709784047506 1.050131224769701 1.6023622047244093
      vertex 2.0915354330708653 1.0412817778942909 1.5944881889763778
    endloop
  endfacet
  facet normal 0 0 1
    outer loop
      vertex 2.109881506207469 0.9019295174145774 1.6023622047244093
      vertex 2.109881506207469 1.0272043408531393 1.6023622047244093
      vertex 2.0915354330708653 1.0412817778942909 1.6023622047244093
    endloop
  endfacet
  facet normal 0 0 1
    outer loop
      vertex 2.123958943248621 0.920275590551181 1.6023622047244093
      vertex 2.123958943248621 1.0088582677165356 1.6023622047244093
      vertex 2.109881506207469 1.0272043408531393 1.6023622047244093
    endloop
  endfacet
  facet normal 0 0 1
    outer loop
      vertex 2.132808390124031 0.9416400452172966 1.6023622047244093
      vertex 2.135826771653543 0.9645669291338583 1.6023622047244093
      vertex 2.132808390124031 0.98749381305042 1.6023622047244093
    endloop
  endfacet
  facet normal 0.9914448613738087 0.1305261922200644 0
    outer loop
      vertex 2.135826771653543 0.9645669291338583 1.5944881889763778
      vertex 2.132808390124031 0.98749381305042 1.6023622047244093
      vertex 2.135826771653543 0.9645669291338583 1.6023622047244093
    endloop
  endfacet
  facet normal 0 0 1
    outer loop
      vertex 2.132808390124031 0.9416400452172966 1.6023622047244093
      vertex 2.132808390124031 0.98749381305042 1.6023622047244093
      vertex 2.123958943248621 1.0088582677165356 1.6023622047244093
    endloop
  endfacet
  facet normal 0.9914448613738087 0.1305261922200644 0
    outer loop
      vertex 2.135826771653543 0.9645669291338583 1.5944881889763778
      vertex 2.132808390124031 0.98749381305042 1.5944881889763778
      vertex 2.132808390124031 0.98749381305042 1.6023622047244093
    endloop
  endfacet
  facet normal 0.9238795325112885 0.3826834323650857 0
    outer loop
      vertex 2.123958943248621 1.0088582677165356 1.6023622047244093
      vertex 2.132808390124031 0.98749381305042 1.6023622047244093
      vertex 2.132808390124031 0.98749381305042 1.5944881889763778
    endloop
  endfacet
  facet normal 0.9238795325112885 0.3826834323650857 0
    outer loop
      vertex 2.123958943248621 1.0088582677165356 1.5944881889763778
      vertex 2.123958943248621 1.0088582677165356 1.6023622047244093
      vertex 2.132808390124031 0.98749381305042 1.5944881889763778
    endloop
  endfacet
  facet normal 0.7933533402912295 0.6087614290087279 0
    outer loop
      vertex 2.123958943248621 1.0088582677165356 1.5944881889763778
      vertex 2.109881506207469 1.0272043408531393 1.6023622047244093
      vertex 2.123958943248621 1.0088582677165356 1.6023622047244093
    endloop
  endfacet
  facet normal 0.6087614290087159 0.7933533402912388 0
    outer loop
      vertex 2.109881506207469 1.0272043408531393 1.5944881889763778
      vertex 2.0915354330708653 1.0412817778942909 1.6023622047244093
      vertex 2.109881506207469 1.0272043408531393 1.6023622047244093
    endloop
  endfacet
  facet normal 0.6087614290087159 0.7933533402912388 0
    outer loop
      vertex 2.109881506207469 1.0272043408531393 1.5944881889763778
      vertex 2.0915354330708653 1.0412817778942909 1.5944881889763778
      vertex 2.0915354330708653 1.0412817778942909 1.6023622047244093
    endloop
  endfacet
  facet normal 0.7933533402912295 0.6087614290087279 0
    outer loop
      vertex 2.123958943248621 1.0088582677165356 1.5944881889763778
      vertex 2.109881506207469 1.0272043408531393 1.5944881889763778
      vertex 2.109881506207469 1.0272043408531393 1.6023622047244093
    endloop
  endfacet
  facet normal 0.36114524552069865 -0.7398095879541462 -0.5676758628028065
    outer loop
      vertex 2.5196850393700783 0.4664704555334822 0.6830058886043482
      vertex 2.645669291338583 0.5012690175997494 0.7178044506706154
      vertex 2.5196850393700783 0.44300806046489605 0.7135826771653543
    endloop
  endfacet
  facet normal 0.3611452455206978 -0.861526512279554 -0.3568559657301842
    outer loop
      vertex 2.5196850393700783 0.44300806046489605 0.7135826771653543
      vertex 2.645669291338583 0.48562742088735855 0.7381889763779527
      vertex 2.5196850393700783 0.42825898233921245 0.7491901016088798
    endloop
  endfacet
  facet normal 0.3611452455206984 -0.9245318285329917 -0.12171692432540927
    outer loop
      vertex 2.5196850393700783 0.42825898233921245 0.7491901016088798
      vertex 2.645669291338583 0.4757947021369029 0.761927259340303
      vertex 2.5196850393700783 0.42322834645669305 0.7874015748031495
    endloop
  endfacet
  facet normal 0.3611452455206983 -0.35685596573018313 -0.8615265122795542
    outer loop
      vertex 2.5196850393700783 0.5326546685380138 0.6447944154100784
      vertex 2.645669291338583 0.5216535433070868 0.7021628539582245
      vertex 2.5196850393700783 0.4970472440944882 0.659543493535762
    endloop
  endfacet
  facet normal 0.3611452455206987 -0.5676758628028078 -0.7398095879541452
    outer loop
      vertex 2.5196850393700783 0.4664704555334822 0.6830058886043482
      vertex 2.5196850393700783 0.4970472440944882 0.659543493535762
      vertex 2.645669291338583 0.5012690175997494 0.7178044506706154
    endloop
  endfacet
  facet normal 0.3611452455206984 -0.12171692432540927 -0.9245318285329917
    outer loop
      vertex 2.5196850393700783 0.5326546685380138 0.6447944154100784
      vertex 2.5196850393700783 0.5708661417322836 0.639763779527559
      vertex 2.645669291338583 0.545391826269437 0.6923301352077689
    endloop
  endfacet
  facet normal 0.3611452455206984 0.12171692432540927 -0.9245318285329917
    outer loop
      vertex 2.5196850393700783 0.5708661417322836 0.639763779527559
      vertex 2.5196850393700783 0.6090776149265533 0.6447944154100784
      vertex 2.645669291338583 0.5963404571951301 0.6923301352077689
    endloop
  endfacet
  facet normal 0.3611452455206983 0.35685596573018313 -0.8615265122795542
    outer loop
      vertex 2.5196850393700783 0.6090776149265533 0.6447944154100784
      vertex 2.5196850393700783 0.6446850393700789 0.659543493535762
      vertex 2.645669291338583 0.6200787401574803 0.7021628539582245
    endloop
  endfacet
  facet normal 0.3611452455206976 -0.7398095879541435 -0.5676758628028103
    outer loop
      vertex 2.5196850393700783 0.44300806046489605 0.7135826771653543
      vertex 2.645669291338583 0.5012690175997494 0.7178044506706154
      vertex 2.645669291338583 0.48562742088735855 0.7381889763779527
    endloop
  endfacet
  facet normal 0.3611452455206984 -0.8615265122795549 -0.3568559657301813
    outer loop
      vertex 2.5196850393700783 0.42825898233921245 0.7491901016088798
      vertex 2.645669291338583 0.48562742088735855 0.7381889763779527
      vertex 2.645669291338583 0.4757947021369029 0.761927259340303
    endloop
  endfacet
  facet normal 0.3611452455206972 -0.9245318285329914 -0.12171692432541452
    outer loop
      vertex 2.5196850393700783 0.42322834645669305 0.7874015748031495
      vertex 2.645669291338583 0.4757947021369029 0.761927259340303
      vertex 2.645669291338583 0.4724409448818898 0.7874015748031495
    endloop
  endfacet
  facet normal 0.3611452455206972 -0.9245318285329914 0.12171692432541452
    outer loop
      vertex 2.5196850393700783 0.42322834645669305 0.7874015748031495
      vertex 2.645669291338583 0.4724409448818898 0.7874015748031495
      vertex 2.645669291338583 0.4757947021369029 0.812875890265996
    endloop
  endfacet
  facet normal 0.36114524552069854 -0.5676758628028082 -0.7398095879541448
    outer loop
      vertex 2.5196850393700783 0.4970472440944882 0.659543493535762
      vertex 2.645669291338583 0.5216535433070868 0.7021628539582245
      vertex 2.645669291338583 0.5012690175997494 0.7178044506706154
    endloop
  endfacet
  facet normal 0.3611452455206984 -0.35685596573018274 -0.8615265122795543
    outer loop
      vertex 2.5196850393700783 0.5326546685380138 0.6447944154100784
      vertex 2.645669291338583 0.545391826269437 0.6923301352077689
      vertex 2.645669291338583 0.5216535433070868 0.7021628539582245
    endloop
  endfacet
  facet normal 0.36114524552069716 -0.1217169243254146 -0.9245318285329913
    outer loop
      vertex 2.645669291338583 0.545391826269437 0.6923301352077689
      vertex 2.5196850393700783 0.5708661417322836 0.639763779527559
      vertex 2.645669291338583 0.5708661417322836 0.6889763779527558
    endloop
  endfacet
  facet normal 0.3611452455206972 0.12171692432541452 -0.9245318285329914
    outer loop
      vertex 2.5196850393700783 0.5708661417322836 0.639763779527559
      vertex 2.645669291338583 0.5963404571951301 0.6923301352077689
      vertex 2.645669291338583 0.5708661417322836 0.6889763779527558
    endloop
  endfacet
  facet normal 0.3611452455206984 0.35685596573018274 -0.8615265122795543
    outer loop
      vertex 2.5196850393700783 0.6090776149265533 0.6447944154100784
      vertex 2.645669291338583 0.6200787401574803 0.7021628539582245
      vertex 2.645669291338583 0.5963404571951301 0.6923301352077689
    endloop
  endfacet
  facet normal 0.36114524552069854 0.5676758628028082 -0.7398095879541448
    outer loop
      vertex 2.5196850393700783 0.6446850393700789 0.659543493535762
      vertex 2.645669291338583 0.6404632658648177 0.7178044506706154
      vertex 2.645669291338583 0.6200787401574803 0.7021628539582245
    endloop
  endfacet
  facet normal 0.3611452455206987 0.5676758628028078 -0.7398095879541452
    outer loop
      vertex 2.5196850393700783 0.6446850393700789 0.659543493535762
      vertex 2.5196850393700783 0.6752618279310849 0.6830058886043482
      vertex 2.645669291338583 0.6404632658648177 0.7178044506706154
    endloop
  endfacet
  facet normal 0.36114524552069865 0.7398095879541462 -0.5676758628028065
    outer loop
      vertex 2.5196850393700783 0.6752618279310849 0.6830058886043482
      vertex 2.5196850393700783 0.6987242229996711 0.7135826771653543
      vertex 2.645669291338583 0.6404632658648177 0.7178044506706154
    endloop
  endfacet
  facet normal 0.3611452455206978 0.861526512279554 -0.3568559657301842
    outer loop
      vertex 2.5196850393700783 0.6987242229996711 0.7135826771653543
      vertex 2.5196850393700783 0.7134733011253547 0.7491901016088798
      vertex 2.645669291338583 0.6561048625772086 0.7381889763779527
    endloop
  endfacet
  facet normal 0.3611452455206984 0.9245318285329917 -0.12171692432540927
    outer loop
      vertex 2.5196850393700783 0.7134733011253547 0.7491901016088798
      vertex 2.5196850393700783 0.7185039370078741 0.7874015748031495
      vertex 2.645669291338583 0.6659375813276642 0.761927259340303
    endloop
  endfacet
  facet normal 0.3611452455206976 0.7398095879541435 -0.5676758628028103
    outer loop
      vertex 2.5196850393700783 0.6987242229996711 0.7135826771653543
      vertex 2.645669291338583 0.6561048625772086 0.7381889763779527
      vertex 2.645669291338583 0.6404632658648177 0.7178044506706154
    endloop
  endfacet
  facet normal 0.3611452455206984 0.8615265122795549 -0.3568559657301813
    outer loop
      vertex 2.5196850393700783 0.7134733011253547 0.7491901016088798
      vertex 2.645669291338583 0.6659375813276642 0.761927259340303
      vertex 2.645669291338583 0.6561048625772086 0.7381889763779527
    endloop
  endfacet
  facet normal 0.3611452455206972 0.9245318285329914 -0.12171692432541452
    outer loop
      vertex 2.5196850393700783 0.7185039370078741 0.7874015748031495
      vertex 2.645669291338583 0.6692913385826773 0.7874015748031495
      vertex 2.645669291338583 0.6659375813276642 0.761927259340303
    endloop
  endfacet
  facet normal 0.3611452455206972 0.9245318285329914 0.12171692432541452
    outer loop
      vertex 2.5196850393700783 0.7185039370078741 0.7874015748031495
      vertex 2.645669291338583 0.6659375813276642 0.812875890265996
      vertex 2.645669291338583 0.6692913385826773 0.7874015748031495
    endloop
  endfacet
  facet normal 0.3611452455206984 -0.9245318285329917 0.12171692432540927
    outer loop
      vertex 2.5196850393700783 0.42322834645669305 0.7874015748031495
      vertex 2.645669291338583 0.4757947021369029 0.812875890265996
      vertex 2.5196850393700783 0.42825898233921245 0.8256130479974193
    endloop
  endfacet
  facet normal 0.36114524552069777 -0.861526512279554 0.3568559657301842
    outer loop
      vertex 2.5196850393700783 0.42825898233921245 0.8256130479974193
      vertex 2.645669291338583 0.48562742088735855 0.8366141732283464
      vertex 2.5196850393700783 0.44300806046489605 0.8612204724409448
    endloop
  endfacet
  facet normal 0.3611452455206986 -0.7398095879541462 0.5676758628028065
    outer loop
      vertex 2.5196850393700783 0.44300806046489605 0.8612204724409448
      vertex 2.645669291338583 0.5012690175997494 0.8569986989356837
      vertex 2.5196850393700783 0.4664704555334822 0.8917972610019509
    endloop
  endfacet
  facet normal 0.3611452455206987 -0.5676758628028078 0.7398095879541452
    outer loop
      vertex 2.5196850393700783 0.4664704555334822 0.8917972610019509
      vertex 2.645669291338583 0.5012690175997494 0.8569986989356837
      vertex 2.5196850393700783 0.4970472440944882 0.915259656070537
    endloop
  endfacet
  facet normal 0.3611452455206983 -0.35685596573018313 0.8615265122795542
    outer loop
      vertex 2.5196850393700783 0.4970472440944882 0.915259656070537
      vertex 2.645669291338583 0.5216535433070868 0.8726402956480745
      vertex 2.5196850393700783 0.5326546685380138 0.9300087341962207
    endloop
  endfacet
  facet normal 0.3611452455206984 -0.12171692432540927 0.9245318285329917
    outer loop
      vertex 2.5196850393700783 0.5326546685380138 0.9300087341962207
      vertex 2.645669291338583 0.545391826269437 0.8824730143985302
      vertex 2.5196850393700783 0.5708661417322836 0.93503937007874
    endloop
  endfacet
  facet normal 0.3611452455206984 0.12171692432540927 0.9245318285329917
    outer loop
      vertex 2.5196850393700783 0.5708661417322836 0.93503937007874
      vertex 2.645669291338583 0.5963404571951301 0.8824730143985302
      vertex 2.5196850393700783 0.6090776149265533 0.9300087341962207
    endloop
  endfacet
  facet normal 0.3611452455206983 0.35685596573018313 0.8615265122795542
    outer loop
      vertex 2.5196850393700783 0.6090776149265533 0.9300087341962207
      vertex 2.645669291338583 0.6200787401574803 0.8726402956480745
      vertex 2.5196850393700783 0.6446850393700789 0.915259656070537
    endloop
  endfacet
  facet normal 0.3611452455206984 -0.8615265122795549 0.3568559657301813
    outer loop
      vertex 2.5196850393700783 0.42825898233921245 0.8256130479974193
      vertex 2.645669291338583 0.4757947021369029 0.812875890265996
      vertex 2.645669291338583 0.48562742088735855 0.8366141732283464
    endloop
  endfacet
  facet normal 0.3611452455206976 -0.7398095879541438 0.5676758628028105
    outer loop
      vertex 2.645669291338583 0.48562742088735855 0.8366141732283464
      vertex 2.645669291338583 0.5012690175997494 0.8569986989356837
      vertex 2.5196850393700783 0.44300806046489605 0.8612204724409448
    endloop
  endfacet
  facet normal 0.36114524552069854 -0.5676758628028082 0.7398095879541448
    outer loop
      vertex 2.5196850393700783 0.4970472440944882 0.915259656070537
      vertex 2.645669291338583 0.5012690175997494 0.8569986989356837
      vertex 2.645669291338583 0.5216535433070868 0.8726402956480745
    endloop
  endfacet
  facet normal 0.3611452455206984 -0.35685596573018274 0.8615265122795543
    outer loop
      vertex 2.5196850393700783 0.5326546685380138 0.9300087341962207
      vertex 2.645669291338583 0.5216535433070868 0.8726402956480745
      vertex 2.645669291338583 0.545391826269437 0.8824730143985302
    endloop
  endfacet
  facet normal 0.36114524552069716 -0.1217169243254146 0.9245318285329913
    outer loop
      vertex 2.645669291338583 0.545391826269437 0.8824730143985302
      vertex 2.645669291338583 0.5708661417322836 0.8858267716535433
      vertex 2.5196850393700783 0.5708661417322836 0.93503937007874
    endloop
  endfacet
  facet normal 0.3611452455206972 0.12171692432541452 0.9245318285329914
    outer loop
      vertex 2.5196850393700783 0.5708661417322836 0.93503937007874
      vertex 2.645669291338583 0.5708661417322836 0.8858267716535433
      vertex 2.645669291338583 0.5963404571951301 0.8824730143985302
    endloop
  endfacet
  facet normal 0.3611452455206984 0.35685596573018274 0.8615265122795543
    outer loop
      vertex 2.5196850393700783 0.6090776149265533 0.9300087341962207
      vertex 2.645669291338583 0.5963404571951301 0.8824730143985302
      vertex 2.645669291338583 0.6200787401574803 0.8726402956480745
    endloop
  endfacet
  facet normal 0.36114524552069854 0.5676758628028082 0.7398095879541448
    outer loop
      vertex 2.5196850393700783 0.6446850393700789 0.915259656070537
      vertex 2.645669291338583 0.6200787401574803 0.8726402956480745
      vertex 2.645669291338583 0.6404632658648177 0.8569986989356837
    endloop
  endfacet
  facet normal 0.3611452455206984 0.9245318285329917 0.12171692432540927
    outer loop
      vertex 2.5196850393700783 0.7185039370078741 0.7874015748031495
      vertex 2.5196850393700783 0.7134733011253547 0.8256130479974193
      vertex 2.645669291338583 0.6659375813276642 0.812875890265996
    endloop
  endfacet
  facet normal 0.36114524552069777 0.861526512279554 0.3568559657301842
    outer loop
      vertex 2.5196850393700783 0.7134733011253547 0.8256130479974193
      vertex 2.5196850393700783 0.6987242229996711 0.8612204724409448
      vertex 2.645669291338583 0.6561048625772086 0.8366141732283464
    endloop
  endfacet
  facet normal 0.3611452455206986 0.7398095879541462 0.5676758628028065
    outer loop
      vertex 2.5196850393700783 0.6987242229996711 0.8612204724409448
      vertex 2.5196850393700783 0.6752618279310849 0.8917972610019509
      vertex 2.645669291338583 0.6404632658648177 0.8569986989356837
    endloop
  endfacet
  facet normal 0.3611452455206987 0.5676758628028078 0.7398095879541452
    outer loop
      vertex 2.5196850393700783 0.6752618279310849 0.8917972610019509
      vertex 2.5196850393700783 0.6446850393700789 0.915259656070537
      vertex 2.645669291338583 0.6404632658648177 0.8569986989356837
    endloop
  endfacet
  facet normal 0.3611452455206984 0.8615265122795549 0.3568559657301813
    outer loop
      vertex 2.5196850393700783 0.7134733011253547 0.8256130479974193
      vertex 2.645669291338583 0.6561048625772086 0.8366141732283464
      vertex 2.645669291338583 0.6659375813276642 0.812875890265996
    endloop
  endfacet
  facet normal 0.3611452455206976 0.7398095879541438 0.5676758628028105
    outer loop
      vertex 2.645669291338583 0.6561048625772086 0.8366141732283464
      vertex 2.5196850393700783 0.6987242229996711 0.8612204724409448
      vertex 2.645669291338583 0.6404632658648177 0.8569986989356837
    endloop
  endfacet
  facet normal 0.36114524552069865 -0.5676758628028065 -0.7398095879541462
    outer loop
      vertex 2.5196850393700783 -0.5177815129704548 0.6830058886043482
      vertex 2.5196850393700783 -0.48720472440944873 0.659543493535762
      vertex 2.645669291338583 -0.48298295090418764 0.7178044506706154
    endloop
  endfacet
  facet normal 0.3611452455206978 -0.861526512279554 -0.3568559657301842
    outer loop
      vertex 2.5196850393700783 -0.541243908039041 0.7135826771653543
      vertex 2.645669291338583 -0.4986245476165785 0.7381889763779527
      vertex 2.5196850393700783 -0.5559929861647246 0.7491901016088798
    endloop
  endfacet
  facet normal 0.36114524552069865 -0.7398095879541462 -0.5676758628028065
    outer loop
      vertex 2.5196850393700783 -0.5177815129704548 0.6830058886043482
      vertex 2.645669291338583 -0.48298295090418764 0.7178044506706154
      vertex 2.5196850393700783 -0.541243908039041 0.7135826771653543
    endloop
  endfacet
  facet normal 0.3611452455206984 -0.9245318285329917 -0.12171692432540927
    outer loop
      vertex 2.5196850393700783 -0.5559929861647246 0.7491901016088798
      vertex 2.645669291338583 -0.5084572663670341 0.761927259340303
      vertex 2.5196850393700783 -0.561023622047244 0.7874015748031495
    endloop
  endfacet
  facet normal 0.36114524552069777 -0.3568559657301842 -0.861526512279554
    outer loop
      vertex 2.5196850393700783 -0.45159729996592324 0.6447944154100784
      vertex 2.645669291338583 -0.46259842519685035 0.7021628539582245
      vertex 2.5196850393700783 -0.48720472440944873 0.659543493535762
    endloop
  endfacet
  facet normal 0.3611452455206984 -0.12171692432540927 -0.9245318285329917
    outer loop
      vertex 2.5196850393700783 -0.45159729996592324 0.6447944154100784
      vertex 2.5196850393700783 -0.4133858267716535 0.639763779527559
      vertex 2.645669291338583 -0.4388601422345 0.6923301352077689
    endloop
  endfacet
  facet normal 0.3611452455206984 0.12171692432540927 -0.9245318285329917
    outer loop
      vertex 2.5196850393700783 -0.4133858267716535 0.639763779527559
      vertex 2.5196850393700783 -0.3751743535773837 0.6447944154100784
      vertex 2.645669291338583 -0.38791151130880697 0.6923301352077689
    endloop
  endfacet
  facet normal 0.36114524552069777 0.3568559657301842 -0.861526512279554
    outer loop
      vertex 2.5196850393700783 -0.3751743535773837 0.6447944154100784
      vertex 2.5196850393700783 -0.3395669291338582 0.659543493535762
      vertex 2.645669291338583 -0.3641732283464566 0.7021628539582245
    endloop
  endfacet
  facet normal 0.3611452455206986 0.5676758628028065 -0.7398095879541462
    outer loop
      vertex 2.5196850393700783 -0.3395669291338582 0.659543493535762
      vertex 2.5196850393700783 -0.3089901405728521 0.6830058886043482
      vertex 2.645669291338583 -0.3437887026391193 0.7178044506706154
    endloop
  endfacet
  facet normal 0.3611452455206984 -0.8615265122795549 -0.3568559657301813
    outer loop
      vertex 2.5196850393700783 -0.5559929861647246 0.7491901016088798
      vertex 2.645669291338583 -0.4986245476165785 0.7381889763779527
      vertex 2.645669291338583 -0.5084572663670341 0.761927259340303
    endloop
  endfacet
  facet normal 0.3611452455206976 -0.7398095879541435 -0.5676758628028103
    outer loop
      vertex 2.5196850393700783 -0.541243908039041 0.7135826771653543
      vertex 2.645669291338583 -0.48298295090418764 0.7178044506706154
      vertex 2.645669291338583 -0.4986245476165785 0.7381889763779527
    endloop
  endfacet
  facet normal 0.3611452455206972 -0.9245318285329914 -0.12171692432541452
    outer loop
      vertex 2.5196850393700783 -0.561023622047244 0.7874015748031495
      vertex 2.645669291338583 -0.5084572663670341 0.761927259340303
      vertex 2.645669291338583 -0.5118110236220472 0.7874015748031495
    endloop
  endfacet
  facet normal 0.3611452455206972 -0.9245318285329914 0.12171692432541452
    outer loop
      vertex 2.5196850393700783 -0.561023622047244 0.7874015748031495
      vertex 2.645669291338583 -0.5118110236220472 0.7874015748031495
      vertex 2.645669291338583 -0.5084572663670341 0.812875890265996
    endloop
  endfacet
  facet normal 0.3611452455206976 -0.5676758628028103 -0.7398095879541435
    outer loop
      vertex 2.5196850393700783 -0.48720472440944873 0.659543493535762
      vertex 2.645669291338583 -0.46259842519685035 0.7021628539582245
      vertex 2.645669291338583 -0.48298295090418764 0.7178044506706154
    endloop
  endfacet
  facet normal 0.3611452455206984 -0.3568559657301813 -0.8615265122795549
    outer loop
      vertex 2.5196850393700783 -0.45159729996592324 0.6447944154100784
      vertex 2.645669291338583 -0.4388601422345 0.6923301352077689
      vertex 2.645669291338583 -0.46259842519685035 0.7021628539582245
    endloop
  endfacet
  facet normal 0.3611452455206972 -0.12171692432541452 -0.9245318285329914
    outer loop
      vertex 2.5196850393700783 -0.4133858267716535 0.639763779527559
      vertex 2.645669291338583 -0.4133858267716535 0.6889763779527558
      vertex 2.645669291338583 -0.4388601422345 0.6923301352077689
    endloop
  endfacet
  facet normal 0.3611452455206972 0.12171692432541452 -0.9245318285329914
    outer loop
      vertex 2.5196850393700783 -0.4133858267716535 0.639763779527559
      vertex 2.645669291338583 -0.38791151130880697 0.6923301352077689
      vertex 2.645669291338583 -0.4133858267716535 0.6889763779527558
    endloop
  endfacet
  facet normal 0.3611452455206984 0.3568559657301813 -0.8615265122795549
    outer loop
      vertex 2.5196850393700783 -0.3751743535773837 0.6447944154100784
      vertex 2.645669291338583 -0.3641732283464566 0.7021628539582245
      vertex 2.645669291338583 -0.38791151130880697 0.6923301352077689
    endloop
  endfacet
  facet normal 0.3611452455206976 0.5676758628028103 -0.7398095879541435
    outer loop
      vertex 2.5196850393700783 -0.3395669291338582 0.659543493535762
      vertex 2.645669291338583 -0.3437887026391193 0.7178044506706154
      vertex 2.645669291338583 -0.3641732283464566 0.7021628539582245
    endloop
  endfacet
  facet normal 0.36114524552069865 0.7398095879541462 -0.5676758628028065
    outer loop
      vertex 2.5196850393700783 -0.3089901405728521 0.6830058886043482
      vertex 2.5196850393700783 -0.28552774550426596 0.7135826771653543
      vertex 2.645669291338583 -0.3437887026391193 0.7178044506706154
    endloop
  endfacet
  facet normal 0.3611452455206978 0.861526512279554 -0.3568559657301842
    outer loop
      vertex 2.5196850393700783 -0.28552774550426596 0.7135826771653543
      vertex 2.5196850393700783 -0.27077866737858236 0.7491901016088798
      vertex 2.645669291338583 -0.32814710592672847 0.7381889763779527
    endloop
  endfacet
  facet normal 0.3611452455206984 0.9245318285329917 -0.1217169243254093
    outer loop
      vertex 2.645669291338583 -0.3183143871762728 0.761927259340303
      vertex 2.5196850393700783 -0.27077866737858236 0.7491901016088798
      vertex 2.5196850393700783 -0.26574803149606296 0.7874015748031495
    endloop
  endfacet
  facet normal 0.3611452455206976 0.7398095879541435 -0.5676758628028103
    outer loop
      vertex 2.5196850393700783 -0.28552774550426596 0.7135826771653543
      vertex 2.645669291338583 -0.32814710592672847 0.7381889763779527
      vertex 2.645669291338583 -0.3437887026391193 0.7178044506706154
    endloop
  endfacet
  facet normal 0.36114524552069843 0.8615265122795549 -0.3568559657301813
    outer loop
      vertex 2.645669291338583 -0.32814710592672847 0.7381889763779527
      vertex 2.5196850393700783 -0.27077866737858236 0.7491901016088798
      vertex 2.645669291338583 -0.3183143871762728 0.761927259340303
    endloop
  endfacet
  facet normal 0.36114524552069716 0.9245318285329913 -0.1217169243254146
    outer loop
      vertex 2.645669291338583 -0.3183143871762728 0.761927259340303
      vertex 2.5196850393700783 -0.26574803149606296 0.7874015748031495
      vertex 2.645669291338583 -0.3149606299212597 0.7874015748031495
    endloop
  endfacet
  facet normal 0.36114524552069716 0.9245318285329913 0.1217169243254146
    outer loop
      vertex 2.645669291338583 -0.3149606299212597 0.7874015748031495
      vertex 2.5196850393700783 -0.26574803149606296 0.7874015748031495
      vertex 2.645669291338583 -0.3183143871762728 0.812875890265996
    endloop
  endfacet
  facet normal 0.3611452455206984 -0.9245318285329917 0.12171692432540927
    outer loop
      vertex 2.5196850393700783 -0.561023622047244 0.7874015748031495
      vertex 2.645669291338583 -0.5084572663670341 0.812875890265996
      vertex 2.5196850393700783 -0.5559929861647246 0.8256130479974193
    endloop
  endfacet
  facet normal 0.36114524552069777 -0.861526512279554 0.3568559657301842
    outer loop
      vertex 2.5196850393700783 -0.5559929861647246 0.8256130479974193
      vertex 2.645669291338583 -0.4986245476165785 0.8366141732283464
      vertex 2.5196850393700783 -0.541243908039041 0.8612204724409448
    endloop
  endfacet
  facet normal 0.3611452455206986 -0.7398095879541462 0.5676758628028065
    outer loop
      vertex 2.5196850393700783 -0.541243908039041 0.8612204724409448
      vertex 2.645669291338583 -0.48298295090418764 0.8569986989356837
      vertex 2.5196850393700783 -0.5177815129704548 0.8917972610019509
    endloop
  endfacet
  facet normal 0.36114524552069865 -0.5676758628028065 0.7398095879541462
    outer loop
      vertex 2.5196850393700783 -0.5177815129704548 0.8917972610019509
      vertex 2.645669291338583 -0.48298295090418764 0.8569986989356837
      vertex 2.5196850393700783 -0.48720472440944873 0.915259656070537
    endloop
  endfacet
  facet normal 0.36114524552069865 0.5676758628028065 0.7398095879541462
    outer loop
      vertex 2.5196850393700783 -0.3089901405728521 0.8917972610019509
      vertex 2.5196850393700783 -0.3395669291338582 0.915259656070537
      vertex 2.645669291338583 -0.3437887026391193 0.8569986989356837
    endloop
  endfacet
  facet normal 0.3611452455206978 -0.3568559657301842 0.861526512279554
    outer loop
      vertex 2.5196850393700783 -0.48720472440944873 0.915259656070537
      vertex 2.645669291338583 -0.46259842519685035 0.8726402956480745
      vertex 2.5196850393700783 -0.45159729996592324 0.9300087341962207
    endloop
  endfacet
  facet normal 0.3611452455206984 -0.12171692432540927 0.9245318285329917
    outer loop
      vertex 2.5196850393700783 -0.45159729996592324 0.9300087341962207
      vertex 2.645669291338583 -0.4388601422345 0.8824730143985302
      vertex 2.5196850393700783 -0.4133858267716535 0.93503937007874
    endloop
  endfacet
  facet normal 0.3611452455206984 0.12171692432540927 0.9245318285329917
    outer loop
      vertex 2.5196850393700783 -0.4133858267716535 0.93503937007874
      vertex 2.645669291338583 -0.38791151130880697 0.8824730143985302
      vertex 2.5196850393700783 -0.3751743535773837 0.9300087341962207
    endloop
  endfacet
  facet normal 0.36114524552069777 0.3568559657301842 0.861526512279554
    outer loop
      vertex 2.5196850393700783 -0.3751743535773837 0.9300087341962207
      vertex 2.645669291338583 -0.3641732283464566 0.8726402956480745
      vertex 2.5196850393700783 -0.3395669291338582 0.915259656070537
    endloop
  endfacet
  facet normal 0.3611452455206984 -0.8615265122795549 0.3568559657301813
    outer loop
      vertex 2.5196850393700783 -0.5559929861647246 0.8256130479974193
      vertex 2.645669291338583 -0.5084572663670341 0.812875890265996
      vertex 2.645669291338583 -0.4986245476165785 0.8366141732283464
    endloop
  endfacet
  facet normal 0.3611452455206976 -0.7398095879541438 0.5676758628028105
    outer loop
      vertex 2.645669291338583 -0.4986245476165785 0.8366141732283464
      vertex 2.645669291338583 -0.48298295090418764 0.8569986989356837
      vertex 2.5196850393700783 -0.541243908039041 0.8612204724409448
    endloop
  endfacet
  facet normal 0.3611452455206976 -0.5676758628028103 0.7398095879541435
    outer loop
      vertex 2.5196850393700783 -0.48720472440944873 0.915259656070537
      vertex 2.645669291338583 -0.48298295090418764 0.8569986989356837
      vertex 2.645669291338583 -0.46259842519685035 0.8726402956480745
    endloop
  endfacet
  facet normal 0.3611452455206984 -0.3568559657301813 0.8615265122795549
    outer loop
      vertex 2.5196850393700783 -0.45159729996592324 0.9300087341962207
      vertex 2.645669291338583 -0.46259842519685035 0.8726402956480745
      vertex 2.645669291338583 -0.4388601422345 0.8824730143985302
    endloop
  endfacet
  facet normal 0.3611452455206972 -0.12171692432541452 0.9245318285329914
    outer loop
      vertex 2.5196850393700783 -0.4133858267716535 0.93503937007874
      vertex 2.645669291338583 -0.4388601422345 0.8824730143985302
      vertex 2.645669291338583 -0.4133858267716535 0.8858267716535433
    endloop
  endfacet
  facet normal 0.3611452455206972 0.12171692432541452 0.9245318285329914
    outer loop
      vertex 2.5196850393700783 -0.4133858267716535 0.93503937007874
      vertex 2.645669291338583 -0.4133858267716535 0.8858267716535433
      vertex 2.645669291338583 -0.38791151130880697 0.8824730143985302
    endloop
  endfacet
  facet normal 0.3611452455206984 0.3568559657301813 0.8615265122795549
    outer loop
      vertex 2.5196850393700783 -0.3751743535773837 0.9300087341962207
      vertex 2.645669291338583 -0.38791151130880697 0.8824730143985302
      vertex 2.645669291338583 -0.3641732283464566 0.8726402956480745
    endloop
  endfacet
  facet normal 0.3611452455206976 0.5676758628028103 0.7398095879541435
    outer loop
      vertex 2.5196850393700783 -0.3395669291338582 0.915259656070537
      vertex 2.645669291338583 -0.3641732283464566 0.8726402956480745
      vertex 2.645669291338583 -0.3437887026391193 0.8569986989356837
    endloop
  endfacet
  facet normal 0.3611452455206984 0.9245318285329917 0.1217169243254093
    outer loop
      vertex 2.645669291338583 -0.3183143871762728 0.812875890265996
      vertex 2.5196850393700783 -0.26574803149606296 0.7874015748031495
      vertex 2.5196850393700783 -0.27077866737858236 0.8256130479974193
    endloop
  endfacet
  facet normal 0.36114524552069777 0.861526512279554 0.35685596573018413
    outer loop
      vertex 2.645669291338583 -0.32814710592672847 0.8366141732283464
      vertex 2.5196850393700783 -0.27077866737858236 0.8256130479974193
      vertex 2.5196850393700783 -0.28552774550426596 0.8612204724409448
    endloop
  endfacet
  facet normal 0.3611452455206986 0.7398095879541462 0.5676758628028065
    outer loop
      vertex 2.5196850393700783 -0.28552774550426596 0.8612204724409448
      vertex 2.5196850393700783 -0.3089901405728521 0.8917972610019509
      vertex 2.645669291338583 -0.3437887026391193 0.8569986989356837
    endloop
  endfacet
  facet normal 0.36114524552069843 0.8615265122795549 0.3568559657301813
    outer loop
      vertex 2.645669291338583 -0.3183143871762728 0.812875890265996
      vertex 2.5196850393700783 -0.27077866737858236 0.8256130479974193
      vertex 2.645669291338583 -0.32814710592672847 0.8366141732283464
    endloop
  endfacet
  facet normal 0.3611452455206976 0.7398095879541438 0.5676758628028105
    outer loop
      vertex 2.645669291338583 -0.32814710592672847 0.8366141732283464
      vertex 2.5196850393700783 -0.28552774550426596 0.8612204724409448
      vertex 2.645669291338583 -0.3437887026391193 0.8569986989356837
    endloop
  endfacet
  facet normal -1 0 0
    outer loop
      vertex 2.645669291338583 0.4664704555334822 0.6830058886043482
      vertex 2.645669291338583 0.44300806046489605 0.7135826771653543
      vertex 2.645669291338583 0.5012690175997494 0.7178044506706154
    endloop
  endfacet
  facet normal -1 0 0
    outer loop
      vertex 2.645669291338583 0.44300806046489605 0.7135826771653543
      vertex 2.645669291338583 0.48562742088735855 0.7381889763779527
      vertex 2.645669291338583 0.5012690175997494 0.7178044506706154
    endloop
  endfacet
  facet normal -1 0 0
    outer loop
      vertex 2.645669291338583 0.44300806046489605 0.7135826771653543
      vertex 2.645669291338583 0.42825898233921245 0.7491901016088798
      vertex 2.645669291338583 0.4757947021369029 0.761927259340303
    endloop
  endfacet
  facet normal -1 0 0
    outer loop
      vertex 2.645669291338583 0.44300806046489605 0.7135826771653543
      vertex 2.645669291338583 0.4757947021369029 0.761927259340303
      vertex 2.645669291338583 0.48562742088735855 0.7381889763779527
    endloop
  endfacet
  facet normal 0.3611452455207009 -0.7398095879541454 -0.567675862802806
    outer loop
      vertex 2.645669291338583 0.4664704555334822 0.6830058886043482
      vertex 2.7716535433070866 0.5012690175997494 0.7178044506706154
      vertex 2.645669291338583 0.44300806046489605 0.7135826771653543
    endloop
  endfacet
  facet normal 0.3611452455206999 -0.7398095879541431 -0.5676758628028098
    outer loop
      vertex 2.645669291338583 0.44300806046489605 0.7135826771653543
      vertex 2.7716535433070866 0.5012690175997494 0.7178044506706154
      vertex 2.7716535433070866 0.48562742088735855 0.7381889763779527
    endloop
  endfacet
  facet normal 0.3611452455207 -0.8615265122795532 -0.3568559657301838
    outer loop
      vertex 2.645669291338583 0.44300806046489605 0.7135826771653543
      vertex 2.7716535433070866 0.48562742088735855 0.7381889763779527
      vertex 2.645669291338583 0.42825898233921245 0.7491901016088798
    endloop
  endfacet
  facet normal 0.36114524552070065 -0.8615265122795541 -0.35685596573018075
    outer loop
      vertex 2.645669291338583 0.42825898233921245 0.7491901016088798
      vertex 2.7716535433070866 0.48562742088735855 0.7381889763779527
      vertex 2.7716535433070866 0.4757947021369029 0.761927259340303
    endloop
  endfacet
  facet normal -1 0 0
    outer loop
      vertex 2.645669291338583 0.42825898233921245 0.7491901016088798
      vertex 2.645669291338583 0.42322834645669305 0.7874015748031495
      vertex 2.645669291338583 0.4724409448818898 0.7874015748031495
    endloop
  endfacet
  facet normal -1 0 0
    outer loop
      vertex 2.645669291338583 0.42825898233921245 0.7491901016088798
      vertex 2.645669291338583 0.4724409448818898 0.7874015748031495
      vertex 2.645669291338583 0.4757947021369029 0.761927259340303
    endloop
  endfacet
  facet normal -1 0 0
    outer loop
      vertex 2.645669291338583 0.42322834645669305 0.7874015748031495
      vertex 2.645669291338583 0.42825898233921245 0.8256130479974193
      vertex 2.645669291338583 0.4724409448818898 0.7874015748031495
    endloop
  endfacet
  facet normal 0.3611452455207006 -0.9245318285329908 -0.12171692432540916
    outer loop
      vertex 2.645669291338583 0.42825898233921245 0.7491901016088798
      vertex 2.7716535433070866 0.4757947021369029 0.761927259340303
      vertex 2.645669291338583 0.42322834645669305 0.7874015748031495
    endloop
  endfacet
  facet normal 0.36114524552069943 -0.9245318285329907 -0.1217169243254145
    outer loop
      vertex 2.7716535433070866 0.4757947021369029 0.761927259340303
      vertex 2.7716535433070866 0.4724409448818898 0.7874015748031495
      vertex 2.645669291338583 0.42322834645669305 0.7874015748031495
    endloop
  endfacet
  facet normal 0.36114524552069943 -0.9245318285329907 0.12171692432541452
    outer loop
      vertex 2.645669291338583 0.42322834645669305 0.7874015748031495
      vertex 2.7716535433070866 0.4724409448818898 0.7874015748031495
      vertex 2.7716535433070866 0.4757947021369029 0.812875890265996
    endloop
  endfacet
  facet normal -1 0 0
    outer loop
      vertex 2.645669291338583 0.5326546685380138 0.6447944154100784
      vertex 2.645669291338583 0.4970472440944882 0.659543493535762
      vertex 2.645669291338583 0.6090776149265533 0.6447944154100784
    endloop
  endfacet
  facet normal -1 0 0
    outer loop
      vertex 2.645669291338583 0.4664704555334822 0.6830058886043482
      vertex 2.645669291338583 0.5012690175997494 0.7178044506706154
      vertex 2.645669291338583 0.5216535433070868 0.7021628539582245
    endloop
  endfacet
  facet normal -1 0 0
    outer loop
      vertex 2.645669291338583 0.4664704555334822 0.6830058886043482
      vertex 2.645669291338583 0.5216535433070868 0.7021628539582245
      vertex 2.645669291338583 0.545391826269437 0.6923301352077689
    endloop
  endfacet
  facet normal -1 0 0
    outer loop
      vertex 2.645669291338583 0.4664704555334822 0.6830058886043482
      vertex 2.645669291338583 0.6446850393700789 0.659543493535762
      vertex 2.645669291338583 0.4970472440944882 0.659543493535762
    endloop
  endfacet
  facet normal -1 0 0
    outer loop
      vertex 2.645669291338583 0.4664704555334822 0.6830058886043482
      vertex 2.645669291338583 0.545391826269437 0.6923301352077689
      vertex 2.645669291338583 0.5708661417322836 0.6889763779527558
    endloop
  endfacet
  facet normal 0.3611452455207005 -0.3568559657301828 -0.8615265122795535
    outer loop
      vertex 2.645669291338583 0.5326546685380138 0.6447944154100784
      vertex 2.7716535433070866 0.5216535433070868 0.7021628539582245
      vertex 2.645669291338583 0.4970472440944882 0.659543493535762
    endloop
  endfacet
  facet normal 0.3611452455207009 -0.5676758628028072 -0.7398095879541444
    outer loop
      vertex 2.645669291338583 0.4664704555334822 0.6830058886043482
      vertex 2.645669291338583 0.4970472440944882 0.659543493535762
      vertex 2.7716535433070866 0.5012690175997494 0.7178044506706154
    endloop
  endfacet
  facet normal 0.3611452455207008 -0.5676758628028076 -0.7398095879541443
    outer loop
      vertex 2.645669291338583 0.4970472440944882 0.659543493535762
      vertex 2.7716535433070866 0.5216535433070868 0.7021628539582245
      vertex 2.7716535433070866 0.5012690175997494 0.7178044506706154
    endloop
  endfacet
  facet normal 0.3611452455207007 -0.12171692432540918 -0.9245318285329909
    outer loop
      vertex 2.645669291338583 0.5326546685380138 0.6447944154100784
      vertex 2.645669291338583 0.5708661417322836 0.639763779527559
      vertex 2.7716535433070866 0.545391826269437 0.6923301352077689
    endloop
  endfacet
  facet normal 0.3611452455207006 -0.35685596573018225 -0.8615265122795536
    outer loop
      vertex 2.645669291338583 0.5326546685380138 0.6447944154100784
      vertex 2.7716535433070866 0.545391826269437 0.6923301352077689
      vertex 2.7716535433070866 0.5216535433070868 0.7021628539582245
    endloop
  endfacet
  facet normal -1 0 0
    outer loop
      vertex 2.645669291338583 0.5326546685380138 0.6447944154100784
      vertex 2.645669291338583 0.6090776149265533 0.6447944154100784
      vertex 2.645669291338583 0.5708661417322836 0.639763779527559
    endloop
  endfacet
  facet normal -1 0 0
    outer loop
      vertex 2.645669291338583 0.4970472440944882 0.659543493535762
      vertex 2.645669291338583 0.6446850393700789 0.659543493535762
      vertex 2.645669291338583 0.6090776149265533 0.6447944154100784
    endloop
  endfacet
  facet normal -1 0 0
    outer loop
      vertex 2.645669291338583 0.4664704555334822 0.6830058886043482
      vertex 2.645669291338583 0.6752618279310849 0.6830058886043482
      vertex 2.645669291338583 0.6446850393700789 0.659543493535762
    endloop
  endfacet
  facet normal -1 0 0
    outer loop
      vertex 2.645669291338583 0.4664704555334822 0.6830058886043482
      vertex 2.645669291338583 0.5708661417322836 0.6889763779527558
      vertex 2.645669291338583 0.6752618279310849 0.6830058886043482
    endloop
  endfacet
  facet normal -1 0 0
    outer loop
      vertex 2.645669291338583 0.5708661417322836 0.6889763779527558
      vertex 2.645669291338583 0.5963404571951301 0.6923301352077689
      vertex 2.645669291338583 0.6752618279310849 0.6830058886043482
    endloop
  endfacet
  facet normal -1 0 0
    outer loop
      vertex 2.645669291338583 0.5963404571951301 0.6923301352077689
      vertex 2.645669291338583 0.6200787401574803 0.7021628539582245
      vertex 2.645669291338583 0.6752618279310849 0.6830058886043482
    endloop
  endfacet
  facet normal 0.3611452455207007 0.12171692432540918 -0.9245318285329909
    outer loop
      vertex 2.645669291338583 0.5708661417322836 0.639763779527559
      vertex 2.645669291338583 0.6090776149265533 0.6447944154100784
      vertex 2.7716535433070866 0.5963404571951301 0.6923301352077689
    endloop
  endfacet
  facet normal 0.36114524552069943 -0.1217169243254145 -0.9245318285329907
    outer loop
      vertex 2.7716535433070866 0.545391826269437 0.6923301352077689
      vertex 2.645669291338583 0.5708661417322836 0.639763779527559
      vertex 2.7716535433070866 0.5708661417322836 0.6889763779527558
    endloop
  endfacet
  facet normal 0.36114524552069943 0.12171692432541452 -0.9245318285329907
    outer loop
      vertex 2.645669291338583 0.5708661417322836 0.639763779527559
      vertex 2.7716535433070866 0.5963404571951301 0.6923301352077689
      vertex 2.7716535433070866 0.5708661417322836 0.6889763779527558
    endloop
  endfacet
  facet normal 0.3611452455207005 0.3568559657301828 -0.8615265122795535
    outer loop
      vertex 2.645669291338583 0.6090776149265533 0.6447944154100784
      vertex 2.645669291338583 0.6446850393700789 0.659543493535762
      vertex 2.7716535433070866 0.6200787401574803 0.7021628539582245
    endloop
  endfacet
  facet normal 0.3611452455207006 0.35685596573018225 -0.8615265122795536
    outer loop
      vertex 2.645669291338583 0.6090776149265533 0.6447944154100784
      vertex 2.7716535433070866 0.6200787401574803 0.7021628539582245
      vertex 2.7716535433070866 0.5963404571951301 0.6923301352077689
    endloop
  endfacet
  facet normal 0.3611452455207008 0.5676758628028076 -0.7398095879541443
    outer loop
      vertex 2.645669291338583 0.6446850393700789 0.659543493535762
      vertex 2.7716535433070866 0.6404632658648177 0.7178044506706154
      vertex 2.7716535433070866 0.6200787401574803 0.7021628539582245
    endloop
  endfacet
  facet normal -1 0 0
    outer loop
      vertex 2.645669291338583 0.6200787401574803 0.7021628539582245
      vertex 2.645669291338583 0.6987242229996711 0.7135826771653543
      vertex 2.645669291338583 0.6752618279310849 0.6830058886043482
    endloop
  endfacet
  facet normal 0.3611452455207009 0.5676758628028072 -0.7398095879541444
    outer loop
      vertex 2.645669291338583 0.6446850393700789 0.659543493535762
      vertex 2.645669291338583 0.6752618279310849 0.6830058886043482
      vertex 2.7716535433070866 0.6404632658648177 0.7178044506706154
    endloop
  endfacet
  facet normal -1 0 0
    outer loop
      vertex 2.645669291338583 0.6200787401574803 0.7021628539582245
      vertex 2.645669291338583 0.6404632658648177 0.7178044506706154
      vertex 2.645669291338583 0.6987242229996711 0.7135826771653543
    endloop
  endfacet
  facet normal -1 0 0
    outer loop
      vertex 2.645669291338583 0.6987242229996711 0.7135826771653543
      vertex 2.645669291338583 0.6404632658648177 0.7178044506706154
      vertex 2.645669291338583 0.6561048625772086 0.7381889763779527
    endloop
  endfacet
  facet normal -1 0 0
    outer loop
      vertex 2.645669291338583 0.6561048625772086 0.7381889763779527
      vertex 2.645669291338583 0.6659375813276642 0.761927259340303
      vertex 2.645669291338583 0.7134733011253547 0.7491901016088798
    endloop
  endfacet
  facet normal -1 0 0
    outer loop
      vertex 2.645669291338583 0.6987242229996711 0.7135826771653543
      vertex 2.645669291338583 0.6561048625772086 0.7381889763779527
      vertex 2.645669291338583 0.7134733011253547 0.7491901016088798
    endloop
  endfacet
  facet normal 0.3611452455207009 0.7398095879541454 -0.567675862802806
    outer loop
      vertex 2.645669291338583 0.6752618279310849 0.6830058886043482
      vertex 2.645669291338583 0.6987242229996711 0.7135826771653543
      vertex 2.7716535433070866 0.6404632658648177 0.7178044506706154
    endloop
  endfacet
  facet normal 0.3611452455206999 0.7398095879541431 -0.5676758628028098
    outer loop
      vertex 2.645669291338583 0.6987242229996711 0.7135826771653543
      vertex 2.7716535433070866 0.6561048625772086 0.7381889763779527
      vertex 2.7716535433070866 0.6404632658648177 0.7178044506706154
    endloop
  endfacet
  facet normal 0.36114524552070065 0.8615265122795541 -0.35685596573018097
    outer loop
      vertex 2.7716535433070866 0.6561048625772086 0.7381889763779527
      vertex 2.645669291338583 0.7134733011253547 0.7491901016088798
      vertex 2.7716535433070866 0.6659375813276642 0.761927259340303
    endloop
  endfacet
  facet normal 0.3611452455207 0.8615265122795532 -0.3568559657301838
    outer loop
      vertex 2.645669291338583 0.6987242229996711 0.7135826771653543
      vertex 2.645669291338583 0.7134733011253547 0.7491901016088798
      vertex 2.7716535433070866 0.6561048625772086 0.7381889763779527
    endloop
  endfacet
  facet normal -1 0 0
    outer loop
      vertex 2.645669291338583 0.6659375813276642 0.761927259340303
      vertex 2.645669291338583 0.6692913385826773 0.7874015748031495
      vertex 2.645669291338583 0.7134733011253547 0.7491901016088798
    endloop
  endfacet
  facet normal -1 0 0
    outer loop
      vertex 2.645669291338583 0.6692913385826773 0.7874015748031495
      vertex 2.645669291338583 0.7185039370078741 0.7874015748031495
      vertex 2.645669291338583 0.7134733011253547 0.7491901016088798
    endloop
  endfacet
  facet normal -1 0 0
    outer loop
      vertex 2.645669291338583 0.6692913385826773 0.7874015748031495
      vertex 2.645669291338583 0.7134733011253547 0.8256130479974193
      vertex 2.645669291338583 0.7185039370078741 0.7874015748031495
    endloop
  endfacet
  facet normal 0.3611452455207006 0.9245318285329909 -0.12171692432540905
    outer loop
      vertex 2.7716535433070866 0.6659375813276642 0.761927259340303
      vertex 2.645669291338583 0.7134733011253547 0.7491901016088798
      vertex 2.645669291338583 0.7185039370078741 0.7874015748031495
    endloop
  endfacet
  facet normal 0.36114524552069943 0.9245318285329907 -0.1217169243254145
    outer loop
      vertex 2.7716535433070866 0.6659375813276642 0.761927259340303
      vertex 2.645669291338583 0.7185039370078741 0.7874015748031495
      vertex 2.7716535433070866 0.6692913385826773 0.7874015748031495
    endloop
  endfacet
  facet normal 0.36114524552069943 0.9245318285329907 0.1217169243254145
    outer loop
      vertex 2.7716535433070866 0.6692913385826773 0.7874015748031495
      vertex 2.645669291338583 0.7185039370078741 0.7874015748031495
      vertex 2.7716535433070866 0.6659375813276642 0.812875890265996
    endloop
  endfacet
  facet normal -1 0 0
    outer loop
      vertex 2.645669291338583 0.4724409448818898 0.7874015748031495
      vertex 2.645669291338583 0.42825898233921245 0.8256130479974193
      vertex 2.645669291338583 0.4757947021369029 0.812875890265996
    endloop
  endfacet
  facet normal -1 0 0
    outer loop
      vertex 2.645669291338583 0.42825898233921245 0.8256130479974193
      vertex 2.645669291338583 0.48562742088735855 0.8366141732283464
      vertex 2.645669291338583 0.4757947021369029 0.812875890265996
    endloop
  endfacet
  facet normal -1 0 0
    outer loop
      vertex 2.645669291338583 0.42825898233921245 0.8256130479974193
      vertex 2.645669291338583 0.44300806046489605 0.8612204724409448
      vertex 2.645669291338583 0.48562742088735855 0.8366141732283464
    endloop
  endfacet
  facet normal 0.3611452455207006 -0.9245318285329908 0.12171692432540916
    outer loop
      vertex 2.645669291338583 0.42322834645669305 0.7874015748031495
      vertex 2.7716535433070866 0.4757947021369029 0.812875890265996
      vertex 2.645669291338583 0.42825898233921245 0.8256130479974193
    endloop
  endfacet
  facet normal 0.36114524552070065 -0.8615265122795541 0.35685596573018075
    outer loop
      vertex 2.645669291338583 0.42825898233921245 0.8256130479974193
      vertex 2.7716535433070866 0.4757947021369029 0.812875890265996
      vertex 2.7716535433070866 0.48562742088735855 0.8366141732283464
    endloop
  endfacet
  facet normal 0.36114524552069993 -0.8615265122795532 0.3568559657301838
    outer loop
      vertex 2.645669291338583 0.42825898233921245 0.8256130479974193
      vertex 2.7716535433070866 0.48562742088735855 0.8366141732283464
      vertex 2.645669291338583 0.44300806046489605 0.8612204724409448
    endloop
  endfacet
  facet normal -1 0 0
    outer loop
      vertex 2.645669291338583 0.48562742088735855 0.8366141732283464
      vertex 2.645669291338583 0.44300806046489605 0.8612204724409448
      vertex 2.645669291338583 0.5012690175997494 0.8569986989356837
    endloop
  endfacet
  facet normal -1 0 0
    outer loop
      vertex 2.645669291338583 0.44300806046489605 0.8612204724409448
      vertex 2.645669291338583 0.4664704555334822 0.8917972610019509
      vertex 2.645669291338583 0.5216535433070868 0.8726402956480745
    endloop
  endfacet
  facet normal 0.3611452455207008 -0.7398095879541454 0.567675862802806
    outer loop
      vertex 2.645669291338583 0.44300806046489605 0.8612204724409448
      vertex 2.7716535433070866 0.5012690175997494 0.8569986989356837
      vertex 2.645669291338583 0.4664704555334822 0.8917972610019509
    endloop
  endfacet
  facet normal 0.3611452455206998 -0.7398095879541431 0.5676758628028098
    outer loop
      vertex 2.7716535433070866 0.48562742088735855 0.8366141732283464
      vertex 2.7716535433070866 0.5012690175997494 0.8569986989356837
      vertex 2.645669291338583 0.44300806046489605 0.8612204724409448
    endloop
  endfacet
  facet normal -1 0 0
    outer loop
      vertex 2.645669291338583 0.44300806046489605 0.8612204724409448
      vertex 2.645669291338583 0.5216535433070868 0.8726402956480745
      vertex 2.645669291338583 0.5012690175997494 0.8569986989356837
    endloop
  endfacet
  facet normal -1 0 0
    outer loop
      vertex 2.645669291338583 0.4664704555334822 0.8917972610019509
      vertex 2.645669291338583 0.545391826269437 0.8824730143985302
      vertex 2.645669291338583 0.5216535433070868 0.8726402956480745
    endloop
  endfacet
  facet normal -1 0 0
    outer loop
      vertex 2.645669291338583 0.4664704555334822 0.8917972610019509
      vertex 2.645669291338583 0.5708661417322836 0.8858267716535433
      vertex 2.645669291338583 0.545391826269437 0.8824730143985302
    endloop
  endfacet
  facet normal -1 0 0
    outer loop
      vertex 2.645669291338583 0.4664704555334822 0.8917972610019509
      vertex 2.645669291338583 0.4970472440944882 0.915259656070537
      vertex 2.645669291338583 0.6752618279310849 0.8917972610019509
    endloop
  endfacet
  facet normal 0.3611452455207009 -0.5676758628028072 0.7398095879541444
    outer loop
      vertex 2.645669291338583 0.4664704555334822 0.8917972610019509
      vertex 2.7716535433070866 0.5012690175997494 0.8569986989356837
      vertex 2.645669291338583 0.4970472440944882 0.915259656070537
    endloop
  endfacet
  facet normal 0.3611452455207008 -0.5676758628028077 0.7398095879541443
    outer loop
      vertex 2.7716535433070866 0.5012690175997494 0.8569986989356837
      vertex 2.7716535433070866 0.5216535433070868 0.8726402956480745
      vertex 2.645669291338583 0.4970472440944882 0.915259656070537
    endloop
  endfacet
  facet normal 0.36114524552070054 -0.3568559657301824 0.8615265122795536
    outer loop
      vertex 2.7716535433070866 0.5216535433070868 0.8726402956480745
      vertex 2.7716535433070866 0.545391826269437 0.8824730143985302
      vertex 2.645669291338583 0.5326546685380138 0.9300087341962207
    endloop
  endfacet
  facet normal -1 0 0
    outer loop
      vertex 2.645669291338583 0.4664704555334822 0.8917972610019509
      vertex 2.645669291338583 0.6752618279310849 0.8917972610019509
      vertex 2.645669291338583 0.5708661417322836 0.8858267716535433
    endloop
  endfacet
  facet normal -1 0 0
    outer loop
      vertex 2.645669291338583 0.5708661417322836 0.8858267716535433
      vertex 2.645669291338583 0.6752618279310849 0.8917972610019509
      vertex 2.645669291338583 0.5963404571951301 0.8824730143985302
    endloop
  endfacet
  facet normal -1 0 0
    outer loop
      vertex 2.645669291338583 0.6200787401574803 0.8726402956480745
      vertex 2.645669291338583 0.5963404571951301 0.8824730143985302
      vertex 2.645669291338583 0.6752618279310849 0.8917972610019509
    endloop
  endfacet
  facet normal 0.36114524552069943 -0.1217169243254145 0.9245318285329907
    outer loop
      vertex 2.7716535433070866 0.545391826269437 0.8824730143985302
      vertex 2.7716535433070866 0.5708661417322836 0.8858267716535433
      vertex 2.645669291338583 0.5708661417322836 0.93503937007874
    endloop
  endfacet
  facet normal 0.36114524552069943 0.1217169243254145 0.9245318285329907
    outer loop
      vertex 2.7716535433070866 0.5708661417322836 0.8858267716535433
      vertex 2.7716535433070866 0.5963404571951301 0.8824730143985302
      vertex 2.645669291338583 0.5708661417322836 0.93503937007874
    endloop
  endfacet
  facet normal 0.36114524552070054 0.3568559657301824 0.8615265122795536
    outer loop
      vertex 2.7716535433070866 0.6200787401574803 0.8726402956480745
      vertex 2.645669291338583 0.6090776149265533 0.9300087341962207
      vertex 2.7716535433070866 0.5963404571951301 0.8824730143985302
    endloop
  endfacet
  facet normal 0.3611452455207008 0.5676758628028077 0.7398095879541443
    outer loop
      vertex 2.7716535433070866 0.6200787401574803 0.8726402956480745
      vertex 2.7716535433070866 0.6404632658648177 0.8569986989356837
      vertex 2.645669291338583 0.6446850393700789 0.915259656070537
    endloop
  endfacet
  facet normal -1 0 0
    outer loop
      vertex 2.645669291338583 0.4970472440944882 0.915259656070537
      vertex 2.645669291338583 0.5326546685380138 0.9300087341962207
      vertex 2.645669291338583 0.6446850393700789 0.915259656070537
    endloop
  endfacet
  facet normal 0.3611452455207005 -0.3568559657301827 0.8615265122795535
    outer loop
      vertex 2.7716535433070866 0.5216535433070868 0.8726402956480745
      vertex 2.645669291338583 0.5326546685380138 0.9300087341962207
      vertex 2.645669291338583 0.4970472440944882 0.915259656070537
    endloop
  endfacet
  facet normal 0.36114524552070054 -0.12171692432540904 0.9245318285329908
    outer loop
      vertex 2.7716535433070866 0.545391826269437 0.8824730143985302
      vertex 2.645669291338583 0.5708661417322836 0.93503937007874
      vertex 2.645669291338583 0.5326546685380138 0.9300087341962207
    endloop
  endfacet
  facet normal -1 0 0
    outer loop
      vertex 2.645669291338583 0.5326546685380138 0.9300087341962207
      vertex 2.645669291338583 0.6090776149265533 0.9300087341962207
      vertex 2.645669291338583 0.6446850393700789 0.915259656070537
    endloop
  endfacet
  facet normal -1 0 0
    outer loop
      vertex 2.645669291338583 0.5326546685380138 0.9300087341962207
      vertex 2.645669291338583 0.5708661417322836 0.93503937007874
      vertex 2.645669291338583 0.6090776149265533 0.9300087341962207
    endloop
  endfacet
  facet normal -1 0 0
    outer loop
      vertex 2.645669291338583 0.4970472440944882 0.915259656070537
      vertex 2.645669291338583 0.6446850393700789 0.915259656070537
      vertex 2.645669291338583 0.6752618279310849 0.8917972610019509
    endloop
  endfacet
  facet normal 0.36114524552070054 0.12171692432540904 0.9245318285329908
    outer loop
      vertex 2.7716535433070866 0.5963404571951301 0.8824730143985302
      vertex 2.645669291338583 0.6090776149265533 0.9300087341962207
      vertex 2.645669291338583 0.5708661417322836 0.93503937007874
    endloop
  endfacet
  facet normal 0.3611452455207005 0.3568559657301827 0.8615265122795535
    outer loop
      vertex 2.7716535433070866 0.6200787401574803 0.8726402956480745
      vertex 2.645669291338583 0.6446850393700789 0.915259656070537
      vertex 2.645669291338583 0.6090776149265533 0.9300087341962207
    endloop
  endfacet
  facet normal -1 0 0
    outer loop
      vertex 2.645669291338583 0.6659375813276642 0.812875890265996
      vertex 2.645669291338583 0.6561048625772086 0.8366141732283464
      vertex 2.645669291338583 0.6987242229996711 0.8612204724409448
    endloop
  endfacet
  facet normal -1 0 0
    outer loop
      vertex 2.645669291338583 0.6692913385826773 0.7874015748031495
      vertex 2.645669291338583 0.6659375813276642 0.812875890265996
      vertex 2.645669291338583 0.7134733011253547 0.8256130479974193
    endloop
  endfacet
  facet normal -1 0 0
    outer loop
      vertex 2.645669291338583 0.6659375813276642 0.812875890265996
      vertex 2.645669291338583 0.6987242229996711 0.8612204724409448
      vertex 2.645669291338583 0.7134733011253547 0.8256130479974193
    endloop
  endfacet
  facet normal 0.36114524552070065 0.8615265122795541 0.35685596573018097
    outer loop
      vertex 2.7716535433070866 0.6659375813276642 0.812875890265996
      vertex 2.645669291338583 0.7134733011253547 0.8256130479974193
      vertex 2.7716535433070866 0.6561048625772086 0.8366141732283464
    endloop
  endfacet
  facet normal 0.3611452455207006 0.9245318285329909 0.12171692432540905
    outer loop
      vertex 2.7716535433070866 0.6659375813276642 0.812875890265996
      vertex 2.645669291338583 0.7185039370078741 0.7874015748031495
      vertex 2.645669291338583 0.7134733011253547 0.8256130479974193
    endloop
  endfacet
  facet normal 0.36114524552070004 0.8615265122795533 0.35685596573018374
    outer loop
      vertex 2.7716535433070866 0.6561048625772086 0.8366141732283464
      vertex 2.645669291338583 0.7134733011253547 0.8256130479974193
      vertex 2.645669291338583 0.6987242229996711 0.8612204724409448
    endloop
  endfacet
  facet normal -1 0 0
    outer loop
      vertex 2.645669291338583 0.6200787401574803 0.8726402956480745
      vertex 2.645669291338583 0.6752618279310849 0.8917972610019509
      vertex 2.645669291338583 0.6404632658648177 0.8569986989356837
    endloop
  endfacet
  facet normal -1 0 0
    outer loop
      vertex 2.645669291338583 0.6561048625772086 0.8366141732283464
      vertex 2.645669291338583 0.6404632658648177 0.8569986989356837
      vertex 2.645669291338583 0.6987242229996711 0.8612204724409448
    endloop
  endfacet
  facet normal -1 0 0
    outer loop
      vertex 2.645669291338583 0.6404632658648177 0.8569986989356837
      vertex 2.645669291338583 0.6752618279310849 0.8917972610019509
      vertex 2.645669291338583 0.6987242229996711 0.8612204724409448
    endloop
  endfacet
  facet normal 0.3611452455207008 0.7398095879541454 0.567675862802806
    outer loop
      vertex 2.645669291338583 0.6987242229996711 0.8612204724409448
      vertex 2.645669291338583 0.6752618279310849 0.8917972610019509
      vertex 2.7716535433070866 0.6404632658648177 0.8569986989356837
    endloop
  endfacet
  facet normal 0.3611452455206998 0.7398095879541431 0.5676758628028098
    outer loop
      vertex 2.7716535433070866 0.6561048625772086 0.8366141732283464
      vertex 2.645669291338583 0.6987242229996711 0.8612204724409448
      vertex 2.7716535433070866 0.6404632658648177 0.8569986989356837
    endloop
  endfacet
  facet normal 0.3611452455207009 0.5676758628028072 0.7398095879541444
    outer loop
      vertex 2.645669291338583 0.6752618279310849 0.8917972610019509
      vertex 2.645669291338583 0.6446850393700789 0.915259656070537
      vertex 2.7716535433070866 0.6404632658648177 0.8569986989356837
    endloop
  endfacet
  facet normal -1 0 0
    outer loop
      vertex 2.645669291338583 -0.5177815129704548 0.6830058886043482
      vertex 2.645669291338583 -0.48298295090418764 0.7178044506706154
      vertex 2.645669291338583 -0.46259842519685035 0.7021628539582245
    endloop
  endfacet
  facet normal 0.3611452455207009 -0.567675862802806 -0.7398095879541454
    outer loop
      vertex 2.645669291338583 -0.5177815129704548 0.6830058886043482
      vertex 2.645669291338583 -0.48720472440944873 0.659543493535762
      vertex 2.7716535433070866 -0.48298295090418764 0.7178044506706154
    endloop
  endfacet
  facet normal -1 0 0
    outer loop
      vertex 2.645669291338583 -0.541243908039041 0.7135826771653543
      vertex 2.645669291338583 -0.5559929861647246 0.7491901016088798
      vertex 2.645669291338583 -0.5084572663670341 0.761927259340303
    endloop
  endfacet
  facet normal -1 0 0
    outer loop
      vertex 2.645669291338583 -0.5177815129704548 0.6830058886043482
      vertex 2.645669291338583 -0.541243908039041 0.7135826771653543
      vertex 2.645669291338583 -0.48298295090418764 0.7178044506706154
    endloop
  endfacet
  facet normal -1 0 0
    outer loop
      vertex 2.645669291338583 -0.541243908039041 0.7135826771653543
      vertex 2.645669291338583 -0.4986245476165785 0.7381889763779527
      vertex 2.645669291338583 -0.48298295090418764 0.7178044506706154
    endloop
  endfacet
  facet normal -1 0 0
    outer loop
      vertex 2.645669291338583 -0.541243908039041 0.7135826771653543
      vertex 2.645669291338583 -0.5084572663670341 0.761927259340303
      vertex 2.645669291338583 -0.4986245476165785 0.7381889763779527
    endloop
  endfacet
  facet normal 0.3611452455207 -0.8615265122795532 -0.3568559657301838
    outer loop
      vertex 2.645669291338583 -0.541243908039041 0.7135826771653543
      vertex 2.7716535433070866 -0.4986245476165785 0.7381889763779527
      vertex 2.645669291338583 -0.5559929861647246 0.7491901016088798
    endloop
  endfacet
  facet normal 0.36114524552070065 -0.8615265122795541 -0.35685596573018075
    outer loop
      vertex 2.645669291338583 -0.5559929861647246 0.7491901016088798
      vertex 2.7716535433070866 -0.4986245476165785 0.7381889763779527
      vertex 2.7716535433070866 -0.5084572663670341 0.761927259340303
    endloop
  endfacet
  facet normal 0.3611452455207009 -0.7398095879541454 -0.567675862802806
    outer loop
      vertex 2.645669291338583 -0.5177815129704548 0.6830058886043482
      vertex 2.7716535433070866 -0.48298295090418764 0.7178044506706154
      vertex 2.645669291338583 -0.541243908039041 0.7135826771653543
    endloop
  endfacet
  facet normal 0.3611452455206999 -0.7398095879541431 -0.5676758628028098
    outer loop
      vertex 2.645669291338583 -0.541243908039041 0.7135826771653543
      vertex 2.7716535433070866 -0.48298295090418764 0.7178044506706154
      vertex 2.7716535433070866 -0.4986245476165785 0.7381889763779527
    endloop
  endfacet
  facet normal -1 0 0
    outer loop
      vertex 2.645669291338583 -0.5559929861647246 0.7491901016088798
      vertex 2.645669291338583 -0.561023622047244 0.7874015748031495
      vertex 2.645669291338583 -0.5118110236220472 0.7874015748031495
    endloop
  endfacet
  facet normal -1 0 0
    outer loop
      vertex 2.645669291338583 -0.5559929861647246 0.7491901016088798
      vertex 2.645669291338583 -0.5118110236220472 0.7874015748031495
      vertex 2.645669291338583 -0.5084572663670341 0.761927259340303
    endloop
  endfacet
  facet normal -1 0 0
    outer loop
      vertex 2.645669291338583 -0.561023622047244 0.7874015748031495
      vertex 2.645669291338583 -0.5559929861647246 0.8256130479974193
      vertex 2.645669291338583 -0.5118110236220472 0.7874015748031495
    endloop
  endfacet
  facet normal 0.3611452455207006 -0.9245318285329908 -0.12171692432540916
    outer loop
      vertex 2.645669291338583 -0.5559929861647246 0.7491901016088798
      vertex 2.7716535433070866 -0.5084572663670341 0.761927259340303
      vertex 2.645669291338583 -0.561023622047244 0.7874015748031495
    endloop
  endfacet
  facet normal 0.36114524552069943 -0.9245318285329907 -0.1217169243254145
    outer loop
      vertex 2.7716535433070866 -0.5084572663670341 0.761927259340303
      vertex 2.7716535433070866 -0.5118110236220472 0.7874015748031495
      vertex 2.645669291338583 -0.561023622047244 0.7874015748031495
    endloop
  endfacet
  facet normal 0.36114524552069943 -0.9245318285329907 0.12171692432541452
    outer loop
      vertex 2.645669291338583 -0.561023622047244 0.7874015748031495
      vertex 2.7716535433070866 -0.5118110236220472 0.7874015748031495
      vertex 2.7716535433070866 -0.5084572663670341 0.812875890265996
    endloop
  endfacet
  facet normal -1 0 0
    outer loop
      vertex 2.645669291338583 -0.45159729996592324 0.6447944154100784
      vertex 2.645669291338583 -0.48720472440944873 0.659543493535762
      vertex 2.645669291338583 -0.3751743535773837 0.6447944154100784
    endloop
  endfacet
  facet normal -1 0 0
    outer loop
      vertex 2.645669291338583 -0.45159729996592324 0.6447944154100784
      vertex 2.645669291338583 -0.3751743535773837 0.6447944154100784
      vertex 2.645669291338583 -0.4133858267716535 0.639763779527559
    endloop
  endfacet
  facet normal -1 0 0
    outer loop
      vertex 2.645669291338583 -0.5177815129704548 0.6830058886043482
      vertex 2.645669291338583 -0.3395669291338582 0.659543493535762
      vertex 2.645669291338583 -0.48720472440944873 0.659543493535762
    endloop
  endfacet
  facet normal -1 0 0
    outer loop
      vertex 2.645669291338583 -0.5177815129704548 0.6830058886043482
      vertex 2.645669291338583 -0.46259842519685035 0.7021628539582245
      vertex 2.645669291338583 -0.4388601422345 0.6923301352077689
    endloop
  endfacet
  facet normal -1 0 0
    outer loop
      vertex 2.645669291338583 -0.5177815129704548 0.6830058886043482
      vertex 2.645669291338583 -0.4388601422345 0.6923301352077689
      vertex 2.645669291338583 -0.4133858267716535 0.6889763779527558
    endloop
  endfacet
  facet normal -1 0 0
    outer loop
      vertex 2.645669291338583 -0.48720472440944873 0.659543493535762
      vertex 2.645669291338583 -0.3395669291338582 0.659543493535762
      vertex 2.645669291338583 -0.3751743535773837 0.6447944154100784
    endloop
  endfacet
  facet normal -1 0 0
    outer loop
      vertex 2.645669291338583 -0.5177815129704548 0.6830058886043482
      vertex 2.645669291338583 -0.4133858267716535 0.6889763779527558
      vertex 2.645669291338583 -0.3089901405728521 0.6830058886043482
    endloop
  endfacet
  facet normal 0.36114524552069993 -0.3568559657301838 -0.8615265122795532
    outer loop
      vertex 2.645669291338583 -0.45159729996592324 0.6447944154100784
      vertex 2.7716535433070866 -0.46259842519685035 0.7021628539582245
      vertex 2.645669291338583 -0.48720472440944873 0.659543493535762
    endloop
  endfacet
  facet normal 0.3611452455206999 -0.5676758628028098 -0.7398095879541431
    outer loop
      vertex 2.645669291338583 -0.48720472440944873 0.659543493535762
      vertex 2.7716535433070866 -0.46259842519685035 0.7021628539582245
      vertex 2.7716535433070866 -0.48298295090418764 0.7178044506706154
    endloop
  endfacet
  facet normal 0.36114524552070065 -0.35685596573018075 -0.8615265122795541
    outer loop
      vertex 2.645669291338583 -0.45159729996592324 0.6447944154100784
      vertex 2.7716535433070866 -0.4388601422345 0.6923301352077689
      vertex 2.7716535433070866 -0.46259842519685035 0.7021628539582245
    endloop
  endfacet
  facet normal 0.3611452455207007 -0.12171692432540918 -0.9245318285329909
    outer loop
      vertex 2.645669291338583 -0.45159729996592324 0.6447944154100784
      vertex 2.645669291338583 -0.4133858267716535 0.639763779527559
      vertex 2.7716535433070866 -0.4388601422345 0.6923301352077689
    endloop
  endfacet
  facet normal 0.36114524552069943 -0.1217169243254145 -0.9245318285329907
    outer loop
      vertex 2.7716535433070866 -0.4388601422345 0.6923301352077689
      vertex 2.645669291338583 -0.4133858267716535 0.639763779527559
      vertex 2.7716535433070866 -0.4133858267716535 0.6889763779527558
    endloop
  endfacet
  facet normal 0.36114524552069943 0.12171692432541452 -0.9245318285329907
    outer loop
      vertex 2.645669291338583 -0.4133858267716535 0.639763779527559
      vertex 2.7716535433070866 -0.38791151130880697 0.6923301352077689
      vertex 2.7716535433070866 -0.4133858267716535 0.6889763779527558
    endloop
  endfacet
  facet normal -1 0 0
    outer loop
      vertex 2.645669291338583 -0.5177815129704548 0.6830058886043482
      vertex 2.645669291338583 -0.3089901405728521 0.6830058886043482
      vertex 2.645669291338583 -0.3395669291338582 0.659543493535762
    endloop
  endfacet
  facet normal -1 0 0
    outer loop
      vertex 2.645669291338583 -0.4133858267716535 0.6889763779527558
      vertex 2.645669291338583 -0.38791151130880697 0.6923301352077689
      vertex 2.645669291338583 -0.3089901405728521 0.6830058886043482
    endloop
  endfacet
  facet normal -1 0 0
    outer loop
      vertex 2.645669291338583 -0.38791151130880697 0.6923301352077689
      vertex 2.645669291338583 -0.3641732283464566 0.7021628539582245
      vertex 2.645669291338583 -0.3089901405728521 0.6830058886043482
    endloop
  endfacet
  facet normal 0.3611452455207007 0.12171692432540918 -0.9245318285329909
    outer loop
      vertex 2.645669291338583 -0.4133858267716535 0.639763779527559
      vertex 2.645669291338583 -0.3751743535773837 0.6447944154100784
      vertex 2.7716535433070866 -0.38791151130880697 0.6923301352077689
    endloop
  endfacet
  facet normal 0.36114524552070065 0.35685596573018075 -0.8615265122795541
    outer loop
      vertex 2.645669291338583 -0.3751743535773837 0.6447944154100784
      vertex 2.7716535433070866 -0.3641732283464566 0.7021628539582245
      vertex 2.7716535433070866 -0.38791151130880697 0.6923301352077689
    endloop
  endfacet
  facet normal 0.36114524552069993 0.3568559657301838 -0.8615265122795532
    outer loop
      vertex 2.645669291338583 -0.3751743535773837 0.6447944154100784
      vertex 2.645669291338583 -0.3395669291338582 0.659543493535762
      vertex 2.7716535433070866 -0.3641732283464566 0.7021628539582245
    endloop
  endfacet
  facet normal 0.3611452455207008 0.567675862802806 -0.7398095879541454
    outer loop
      vertex 2.645669291338583 -0.3395669291338582 0.659543493535762
      vertex 2.645669291338583 -0.3089901405728521 0.6830058886043482
      vertex 2.7716535433070866 -0.3437887026391193 0.7178044506706154
    endloop
  endfacet
  facet normal 0.3611452455206999 0.5676758628028098 -0.7398095879541431
    outer loop
      vertex 2.645669291338583 -0.3395669291338582 0.659543493535762
      vertex 2.7716535433070866 -0.3437887026391193 0.7178044506706154
      vertex 2.7716535433070866 -0.3641732283464566 0.7021628539582245
    endloop
  endfacet
  facet normal -1 0 0
    outer loop
      vertex 2.645669291338583 -0.3641732283464566 0.7021628539582245
      vertex 2.645669291338583 -0.3437887026391193 0.7178044506706154
      vertex 2.645669291338583 -0.28552774550426596 0.7135826771653543
    endloop
  endfacet
  facet normal -1 0 0
    outer loop
      vertex 2.645669291338583 -0.3641732283464566 0.7021628539582245
      vertex 2.645669291338583 -0.28552774550426596 0.7135826771653543
      vertex 2.645669291338583 -0.3089901405728521 0.6830058886043482
    endloop
  endfacet
  facet normal -1 0 0
    outer loop
      vertex 2.645669291338583 -0.28552774550426596 0.7135826771653543
      vertex 2.645669291338583 -0.3437887026391193 0.7178044506706154
      vertex 2.645669291338583 -0.32814710592672847 0.7381889763779527
    endloop
  endfacet
  facet normal -1 0 0
    outer loop
      vertex 2.645669291338583 -0.32814710592672847 0.7381889763779527
      vertex 2.645669291338583 -0.3183143871762728 0.761927259340303
      vertex 2.645669291338583 -0.27077866737858236 0.7491901016088798
    endloop
  endfacet
  facet normal -1 0 0
    outer loop
      vertex 2.645669291338583 -0.28552774550426596 0.7135826771653543
      vertex 2.645669291338583 -0.32814710592672847 0.7381889763779527
      vertex 2.645669291338583 -0.27077866737858236 0.7491901016088798
    endloop
  endfacet
  facet normal 0.3611452455207009 0.7398095879541454 -0.567675862802806
    outer loop
      vertex 2.645669291338583 -0.3089901405728521 0.6830058886043482
      vertex 2.645669291338583 -0.28552774550426596 0.7135826771653543
      vertex 2.7716535433070866 -0.3437887026391193 0.7178044506706154
    endloop
  endfacet
  facet normal 0.3611452455206999 0.7398095879541431 -0.5676758628028098
    outer loop
      vertex 2.645669291338583 -0.28552774550426596 0.7135826771653543
      vertex 2.7716535433070866 -0.32814710592672847 0.7381889763779527
      vertex 2.7716535433070866 -0.3437887026391193 0.7178044506706154
    endloop
  endfacet
  facet normal 0.3611452455207 0.8615265122795532 -0.3568559657301838
    outer loop
      vertex 2.645669291338583 -0.28552774550426596 0.7135826771653543
      vertex 2.645669291338583 -0.27077866737858236 0.7491901016088798
      vertex 2.7716535433070866 -0.32814710592672847 0.7381889763779527
    endloop
  endfacet
  facet normal 0.36114524552070065 0.8615265122795541 -0.35685596573018097
    outer loop
      vertex 2.7716535433070866 -0.32814710592672847 0.7381889763779527
      vertex 2.645669291338583 -0.27077866737858236 0.7491901016088798
      vertex 2.7716535433070866 -0.3183143871762728 0.761927259340303
    endloop
  endfacet
  facet normal -1 0 0
    outer loop
      vertex 2.645669291338583 -0.3183143871762728 0.761927259340303
      vertex 2.645669291338583 -0.3149606299212597 0.7874015748031495
      vertex 2.645669291338583 -0.27077866737858236 0.7491901016088798
    endloop
  endfacet
  facet normal -1 0 0
    outer loop
      vertex 2.645669291338583 -0.3149606299212597 0.7874015748031495
      vertex 2.645669291338583 -0.26574803149606296 0.7874015748031495
      vertex 2.645669291338583 -0.27077866737858236 0.7491901016088798
    endloop
  endfacet
  facet normal -1 0 0
    outer loop
      vertex 2.645669291338583 -0.3149606299212597 0.7874015748031495
      vertex 2.645669291338583 -0.27077866737858236 0.8256130479974193
      vertex 2.645669291338583 -0.26574803149606296 0.7874015748031495
    endloop
  endfacet
  facet normal 0.3611452455207006 0.9245318285329909 -0.12171692432540905
    outer loop
      vertex 2.7716535433070866 -0.3183143871762728 0.761927259340303
      vertex 2.645669291338583 -0.27077866737858236 0.7491901016088798
      vertex 2.645669291338583 -0.26574803149606296 0.7874015748031495
    endloop
  endfacet
  facet normal 0.36114524552069943 0.9245318285329907 -0.1217169243254145
    outer loop
      vertex 2.7716535433070866 -0.3183143871762728 0.761927259340303
      vertex 2.645669291338583 -0.26574803149606296 0.7874015748031495
      vertex 2.7716535433070866 -0.3149606299212597 0.7874015748031495
    endloop
  endfacet
  facet normal 0.36114524552069943 0.9245318285329907 0.1217169243254145
    outer loop
      vertex 2.7716535433070866 -0.3149606299212597 0.7874015748031495
      vertex 2.645669291338583 -0.26574803149606296 0.7874015748031495
      vertex 2.7716535433070866 -0.3183143871762728 0.812875890265996
    endloop
  endfacet
  facet normal -1 0 0
    outer loop
      vertex 2.645669291338583 -0.5118110236220472 0.7874015748031495
      vertex 2.645669291338583 -0.5559929861647246 0.8256130479974193
      vertex 2.645669291338583 -0.5084572663670341 0.812875890265996
    endloop
  endfacet
  facet normal -1 0 0
    outer loop
      vertex 2.645669291338583 -0.5559929861647246 0.8256130479974193
      vertex 2.645669291338583 -0.4986245476165785 0.8366141732283464
      vertex 2.645669291338583 -0.5084572663670341 0.812875890265996
    endloop
  endfacet
  facet normal -1 0 0
    outer loop
      vertex 2.645669291338583 -0.5559929861647246 0.8256130479974193
      vertex 2.645669291338583 -0.541243908039041 0.8612204724409448
      vertex 2.645669291338583 -0.4986245476165785 0.8366141732283464
    endloop
  endfacet
  facet normal 0.3611452455207006 -0.9245318285329908 0.12171692432540916
    outer loop
      vertex 2.645669291338583 -0.561023622047244 0.7874015748031495
      vertex 2.7716535433070866 -0.5084572663670341 0.812875890265996
      vertex 2.645669291338583 -0.5559929861647246 0.8256130479974193
    endloop
  endfacet
  facet normal 0.36114524552070065 -0.8615265122795541 0.35685596573018075
    outer loop
      vertex 2.645669291338583 -0.5559929861647246 0.8256130479974193
      vertex 2.7716535433070866 -0.5084572663670341 0.812875890265996
      vertex 2.7716535433070866 -0.4986245476165785 0.8366141732283464
    endloop
  endfacet
  facet normal 0.36114524552069993 -0.8615265122795532 0.3568559657301838
    outer loop
      vertex 2.645669291338583 -0.5559929861647246 0.8256130479974193
      vertex 2.7716535433070866 -0.4986245476165785 0.8366141732283464
      vertex 2.645669291338583 -0.541243908039041 0.8612204724409448
    endloop
  endfacet
  facet normal -1 0 0
    outer loop
      vertex 2.645669291338583 -0.4986245476165785 0.8366141732283464
      vertex 2.645669291338583 -0.541243908039041 0.8612204724409448
      vertex 2.645669291338583 -0.48298295090418764 0.8569986989356837
    endloop
  endfacet
  facet normal -1 0 0
    outer loop
      vertex 2.645669291338583 -0.541243908039041 0.8612204724409448
      vertex 2.645669291338583 -0.5177815129704548 0.8917972610019509
      vertex 2.645669291338583 -0.46259842519685035 0.8726402956480745
    endloop
  endfacet
  facet normal -1 0 0
    outer loop
      vertex 2.645669291338583 -0.541243908039041 0.8612204724409448
      vertex 2.645669291338583 -0.46259842519685035 0.8726402956480745
      vertex 2.645669291338583 -0.48298295090418764 0.8569986989356837
    endloop
  endfacet
  facet normal 0.3611452455207008 -0.7398095879541454 0.567675862802806
    outer loop
      vertex 2.645669291338583 -0.541243908039041 0.8612204724409448
      vertex 2.7716535433070866 -0.48298295090418764 0.8569986989356837
      vertex 2.645669291338583 -0.5177815129704548 0.8917972610019509
    endloop
  endfacet
  facet normal 0.3611452455206998 -0.7398095879541431 0.5676758628028098
    outer loop
      vertex 2.7716535433070866 -0.4986245476165785 0.8366141732283464
      vertex 2.7716535433070866 -0.48298295090418764 0.8569986989356837
      vertex 2.645669291338583 -0.541243908039041 0.8612204724409448
    endloop
  endfacet
  facet normal 0.3611452455207009 -0.567675862802806 0.7398095879541454
    outer loop
      vertex 2.645669291338583 -0.5177815129704548 0.8917972610019509
      vertex 2.7716535433070866 -0.48298295090418764 0.8569986989356837
      vertex 2.645669291338583 -0.48720472440944873 0.915259656070537
    endloop
  endfacet
  facet normal -1 0 0
    outer loop
      vertex 2.645669291338583 -0.5177815129704548 0.8917972610019509
      vertex 2.645669291338583 -0.4388601422345 0.8824730143985302
      vertex 2.645669291338583 -0.46259842519685035 0.8726402956480745
    endloop
  endfacet
  facet normal -1 0 0
    outer loop
      vertex 2.645669291338583 -0.5177815129704548 0.8917972610019509
      vertex 2.645669291338583 -0.4133858267716535 0.8858267716535433
      vertex 2.645669291338583 -0.4388601422345 0.8824730143985302
    endloop
  endfacet
  facet normal -1 0 0
    outer loop
      vertex 2.645669291338583 -0.5177815129704548 0.8917972610019509
      vertex 2.645669291338583 -0.48720472440944873 0.915259656070537
      vertex 2.645669291338583 -0.3089901405728521 0.8917972610019509
    endloop
  endfacet
  facet normal -1 0 0
    outer loop
      vertex 2.645669291338583 -0.5177815129704548 0.8917972610019509
      vertex 2.645669291338583 -0.3089901405728521 0.8917972610019509
      vertex 2.645669291338583 -0.4133858267716535 0.8858267716535433
    endloop
  endfacet
  facet normal 0.3611452455206998 -0.5676758628028098 0.7398095879541431
    outer loop
      vertex 2.7716535433070866 -0.48298295090418764 0.8569986989356837
      vertex 2.7716535433070866 -0.46259842519685035 0.8726402956480745
      vertex 2.645669291338583 -0.48720472440944873 0.915259656070537
    endloop
  endfacet
  facet normal 0.36114524552070065 -0.35685596573018097 0.8615265122795541
    outer loop
      vertex 2.7716535433070866 -0.46259842519685035 0.8726402956480745
      vertex 2.7716535433070866 -0.4388601422345 0.8824730143985302
      vertex 2.645669291338583 -0.45159729996592324 0.9300087341962207
    endloop
  endfacet
  facet normal 0.36114524552069943 -0.1217169243254145 0.9245318285329907
    outer loop
      vertex 2.7716535433070866 -0.4388601422345 0.8824730143985302
      vertex 2.7716535433070866 -0.4133858267716535 0.8858267716535433
      vertex 2.645669291338583 -0.4133858267716535 0.93503937007874
    endloop
  endfacet
  facet normal 0.36114524552069943 0.1217169243254145 0.9245318285329907
    outer loop
      vertex 2.7716535433070866 -0.4133858267716535 0.8858267716535433
      vertex 2.7716535433070866 -0.38791151130880697 0.8824730143985302
      vertex 2.645669291338583 -0.4133858267716535 0.93503937007874
    endloop
  endfacet
  facet normal -1 0 0
    outer loop
      vertex 2.645669291338583 -0.4133858267716535 0.8858267716535433
      vertex 2.645669291338583 -0.3089901405728521 0.8917972610019509
      vertex 2.645669291338583 -0.38791151130880697 0.8824730143985302
    endloop
  endfacet
  facet normal -1 0 0
    outer loop
      vertex 2.645669291338583 -0.3641732283464566 0.8726402956480745
      vertex 2.645669291338583 -0.3089901405728521 0.8917972610019509
      vertex 2.645669291338583 -0.3437887026391193 0.8569986989356837
    endloop
  endfacet
  facet normal -1 0 0
    outer loop
      vertex 2.645669291338583 -0.3641732283464566 0.8726402956480745
      vertex 2.645669291338583 -0.38791151130880697 0.8824730143985302
      vertex 2.645669291338583 -0.3089901405728521 0.8917972610019509
    endloop
  endfacet
  facet normal 0.36114524552070065 0.35685596573018097 0.8615265122795541
    outer loop
      vertex 2.7716535433070866 -0.3641732283464566 0.8726402956480745
      vertex 2.645669291338583 -0.3751743535773837 0.9300087341962207
      vertex 2.7716535433070866 -0.38791151130880697 0.8824730143985302
    endloop
  endfacet
  facet normal 0.3611452455207009 0.567675862802806 0.7398095879541454
    outer loop
      vertex 2.645669291338583 -0.3089901405728521 0.8917972610019509
      vertex 2.645669291338583 -0.3395669291338582 0.915259656070537
      vertex 2.7716535433070866 -0.3437887026391193 0.8569986989356837
    endloop
  endfacet
  facet normal 0.3611452455206998 0.5676758628028098 0.7398095879541431
    outer loop
      vertex 2.7716535433070866 -0.3641732283464566 0.8726402956480745
      vertex 2.7716535433070866 -0.3437887026391193 0.8569986989356837
      vertex 2.645669291338583 -0.3395669291338582 0.915259656070537
    endloop
  endfacet
  facet normal -1 0 0
    outer loop
      vertex 2.645669291338583 -0.48720472440944873 0.915259656070537
      vertex 2.645669291338583 -0.45159729996592324 0.9300087341962207
      vertex 2.645669291338583 -0.3395669291338582 0.915259656070537
    endloop
  endfacet
  facet normal -1 0 0
    outer loop
      vertex 2.645669291338583 -0.45159729996592324 0.9300087341962207
      vertex 2.645669291338583 -0.4133858267716535 0.93503937007874
      vertex 2.645669291338583 -0.3751743535773837 0.9300087341962207
    endloop
  endfacet
  facet normal 0.36114524552070004 -0.35685596573018374 0.8615265122795533
    outer loop
      vertex 2.7716535433070866 -0.46259842519685035 0.8726402956480745
      vertex 2.645669291338583 -0.45159729996592324 0.9300087341962207
      vertex 2.645669291338583 -0.48720472440944873 0.915259656070537
    endloop
  endfacet
  facet normal 0.36114524552070054 -0.12171692432540904 0.9245318285329908
    outer loop
      vertex 2.7716535433070866 -0.4388601422345 0.8824730143985302
      vertex 2.645669291338583 -0.4133858267716535 0.93503937007874
      vertex 2.645669291338583 -0.45159729996592324 0.9300087341962207
    endloop
  endfacet
  facet normal -1 0 0
    outer loop
      vertex 2.645669291338583 -0.45159729996592324 0.9300087341962207
      vertex 2.645669291338583 -0.3751743535773837 0.9300087341962207
      vertex 2.645669291338583 -0.3395669291338582 0.915259656070537
    endloop
  endfacet
  facet normal -1 0 0
    outer loop
      vertex 2.645669291338583 -0.48720472440944873 0.915259656070537
      vertex 2.645669291338583 -0.3395669291338582 0.915259656070537
      vertex 2.645669291338583 -0.3089901405728521 0.8917972610019509
    endloop
  endfacet
  facet normal 0.36114524552070054 0.12171692432540904 0.9245318285329908
    outer loop
      vertex 2.7716535433070866 -0.38791151130880697 0.8824730143985302
      vertex 2.645669291338583 -0.3751743535773837 0.9300087341962207
      vertex 2.645669291338583 -0.4133858267716535 0.93503937007874
    endloop
  endfacet
  facet normal 0.36114524552070004 0.35685596573018374 0.8615265122795533
    outer loop
      vertex 2.7716535433070866 -0.3641732283464566 0.8726402956480745
      vertex 2.645669291338583 -0.3395669291338582 0.915259656070537
      vertex 2.645669291338583 -0.3751743535773837 0.9300087341962207
    endloop
  endfacet
  facet normal -1 0 0
    outer loop
      vertex 2.645669291338583 -0.3149606299212597 0.7874015748031495
      vertex 2.645669291338583 -0.3183143871762728 0.812875890265996
      vertex 2.645669291338583 -0.27077866737858236 0.8256130479974193
    endloop
  endfacet
  facet normal -1 0 0
    outer loop
      vertex 2.645669291338583 -0.3183143871762728 0.812875890265996
      vertex 2.645669291338583 -0.32814710592672847 0.8366141732283464
      vertex 2.645669291338583 -0.28552774550426596 0.8612204724409448
    endloop
  endfacet
  facet normal -1 0 0
    outer loop
      vertex 2.645669291338583 -0.3183143871762728 0.812875890265996
      vertex 2.645669291338583 -0.28552774550426596 0.8612204724409448
      vertex 2.645669291338583 -0.27077866737858236 0.8256130479974193
    endloop
  endfacet
  facet normal 0.3611452455207006 0.9245318285329909 0.12171692432540905
    outer loop
      vertex 2.7716535433070866 -0.3183143871762728 0.812875890265996
      vertex 2.645669291338583 -0.26574803149606296 0.7874015748031495
      vertex 2.645669291338583 -0.27077866737858236 0.8256130479974193
    endloop
  endfacet
  facet normal 0.36114524552070065 0.8615265122795541 0.35685596573018097
    outer loop
      vertex 2.7716535433070866 -0.3183143871762728 0.812875890265996
      vertex 2.645669291338583 -0.27077866737858236 0.8256130479974193
      vertex 2.7716535433070866 -0.32814710592672847 0.8366141732283464
    endloop
  endfacet
  facet normal 0.36114524552070004 0.8615265122795533 0.35685596573018374
    outer loop
      vertex 2.7716535433070866 -0.32814710592672847 0.8366141732283464
      vertex 2.645669291338583 -0.27077866737858236 0.8256130479974193
      vertex 2.645669291338583 -0.28552774550426596 0.8612204724409448
    endloop
  endfacet
  facet normal -1 0 0
    outer loop
      vertex 2.645669291338583 -0.32814710592672847 0.8366141732283464
      vertex 2.645669291338583 -0.3437887026391193 0.8569986989356837
      vertex 2.645669291338583 -0.28552774550426596 0.8612204724409448
    endloop
  endfacet
  facet normal -1 0 0
    outer loop
      vertex 2.645669291338583 -0.3437887026391193 0.8569986989356837
      vertex 2.645669291338583 -0.3089901405728521 0.8917972610019509
      vertex 2.645669291338583 -0.28552774550426596 0.8612204724409448
    endloop
  endfacet
  facet normal 0.3611452455207008 0.7398095879541454 0.567675862802806
    outer loop
      vertex 2.645669291338583 -0.28552774550426596 0.8612204724409448
      vertex 2.645669291338583 -0.3089901405728521 0.8917972610019509
      vertex 2.7716535433070866 -0.3437887026391193 0.8569986989356837
    endloop
  endfacet
  facet normal 0.3611452455206998 0.7398095879541431 0.5676758628028098
    outer loop
      vertex 2.7716535433070866 -0.32814710592672847 0.8366141732283464
      vertex 2.645669291338583 -0.28552774550426596 0.8612204724409448
      vertex 2.7716535433070866 -0.3437887026391193 0.8569986989356837
    endloop
  endfacet
  facet normal -1 0 0
    outer loop
      vertex 2.7716535433070866 0.4664704555334822 0.6830058886043482
      vertex 2.7716535433070866 0.44300806046489605 0.7135826771653543
      vertex 2.7716535433070866 0.5216535433070868 0.7021628539582245
    endloop
  endfacet
  facet normal -1 0 0
    outer loop
      vertex 2.7716535433070866 0.44300806046489605 0.7135826771653543
      vertex 2.7716535433070866 0.48562742088735855 0.7381889763779527
      vertex 2.7716535433070866 0.5012690175997494 0.7178044506706154
    endloop
  endfacet
  facet normal 0.3611452455207009 -0.7398095879541454 -0.567675862802806
    outer loop
      vertex 2.7716535433070866 0.4664704555334822 0.6830058886043482
      vertex 2.8976377952755903 0.5012690175997494 0.7178044506706154
      vertex 2.7716535433070866 0.44300806046489605 0.7135826771653543
    endloop
  endfacet
  facet normal -1 0 0
    outer loop
      vertex 2.7716535433070866 0.44300806046489605 0.7135826771653543
      vertex 2.7716535433070866 0.42825898233921245 0.7491901016088798
      vertex 2.7716535433070866 0.48562742088735855 0.7381889763779527
    endloop
  endfacet
  facet normal -1 0 0
    outer loop
      vertex 2.7716535433070866 0.48562742088735855 0.7381889763779527
      vertex 2.7716535433070866 0.42825898233921245 0.7491901016088798
      vertex 2.7716535433070866 0.4757947021369029 0.761927259340303
    endloop
  endfacet
  facet normal 0.3611452455207 -0.8615265122795532 -0.3568559657301838
    outer loop
      vertex 2.7716535433070866 0.44300806046489605 0.7135826771653543
      vertex 2.8976377952755903 0.48562742088735855 0.7381889763779527
      vertex 2.7716535433070866 0.42825898233921245 0.7491901016088798
    endloop
  endfacet
  facet normal 0.3611452455206999 -0.7398095879541431 -0.5676758628028098
    outer loop
      vertex 2.7716535433070866 0.44300806046489605 0.7135826771653543
      vertex 2.8976377952755903 0.5012690175997494 0.7178044506706154
      vertex 2.8976377952755903 0.48562742088735855 0.7381889763779527
    endloop
  endfacet
  facet normal 0.36114524552070065 -0.8615265122795541 -0.35685596573018097
    outer loop
      vertex 2.8976377952755903 0.48562742088735855 0.7381889763779527
      vertex 2.8976377952755903 0.4757947021369029 0.761927259340303
      vertex 2.7716535433070866 0.42825898233921245 0.7491901016088798
    endloop
  endfacet
  facet normal -1 0 0
    outer loop
      vertex 2.7716535433070866 0.42825898233921245 0.7491901016088798
      vertex 2.7716535433070866 0.42322834645669305 0.7874015748031495
      vertex 2.7716535433070866 0.4757947021369029 0.761927259340303
    endloop
  endfacet
  facet normal 0.3611452455207006 -0.9245318285329908 -0.12171692432540916
    outer loop
      vertex 2.7716535433070866 0.42825898233921245 0.7491901016088798
      vertex 2.8976377952755903 0.4757947021369029 0.761927259340303
      vertex 2.7716535433070866 0.42322834645669305 0.7874015748031495
    endloop
  endfacet
  facet normal -1 0 0
    outer loop
      vertex 2.7716535433070866 0.4757947021369029 0.761927259340303
      vertex 2.7716535433070866 0.42322834645669305 0.7874015748031495
      vertex 2.7716535433070866 0.4724409448818898 0.7874015748031495
    endloop
  endfacet
  facet normal -1 0 0
    outer loop
      vertex 2.7716535433070866 0.42322834645669305 0.7874015748031495
      vertex 2.7716535433070866 0.42825898233921245 0.8256130479974193
      vertex 2.7716535433070866 0.4724409448818898 0.7874015748031495
    endloop
  endfacet
  facet normal 0.36114524552069943 -0.9245318285329907 -0.1217169243254145
    outer loop
      vertex 2.8976377952755903 0.4757947021369029 0.761927259340303
      vertex 2.8976377952755903 0.4724409448818898 0.7874015748031495
      vertex 2.7716535433070866 0.42322834645669305 0.7874015748031495
    endloop
  endfacet
  facet normal 0.36114524552069943 -0.9245318285329907 0.12171692432541452
    outer loop
      vertex 2.7716535433070866 0.42322834645669305 0.7874015748031495
      vertex 2.8976377952755903 0.4724409448818898 0.7874015748031495
      vertex 2.8976377952755903 0.4757947021369029 0.812875890265996
    endloop
  endfacet
  facet normal -1 0 0
    outer loop
      vertex 2.7716535433070866 0.5326546685380138 0.6447944154100784
      vertex 2.7716535433070866 0.4970472440944882 0.659543493535762
      vertex 2.7716535433070866 0.6090776149265533 0.6447944154100784
    endloop
  endfacet
  facet normal 0.3611452455207005 -0.3568559657301828 -0.8615265122795535
    outer loop
      vertex 2.7716535433070866 0.5326546685380138 0.6447944154100784
      vertex 2.8976377952755903 0.5216535433070868 0.7021628539582245
      vertex 2.7716535433070866 0.4970472440944882 0.659543493535762
    endloop
  endfacet
  facet normal -1 0 0
    outer loop
      vertex 2.7716535433070866 0.4664704555334822 0.6830058886043482
      vertex 2.7716535433070866 0.5216535433070868 0.7021628539582245
      vertex 2.7716535433070866 0.545391826269437 0.6923301352077689
    endloop
  endfacet
  facet normal 0.3611452455207009 -0.5676758628028072 -0.7398095879541444
    outer loop
      vertex 2.7716535433070866 0.4664704555334822 0.6830058886043482
      vertex 2.7716535433070866 0.4970472440944882 0.659543493535762
      vertex 2.8976377952755903 0.5012690175997494 0.7178044506706154
    endloop
  endfacet
  facet normal -1 0 0
    outer loop
      vertex 2.7716535433070866 0.4664704555334822 0.6830058886043482
      vertex 2.7716535433070866 0.6446850393700789 0.659543493535762
      vertex 2.7716535433070866 0.4970472440944882 0.659543493535762
    endloop
  endfacet
  facet normal 0.3611452455207007 -0.12171692432540918 -0.9245318285329909
    outer loop
      vertex 2.7716535433070866 0.5326546685380138 0.6447944154100784
      vertex 2.7716535433070866 0.5708661417322836 0.639763779527559
      vertex 2.8976377952755903 0.545391826269437 0.6923301352077689
    endloop
  endfacet
  facet normal -1 0 0
    outer loop
      vertex 2.7716535433070866 0.4664704555334822 0.6830058886043482
      vertex 2.7716535433070866 0.545391826269437 0.6923301352077689
      vertex 2.7716535433070866 0.5708661417322836 0.6889763779527558
    endloop
  endfacet
  facet normal 0.3611452455207008 -0.5676758628028076 -0.7398095879541443
    outer loop
      vertex 2.7716535433070866 0.4970472440944882 0.659543493535762
      vertex 2.8976377952755903 0.5216535433070868 0.7021628539582245
      vertex 2.8976377952755903 0.5012690175997494 0.7178044506706154
    endloop
  endfacet
  facet normal 0.3611452455207006 -0.35685596573018225 -0.8615265122795536
    outer loop
      vertex 2.7716535433070866 0.5326546685380138 0.6447944154100784
      vertex 2.8976377952755903 0.545391826269437 0.6923301352077689
      vertex 2.8976377952755903 0.5216535433070868 0.7021628539582245
    endloop
  endfacet
  facet normal -1 0 0
    outer loop
      vertex 2.7716535433070866 0.5326546685380138 0.6447944154100784
      vertex 2.7716535433070866 0.6090776149265533 0.6447944154100784
      vertex 2.7716535433070866 0.5708661417322836 0.639763779527559
    endloop
  endfacet
  facet normal -1 0 0
    outer loop
      vertex 2.7716535433070866 0.4970472440944882 0.659543493535762
      vertex 2.7716535433070866 0.6446850393700789 0.659543493535762
      vertex 2.7716535433070866 0.6090776149265533 0.6447944154100784
    endloop
  endfacet
  facet normal -1 0 0
    outer loop
      vertex 2.7716535433070866 0.4664704555334822 0.6830058886043482
      vertex 2.7716535433070866 0.6752618279310849 0.6830058886043482
      vertex 2.7716535433070866 0.6446850393700789 0.659543493535762
    endloop
  endfacet
  facet normal 0.3611452455207007 0.12171692432540918 -0.9245318285329909
    outer loop
      vertex 2.7716535433070866 0.5708661417322836 0.639763779527559
      vertex 2.7716535433070866 0.6090776149265533 0.6447944154100784
      vertex 2.8976377952755903 0.5963404571951301 0.6923301352077689
    endloop
  endfacet
  facet normal -1 0 0
    outer loop
      vertex 2.7716535433070866 0.4664704555334822 0.6830058886043482
      vertex 2.7716535433070866 0.5708661417322836 0.6889763779527558
      vertex 2.7716535433070866 0.6752618279310849 0.6830058886043482
    endloop
  endfacet
  facet normal 0.3611452455207005 0.3568559657301828 -0.8615265122795535
    outer loop
      vertex 2.7716535433070866 0.6090776149265533 0.6447944154100784
      vertex 2.7716535433070866 0.6446850393700789 0.659543493535762
      vertex 2.8976377952755903 0.6200787401574803 0.7021628539582245
    endloop
  endfacet
  facet normal -1 0 0
    outer loop
      vertex 2.7716535433070866 0.5708661417322836 0.6889763779527558
      vertex 2.7716535433070866 0.5963404571951301 0.6923301352077689
      vertex 2.7716535433070866 0.6752618279310849 0.6830058886043482
    endloop
  endfacet
  facet normal -1 0 0
    outer loop
      vertex 2.7716535433070866 0.5963404571951301 0.6923301352077689
      vertex 2.7716535433070866 0.6200787401574803 0.7021628539582245
      vertex 2.7716535433070866 0.6752618279310849 0.6830058886043482
    endloop
  endfacet
  facet normal 0.36114524552069943 -0.1217169243254145 -0.9245318285329907
    outer loop
      vertex 2.8976377952755903 0.545391826269437 0.6923301352077689
      vertex 2.7716535433070866 0.5708661417322836 0.639763779527559
      vertex 2.8976377952755903 0.5708661417322836 0.6889763779527558
    endloop
  endfacet
  facet normal 0.36114524552069943 0.12171692432541452 -0.9245318285329907
    outer loop
      vertex 2.7716535433070866 0.5708661417322836 0.639763779527559
      vertex 2.8976377952755903 0.5963404571951301 0.6923301352077689
      vertex 2.8976377952755903 0.5708661417322836 0.6889763779527558
    endloop
  endfacet
  facet normal 1 0 0
    outer loop
      vertex 2.8976377952755903 0.5216535433070868 0.7021628539582245
      vertex 2.8976377952755903 0.545391826269437 0.6923301352077689
      vertex 2.8976377952755903 0.6200787401574803 0.7021628539582245
    endloop
  endfacet
  facet normal 1 0 0
    outer loop
      vertex 2.8976377952755903 0.545391826269437 0.6923301352077689
      vertex 2.8976377952755903 0.5708661417322836 0.6889763779527558
      vertex 2.8976377952755903 0.5963404571951301 0.6923301352077689
    endloop
  endfacet
  facet normal 1 0 0
    outer loop
      vertex 2.8976377952755903 0.545391826269437 0.6923301352077689
      vertex 2.8976377952755903 0.5963404571951301 0.6923301352077689
      vertex 2.8976377952755903 0.6200787401574803 0.7021628539582245
    endloop
  endfacet
  facet normal 0.3611452455207006 0.35685596573018225 -0.8615265122795536
    outer loop
      vertex 2.7716535433070866 0.6090776149265533 0.6447944154100784
      vertex 2.8976377952755903 0.6200787401574803 0.7021628539582245
      vertex 2.8976377952755903 0.5963404571951301 0.6923301352077689
    endloop
  endfacet
  facet normal 0.3611452455207008 0.5676758628028077 -0.7398095879541443
    outer loop
      vertex 2.8976377952755903 0.6200787401574803 0.7021628539582245
      vertex 2.7716535433070866 0.6446850393700789 0.659543493535762
      vertex 2.8976377952755903 0.6404632658648177 0.7178044506706154
    endloop
  endfacet
  facet normal -1 0 0
    outer loop
      vertex 2.7716535433070866 0.44300806046489605 0.7135826771653543
      vertex 2.7716535433070866 0.5012690175997494 0.7178044506706154
      vertex 2.7716535433070866 0.5216535433070868 0.7021628539582245
    endloop
  endfacet
  facet normal 1 0 0
    outer loop
      vertex 2.8976377952755903 0.48562742088735855 0.7381889763779527
      vertex 2.8976377952755903 0.5012690175997494 0.7178044506706154
      vertex 2.8976377952755903 0.5053943638377829 0.7602822764465684
    endloop
  endfacet
  facet normal 1 0 0
    outer loop
      vertex 2.8976377952755903 0.5012690175997494 0.7178044506706154
      vertex 2.8976377952755903 0.520756212356859 0.737291645427725
      vertex 2.8976377952755903 0.5053943638377829 0.7602822764465684
    endloop
  endfacet
  facet normal 1 0 0
    outer loop
      vertex 2.8976377952755903 0.5216535433070868 0.7021628539582245
      vertex 2.8976377952755903 0.5437468433757024 0.7219297969086489
      vertex 2.8976377952755903 0.5012690175997494 0.7178044506706154
    endloop
  endfacet
  facet normal 1 0 0
    outer loop
      vertex 2.8976377952755903 0.5012690175997494 0.7178044506706154
      vertex 2.8976377952755903 0.5437468433757024 0.7219297969086489
      vertex 2.8976377952755903 0.520756212356859 0.737291645427725
    endloop
  endfacet
  facet normal 1 0 0
    outer loop
      vertex 2.8976377952755903 0.5216535433070868 0.7021628539582245
      vertex 2.8976377952755903 0.5708661417322836 0.7165354330708661
      vertex 2.8976377952755903 0.5437468433757024 0.7219297969086489
    endloop
  endfacet
  facet normal 1 0 0
    outer loop
      vertex 2.8976377952755903 0.48562742088735855 0.7381889763779527
      vertex 2.8976377952755903 0.5053943638377829 0.7602822764465684
      vertex 2.8976377952755903 0.4757947021369029 0.761927259340303
    endloop
  endfacet
  facet normal 1 0 0
    outer loop
      vertex 2.8976377952755903 0.4757947021369029 0.761927259340303
      vertex 2.8976377952755903 0.5053943638377829 0.7602822764465684
      vertex 2.8976377952755903 0.5 0.7874015748031495
    endloop
  endfacet
  facet normal 1 0 0
    outer loop
      vertex 2.8976377952755903 0.4757947021369029 0.761927259340303
      vertex 2.8976377952755903 0.5 0.7874015748031495
      vertex 2.8976377952755903 0.4724409448818898 0.7874015748031495
    endloop
  endfacet
  facet normal 1 0 0
    outer loop
      vertex 2.8976377952755903 0.4724409448818898 0.7874015748031495
      vertex 2.8976377952755903 0.5 0.7874015748031495
      vertex 2.8976377952755903 0.5053943638377829 0.8145208731597307
    endloop
  endfacet
  facet normal 1 0 0
    outer loop
      vertex 2.8976377952755903 0.5216535433070868 0.7021628539582245
      vertex 2.8976377952755903 0.6404632658648177 0.7178044506706154
      vertex 2.8976377952755903 0.5708661417322836 0.7165354330708661
    endloop
  endfacet
  facet normal 1 0 0
    outer loop
      vertex 2.8976377952755903 0.5216535433070868 0.7021628539582245
      vertex 2.8976377952755903 0.6200787401574803 0.7021628539582245
      vertex 2.8976377952755903 0.6404632658648177 0.7178044506706154
    endloop
  endfacet
  facet normal 1 0 0
    outer loop
      vertex 2.8976377952755903 0.5708661417322836 0.7165354330708661
      vertex 2.8976377952755903 0.6404632658648177 0.7178044506706154
      vertex 2.8976377952755903 0.5979854400888647 0.7219297969086489
    endloop
  endfacet
  facet normal 1 0 0
    outer loop
      vertex 2.8976377952755903 0.5979854400888647 0.7219297969086489
      vertex 2.8976377952755903 0.6404632658648177 0.7178044506706154
      vertex 2.8976377952755903 0.6561048625772086 0.7381889763779527
    endloop
  endfacet
  facet normal 1 0 0
    outer loop
      vertex 2.8976377952755903 0.5979854400888647 0.7219297969086489
      vertex 2.8976377952755903 0.6561048625772086 0.7381889763779527
      vertex 2.8976377952755903 0.6209760711077081 0.737291645427725
    endloop
  endfacet
  facet normal -1 0 0
    outer loop
      vertex 2.7716535433070866 0.6200787401574803 0.7021628539582245
      vertex 2.7716535433070866 0.6404632658648177 0.7178044506706154
      vertex 2.7716535433070866 0.6752618279310849 0.6830058886043482
    endloop
  endfacet
  facet normal 0.3611452455207009 0.5676758628028072 -0.7398095879541444
    outer loop
      vertex 2.7716535433070866 0.6446850393700789 0.659543493535762
      vertex 2.7716535433070866 0.6752618279310849 0.6830058886043482
      vertex 2.8976377952755903 0.6404632658648177 0.7178044506706154
    endloop
  endfacet
  facet normal -1 0 0
    outer loop
      vertex 2.7716535433070866 0.6752618279310849 0.6830058886043482
      vertex 2.7716535433070866 0.6404632658648177 0.7178044506706154
      vertex 2.7716535433070866 0.6987242229996711 0.7135826771653543
    endloop
  endfacet
  facet normal -1 0 0
    outer loop
      vertex 2.7716535433070866 0.6987242229996711 0.7135826771653543
      vertex 2.7716535433070866 0.6404632658648177 0.7178044506706154
      vertex 2.7716535433070866 0.6561048625772086 0.7381889763779527
    endloop
  endfacet
  facet normal 0.3611452455207009 0.7398095879541454 -0.567675862802806
    outer loop
      vertex 2.7716535433070866 0.6752618279310849 0.6830058886043482
      vertex 2.7716535433070866 0.6987242229996711 0.7135826771653543
      vertex 2.8976377952755903 0.6404632658648177 0.7178044506706154
    endloop
  endfacet
  facet normal -1 0 0
    outer loop
      vertex 2.7716535433070866 0.6987242229996711 0.7135826771653543
      vertex 2.7716535433070866 0.6561048625772086 0.7381889763779527
      vertex 2.7716535433070866 0.6659375813276642 0.761927259340303
    endloop
  endfacet
  facet normal -1 0 0
    outer loop
      vertex 2.7716535433070866 0.6987242229996711 0.7135826771653543
      vertex 2.7716535433070866 0.6659375813276642 0.761927259340303
      vertex 2.7716535433070866 0.7134733011253547 0.7491901016088798
    endloop
  endfacet
  facet normal 0.3611452455207 0.8615265122795532 -0.3568559657301838
    outer loop
      vertex 2.7716535433070866 0.6987242229996711 0.7135826771653543
      vertex 2.7716535433070866 0.7134733011253547 0.7491901016088798
      vertex 2.8976377952755903 0.6561048625772086 0.7381889763779527
    endloop
  endfacet
  facet normal 0.3611452455206999 0.7398095879541431 -0.5676758628028098
    outer loop
      vertex 2.7716535433070866 0.6987242229996711 0.7135826771653543
      vertex 2.8976377952755903 0.6561048625772086 0.7381889763779527
      vertex 2.8976377952755903 0.6404632658648177 0.7178044506706154
    endloop
  endfacet
  facet normal 0.36114524552070065 0.8615265122795541 -0.35685596573018097
    outer loop
      vertex 2.8976377952755903 0.6561048625772086 0.7381889763779527
      vertex 2.7716535433070866 0.7134733011253547 0.7491901016088798
      vertex 2.8976377952755903 0.6659375813276642 0.761927259340303
    endloop
  endfacet
  facet normal 1 0 0
    outer loop
      vertex 2.8976377952755903 0.6209760711077081 0.737291645427725
      vertex 2.8976377952755903 0.6561048625772086 0.7381889763779527
      vertex 2.8976377952755903 0.6659375813276642 0.761927259340303
    endloop
  endfacet
  facet normal -1 0 0
    outer loop
      vertex 2.7716535433070866 0.6659375813276642 0.761927259340303
      vertex 2.7716535433070866 0.6692913385826773 0.7874015748031495
      vertex 2.7716535433070866 0.7134733011253547 0.7491901016088798
    endloop
  endfacet
  facet normal -1 0 0
    outer loop
      vertex 2.7716535433070866 0.6692913385826773 0.7874015748031495
      vertex 2.7716535433070866 0.7185039370078741 0.7874015748031495
      vertex 2.7716535433070866 0.7134733011253547 0.7491901016088798
    endloop
  endfacet
  facet normal 0.3611452455207006 0.9245318285329909 -0.12171692432540905
    outer loop
      vertex 2.8976377952755903 0.6659375813276642 0.761927259340303
      vertex 2.7716535433070866 0.7134733011253547 0.7491901016088798
      vertex 2.7716535433070866 0.7185039370078741 0.7874015748031495
    endloop
  endfacet
  facet normal -1 0 0
    outer loop
      vertex 2.7716535433070866 0.6692913385826773 0.7874015748031495
      vertex 2.7716535433070866 0.6659375813276642 0.812875890265996
      vertex 2.7716535433070866 0.7185039370078741 0.7874015748031495
    endloop
  endfacet
  facet normal 1 0 0
    outer loop
      vertex 2.8976377952755903 0.6209760711077081 0.737291645427725
      vertex 2.8976377952755903 0.6659375813276642 0.761927259340303
      vertex 2.8976377952755903 0.6363379196267842 0.7602822764465684
    endloop
  endfacet
  facet normal 1 0 0
    outer loop
      vertex 2.8976377952755903 0.6363379196267842 0.7602822764465684
      vertex 2.8976377952755903 0.6659375813276642 0.761927259340303
      vertex 2.8976377952755903 0.6692913385826773 0.7874015748031495
    endloop
  endfacet
  facet normal 1 0 0
    outer loop
      vertex 2.8976377952755903 0.6363379196267842 0.7602822764465684
      vertex 2.8976377952755903 0.6692913385826773 0.7874015748031495
      vertex 2.8976377952755903 0.6417322834645671 0.7874015748031495
    endloop
  endfacet
  facet normal 1 0 0
    outer loop
      vertex 2.8976377952755903 0.6417322834645671 0.7874015748031495
      vertex 2.8976377952755903 0.6692913385826773 0.7874015748031495
      vertex 2.8976377952755903 0.6659375813276642 0.812875890265996
    endloop
  endfacet
  facet normal 0.36114524552069943 0.9245318285329907 -0.1217169243254145
    outer loop
      vertex 2.8976377952755903 0.6659375813276642 0.761927259340303
      vertex 2.7716535433070866 0.7185039370078741 0.7874015748031495
      vertex 2.8976377952755903 0.6692913385826773 0.7874015748031495
    endloop
  endfacet
  facet normal 0.36114524552069943 0.9245318285329907 0.1217169243254145
    outer loop
      vertex 2.8976377952755903 0.6692913385826773 0.7874015748031495
      vertex 2.7716535433070866 0.7185039370078741 0.7874015748031495
      vertex 2.8976377952755903 0.6659375813276642 0.812875890265996
    endloop
  endfacet
  facet normal -1 0 0
    outer loop
      vertex 2.7716535433070866 0.4724409448818898 0.7874015748031495
      vertex 2.7716535433070866 0.42825898233921245 0.8256130479974193
      vertex 2.7716535433070866 0.4757947021369029 0.812875890265996
    endloop
  endfacet
  facet normal 0.3611452455207006 -0.9245318285329908 0.12171692432540916
    outer loop
      vertex 2.7716535433070866 0.42322834645669305 0.7874015748031495
      vertex 2.8976377952755903 0.4757947021369029 0.812875890265996
      vertex 2.7716535433070866 0.42825898233921245 0.8256130479974193
    endloop
  endfacet
  facet normal -1 0 0
    outer loop
      vertex 2.7716535433070866 0.42825898233921245 0.8256130479974193
      vertex 2.7716535433070866 0.44300806046489605 0.8612204724409448
      vertex 2.7716535433070866 0.4757947021369029 0.812875890265996
    endloop
  endfacet
  facet normal -1 0 0
    outer loop
      vertex 2.7716535433070866 0.4757947021369029 0.812875890265996
      vertex 2.7716535433070866 0.44300806046489605 0.8612204724409448
      vertex 2.7716535433070866 0.48562742088735855 0.8366141732283464
    endloop
  endfacet
  facet normal 0.36114524552069993 -0.8615265122795532 0.3568559657301838
    outer loop
      vertex 2.7716535433070866 0.42825898233921245 0.8256130479974193
      vertex 2.8976377952755903 0.48562742088735855 0.8366141732283464
      vertex 2.7716535433070866 0.44300806046489605 0.8612204724409448
    endloop
  endfacet
  facet normal 0.36114524552070065 -0.8615265122795541 0.35685596573018075
    outer loop
      vertex 2.7716535433070866 0.42825898233921245 0.8256130479974193
      vertex 2.8976377952755903 0.4757947021369029 0.812875890265996
      vertex 2.8976377952755903 0.48562742088735855 0.8366141732283464
    endloop
  endfacet
  facet normal -1 0 0
    outer loop
      vertex 2.7716535433070866 0.48562742088735855 0.8366141732283464
      vertex 2.7716535433070866 0.44300806046489605 0.8612204724409448
      vertex 2.7716535433070866 0.5012690175997494 0.8569986989356837
    endloop
  endfacet
  facet normal -1 0 0
    outer loop
      vertex 2.7716535433070866 0.44300806046489605 0.8612204724409448
      vertex 2.7716535433070866 0.4664704555334822 0.8917972610019509
      vertex 2.7716535433070866 0.5012690175997494 0.8569986989356837
    endloop
  endfacet
  facet normal 0.3611452455207008 -0.7398095879541454 0.567675862802806
    outer loop
      vertex 2.7716535433070866 0.44300806046489605 0.8612204724409448
      vertex 2.8976377952755903 0.5012690175997494 0.8569986989356837
      vertex 2.7716535433070866 0.4664704555334822 0.8917972610019509
    endloop
  endfacet
  facet normal 0.3611452455206998 -0.7398095879541431 0.5676758628028098
    outer loop
      vertex 2.8976377952755903 0.48562742088735855 0.8366141732283464
      vertex 2.8976377952755903 0.5012690175997494 0.8569986989356837
      vertex 2.7716535433070866 0.44300806046489605 0.8612204724409448
    endloop
  endfacet
  facet normal 1 0 0
    outer loop
      vertex 2.8976377952755903 0.4724409448818898 0.7874015748031495
      vertex 2.8976377952755903 0.5053943638377829 0.8145208731597307
      vertex 2.8976377952755903 0.4757947021369029 0.812875890265996
    endloop
  endfacet
  facet normal 1 0 0
    outer loop
      vertex 2.8976377952755903 0.4757947021369029 0.812875890265996
      vertex 2.8976377952755903 0.5053943638377829 0.8145208731597307
      vertex 2.8976377952755903 0.520756212356859 0.8375115041785741
    endloop
  endfacet
  facet normal 1 0 0
    outer loop
      vertex 2.8976377952755903 0.4757947021369029 0.812875890265996
      vertex 2.8976377952755903 0.520756212356859 0.8375115041785741
      vertex 2.8976377952755903 0.48562742088735855 0.8366141732283464
    endloop
  endfacet
  facet normal 1 0 0
    outer loop
      vertex 2.8976377952755903 0.48562742088735855 0.8366141732283464
      vertex 2.8976377952755903 0.520756212356859 0.8375115041785741
      vertex 2.8976377952755903 0.5437468433757024 0.8528733526976502
    endloop
  endfacet
  facet normal 1 0 0
    outer loop
      vertex 2.8976377952755903 0.48562742088735855 0.8366141732283464
      vertex 2.8976377952755903 0.5437468433757024 0.8528733526976502
      vertex 2.8976377952755903 0.5012690175997494 0.8569986989356837
    endloop
  endfacet
  facet normal -1 0 0
    outer loop
      vertex 2.7716535433070866 0.4664704555334822 0.8917972610019509
      vertex 2.7716535433070866 0.5216535433070868 0.8726402956480745
      vertex 2.7716535433070866 0.5012690175997494 0.8569986989356837
    endloop
  endfacet
  facet normal -1 0 0
    outer loop
      vertex 2.7716535433070866 0.4664704555334822 0.8917972610019509
      vertex 2.7716535433070866 0.545391826269437 0.8824730143985302
      vertex 2.7716535433070866 0.5216535433070868 0.8726402956480745
    endloop
  endfacet
  facet normal 0.3611452455207009 -0.5676758628028072 0.7398095879541444
    outer loop
      vertex 2.7716535433070866 0.4664704555334822 0.8917972610019509
      vertex 2.8976377952755903 0.5012690175997494 0.8569986989356837
      vertex 2.7716535433070866 0.4970472440944882 0.915259656070537
    endloop
  endfacet
  facet normal -1 0 0
    outer loop
      vertex 2.7716535433070866 0.4664704555334822 0.8917972610019509
      vertex 2.7716535433070866 0.5708661417322836 0.8858267716535433
      vertex 2.7716535433070866 0.545391826269437 0.8824730143985302
    endloop
  endfacet
  facet normal -1 0 0
    outer loop
      vertex 2.7716535433070866 0.4664704555334822 0.8917972610019509
      vertex 2.7716535433070866 0.4970472440944882 0.915259656070537
      vertex 2.7716535433070866 0.6752618279310849 0.8917972610019509
    endloop
  endfacet
  facet normal 0.3611452455207008 -0.5676758628028077 0.7398095879541443
    outer loop
      vertex 2.8976377952755903 0.5012690175997494 0.8569986989356837
      vertex 2.8976377952755903 0.5216535433070868 0.8726402956480745
      vertex 2.7716535433070866 0.4970472440944882 0.915259656070537
    endloop
  endfacet
  facet normal 1 0 0
    outer loop
      vertex 2.8976377952755903 0.5012690175997494 0.8569986989356837
      vertex 2.8976377952755903 0.5437468433757024 0.8528733526976502
      vertex 2.8976377952755903 0.5708661417322836 0.858267716535433
    endloop
  endfacet
  facet normal 1 0 0
    outer loop
      vertex 2.8976377952755903 0.5012690175997494 0.8569986989356837
      vertex 2.8976377952755903 0.6200787401574803 0.8726402956480745
      vertex 2.8976377952755903 0.5216535433070868 0.8726402956480745
    endloop
  endfacet
  facet normal 0.36114524552070054 -0.3568559657301824 0.8615265122795536
    outer loop
      vertex 2.8976377952755903 0.5216535433070868 0.8726402956480745
      vertex 2.8976377952755903 0.545391826269437 0.8824730143985302
      vertex 2.7716535433070866 0.5326546685380138 0.9300087341962207
    endloop
  endfacet
  facet normal 1 0 0
    outer loop
      vertex 2.8976377952755903 0.5216535433070868 0.8726402956480745
      vertex 2.8976377952755903 0.5963404571951301 0.8824730143985302
      vertex 2.8976377952755903 0.545391826269437 0.8824730143985302
    endloop
  endfacet
  facet normal 1 0 0
    outer loop
      vertex 2.8976377952755903 0.6209760711077081 0.8375115041785741
      vertex 2.8976377952755903 0.6363379196267842 0.8145208731597307
      vertex 2.8976377952755903 0.6404632658648177 0.8569986989356837
    endloop
  endfacet
  facet normal 1 0 0
    outer loop
      vertex 2.8976377952755903 0.6209760711077081 0.8375115041785741
      vertex 2.8976377952755903 0.6404632658648177 0.8569986989356837
      vertex 2.8976377952755903 0.5979854400888647 0.8528733526976502
    endloop
  endfacet
  facet normal -1 0 0
    outer loop
      vertex 2.7716535433070866 0.4664704555334822 0.8917972610019509
      vertex 2.7716535433070866 0.6752618279310849 0.8917972610019509
      vertex 2.7716535433070866 0.5708661417322836 0.8858267716535433
    endloop
  endfacet
  facet normal -1 0 0
    outer loop
      vertex 2.7716535433070866 0.5708661417322836 0.8858267716535433
      vertex 2.7716535433070866 0.6752618279310849 0.8917972610019509
      vertex 2.7716535433070866 0.5963404571951301 0.8824730143985302
    endloop
  endfacet
  facet normal -1 0 0
    outer loop
      vertex 2.7716535433070866 0.6200787401574803 0.8726402956480745
      vertex 2.7716535433070866 0.5963404571951301 0.8824730143985302
      vertex 2.7716535433070866 0.6752618279310849 0.8917972610019509
    endloop
  endfacet
  facet normal 1 0 0
    outer loop
      vertex 2.8976377952755903 0.5012690175997494 0.8569986989356837
      vertex 2.8976377952755903 0.5708661417322836 0.858267716535433
      vertex 2.8976377952755903 0.6200787401574803 0.8726402956480745
    endloop
  endfacet
  facet normal 1 0 0
    outer loop
      vertex 2.8976377952755903 0.5216535433070868 0.8726402956480745
      vertex 2.8976377952755903 0.6200787401574803 0.8726402956480745
      vertex 2.8976377952755903 0.5963404571951301 0.8824730143985302
    endloop
  endfacet
  facet normal 1 0 0
    outer loop
      vertex 2.8976377952755903 0.5708661417322836 0.858267716535433
      vertex 2.8976377952755903 0.5979854400888647 0.8528733526976502
      vertex 2.8976377952755903 0.6200787401574803 0.8726402956480745
    endloop
  endfacet
  facet normal 0.36114524552069943 -0.1217169243254145 0.9245318285329907
    outer loop
      vertex 2.8976377952755903 0.545391826269437 0.8824730143985302
      vertex 2.8976377952755903 0.5708661417322836 0.8858267716535433
      vertex 2.7716535433070866 0.5708661417322836 0.93503937007874
    endloop
  endfacet
  facet normal 0.36114524552069943 0.1217169243254145 0.9245318285329907
    outer loop
      vertex 2.8976377952755903 0.5708661417322836 0.8858267716535433
      vertex 2.8976377952755903 0.5963404571951301 0.8824730143985302
      vertex 2.7716535433070866 0.5708661417322836 0.93503937007874
    endloop
  endfacet
  facet normal 1 0 0
    outer loop
      vertex 2.8976377952755903 0.545391826269437 0.8824730143985302
      vertex 2.8976377952755903 0.5963404571951301 0.8824730143985302
      vertex 2.8976377952755903 0.5708661417322836 0.8858267716535433
    endloop
  endfacet
  facet normal 1 0 0
    outer loop
      vertex 2.8976377952755903 0.5979854400888647 0.8528733526976502
      vertex 2.8976377952755903 0.6404632658648177 0.8569986989356837
      vertex 2.8976377952755903 0.6200787401574803 0.8726402956480745
    endloop
  endfacet
  facet normal 0.36114524552070054 0.3568559657301824 0.8615265122795536
    outer loop
      vertex 2.8976377952755903 0.6200787401574803 0.8726402956480745
      vertex 2.7716535433070866 0.6090776149265533 0.9300087341962207
      vertex 2.8976377952755903 0.5963404571951301 0.8824730143985302
    endloop
  endfacet
  facet normal 0.3611452455207008 0.5676758628028077 0.7398095879541443
    outer loop
      vertex 2.8976377952755903 0.6200787401574803 0.8726402956480745
      vertex 2.8976377952755903 0.6404632658648177 0.8569986989356837
      vertex 2.7716535433070866 0.6446850393700789 0.915259656070537
    endloop
  endfacet
  facet normal 0.3611452455207005 -0.3568559657301827 0.8615265122795535
    outer loop
      vertex 2.8976377952755903 0.5216535433070868 0.8726402956480745
      vertex 2.7716535433070866 0.5326546685380138 0.9300087341962207
      vertex 2.7716535433070866 0.4970472440944882 0.915259656070537
    endloop
  endfacet
  facet normal -1 0 0
    outer loop
      vertex 2.7716535433070866 0.4970472440944882 0.915259656070537
      vertex 2.7716535433070866 0.5326546685380138 0.9300087341962207
      vertex 2.7716535433070866 0.6446850393700789 0.915259656070537
    endloop
  endfacet
  facet normal 0.36114524552070054 -0.12171692432540904 0.9245318285329908
    outer loop
      vertex 2.8976377952755903 0.545391826269437 0.8824730143985302
      vertex 2.7716535433070866 0.5708661417322836 0.93503937007874
      vertex 2.7716535433070866 0.5326546685380138 0.9300087341962207
    endloop
  endfacet
  facet normal -1 0 0
    outer loop
      vertex 2.7716535433070866 0.5326546685380138 0.9300087341962207
      vertex 2.7716535433070866 0.6090776149265533 0.9300087341962207
      vertex 2.7716535433070866 0.6446850393700789 0.915259656070537
    endloop
  endfacet
  facet normal 0.36114524552070054 0.12171692432540904 0.9245318285329908
    outer loop
      vertex 2.8976377952755903 0.5963404571951301 0.8824730143985302
      vertex 2.7716535433070866 0.6090776149265533 0.9300087341962207
      vertex 2.7716535433070866 0.5708661417322836 0.93503937007874
    endloop
  endfacet
  facet normal -1 0 0
    outer loop
      vertex 2.7716535433070866 0.5326546685380138 0.9300087341962207
      vertex 2.7716535433070866 0.5708661417322836 0.93503937007874
      vertex 2.7716535433070866 0.6090776149265533 0.9300087341962207
    endloop
  endfacet
  facet normal -1 0 0
    outer loop
      vertex 2.7716535433070866 0.4970472440944882 0.915259656070537
      vertex 2.7716535433070866 0.6446850393700789 0.915259656070537
      vertex 2.7716535433070866 0.6752618279310849 0.8917972610019509
    endloop
  endfacet
  facet normal 0.3611452455207005 0.3568559657301827 0.8615265122795535
    outer loop
      vertex 2.8976377952755903 0.6200787401574803 0.8726402956480745
      vertex 2.7716535433070866 0.6446850393700789 0.915259656070537
      vertex 2.7716535433070866 0.6090776149265533 0.9300087341962207
    endloop
  endfacet
  facet normal -1 0 0
    outer loop
      vertex 2.7716535433070866 0.6659375813276642 0.812875890265996
      vertex 2.7716535433070866 0.6561048625772086 0.8366141732283464
      vertex 2.7716535433070866 0.7134733011253547 0.8256130479974193
    endloop
  endfacet
  facet normal -1 0 0
    outer loop
      vertex 2.7716535433070866 0.6659375813276642 0.812875890265996
      vertex 2.7716535433070866 0.7134733011253547 0.8256130479974193
      vertex 2.7716535433070866 0.7185039370078741 0.7874015748031495
    endloop
  endfacet
  facet normal 0.3611452455207006 0.9245318285329909 0.12171692432540905
    outer loop
      vertex 2.8976377952755903 0.6659375813276642 0.812875890265996
      vertex 2.7716535433070866 0.7185039370078741 0.7874015748031495
      vertex 2.7716535433070866 0.7134733011253547 0.8256130479974193
    endloop
  endfacet
  facet normal -1 0 0
    outer loop
      vertex 2.7716535433070866 0.6561048625772086 0.8366141732283464
      vertex 2.7716535433070866 0.6987242229996711 0.8612204724409448
      vertex 2.7716535433070866 0.7134733011253547 0.8256130479974193
    endloop
  endfacet
  facet normal 0.36114524552070004 0.8615265122795533 0.35685596573018374
    outer loop
      vertex 2.8976377952755903 0.6561048625772086 0.8366141732283464
      vertex 2.7716535433070866 0.7134733011253547 0.8256130479974193
      vertex 2.7716535433070866 0.6987242229996711 0.8612204724409448
    endloop
  endfacet
  facet normal 0.36114524552070065 0.8615265122795541 0.35685596573018097
    outer loop
      vertex 2.8976377952755903 0.6659375813276642 0.812875890265996
      vertex 2.7716535433070866 0.7134733011253547 0.8256130479974193
      vertex 2.8976377952755903 0.6561048625772086 0.8366141732283464
    endloop
  endfacet
  facet normal 1 0 0
    outer loop
      vertex 2.8976377952755903 0.6417322834645671 0.7874015748031495
      vertex 2.8976377952755903 0.6659375813276642 0.812875890265996
      vertex 2.8976377952755903 0.6363379196267842 0.8145208731597307
    endloop
  endfacet
  facet normal 1 0 0
    outer loop
      vertex 2.8976377952755903 0.6363379196267842 0.8145208731597307
      vertex 2.8976377952755903 0.6659375813276642 0.812875890265996
      vertex 2.8976377952755903 0.6561048625772086 0.8366141732283464
    endloop
  endfacet
  facet normal 1 0 0
    outer loop
      vertex 2.8976377952755903 0.6363379196267842 0.8145208731597307
      vertex 2.8976377952755903 0.6561048625772086 0.8366141732283464
      vertex 2.8976377952755903 0.6404632658648177 0.8569986989356837
    endloop
  endfacet
  facet normal -1 0 0
    outer loop
      vertex 2.7716535433070866 0.6200787401574803 0.8726402956480745
      vertex 2.7716535433070866 0.6987242229996711 0.8612204724409448
      vertex 2.7716535433070866 0.6404632658648177 0.8569986989356837
    endloop
  endfacet
  facet normal -1 0 0
    outer loop
      vertex 2.7716535433070866 0.6561048625772086 0.8366141732283464
      vertex 2.7716535433070866 0.6404632658648177 0.8569986989356837
      vertex 2.7716535433070866 0.6987242229996711 0.8612204724409448
    endloop
  endfacet
  facet normal -1 0 0
    outer loop
      vertex 2.7716535433070866 0.6200787401574803 0.8726402956480745
      vertex 2.7716535433070866 0.6752618279310849 0.8917972610019509
      vertex 2.7716535433070866 0.6987242229996711 0.8612204724409448
    endloop
  endfacet
  facet normal 0.3611452455207008 0.7398095879541454 0.567675862802806
    outer loop
      vertex 2.7716535433070866 0.6987242229996711 0.8612204724409448
      vertex 2.7716535433070866 0.6752618279310849 0.8917972610019509
      vertex 2.8976377952755903 0.6404632658648177 0.8569986989356837
    endloop
  endfacet
  facet normal 0.3611452455207009 0.567675862802807 0.7398095879541445
    outer loop
      vertex 2.8976377952755903 0.6404632658648177 0.8569986989356837
      vertex 2.7716535433070866 0.6752618279310849 0.8917972610019509
      vertex 2.7716535433070866 0.6446850393700789 0.915259656070537
    endloop
  endfacet
  facet normal 0.3611452455206998 0.7398095879541431 0.5676758628028098
    outer loop
      vertex 2.8976377952755903 0.6561048625772086 0.8366141732283464
      vertex 2.7716535433070866 0.6987242229996711 0.8612204724409448
      vertex 2.8976377952755903 0.6404632658648177 0.8569986989356837
    endloop
  endfacet
  facet normal -1 0 0
    outer loop
      vertex 2.7716535433070866 -0.5177815129704548 0.6830058886043482
      vertex 2.7716535433070866 -0.541243908039041 0.7135826771653543
      vertex 2.7716535433070866 -0.46259842519685035 0.7021628539582245
    endloop
  endfacet
  facet normal 0.3611452455207009 -0.567675862802806 -0.7398095879541454
    outer loop
      vertex 2.7716535433070866 -0.5177815129704548 0.6830058886043482
      vertex 2.7716535433070866 -0.48720472440944873 0.659543493535762
      vertex 2.8976377952755903 -0.48298295090418764 0.7178044506706154
    endloop
  endfacet
  facet normal -1 0 0
    outer loop
      vertex 2.7716535433070866 -0.541243908039041 0.7135826771653543
      vertex 2.7716535433070866 -0.5559929861647246 0.7491901016088798
      vertex 2.7716535433070866 -0.4986245476165785 0.7381889763779527
    endloop
  endfacet
  facet normal -1 0 0
    outer loop
      vertex 2.7716535433070866 -0.4986245476165785 0.7381889763779527
      vertex 2.7716535433070866 -0.5559929861647246 0.7491901016088798
      vertex 2.7716535433070866 -0.5084572663670341 0.761927259340303
    endloop
  endfacet
  facet normal 0.3611452455207 -0.8615265122795532 -0.3568559657301838
    outer loop
      vertex 2.7716535433070866 -0.541243908039041 0.7135826771653543
      vertex 2.8976377952755903 -0.4986245476165785 0.7381889763779527
      vertex 2.7716535433070866 -0.5559929861647246 0.7491901016088798
    endloop
  endfacet
  facet normal -1 0 0
    outer loop
      vertex 2.7716535433070866 -0.541243908039041 0.7135826771653543
      vertex 2.7716535433070866 -0.4986245476165785 0.7381889763779527
      vertex 2.7716535433070866 -0.48298295090418764 0.7178044506706154
    endloop
  endfacet
  facet normal -1 0 0
    outer loop
      vertex 2.7716535433070866 -0.541243908039041 0.7135826771653543
      vertex 2.7716535433070866 -0.48298295090418764 0.7178044506706154
      vertex 2.7716535433070866 -0.46259842519685035 0.7021628539582245
    endloop
  endfacet
  facet normal 0.3611452455207009 -0.7398095879541454 -0.567675862802806
    outer loop
      vertex 2.7716535433070866 -0.5177815129704548 0.6830058886043482
      vertex 2.8976377952755903 -0.48298295090418764 0.7178044506706154
      vertex 2.7716535433070866 -0.541243908039041 0.7135826771653543
    endloop
  endfacet
  facet normal 0.36114524552070065 -0.8615265122795541 -0.35685596573018097
    outer loop
      vertex 2.8976377952755903 -0.4986245476165785 0.7381889763779527
      vertex 2.8976377952755903 -0.5084572663670341 0.761927259340303
      vertex 2.7716535433070866 -0.5559929861647246 0.7491901016088798
    endloop
  endfacet
  facet normal 0.3611452455206999 -0.7398095879541431 -0.5676758628028098
    outer loop
      vertex 2.7716535433070866 -0.541243908039041 0.7135826771653543
      vertex 2.8976377952755903 -0.48298295090418764 0.7178044506706154
      vertex 2.8976377952755903 -0.4986245476165785 0.7381889763779527
    endloop
  endfacet
  facet normal 1 0 0
    outer loop
      vertex 2.8976377952755903 -0.4986245476165785 0.7381889763779527
      vertex 2.8976377952755903 -0.48298295090418764 0.7178044506706154
      vertex 2.8976377952755903 -0.4788576046661541 0.7602822764465684
    endloop
  endfacet
  facet normal -1 0 0
    outer loop
      vertex 2.7716535433070866 -0.5559929861647246 0.7491901016088798
      vertex 2.7716535433070866 -0.561023622047244 0.7874015748031495
      vertex 2.7716535433070866 -0.5084572663670341 0.761927259340303
    endloop
  endfacet
  facet normal 0.3611452455207006 -0.9245318285329908 -0.12171692432540916
    outer loop
      vertex 2.7716535433070866 -0.5559929861647246 0.7491901016088798
      vertex 2.8976377952755903 -0.5084572663670341 0.761927259340303
      vertex 2.7716535433070866 -0.561023622047244 0.7874015748031495
    endloop
  endfacet
  facet normal -1 0 0
    outer loop
      vertex 2.7716535433070866 -0.561023622047244 0.7874015748031495
      vertex 2.7716535433070866 -0.5559929861647246 0.8256130479974193
      vertex 2.7716535433070866 -0.5118110236220472 0.7874015748031495
    endloop
  endfacet
  facet normal -1 0 0
    outer loop
      vertex 2.7716535433070866 -0.5084572663670341 0.761927259340303
      vertex 2.7716535433070866 -0.561023622047244 0.7874015748031495
      vertex 2.7716535433070866 -0.5118110236220472 0.7874015748031495
    endloop
  endfacet
  facet normal 0.36114524552069943 -0.9245318285329907 -0.1217169243254145
    outer loop
      vertex 2.8976377952755903 -0.5084572663670341 0.761927259340303
      vertex 2.8976377952755903 -0.5118110236220472 0.7874015748031495
      vertex 2.7716535433070866 -0.561023622047244 0.7874015748031495
    endloop
  endfacet
  facet normal 0.36114524552069943 -0.9245318285329907 0.12171692432541452
    outer loop
      vertex 2.7716535433070866 -0.561023622047244 0.7874015748031495
      vertex 2.8976377952755903 -0.5118110236220472 0.7874015748031495
      vertex 2.8976377952755903 -0.5084572663670341 0.812875890265996
    endloop
  endfacet
  facet normal 1 0 0
    outer loop
      vertex 2.8976377952755903 -0.4986245476165785 0.7381889763779527
      vertex 2.8976377952755903 -0.4788576046661541 0.7602822764465684
      vertex 2.8976377952755903 -0.5084572663670341 0.761927259340303
    endloop
  endfacet
  facet normal 1 0 0
    outer loop
      vertex 2.8976377952755903 -0.5084572663670341 0.761927259340303
      vertex 2.8976377952755903 -0.4788576046661541 0.7602822764465684
      vertex 2.8976377952755903 -0.4842519685039369 0.7874015748031495
    endloop
  endfacet
  facet normal 1 0 0
    outer loop
      vertex 2.8976377952755903 -0.5084572663670341 0.761927259340303
      vertex 2.8976377952755903 -0.4842519685039369 0.7874015748031495
      vertex 2.8976377952755903 -0.5118110236220472 0.7874015748031495
    endloop
  endfacet
  facet normal 1 0 0
    outer loop
      vertex 2.8976377952755903 -0.5118110236220472 0.7874015748031495
      vertex 2.8976377952755903 -0.4842519685039369 0.7874015748031495
      vertex 2.8976377952755903 -0.4788576046661541 0.8145208731597307
    endloop
  endfacet
  facet normal -1 0 0
    outer loop
      vertex 2.7716535433070866 -0.45159729996592324 0.6447944154100784
      vertex 2.7716535433070866 -0.48720472440944873 0.659543493535762
      vertex 2.7716535433070866 -0.3751743535773837 0.6447944154100784
    endloop
  endfacet
  facet normal -1 0 0
    outer loop
      vertex 2.7716535433070866 -0.45159729996592324 0.6447944154100784
      vertex 2.7716535433070866 -0.3751743535773837 0.6447944154100784
      vertex 2.7716535433070866 -0.4133858267716535 0.639763779527559
    endloop
  endfacet
  facet normal -1 0 0
    outer loop
      vertex 2.7716535433070866 -0.5177815129704548 0.6830058886043482
      vertex 2.7716535433070866 -0.3395669291338582 0.659543493535762
      vertex 2.7716535433070866 -0.48720472440944873 0.659543493535762
    endloop
  endfacet
  facet normal 0.36114524552069993 -0.3568559657301838 -0.8615265122795532
    outer loop
      vertex 2.7716535433070866 -0.45159729996592324 0.6447944154100784
      vertex 2.8976377952755903 -0.46259842519685035 0.7021628539582245
      vertex 2.7716535433070866 -0.48720472440944873 0.659543493535762
    endloop
  endfacet
  facet normal -1 0 0
    outer loop
      vertex 2.7716535433070866 -0.5177815129704548 0.6830058886043482
      vertex 2.7716535433070866 -0.46259842519685035 0.7021628539582245
      vertex 2.7716535433070866 -0.4388601422345 0.6923301352077689
    endloop
  endfacet
  facet normal -1 0 0
    outer loop
      vertex 2.7716535433070866 -0.5177815129704548 0.6830058886043482
      vertex 2.7716535433070866 -0.4388601422345 0.6923301352077689
      vertex 2.7716535433070866 -0.4133858267716535 0.6889763779527558
    endloop
  endfacet
  facet normal -1 0 0
    outer loop
      vertex 2.7716535433070866 -0.48720472440944873 0.659543493535762
      vertex 2.7716535433070866 -0.3395669291338582 0.659543493535762
      vertex 2.7716535433070866 -0.3751743535773837 0.6447944154100784
    endloop
  endfacet
  facet normal 0.3611452455207007 -0.12171692432540918 -0.9245318285329909
    outer loop
      vertex 2.7716535433070866 -0.45159729996592324 0.6447944154100784
      vertex 2.7716535433070866 -0.4133858267716535 0.639763779527559
      vertex 2.8976377952755903 -0.4388601422345 0.6923301352077689
    endloop
  endfacet
  facet normal -1 0 0
    outer loop
      vertex 2.7716535433070866 -0.5177815129704548 0.6830058886043482
      vertex 2.7716535433070866 -0.4133858267716535 0.6889763779527558
      vertex 2.7716535433070866 -0.3089901405728521 0.6830058886043482
    endloop
  endfacet
  facet normal 0.3611452455206999 -0.5676758628028098 -0.7398095879541431
    outer loop
      vertex 2.7716535433070866 -0.48720472440944873 0.659543493535762
      vertex 2.8976377952755903 -0.46259842519685035 0.7021628539582245
      vertex 2.8976377952755903 -0.48298295090418764 0.7178044506706154
    endloop
  endfacet
  facet normal 0.36114524552070065 -0.35685596573018075 -0.8615265122795541
    outer loop
      vertex 2.7716535433070866 -0.45159729996592324 0.6447944154100784
      vertex 2.8976377952755903 -0.4388601422345 0.6923301352077689
      vertex 2.8976377952755903 -0.46259842519685035 0.7021628539582245
    endloop
  endfacet
  facet normal 0.36114524552069943 -0.1217169243254145 -0.9245318285329907
    outer loop
      vertex 2.8976377952755903 -0.4388601422345 0.6923301352077689
      vertex 2.7716535433070866 -0.4133858267716535 0.639763779527559
      vertex 2.8976377952755903 -0.4133858267716535 0.6889763779527558
    endloop
  endfacet
  facet normal 0.36114524552069943 0.12171692432541452 -0.9245318285329907
    outer loop
      vertex 2.7716535433070866 -0.4133858267716535 0.639763779527559
      vertex 2.8976377952755903 -0.38791151130880697 0.6923301352077689
      vertex 2.8976377952755903 -0.4133858267716535 0.6889763779527558
    endloop
  endfacet
  facet normal 1 0 0
    outer loop
      vertex 2.8976377952755903 -0.46259842519685035 0.7021628539582245
      vertex 2.8976377952755903 -0.4388601422345 0.6923301352077689
      vertex 2.8976377952755903 -0.3641732283464566 0.7021628539582245
    endloop
  endfacet
  facet normal 1 0 0
    outer loop
      vertex 2.8976377952755903 -0.4388601422345 0.6923301352077689
      vertex 2.8976377952755903 -0.4133858267716535 0.6889763779527558
      vertex 2.8976377952755903 -0.38791151130880697 0.6923301352077689
    endloop
  endfacet
  facet normal -1 0 0
    outer loop
      vertex 2.7716535433070866 -0.5177815129704548 0.6830058886043482
      vertex 2.7716535433070866 -0.3089901405728521 0.6830058886043482
      vertex 2.7716535433070866 -0.3395669291338582 0.659543493535762
    endloop
  endfacet
  facet normal 0.3611452455207007 0.12171692432540918 -0.9245318285329909
    outer loop
      vertex 2.7716535433070866 -0.4133858267716535 0.639763779527559
      vertex 2.7716535433070866 -0.3751743535773837 0.6447944154100784
      vertex 2.8976377952755903 -0.38791151130880697 0.6923301352077689
    endloop
  endfacet
  facet normal -1 0 0
    outer loop
      vertex 2.7716535433070866 -0.4133858267716535 0.6889763779527558
      vertex 2.7716535433070866 -0.38791151130880697 0.6923301352077689
      vertex 2.7716535433070866 -0.3089901405728521 0.6830058886043482
    endloop
  endfacet
  facet normal 0.36114524552069993 0.3568559657301838 -0.8615265122795532
    outer loop
      vertex 2.7716535433070866 -0.3751743535773837 0.6447944154100784
      vertex 2.7716535433070866 -0.3395669291338582 0.659543493535762
      vertex 2.8976377952755903 -0.3641732283464566 0.7021628539582245
    endloop
  endfacet
  facet normal -1 0 0
    outer loop
      vertex 2.7716535433070866 -0.38791151130880697 0.6923301352077689
      vertex 2.7716535433070866 -0.3641732283464566 0.7021628539582245
      vertex 2.7716535433070866 -0.3089901405728521 0.6830058886043482
    endloop
  endfacet
  facet normal -1 0 0
    outer loop
      vertex 2.7716535433070866 -0.3641732283464566 0.7021628539582245
      vertex 2.7716535433070866 -0.3437887026391193 0.7178044506706154
      vertex 2.7716535433070866 -0.3089901405728521 0.6830058886043482
    endloop
  endfacet
  facet normal 0.3611452455207008 0.567675862802806 -0.7398095879541454
    outer loop
      vertex 2.7716535433070866 -0.3395669291338582 0.659543493535762
      vertex 2.7716535433070866 -0.3089901405728521 0.6830058886043482
      vertex 2.8976377952755903 -0.3437887026391193 0.7178044506706154
    endloop
  endfacet
  facet normal 0.36114524552070065 0.35685596573018075 -0.8615265122795541
    outer loop
      vertex 2.7716535433070866 -0.3751743535773837 0.6447944154100784
      vertex 2.8976377952755903 -0.3641732283464566 0.7021628539582245
      vertex 2.8976377952755903 -0.38791151130880697 0.6923301352077689
    endloop
  endfacet
  facet normal 1 0 0
    outer loop
      vertex 2.8976377952755903 -0.4388601422345 0.6923301352077689
      vertex 2.8976377952755903 -0.38791151130880697 0.6923301352077689
      vertex 2.8976377952755903 -0.3641732283464566 0.7021628539582245
    endloop
  endfacet
  facet normal 0.3611452455206998 0.5676758628028098 -0.7398095879541431
    outer loop
      vertex 2.8976377952755903 -0.3641732283464566 0.7021628539582245
      vertex 2.7716535433070866 -0.3395669291338582 0.659543493535762
      vertex 2.8976377952755903 -0.3437887026391193 0.7178044506706154
    endloop
  endfacet
  facet normal 1 0 0
    outer loop
      vertex 2.8976377952755903 -0.46259842519685035 0.7021628539582245
      vertex 2.8976377952755903 -0.4405051251282346 0.7219297969086489
      vertex 2.8976377952755903 -0.48298295090418764 0.7178044506706154
    endloop
  endfacet
  facet normal 1 0 0
    outer loop
      vertex 2.8976377952755903 -0.48298295090418764 0.7178044506706154
      vertex 2.8976377952755903 -0.4405051251282346 0.7219297969086489
      vertex 2.8976377952755903 -0.46349575614707805 0.737291645427725
    endloop
  endfacet
  facet normal 1 0 0
    outer loop
      vertex 2.8976377952755903 -0.48298295090418764 0.7178044506706154
      vertex 2.8976377952755903 -0.46349575614707805 0.737291645427725
      vertex 2.8976377952755903 -0.4788576046661541 0.7602822764465684
    endloop
  endfacet
  facet normal 1 0 0
    outer loop
      vertex 2.8976377952755903 -0.46259842519685035 0.7021628539582245
      vertex 2.8976377952755903 -0.4133858267716535 0.7165354330708661
      vertex 2.8976377952755903 -0.4405051251282346 0.7219297969086489
    endloop
  endfacet
  facet normal 1 0 0
    outer loop
      vertex 2.8976377952755903 -0.46259842519685035 0.7021628539582245
      vertex 2.8976377952755903 -0.3437887026391193 0.7178044506706154
      vertex 2.8976377952755903 -0.4133858267716535 0.7165354330708661
    endloop
  endfacet
  facet normal 1 0 0
    outer loop
      vertex 2.8976377952755903 -0.46259842519685035 0.7021628539582245
      vertex 2.8976377952755903 -0.3641732283464566 0.7021628539582245
      vertex 2.8976377952755903 -0.3437887026391193 0.7178044506706154
    endloop
  endfacet
  facet normal 1 0 0
    outer loop
      vertex 2.8976377952755903 -0.4133858267716535 0.7165354330708661
      vertex 2.8976377952755903 -0.3437887026391193 0.7178044506706154
      vertex 2.8976377952755903 -0.38626652841507236 0.7219297969086489
    endloop
  endfacet
  facet normal 1 0 0
    outer loop
      vertex 2.8976377952755903 -0.38626652841507236 0.7219297969086489
      vertex 2.8976377952755903 -0.3437887026391193 0.7178044506706154
      vertex 2.8976377952755903 -0.32814710592672847 0.7381889763779527
    endloop
  endfacet
  facet normal 1 0 0
    outer loop
      vertex 2.8976377952755903 -0.38626652841507236 0.7219297969086489
      vertex 2.8976377952755903 -0.32814710592672847 0.7381889763779527
      vertex 2.8976377952755903 -0.3632758973962289 0.737291645427725
    endloop
  endfacet
  facet normal 1 0 0
    outer loop
      vertex 2.8976377952755903 -0.3632758973962289 0.737291645427725
      vertex 2.8976377952755903 -0.32814710592672847 0.7381889763779527
      vertex 2.8976377952755903 -0.3183143871762728 0.761927259340303
    endloop
  endfacet
  facet normal 1 0 0
    outer loop
      vertex 2.8976377952755903 -0.3632758973962289 0.737291645427725
      vertex 2.8976377952755903 -0.3183143871762728 0.761927259340303
      vertex 2.8976377952755903 -0.3479140488771528 0.7602822764465684
    endloop
  endfacet
  facet normal 1 0 0
    outer loop
      vertex 2.8976377952755903 -0.3479140488771528 0.7602822764465684
      vertex 2.8976377952755903 -0.3183143871762728 0.761927259340303
      vertex 2.8976377952755903 -0.3149606299212597 0.7874015748031495
    endloop
  endfacet
  facet normal 1 0 0
    outer loop
      vertex 2.8976377952755903 -0.3479140488771528 0.7602822764465684
      vertex 2.8976377952755903 -0.3149606299212597 0.7874015748031495
      vertex 2.8976377952755903 -0.34251968503937 0.7874015748031495
    endloop
  endfacet
  facet normal 1 0 0
    outer loop
      vertex 2.8976377952755903 -0.34251968503937 0.7874015748031495
      vertex 2.8976377952755903 -0.3149606299212597 0.7874015748031495
      vertex 2.8976377952755903 -0.3183143871762728 0.812875890265996
    endloop
  endfacet
  facet normal -1 0 0
    outer loop
      vertex 2.7716535433070866 -0.3089901405728521 0.6830058886043482
      vertex 2.7716535433070866 -0.3437887026391193 0.7178044506706154
      vertex 2.7716535433070866 -0.28552774550426596 0.7135826771653543
    endloop
  endfacet
  facet normal -1 0 0
    outer loop
      vertex 2.7716535433070866 -0.28552774550426596 0.7135826771653543
      vertex 2.7716535433070866 -0.3437887026391193 0.7178044506706154
      vertex 2.7716535433070866 -0.32814710592672847 0.7381889763779527
    endloop
  endfacet
  facet normal 0.3611452455207009 0.7398095879541454 -0.567675862802806
    outer loop
      vertex 2.7716535433070866 -0.3089901405728521 0.6830058886043482
      vertex 2.7716535433070866 -0.28552774550426596 0.7135826771653543
      vertex 2.8976377952755903 -0.3437887026391193 0.7178044506706154
    endloop
  endfacet
  facet normal -1 0 0
    outer loop
      vertex 2.7716535433070866 -0.28552774550426596 0.7135826771653543
      vertex 2.7716535433070866 -0.32814710592672847 0.7381889763779527
      vertex 2.7716535433070866 -0.3183143871762728 0.761927259340303
    endloop
  endfacet
  facet normal -1 0 0
    outer loop
      vertex 2.7716535433070866 -0.28552774550426596 0.7135826771653543
      vertex 2.7716535433070866 -0.3183143871762728 0.761927259340303
      vertex 2.7716535433070866 -0.27077866737858236 0.7491901016088798
    endloop
  endfacet
  facet normal 0.3611452455207 0.8615265122795532 -0.3568559657301838
    outer loop
      vertex 2.7716535433070866 -0.28552774550426596 0.7135826771653543
      vertex 2.7716535433070866 -0.27077866737858236 0.7491901016088798
      vertex 2.8976377952755903 -0.32814710592672847 0.7381889763779527
    endloop
  endfacet
  facet normal 0.3611452455206999 0.7398095879541431 -0.5676758628028098
    outer loop
      vertex 2.7716535433070866 -0.28552774550426596 0.7135826771653543
      vertex 2.8976377952755903 -0.32814710592672847 0.7381889763779527
      vertex 2.8976377952755903 -0.3437887026391193 0.7178044506706154
    endloop
  endfacet
  facet normal 0.36114524552070065 0.8615265122795541 -0.35685596573018097
    outer loop
      vertex 2.8976377952755903 -0.32814710592672847 0.7381889763779527
      vertex 2.7716535433070866 -0.27077866737858236 0.7491901016088798
      vertex 2.8976377952755903 -0.3183143871762728 0.761927259340303
    endloop
  endfacet
  facet normal -1 0 0
    outer loop
      vertex 2.7716535433070866 -0.3183143871762728 0.761927259340303
      vertex 2.7716535433070866 -0.3149606299212597 0.7874015748031495
      vertex 2.7716535433070866 -0.27077866737858236 0.7491901016088798
    endloop
  endfacet
  facet normal -1 0 0
    outer loop
      vertex 2.7716535433070866 -0.3149606299212597 0.7874015748031495
      vertex 2.7716535433070866 -0.26574803149606296 0.7874015748031495
      vertex 2.7716535433070866 -0.27077866737858236 0.7491901016088798
    endloop
  endfacet
  facet normal 0.3611452455207006 0.9245318285329909 -0.12171692432540905
    outer loop
      vertex 2.8976377952755903 -0.3183143871762728 0.761927259340303
      vertex 2.7716535433070866 -0.27077866737858236 0.7491901016088798
      vertex 2.7716535433070866 -0.26574803149606296 0.7874015748031495
    endloop
  endfacet
  facet normal -1 0 0
    outer loop
      vertex 2.7716535433070866 -0.3149606299212597 0.7874015748031495
      vertex 2.7716535433070866 -0.3183143871762728 0.812875890265996
      vertex 2.7716535433070866 -0.26574803149606296 0.7874015748031495
    endloop
  endfacet
  facet normal 0.36114524552069943 0.9245318285329907 -0.1217169243254145
    outer loop
      vertex 2.8976377952755903 -0.3183143871762728 0.761927259340303
      vertex 2.7716535433070866 -0.26574803149606296 0.7874015748031495
      vertex 2.8976377952755903 -0.3149606299212597 0.7874015748031495
    endloop
  endfacet
  facet normal 0.36114524552069943 0.9245318285329907 0.1217169243254145
    outer loop
      vertex 2.8976377952755903 -0.3149606299212597 0.7874015748031495
      vertex 2.7716535433070866 -0.26574803149606296 0.7874015748031495
      vertex 2.8976377952755903 -0.3183143871762728 0.812875890265996
    endloop
  endfacet
  facet normal -1 0 0
    outer loop
      vertex 2.7716535433070866 -0.5118110236220472 0.7874015748031495
      vertex 2.7716535433070866 -0.5559929861647246 0.8256130479974193
      vertex 2.7716535433070866 -0.5084572663670341 0.812875890265996
    endloop
  endfacet
  facet normal 0.3611452455207006 -0.9245318285329908 0.12171692432540916
    outer loop
      vertex 2.7716535433070866 -0.561023622047244 0.7874015748031495
      vertex 2.8976377952755903 -0.5084572663670341 0.812875890265996
      vertex 2.7716535433070866 -0.5559929861647246 0.8256130479974193
    endloop
  endfacet
  facet normal -1 0 0
    outer loop
      vertex 2.7716535433070866 -0.5559929861647246 0.8256130479974193
      vertex 2.7716535433070866 -0.541243908039041 0.8612204724409448
      vertex 2.7716535433070866 -0.5084572663670341 0.812875890265996
    endloop
  endfacet
  facet normal 0.36114524552069993 -0.8615265122795532 0.3568559657301838
    outer loop
      vertex 2.7716535433070866 -0.5559929861647246 0.8256130479974193
      vertex 2.8976377952755903 -0.4986245476165785 0.8366141732283464
      vertex 2.7716535433070866 -0.541243908039041 0.8612204724409448
    endloop
  endfacet
  facet normal -1 0 0
    outer loop
      vertex 2.7716535433070866 -0.5084572663670341 0.812875890265996
      vertex 2.7716535433070866 -0.541243908039041 0.8612204724409448
      vertex 2.7716535433070866 -0.4986245476165785 0.8366141732283464
    endloop
  endfacet
  facet normal 0.36114524552070065 -0.8615265122795541 0.35685596573018075
    outer loop
      vertex 2.7716535433070866 -0.5559929861647246 0.8256130479974193
      vertex 2.8976377952755903 -0.5084572663670341 0.812875890265996
      vertex 2.8976377952755903 -0.4986245476165785 0.8366141732283464
    endloop
  endfacet
  facet normal 1 0 0
    outer loop
      vertex 2.8976377952755903 -0.5118110236220472 0.7874015748031495
      vertex 2.8976377952755903 -0.4788576046661541 0.8145208731597307
      vertex 2.8976377952755903 -0.5084572663670341 0.812875890265996
    endloop
  endfacet
  facet normal 1 0 0
    outer loop
      vertex 2.8976377952755903 -0.5084572663670341 0.812875890265996
      vertex 2.8976377952755903 -0.4788576046661541 0.8145208731597307
      vertex 2.8976377952755903 -0.46349575614707805 0.8375115041785741
    endloop
  endfacet
  facet normal 1 0 0
    outer loop
      vertex 2.8976377952755903 -0.5084572663670341 0.812875890265996
      vertex 2.8976377952755903 -0.46349575614707805 0.8375115041785741
      vertex 2.8976377952755903 -0.4986245476165785 0.8366141732283464
    endloop
  endfacet
  facet normal -1 0 0
    outer loop
      vertex 2.7716535433070866 -0.4986245476165785 0.8366141732283464
      vertex 2.7716535433070866 -0.541243908039041 0.8612204724409448
      vertex 2.7716535433070866 -0.48298295090418764 0.8569986989356837
    endloop
  endfacet
  facet normal -1 0 0
    outer loop
      vertex 2.7716535433070866 -0.541243908039041 0.8612204724409448
      vertex 2.7716535433070866 -0.5177815129704548 0.8917972610019509
      vertex 2.7716535433070866 -0.48298295090418764 0.8569986989356837
    endloop
  endfacet
  facet normal -1 0 0
    outer loop
      vertex 2.7716535433070866 -0.5177815129704548 0.8917972610019509
      vertex 2.7716535433070866 -0.46259842519685035 0.8726402956480745
      vertex 2.7716535433070866 -0.48298295090418764 0.8569986989356837
    endloop
  endfacet
  facet normal 0.3611452455207008 -0.7398095879541454 0.567675862802806
    outer loop
      vertex 2.7716535433070866 -0.541243908039041 0.8612204724409448
      vertex 2.8976377952755903 -0.48298295090418764 0.8569986989356837
      vertex 2.7716535433070866 -0.5177815129704548 0.8917972610019509
    endloop
  endfacet
  facet normal 0.3611452455207009 -0.567675862802806 0.7398095879541454
    outer loop
      vertex 2.7716535433070866 -0.5177815129704548 0.8917972610019509
      vertex 2.8976377952755903 -0.48298295090418764 0.8569986989356837
      vertex 2.7716535433070866 -0.48720472440944873 0.915259656070537
    endloop
  endfacet
  facet normal 0.3611452455206998 -0.7398095879541431 0.5676758628028098
    outer loop
      vertex 2.8976377952755903 -0.4986245476165785 0.8366141732283464
      vertex 2.8976377952755903 -0.48298295090418764 0.8569986989356837
      vertex 2.7716535433070866 -0.541243908039041 0.8612204724409448
    endloop
  endfacet
  facet normal 1 0 0
    outer loop
      vertex 2.8976377952755903 -0.4986245476165785 0.8366141732283464
      vertex 2.8976377952755903 -0.4405051251282346 0.8528733526976502
      vertex 2.8976377952755903 -0.48298295090418764 0.8569986989356837
    endloop
  endfacet
  facet normal 1 0 0
    outer loop
      vertex 2.8976377952755903 -0.4986245476165785 0.8366141732283464
      vertex 2.8976377952755903 -0.46349575614707805 0.8375115041785741
      vertex 2.8976377952755903 -0.4405051251282346 0.8528733526976502
    endloop
  endfacet
  facet normal -1 0 0
    outer loop
      vertex 2.7716535433070866 -0.5177815129704548 0.8917972610019509
      vertex 2.7716535433070866 -0.4388601422345 0.8824730143985302
      vertex 2.7716535433070866 -0.46259842519685035 0.8726402956480745
    endloop
  endfacet
  facet normal -1 0 0
    outer loop
      vertex 2.7716535433070866 -0.5177815129704548 0.8917972610019509
      vertex 2.7716535433070866 -0.4133858267716535 0.8858267716535433
      vertex 2.7716535433070866 -0.4388601422345 0.8824730143985302
    endloop
  endfacet
  facet normal -1 0 0
    outer loop
      vertex 2.7716535433070866 -0.5177815129704548 0.8917972610019509
      vertex 2.7716535433070866 -0.48720472440944873 0.915259656070537
      vertex 2.7716535433070866 -0.3089901405728521 0.8917972610019509
    endloop
  endfacet
  facet normal -1 0 0
    outer loop
      vertex 2.7716535433070866 -0.5177815129704548 0.8917972610019509
      vertex 2.7716535433070866 -0.3089901405728521 0.8917972610019509
      vertex 2.7716535433070866 -0.4133858267716535 0.8858267716535433
    endloop
  endfacet
  facet normal 1 0 0
    outer loop
      vertex 2.8976377952755903 -0.48298295090418764 0.8569986989356837
      vertex 2.8976377952755903 -0.4405051251282346 0.8528733526976502
      vertex 2.8976377952755903 -0.4133858267716535 0.858267716535433
    endloop
  endfacet
  facet normal 0.3611452455206998 -0.5676758628028098 0.7398095879541431
    outer loop
      vertex 2.8976377952755903 -0.48298295090418764 0.8569986989356837
      vertex 2.8976377952755903 -0.46259842519685035 0.8726402956480745
      vertex 2.7716535433070866 -0.48720472440944873 0.915259656070537
    endloop
  endfacet
  facet normal 0.36114524552070065 -0.35685596573018097 0.8615265122795541
    outer loop
      vertex 2.8976377952755903 -0.46259842519685035 0.8726402956480745
      vertex 2.8976377952755903 -0.4388601422345 0.8824730143985302
      vertex 2.7716535433070866 -0.45159729996592324 0.9300087341962207
    endloop
  endfacet
  facet normal 1 0 0
    outer loop
      vertex 2.8976377952755903 -0.48298295090418764 0.8569986989356837
      vertex 2.8976377952755903 -0.4133858267716535 0.858267716535433
      vertex 2.8976377952755903 -0.3641732283464566 0.8726402956480745
    endloop
  endfacet
  facet normal 1 0 0
    outer loop
      vertex 2.8976377952755903 -0.48298295090418764 0.8569986989356837
      vertex 2.8976377952755903 -0.3641732283464566 0.8726402956480745
      vertex 2.8976377952755903 -0.46259842519685035 0.8726402956480745
    endloop
  endfacet
  facet normal 1 0 0
    outer loop
      vertex 2.8976377952755903 -0.46259842519685035 0.8726402956480745
      vertex 2.8976377952755903 -0.3641732283464566 0.8726402956480745
      vertex 2.8976377952755903 -0.38791151130880697 0.8824730143985302
    endloop
  endfacet
  facet normal 0.36114524552069943 -0.1217169243254145 0.9245318285329907
    outer loop
      vertex 2.8976377952755903 -0.4388601422345 0.8824730143985302
      vertex 2.8976377952755903 -0.4133858267716535 0.8858267716535433
      vertex 2.7716535433070866 -0.4133858267716535 0.93503937007874
    endloop
  endfacet
  facet normal 0.36114524552069943 0.1217169243254145 0.9245318285329907
    outer loop
      vertex 2.8976377952755903 -0.4133858267716535 0.8858267716535433
      vertex 2.8976377952755903 -0.38791151130880697 0.8824730143985302
      vertex 2.7716535433070866 -0.4133858267716535 0.93503937007874
    endloop
  endfacet
  facet normal 1 0 0
    outer loop
      vertex 2.8976377952755903 -0.46259842519685035 0.8726402956480745
      vertex 2.8976377952755903 -0.38791151130880697 0.8824730143985302
      vertex 2.8976377952755903 -0.4388601422345 0.8824730143985302
    endloop
  endfacet
  facet normal 1 0 0
    outer loop
      vertex 2.8976377952755903 -0.4388601422345 0.8824730143985302
      vertex 2.8976377952755903 -0.38791151130880697 0.8824730143985302
      vertex 2.8976377952755903 -0.4133858267716535 0.8858267716535433
    endloop
  endfacet
  facet normal 1 0 0
    outer loop
      vertex 2.8976377952755903 -0.3632758973962289 0.8375115041785741
      vertex 2.8976377952755903 -0.3437887026391193 0.8569986989356837
      vertex 2.8976377952755903 -0.38626652841507236 0.8528733526976502
    endloop
  endfacet
  facet normal 1 0 0
    outer loop
      vertex 2.8976377952755903 -0.34251968503937 0.7874015748031495
      vertex 2.8976377952755903 -0.3183143871762728 0.812875890265996
      vertex 2.8976377952755903 -0.3479140488771528 0.8145208731597307
    endloop
  endfacet
  facet normal 1 0 0
    outer loop
      vertex 2.8976377952755903 -0.3479140488771528 0.8145208731597307
      vertex 2.8976377952755903 -0.3183143871762728 0.812875890265996
      vertex 2.8976377952755903 -0.32814710592672847 0.8366141732283464
    endloop
  endfacet
  facet normal 1 0 0
    outer loop
      vertex 2.8976377952755903 -0.3632758973962289 0.8375115041785741
      vertex 2.8976377952755903 -0.3479140488771528 0.8145208731597307
      vertex 2.8976377952755903 -0.3437887026391193 0.8569986989356837
    endloop
  endfacet
  facet normal 1 0 0
    outer loop
      vertex 2.8976377952755903 -0.3479140488771528 0.8145208731597307
      vertex 2.8976377952755903 -0.32814710592672847 0.8366141732283464
      vertex 2.8976377952755903 -0.3437887026391193 0.8569986989356837
    endloop
  endfacet
  facet normal -1 0 0
    outer loop
      vertex 2.7716535433070866 -0.4133858267716535 0.8858267716535433
      vertex 2.7716535433070866 -0.3089901405728521 0.8917972610019509
      vertex 2.7716535433070866 -0.38791151130880697 0.8824730143985302
    endloop
  endfacet
  facet normal -1 0 0
    outer loop
      vertex 2.7716535433070866 -0.3641732283464566 0.8726402956480745
      vertex 2.7716535433070866 -0.28552774550426596 0.8612204724409448
      vertex 2.7716535433070866 -0.3437887026391193 0.8569986989356837
    endloop
  endfacet
  facet normal -1 0 0
    outer loop
      vertex 2.7716535433070866 -0.3641732283464566 0.8726402956480745
      vertex 2.7716535433070866 -0.38791151130880697 0.8824730143985302
      vertex 2.7716535433070866 -0.3089901405728521 0.8917972610019509
    endloop
  endfacet
  facet normal 0.3611452455207008 0.5676758628028058 0.7398095879541455
    outer loop
      vertex 2.8976377952755903 -0.3437887026391193 0.8569986989356837
      vertex 2.7716535433070866 -0.3089901405728521 0.8917972610019509
      vertex 2.7716535433070866 -0.3395669291338582 0.915259656070537
    endloop
  endfacet
  facet normal 1 0 0
    outer loop
      vertex 2.8976377952755903 -0.4133858267716535 0.858267716535433
      vertex 2.8976377952755903 -0.38626652841507236 0.8528733526976502
      vertex 2.8976377952755903 -0.3641732283464566 0.8726402956480745
    endloop
  endfacet
  facet normal 1 0 0
    outer loop
      vertex 2.8976377952755903 -0.38626652841507236 0.8528733526976502
      vertex 2.8976377952755903 -0.3437887026391193 0.8569986989356837
      vertex 2.8976377952755903 -0.3641732283464566 0.8726402956480745
    endloop
  endfacet
  facet normal 0.36114524552070065 0.35685596573018097 0.8615265122795541
    outer loop
      vertex 2.8976377952755903 -0.3641732283464566 0.8726402956480745
      vertex 2.7716535433070866 -0.3751743535773837 0.9300087341962207
      vertex 2.8976377952755903 -0.38791151130880697 0.8824730143985302
    endloop
  endfacet
  facet normal 0.3611452455206998 0.5676758628028098 0.7398095879541431
    outer loop
      vertex 2.8976377952755903 -0.3641732283464566 0.8726402956480745
      vertex 2.8976377952755903 -0.3437887026391193 0.8569986989356837
      vertex 2.7716535433070866 -0.3395669291338582 0.915259656070537
    endloop
  endfacet
  facet normal 0.36114524552070004 -0.35685596573018374 0.8615265122795533
    outer loop
      vertex 2.8976377952755903 -0.46259842519685035 0.8726402956480745
      vertex 2.7716535433070866 -0.45159729996592324 0.9300087341962207
      vertex 2.7716535433070866 -0.48720472440944873 0.915259656070537
    endloop
  endfacet
  facet normal -1 0 0
    outer loop
      vertex 2.7716535433070866 -0.48720472440944873 0.915259656070537
      vertex 2.7716535433070866 -0.45159729996592324 0.9300087341962207
      vertex 2.7716535433070866 -0.3395669291338582 0.915259656070537
    endloop
  endfacet
  facet normal 0.36114524552070054 -0.12171692432540904 0.9245318285329908
    outer loop
      vertex 2.8976377952755903 -0.4388601422345 0.8824730143985302
      vertex 2.7716535433070866 -0.4133858267716535 0.93503937007874
      vertex 2.7716535433070866 -0.45159729996592324 0.9300087341962207
    endloop
  endfacet
  facet normal -1 0 0
    outer loop
      vertex 2.7716535433070866 -0.45159729996592324 0.9300087341962207
      vertex 2.7716535433070866 -0.4133858267716535 0.93503937007874
      vertex 2.7716535433070866 -0.3751743535773837 0.9300087341962207
    endloop
  endfacet
  facet normal -1 0 0
    outer loop
      vertex 2.7716535433070866 -0.45159729996592324 0.9300087341962207
      vertex 2.7716535433070866 -0.3751743535773837 0.9300087341962207
      vertex 2.7716535433070866 -0.3395669291338582 0.915259656070537
    endloop
  endfacet
  facet normal -1 0 0
    outer loop
      vertex 2.7716535433070866 -0.48720472440944873 0.915259656070537
      vertex 2.7716535433070866 -0.3395669291338582 0.915259656070537
      vertex 2.7716535433070866 -0.3089901405728521 0.8917972610019509
    endloop
  endfacet
  facet normal 0.36114524552070054 0.12171692432540904 0.9245318285329908
    outer loop
      vertex 2.8976377952755903 -0.38791151130880697 0.8824730143985302
      vertex 2.7716535433070866 -0.3751743535773837 0.9300087341962207
      vertex 2.7716535433070866 -0.4133858267716535 0.93503937007874
    endloop
  endfacet
  facet normal 0.36114524552070004 0.35685596573018374 0.8615265122795533
    outer loop
      vertex 2.8976377952755903 -0.3641732283464566 0.8726402956480745
      vertex 2.7716535433070866 -0.3395669291338582 0.915259656070537
      vertex 2.7716535433070866 -0.3751743535773837 0.9300087341962207
    endloop
  endfacet
  facet normal -1 0 0
    outer loop
      vertex 2.7716535433070866 -0.3183143871762728 0.812875890265996
      vertex 2.7716535433070866 -0.32814710592672847 0.8366141732283464
      vertex 2.7716535433070866 -0.27077866737858236 0.8256130479974193
    endloop
  endfacet
  facet normal -1 0 0
    outer loop
      vertex 2.7716535433070866 -0.3183143871762728 0.812875890265996
      vertex 2.7716535433070866 -0.27077866737858236 0.8256130479974193
      vertex 2.7716535433070866 -0.26574803149606296 0.7874015748031495
    endloop
  endfacet
  facet normal 0.3611452455207006 0.9245318285329909 0.12171692432540905
    outer loop
      vertex 2.8976377952755903 -0.3183143871762728 0.812875890265996
      vertex 2.7716535433070866 -0.26574803149606296 0.7874015748031495
      vertex 2.7716535433070866 -0.27077866737858236 0.8256130479974193
    endloop
  endfacet
  facet normal -1 0 0
    outer loop
      vertex 2.7716535433070866 -0.32814710592672847 0.8366141732283464
      vertex 2.7716535433070866 -0.28552774550426596 0.8612204724409448
      vertex 2.7716535433070866 -0.27077866737858236 0.8256130479974193
    endloop
  endfacet
  facet normal 0.36114524552070004 0.8615265122795533 0.35685596573018374
    outer loop
      vertex 2.8976377952755903 -0.32814710592672847 0.8366141732283464
      vertex 2.7716535433070866 -0.27077866737858236 0.8256130479974193
      vertex 2.7716535433070866 -0.28552774550426596 0.8612204724409448
    endloop
  endfacet
  facet normal 0.36114524552070065 0.8615265122795541 0.35685596573018097
    outer loop
      vertex 2.8976377952755903 -0.3183143871762728 0.812875890265996
      vertex 2.7716535433070866 -0.27077866737858236 0.8256130479974193
      vertex 2.8976377952755903 -0.32814710592672847 0.8366141732283464
    endloop
  endfacet
  facet normal -1 0 0
    outer loop
      vertex 2.7716535433070866 -0.32814710592672847 0.8366141732283464
      vertex 2.7716535433070866 -0.3437887026391193 0.8569986989356837
      vertex 2.7716535433070866 -0.28552774550426596 0.8612204724409448
    endloop
  endfacet
  facet normal -1 0 0
    outer loop
      vertex 2.7716535433070866 -0.3641732283464566 0.8726402956480745
      vertex 2.7716535433070866 -0.3089901405728521 0.8917972610019509
      vertex 2.7716535433070866 -0.28552774550426596 0.8612204724409448
    endloop
  endfacet
  facet normal 0.3611452455207008 0.7398095879541454 0.567675862802806
    outer loop
      vertex 2.7716535433070866 -0.28552774550426596 0.8612204724409448
      vertex 2.7716535433070866 -0.3089901405728521 0.8917972610019509
      vertex 2.8976377952755903 -0.3437887026391193 0.8569986989356837
    endloop
  endfacet
  facet normal 0.3611452455206998 0.7398095879541431 0.5676758628028098
    outer loop
      vertex 2.8976377952755903 -0.32814710592672847 0.8366141732283464
      vertex 2.7716535433070866 -0.28552774550426596 0.8612204724409448
      vertex 2.8976377952755903 -0.3437887026391193 0.8569986989356837
    endloop
  endfacet
  facet normal 0 -0.5 -0.8660254037844386
    outer loop
      vertex 2.5196850393700783 0.40038870004243354 0.6889763779527558
      vertex 2.3622047244094486 0.40038870004243354 0.6889763779527558
      vertex 2.3622047244094486 0.5708661417322836 0.5905511811023622
    endloop
  endfacet
  facet normal 1 0 0
    outer loop
      vertex 2.5196850393700783 0.40038870004243354 0.6889763779527558
      vertex 2.5196850393700783 0.4664704555334822 0.6830058886043482
      vertex 2.5196850393700783 0.44300806046489605 0.7135826771653543
    endloop
  endfacet
  facet normal 1 0 0
    outer loop
      vertex 2.5196850393700783 0.40038870004243354 0.6889763779527558
      vertex 2.5196850393700783 0.4970472440944882 0.659543493535762
      vertex 2.5196850393700783 0.4664704555334822 0.6830058886043482
    endloop
  endfacet
  facet normal 0 -1 0
    outer loop
      vertex 2.5196850393700783 0.40038870004243354 0.6889763779527558
      vertex 2.3622047244094486 0.40038870004243354 0.8858267716535433
      vertex 2.3622047244094486 0.40038870004243354 0.6889763779527558
    endloop
  endfacet
  facet normal 1 0 0
    outer loop
      vertex 2.5196850393700783 0.40038870004243354 0.6889763779527558
      vertex 2.5196850393700783 0.44300806046489605 0.7135826771653543
      vertex 2.5196850393700783 0.42825898233921245 0.7491901016088798
    endloop
  endfacet
  facet normal 1 0 0
    outer loop
      vertex 2.5196850393700783 0.40038870004243354 0.6889763779527558
      vertex 2.5196850393700783 0.42825898233921245 0.7491901016088798
      vertex 2.5196850393700783 0.42322834645669305 0.7874015748031495
    endloop
  endfacet
  facet normal 1 0 0
    outer loop
      vertex 2.5196850393700783 0.40038870004243354 0.6889763779527558
      vertex 2.5196850393700783 0.42322834645669305 0.7874015748031495
      vertex 2.5196850393700783 0.40038870004243354 0.8858267716535433
    endloop
  endfacet
  facet normal 0 0.4999999999999995 -0.866025403784439
    outer loop
      vertex 2.5196850393700783 0.5708661417322836 0.5905511811023622
      vertex 2.3622047244094486 0.5708661417322836 0.5905511811023622
      vertex 2.3622047244094486 0.7413435834221338 0.6889763779527558
    endloop
  endfacet
  facet normal -1 0 0
    outer loop
      vertex 2.3622047244094486 0.5708661417322836 0.5905511811023622
      vertex 2.3622047244094486 0.40038870004243354 0.6889763779527558
      vertex 2.3622047244094486 0.7413435834221338 0.6889763779527558
    endloop
  endfacet
  facet normal 0 -0.5 -0.8660254037844386
    outer loop
      vertex 2.5196850393700783 0.40038870004243354 0.6889763779527558
      vertex 2.3622047244094486 0.5708661417322836 0.5905511811023622
      vertex 2.5196850393700783 0.5708661417322836 0.5905511811023622
    endloop
  endfacet
  facet normal 1 0 0
    outer loop
      vertex 2.5196850393700783 0.40038870004243354 0.6889763779527558
      vertex 2.5196850393700783 0.5708661417322836 0.5905511811023622
      vertex 2.5196850393700783 0.4970472440944882 0.659543493535762
    endloop
  endfacet
  facet normal 1 0 0
    outer loop
      vertex 2.5196850393700783 0.5326546685380138 0.6447944154100784
      vertex 2.5196850393700783 0.5708661417322836 0.5905511811023622
      vertex 2.5196850393700783 0.5708661417322836 0.639763779527559
    endloop
  endfacet
  facet normal 1 0 0
    outer loop
      vertex 2.5196850393700783 0.5326546685380138 0.6447944154100784
      vertex 2.5196850393700783 0.4970472440944882 0.659543493535762
      vertex 2.5196850393700783 0.5708661417322836 0.5905511811023622
    endloop
  endfacet
  facet normal 1 0 0
    outer loop
      vertex 2.5196850393700783 0.5708661417322836 0.5905511811023622
      vertex 2.5196850393700783 0.6090776149265533 0.6447944154100784
      vertex 2.5196850393700783 0.5708661417322836 0.639763779527559
    endloop
  endfacet
  facet normal -1 0 0
    outer loop
      vertex 2.3622047244094486 0.40038870004243354 0.8858267716535433
      vertex 2.3622047244094486 0.7413435834221338 0.6889763779527558
      vertex 2.3622047244094486 0.40038870004243354 0.6889763779527558
    endloop
  endfacet
  facet normal 1 0 0
    outer loop
      vertex 2.5196850393700783 0.5708661417322836 0.5905511811023622
      vertex 2.5196850393700783 0.7413435834221338 0.6889763779527558
      vertex 2.5196850393700783 0.6090776149265533 0.6447944154100784
    endloop
  endfacet
  facet normal 0 0.4999999999999995 -0.866025403784439
    outer loop
      vertex 2.5196850393700783 0.5708661417322836 0.5905511811023622
      vertex 2.3622047244094486 0.7413435834221338 0.6889763779527558
      vertex 2.5196850393700783 0.7413435834221338 0.6889763779527558
    endloop
  endfacet
  facet normal 1 0 0
    outer loop
      vertex 2.5196850393700783 0.6090776149265533 0.6447944154100784
      vertex 2.5196850393700783 0.7413435834221338 0.6889763779527558
      vertex 2.5196850393700783 0.6446850393700789 0.659543493535762
    endloop
  endfacet
  facet normal 1 0 0
    outer loop
      vertex 2.5196850393700783 0.6446850393700789 0.659543493535762
      vertex 2.5196850393700783 0.7413435834221338 0.6889763779527558
      vertex 2.5196850393700783 0.6752618279310849 0.6830058886043482
    endloop
  endfacet
  facet normal 1 0 0
    outer loop
      vertex 2.5196850393700783 0.6752618279310849 0.6830058886043482
      vertex 2.5196850393700783 0.7413435834221338 0.6889763779527558
      vertex 2.5196850393700783 0.6987242229996711 0.7135826771653543
    endloop
  endfacet
  facet normal 1 0 0
    outer loop
      vertex 2.5196850393700783 0.6987242229996711 0.7135826771653543
      vertex 2.5196850393700783 0.7413435834221338 0.6889763779527558
      vertex 2.5196850393700783 0.7134733011253547 0.7491901016088798
    endloop
  endfacet
  facet normal 1 0 0
    outer loop
      vertex 2.5196850393700783 0.7413435834221338 0.6889763779527558
      vertex 2.5196850393700783 0.7185039370078741 0.7874015748031495
      vertex 2.5196850393700783 0.7134733011253547 0.7491901016088798
    endloop
  endfacet
  facet normal 0 1 0
    outer loop
      vertex 2.5196850393700783 0.7413435834221338 0.6889763779527558
      vertex 2.3622047244094486 0.7413435834221338 0.6889763779527558
      vertex 2.5196850393700783 0.7413435834221338 0.8858267716535433
    endloop
  endfacet
  facet normal 1 0 0
    outer loop
      vertex 2.5196850393700783 0.7413435834221338 0.6889763779527558
      vertex 2.5196850393700783 0.7413435834221338 0.8858267716535433
      vertex 2.5196850393700783 0.7185039370078741 0.7874015748031495
    endloop
  endfacet
  facet normal 0 -1 0
    outer loop
      vertex 2.5196850393700783 0.40038870004243354 0.6889763779527558
      vertex 2.5196850393700783 0.40038870004243354 0.8858267716535433
      vertex 2.3622047244094486 0.40038870004243354 0.8858267716535433
    endloop
  endfacet
  facet normal 1 0 0
    outer loop
      vertex 2.5196850393700783 0.42322834645669305 0.7874015748031495
      vertex 2.5196850393700783 0.42825898233921245 0.8256130479974193
      vertex 2.5196850393700783 0.40038870004243354 0.8858267716535433
    endloop
  endfacet
  facet normal 1 0 0
    outer loop
      vertex 2.5196850393700783 0.42825898233921245 0.8256130479974193
      vertex 2.5196850393700783 0.44300806046489605 0.8612204724409448
      vertex 2.5196850393700783 0.40038870004243354 0.8858267716535433
    endloop
  endfacet
  facet normal 1 0 0
    outer loop
      vertex 2.5196850393700783 0.40038870004243354 0.8858267716535433
      vertex 2.5196850393700783 0.44300806046489605 0.8612204724409448
      vertex 2.5196850393700783 0.4664704555334822 0.8917972610019509
    endloop
  endfacet
  facet normal 1 0 0
    outer loop
      vertex 2.5196850393700783 0.40038870004243354 0.8858267716535433
      vertex 2.5196850393700783 0.4664704555334822 0.8917972610019509
      vertex 2.5196850393700783 0.4970472440944882 0.915259656070537
    endloop
  endfacet
  facet normal 0 -0.5 0.8660254037844386
    outer loop
      vertex 2.5196850393700783 0.40038870004243354 0.8858267716535433
      vertex 2.5196850393700783 0.5708661417322836 0.9842519685039369
      vertex 2.3622047244094486 0.40038870004243354 0.8858267716535433
    endloop
  endfacet
  facet normal 1 0 0
    outer loop
      vertex 2.5196850393700783 0.40038870004243354 0.8858267716535433
      vertex 2.5196850393700783 0.4970472440944882 0.915259656070537
      vertex 2.5196850393700783 0.5326546685380138 0.9300087341962207
    endloop
  endfacet
  facet normal -1 0 0
    outer loop
      vertex 2.3622047244094486 0.7413435834221338 0.6889763779527558
      vertex 2.3622047244094486 0.40038870004243354 0.8858267716535433
      vertex 2.3622047244094486 0.7413435834221338 0.8858267716535433
    endloop
  endfacet
  facet normal 0 -0.5 0.8660254037844386
    outer loop
      vertex 2.5196850393700783 0.5708661417322836 0.9842519685039369
      vertex 2.3622047244094486 0.5708661417322836 0.9842519685039369
      vertex 2.3622047244094486 0.40038870004243354 0.8858267716535433
    endloop
  endfacet
  facet normal -1 0 0
    outer loop
      vertex 2.3622047244094486 0.7413435834221338 0.8858267716535433
      vertex 2.3622047244094486 0.40038870004243354 0.8858267716535433
      vertex 2.3622047244094486 0.5708661417322836 0.9842519685039369
    endloop
  endfacet
  facet normal 1 0 0
    outer loop
      vertex 2.5196850393700783 0.40038870004243354 0.8858267716535433
      vertex 2.5196850393700783 0.5326546685380138 0.9300087341962207
      vertex 2.5196850393700783 0.5708661417322836 0.9842519685039369
    endloop
  endfacet
  facet normal 1 0 0
    outer loop
      vertex 2.5196850393700783 0.5326546685380138 0.9300087341962207
      vertex 2.5196850393700783 0.5708661417322836 0.93503937007874
      vertex 2.5196850393700783 0.5708661417322836 0.9842519685039369
    endloop
  endfacet
  facet normal 1 0 0
    outer loop
      vertex 2.5196850393700783 0.5708661417322836 0.93503937007874
      vertex 2.5196850393700783 0.6090776149265533 0.9300087341962207
      vertex 2.5196850393700783 0.5708661417322836 0.9842519685039369
    endloop
  endfacet
  facet normal 1 0 0
    outer loop
      vertex 2.5196850393700783 0.6090776149265533 0.9300087341962207
      vertex 2.5196850393700783 0.6446850393700789 0.915259656070537
      vertex 2.5196850393700783 0.5708661417322836 0.9842519685039369
    endloop
  endfacet
  facet normal 0 0.4999999999999995 0.866025403784439
    outer loop
      vertex 2.5196850393700783 0.7413435834221338 0.8858267716535433
      vertex 2.3622047244094486 0.5708661417322836 0.9842519685039369
      vertex 2.5196850393700783 0.5708661417322836 0.9842519685039369
    endloop
  endfacet
  facet normal 0 1 0
    outer loop
      vertex 2.5196850393700783 0.7413435834221338 0.8858267716535433
      vertex 2.3622047244094486 0.7413435834221338 0.6889763779527558
      vertex 2.3622047244094486 0.7413435834221338 0.8858267716535433
    endloop
  endfacet
  facet normal 1 0 0
    outer loop
      vertex 2.5196850393700783 0.7134733011253547 0.8256130479974193
      vertex 2.5196850393700783 0.7413435834221338 0.8858267716535433
      vertex 2.5196850393700783 0.6987242229996711 0.8612204724409448
    endloop
  endfacet
  facet normal 1 0 0
    outer loop
      vertex 2.5196850393700783 0.6752618279310849 0.8917972610019509
      vertex 2.5196850393700783 0.7413435834221338 0.8858267716535433
      vertex 2.5196850393700783 0.6446850393700789 0.915259656070537
    endloop
  endfacet
  facet normal 1 0 0
    outer loop
      vertex 2.5196850393700783 0.6987242229996711 0.8612204724409448
      vertex 2.5196850393700783 0.7413435834221338 0.8858267716535433
      vertex 2.5196850393700783 0.6752618279310849 0.8917972610019509
    endloop
  endfacet
  facet normal 1 0 0
    outer loop
      vertex 2.5196850393700783 0.7185039370078741 0.7874015748031495
      vertex 2.5196850393700783 0.7413435834221338 0.8858267716535433
      vertex 2.5196850393700783 0.7134733011253547 0.8256130479974193
    endloop
  endfacet
  facet normal 0 0.4999999999999995 0.866025403784439
    outer loop
      vertex 2.5196850393700783 0.7413435834221338 0.8858267716535433
      vertex 2.3622047244094486 0.7413435834221338 0.8858267716535433
      vertex 2.3622047244094486 0.5708661417322836 0.9842519685039369
    endloop
  endfacet
  facet normal 1 0 0
    outer loop
      vertex 2.5196850393700783 0.6446850393700789 0.915259656070537
      vertex 2.5196850393700783 0.7413435834221338 0.8858267716535433
      vertex 2.5196850393700783 0.5708661417322836 0.9842519685039369
    endloop
  endfacet
  facet normal 0 -0.4999999999999997 -0.8660254037844388
    outer loop
      vertex 2.5196850393700783 -0.5838632684615036 0.6889763779527558
      vertex 2.3622047244094486 -0.5838632684615036 0.6889763779527558
      vertex 2.3622047244094486 -0.4133858267716535 0.5905511811023622
    endloop
  endfacet
  facet normal 1 0 0
    outer loop
      vertex 2.5196850393700783 -0.5838632684615036 0.6889763779527558
      vertex 2.5196850393700783 -0.4133858267716535 0.5905511811023622
      vertex 2.5196850393700783 -0.48720472440944873 0.659543493535762
    endloop
  endfacet
  facet normal 1 0 0
    outer loop
      vertex 2.5196850393700783 -0.5838632684615036 0.6889763779527558
      vertex 2.5196850393700783 -0.5177815129704548 0.6830058886043482
      vertex 2.5196850393700783 -0.541243908039041 0.7135826771653543
    endloop
  endfacet
  facet normal 1 0 0
    outer loop
      vertex 2.5196850393700783 -0.5838632684615036 0.6889763779527558
      vertex 2.5196850393700783 -0.48720472440944873 0.659543493535762
      vertex 2.5196850393700783 -0.5177815129704548 0.6830058886043482
    endloop
  endfacet
  facet normal 0 -1 0
    outer loop
      vertex 2.5196850393700783 -0.5838632684615036 0.6889763779527558
      vertex 2.3622047244094486 -0.5838632684615036 0.8858267716535433
      vertex 2.3622047244094486 -0.5838632684615036 0.6889763779527558
    endloop
  endfacet
  facet normal 1 0 0
    outer loop
      vertex 2.5196850393700783 -0.5838632684615036 0.6889763779527558
      vertex 2.5196850393700783 -0.541243908039041 0.7135826771653543
      vertex 2.5196850393700783 -0.5559929861647246 0.7491901016088798
    endloop
  endfacet
  facet normal 1 0 0
    outer loop
      vertex 2.5196850393700783 -0.5838632684615036 0.6889763779527558
      vertex 2.5196850393700783 -0.5559929861647246 0.7491901016088798
      vertex 2.5196850393700783 -0.561023622047244 0.7874015748031495
    endloop
  endfacet
  facet normal 1 0 0
    outer loop
      vertex 2.5196850393700783 -0.5838632684615036 0.6889763779527558
      vertex 2.5196850393700783 -0.561023622047244 0.7874015748031495
      vertex 2.5196850393700783 -0.5838632684615036 0.8858267716535433
    endloop
  endfacet
  facet normal -1 0 0
    outer loop
      vertex 2.3622047244094486 -0.4133858267716535 0.5905511811023622
      vertex 2.3622047244094486 -0.5838632684615036 0.6889763779527558
      vertex 2.3622047244094486 -0.24290838508180346 0.6889763779527558
    endloop
  endfacet
  facet normal 0 0.5 -0.8660254037844386
    outer loop
      vertex 2.5196850393700783 -0.4133858267716535 0.5905511811023622
      vertex 2.3622047244094486 -0.4133858267716535 0.5905511811023622
      vertex 2.3622047244094486 -0.24290838508180346 0.6889763779527558
    endloop
  endfacet
  facet normal 0 -0.4999999999999997 -0.8660254037844388
    outer loop
      vertex 2.5196850393700783 -0.5838632684615036 0.6889763779527558
      vertex 2.3622047244094486 -0.4133858267716535 0.5905511811023622
      vertex 2.5196850393700783 -0.4133858267716535 0.5905511811023622
    endloop
  endfacet
  facet normal 1 0 0
    outer loop
      vertex 2.5196850393700783 -0.45159729996592324 0.6447944154100784
      vertex 2.5196850393700783 -0.48720472440944873 0.659543493535762
      vertex 2.5196850393700783 -0.4133858267716535 0.5905511811023622
    endloop
  endfacet
  facet normal 1 0 0
    outer loop
      vertex 2.5196850393700783 -0.45159729996592324 0.6447944154100784
      vertex 2.5196850393700783 -0.4133858267716535 0.5905511811023622
      vertex 2.5196850393700783 -0.4133858267716535 0.639763779527559
    endloop
  endfacet
  facet normal 1 0 0
    outer loop
      vertex 2.5196850393700783 -0.4133858267716535 0.5905511811023622
      vertex 2.5196850393700783 -0.3751743535773837 0.6447944154100784
      vertex 2.5196850393700783 -0.4133858267716535 0.639763779527559
    endloop
  endfacet
  facet normal 1 0 0
    outer loop
      vertex 2.5196850393700783 -0.4133858267716535 0.5905511811023622
      vertex 2.5196850393700783 -0.24290838508180346 0.6889763779527558
      vertex 2.5196850393700783 -0.3751743535773837 0.6447944154100784
    endloop
  endfacet
  facet normal -1 0 0
    outer loop
      vertex 2.3622047244094486 -0.24290838508180346 0.6889763779527558
      vertex 2.3622047244094486 -0.5838632684615036 0.6889763779527558
      vertex 2.3622047244094486 -0.5838632684615036 0.8858267716535433
    endloop
  endfacet
  facet normal 0 0.5 -0.8660254037844386
    outer loop
      vertex 2.5196850393700783 -0.4133858267716535 0.5905511811023622
      vertex 2.3622047244094486 -0.24290838508180346 0.6889763779527558
      vertex 2.5196850393700783 -0.24290838508180346 0.6889763779527558
    endloop
  endfacet
  facet normal 1 0 0
    outer loop
      vertex 2.5196850393700783 -0.3751743535773837 0.6447944154100784
      vertex 2.5196850393700783 -0.24290838508180346 0.6889763779527558
      vertex 2.5196850393700783 -0.3395669291338582 0.659543493535762
    endloop
  endfacet
  facet normal 1 0 0
    outer loop
      vertex 2.5196850393700783 -0.3395669291338582 0.659543493535762
      vertex 2.5196850393700783 -0.24290838508180346 0.6889763779527558
      vertex 2.5196850393700783 -0.3089901405728521 0.6830058886043482
    endloop
  endfacet
  facet normal 1 0 0
    outer loop
      vertex 2.5196850393700783 -0.3089901405728521 0.6830058886043482
      vertex 2.5196850393700783 -0.24290838508180346 0.6889763779527558
      vertex 2.5196850393700783 -0.28552774550426596 0.7135826771653543
    endloop
  endfacet
  facet normal 1 0 0
    outer loop
      vertex 2.5196850393700783 -0.28552774550426596 0.7135826771653543
      vertex 2.5196850393700783 -0.24290838508180346 0.6889763779527558
      vertex 2.5196850393700783 -0.27077866737858236 0.7491901016088798
    endloop
  endfacet
  facet normal 1 0 0
    outer loop
      vertex 2.5196850393700783 -0.24290838508180346 0.6889763779527558
      vertex 2.5196850393700783 -0.26574803149606296 0.7874015748031495
      vertex 2.5196850393700783 -0.27077866737858236 0.7491901016088798
    endloop
  endfacet
  facet normal 0 1 0
    outer loop
      vertex 2.5196850393700783 -0.24290838508180346 0.6889763779527558
      vertex 2.3622047244094486 -0.24290838508180346 0.6889763779527558
      vertex 2.5196850393700783 -0.24290838508180346 0.8858267716535433
    endloop
  endfacet
  facet normal 1 0 0
    outer loop
      vertex 2.5196850393700783 -0.24290838508180346 0.6889763779527558
      vertex 2.5196850393700783 -0.24290838508180346 0.8858267716535433
      vertex 2.5196850393700783 -0.26574803149606296 0.7874015748031495
    endloop
  endfacet
  facet normal 0 -1 0
    outer loop
      vertex 2.5196850393700783 -0.5838632684615036 0.6889763779527558
      vertex 2.5196850393700783 -0.5838632684615036 0.8858267716535433
      vertex 2.3622047244094486 -0.5838632684615036 0.8858267716535433
    endloop
  endfacet
  facet normal 1 0 0
    outer loop
      vertex 2.5196850393700783 -0.5838632684615036 0.8858267716535433
      vertex 2.5196850393700783 -0.561023622047244 0.7874015748031495
      vertex 2.5196850393700783 -0.5559929861647246 0.8256130479974193
    endloop
  endfacet
  facet normal 1 0 0
    outer loop
      vertex 2.5196850393700783 -0.5838632684615036 0.8858267716535433
      vertex 2.5196850393700783 -0.5559929861647246 0.8256130479974193
      vertex 2.5196850393700783 -0.541243908039041 0.8612204724409448
    endloop
  endfacet
  facet normal 1 0 0
    outer loop
      vertex 2.5196850393700783 -0.5838632684615036 0.8858267716535433
      vertex 2.5196850393700783 -0.541243908039041 0.8612204724409448
      vertex 2.5196850393700783 -0.5177815129704548 0.8917972610019509
    endloop
  endfacet
  facet normal 1 0 0
    outer loop
      vertex 2.5196850393700783 -0.5838632684615036 0.8858267716535433
      vertex 2.5196850393700783 -0.5177815129704548 0.8917972610019509
      vertex 2.5196850393700783 -0.48720472440944873 0.915259656070537
    endloop
  endfacet
  facet normal 0 -0.4999999999999997 0.8660254037844388
    outer loop
      vertex 2.5196850393700783 -0.5838632684615036 0.8858267716535433
      vertex 2.5196850393700783 -0.4133858267716535 0.9842519685039369
      vertex 2.3622047244094486 -0.5838632684615036 0.8858267716535433
    endloop
  endfacet
  facet normal 1 0 0
    outer loop
      vertex 2.5196850393700783 -0.5838632684615036 0.8858267716535433
      vertex 2.5196850393700783 -0.48720472440944873 0.915259656070537
      vertex 2.5196850393700783 -0.45159729996592324 0.9300087341962207
    endloop
  endfacet
  facet normal 1 0 0
    outer loop
      vertex 2.5196850393700783 -0.5838632684615036 0.8858267716535433
      vertex 2.5196850393700783 -0.45159729996592324 0.9300087341962207
      vertex 2.5196850393700783 -0.4133858267716535 0.9842519685039369
    endloop
  endfacet
  facet normal -1 0 0
    outer loop
      vertex 2.3622047244094486 -0.24290838508180346 0.6889763779527558
      vertex 2.3622047244094486 -0.5838632684615036 0.8858267716535433
      vertex 2.3622047244094486 -0.24290838508180346 0.8858267716535433
    endloop
  endfacet
  facet normal -1 0 0
    outer loop
      vertex 2.3622047244094486 -0.24290838508180346 0.8858267716535433
      vertex 2.3622047244094486 -0.5838632684615036 0.8858267716535433
      vertex 2.3622047244094486 -0.4133858267716535 0.9842519685039369
    endloop
  endfacet
  facet normal 0 -0.4999999999999997 0.8660254037844388
    outer loop
      vertex 2.5196850393700783 -0.4133858267716535 0.9842519685039369
      vertex 2.3622047244094486 -0.4133858267716535 0.9842519685039369
      vertex 2.3622047244094486 -0.5838632684615036 0.8858267716535433
    endloop
  endfacet
  facet normal 1 0 0
    outer loop
      vertex 2.5196850393700783 -0.45159729996592324 0.9300087341962207
      vertex 2.5196850393700783 -0.4133858267716535 0.93503937007874
      vertex 2.5196850393700783 -0.4133858267716535 0.9842519685039369
    endloop
  endfacet
  facet normal 1 0 0
    outer loop
      vertex 2.5196850393700783 -0.4133858267716535 0.93503937007874
      vertex 2.5196850393700783 -0.3751743535773837 0.9300087341962207
      vertex 2.5196850393700783 -0.4133858267716535 0.9842519685039369
    endloop
  endfacet
  facet normal 1 0 0
    outer loop
      vertex 2.5196850393700783 -0.3751743535773837 0.9300087341962207
      vertex 2.5196850393700783 -0.3395669291338582 0.915259656070537
      vertex 2.5196850393700783 -0.4133858267716535 0.9842519685039369
    endloop
  endfacet
  facet normal 1 0 0
    outer loop
      vertex 2.5196850393700783 -0.3395669291338582 0.915259656070537
      vertex 2.5196850393700783 -0.24290838508180346 0.8858267716535433
      vertex 2.5196850393700783 -0.4133858267716535 0.9842519685039369
    endloop
  endfacet
  facet normal 0 0.5 0.8660254037844386
    outer loop
      vertex 2.5196850393700783 -0.4133858267716535 0.9842519685039369
      vertex 2.5196850393700783 -0.24290838508180346 0.8858267716535433
      vertex 2.3622047244094486 -0.4133858267716535 0.9842519685039369
    endloop
  endfacet
  facet normal 0 1 0
    outer loop
      vertex 2.5196850393700783 -0.24290838508180346 0.8858267716535433
      vertex 2.3622047244094486 -0.24290838508180346 0.6889763779527558
      vertex 2.3622047244094486 -0.24290838508180346 0.8858267716535433
    endloop
  endfacet
  facet normal 1 0 0
    outer loop
      vertex 2.5196850393700783 -0.26574803149606296 0.7874015748031495
      vertex 2.5196850393700783 -0.24290838508180346 0.8858267716535433
      vertex 2.5196850393700783 -0.27077866737858236 0.8256130479974193
    endloop
  endfacet
  facet normal 1 0 0
    outer loop
      vertex 2.5196850393700783 -0.3089901405728521 0.8917972610019509
      vertex 2.5196850393700783 -0.24290838508180346 0.8858267716535433
      vertex 2.5196850393700783 -0.3395669291338582 0.915259656070537
    endloop
  endfacet
  facet normal 1 0 0
    outer loop
      vertex 2.5196850393700783 -0.27077866737858236 0.8256130479974193
      vertex 2.5196850393700783 -0.24290838508180346 0.8858267716535433
      vertex 2.5196850393700783 -0.28552774550426596 0.8612204724409448
    endloop
  endfacet
  facet normal 1 0 0
    outer loop
      vertex 2.5196850393700783 -0.28552774550426596 0.8612204724409448
      vertex 2.5196850393700783 -0.24290838508180346 0.8858267716535433
      vertex 2.5196850393700783 -0.3089901405728521 0.8917972610019509
    endloop
  endfacet
  facet normal 0 0.5 0.8660254037844386
    outer loop
      vertex 2.5196850393700783 -0.24290838508180346 0.8858267716535433
      vertex 2.3622047244094486 -0.24290838508180346 0.8858267716535433
      vertex 2.3622047244094486 -0.4133858267716535 0.9842519685039369
    endloop
  endfacet
  facet normal 0 -0.8314696123025442 -0.5555702330196037
    outer loop
      vertex 2.8976377952755903 0.520756212356859 0.737291645427725
      vertex 2.9133858267716533 0.520756212356859 0.737291645427725
      vertex 2.8976377952755903 0.5053943638377829 0.7602822764465684
    endloop
  endfacet
  facet normal 0 -0.19509032201612767 -0.9807852804032305
    outer loop
      vertex 2.8976377952755903 0.5437468433757024 0.7219297969086489
      vertex 2.9133858267716533 0.5708661417322836 0.7165354330708661
      vertex 2.9133858267716533 0.5437468433757024 0.7219297969086489
    endloop
  endfacet
  facet normal 0 -0.5555702330196037 -0.8314696123025442
    outer loop
      vertex 2.8976377952755903 0.520756212356859 0.737291645427725
      vertex 2.9133858267716533 0.5437468433757024 0.7219297969086489
      vertex 2.9133858267716533 0.520756212356859 0.737291645427725
    endloop
  endfacet
  facet normal 0 -0.5555702330196037 -0.8314696123025442
    outer loop
      vertex 2.8976377952755903 0.520756212356859 0.737291645427725
      vertex 2.8976377952755903 0.5437468433757024 0.7219297969086489
      vertex 2.9133858267716533 0.5437468433757024 0.7219297969086489
    endloop
  endfacet
  facet normal 0 -0.8314696123025442 -0.5555702330196037
    outer loop
      vertex 2.9133858267716533 0.520756212356859 0.737291645427725
      vertex 2.9133858267716533 0.5053943638377829 0.7602822764465684
      vertex 2.8976377952755903 0.5053943638377829 0.7602822764465684
    endloop
  endfacet
  facet normal 0 -0.9807852804032298 -0.19509032201613152
    outer loop
      vertex 2.8976377952755903 0.5053943638377829 0.7602822764465684
      vertex 2.9133858267716533 0.5053943638377829 0.7602822764465684
      vertex 2.8976377952755903 0.5 0.7874015748031495
    endloop
  endfacet
  facet normal 0 -0.9807852804032298 -0.19509032201613152
    outer loop
      vertex 2.9133858267716533 0.5053943638377829 0.7602822764465684
      vertex 2.9133858267716533 0.5 0.7874015748031495
      vertex 2.8976377952755903 0.5 0.7874015748031495
    endloop
  endfacet
  facet normal 0 -0.9807852804032298 0.19509032201613152
    outer loop
      vertex 2.8976377952755903 0.5 0.7874015748031495
      vertex 2.9133858267716533 0.5 0.7874015748031495
      vertex 2.8976377952755903 0.5053943638377829 0.8145208731597307
    endloop
  endfacet
  facet normal 1 0 0
    outer loop
      vertex 2.9133858267716533 0.520756212356859 0.737291645427725
      vertex 2.9133858267716533 0.6363379196267842 0.7602822764465684
      vertex 2.9133858267716533 0.5053943638377829 0.7602822764465684
    endloop
  endfacet
  facet normal 1 0 0
    outer loop
      vertex 2.9133858267716533 0.5053943638377829 0.7602822764465684
      vertex 2.9133858267716533 0.6417322834645671 0.7874015748031495
      vertex 2.9133858267716533 0.5 0.7874015748031495
    endloop
  endfacet
  facet normal 0 -0.19509032201612767 -0.9807852804032305
    outer loop
      vertex 2.8976377952755903 0.5437468433757024 0.7219297969086489
      vertex 2.8976377952755903 0.5708661417322836 0.7165354330708661
      vertex 2.9133858267716533 0.5708661417322836 0.7165354330708661
    endloop
  endfacet
  facet normal 1 0 0
    outer loop
      vertex 2.9133858267716533 0.5437468433757024 0.7219297969086489
      vertex 2.9133858267716533 0.5708661417322836 0.7165354330708661
      vertex 2.9133858267716533 0.5979854400888647 0.7219297969086489
    endloop
  endfacet
  facet normal 0 0.19509032201612767 -0.9807852804032305
    outer loop
      vertex 2.8976377952755903 0.5708661417322836 0.7165354330708661
      vertex 2.9133858267716533 0.5979854400888647 0.7219297969086489
      vertex 2.9133858267716533 0.5708661417322836 0.7165354330708661
    endloop
  endfacet
  facet normal 0 0.19509032201612767 -0.9807852804032305
    outer loop
      vertex 2.8976377952755903 0.5708661417322836 0.7165354330708661
      vertex 2.8976377952755903 0.5979854400888647 0.7219297969086489
      vertex 2.9133858267716533 0.5979854400888647 0.7219297969086489
    endloop
  endfacet
  facet normal 1 0 0
    outer loop
      vertex 2.9133858267716533 0.520756212356859 0.737291645427725
      vertex 2.9133858267716533 0.5437468433757024 0.7219297969086489
      vertex 2.9133858267716533 0.6209760711077081 0.737291645427725
    endloop
  endfacet
  facet normal 1 0 0
    outer loop
      vertex 2.9133858267716533 0.5437468433757024 0.7219297969086489
      vertex 2.9133858267716533 0.5979854400888647 0.7219297969086489
      vertex 2.9133858267716533 0.6209760711077081 0.737291645427725
    endloop
  endfacet
  facet normal 1 0 0
    outer loop
      vertex 2.9133858267716533 0.520756212356859 0.737291645427725
      vertex 2.9133858267716533 0.6209760711077081 0.737291645427725
      vertex 2.9133858267716533 0.6363379196267842 0.7602822764465684
    endloop
  endfacet
  facet normal 0 0.5555702330196037 -0.8314696123025442
    outer loop
      vertex 2.8976377952755903 0.5979854400888647 0.7219297969086489
      vertex 2.9133858267716533 0.6209760711077081 0.737291645427725
      vertex 2.9133858267716533 0.5979854400888647 0.7219297969086489
    endloop
  endfacet
  facet normal 0 0.5555702330196037 -0.8314696123025442
    outer loop
      vertex 2.8976377952755903 0.5979854400888647 0.7219297969086489
      vertex 2.8976377952755903 0.6209760711077081 0.737291645427725
      vertex 2.9133858267716533 0.6209760711077081 0.737291645427725
    endloop
  endfacet
  facet normal 0 0.8314696123025442 -0.5555702330196037
    outer loop
      vertex 2.8976377952755903 0.6209760711077081 0.737291645427725
      vertex 2.9133858267716533 0.6363379196267842 0.7602822764465684
      vertex 2.9133858267716533 0.6209760711077081 0.737291645427725
    endloop
  endfacet
  facet normal 1 0 0
    outer loop
      vertex 2.9133858267716533 0.5053943638377829 0.7602822764465684
      vertex 2.9133858267716533 0.6363379196267842 0.7602822764465684
      vertex 2.9133858267716533 0.6417322834645671 0.7874015748031495
    endloop
  endfacet
  facet normal 1 0 0
    outer loop
      vertex 2.9133858267716533 0.5 0.7874015748031495
      vertex 2.9133858267716533 0.6417322834645671 0.7874015748031495
      vertex 2.9133858267716533 0.6363379196267842 0.8145208731597307
    endloop
  endfacet
  facet normal 0 0.8314696123025442 -0.5555702330196037
    outer loop
      vertex 2.8976377952755903 0.6209760711077081 0.737291645427725
      vertex 2.8976377952755903 0.6363379196267842 0.7602822764465684
      vertex 2.9133858267716533 0.6363379196267842 0.7602822764465684
    endloop
  endfacet
  facet normal 0 0.9807852804032298 -0.19509032201613152
    outer loop
      vertex 2.8976377952755903 0.6363379196267842 0.7602822764465684
      vertex 2.9133858267716533 0.6417322834645671 0.7874015748031495
      vertex 2.9133858267716533 0.6363379196267842 0.7602822764465684
    endloop
  endfacet
  facet normal 0 0.9807852804032298 -0.19509032201613152
    outer loop
      vertex 2.8976377952755903 0.6363379196267842 0.7602822764465684
      vertex 2.8976377952755903 0.6417322834645671 0.7874015748031495
      vertex 2.9133858267716533 0.6417322834645671 0.7874015748031495
    endloop
  endfacet
  facet normal 0 0.9807852804032298 0.19509032201613152
    outer loop
      vertex 2.8976377952755903 0.6417322834645671 0.7874015748031495
      vertex 2.9133858267716533 0.6363379196267842 0.8145208731597307
      vertex 2.9133858267716533 0.6417322834645671 0.7874015748031495
    endloop
  endfacet
  facet normal 0 -0.9807852804032298 0.19509032201613152
    outer loop
      vertex 2.9133858267716533 0.5 0.7874015748031495
      vertex 2.9133858267716533 0.5053943638377829 0.8145208731597307
      vertex 2.8976377952755903 0.5053943638377829 0.8145208731597307
    endloop
  endfacet
  facet normal 0 -0.8314696123025442 0.5555702330196037
    outer loop
      vertex 2.8976377952755903 0.5053943638377829 0.8145208731597307
      vertex 2.9133858267716533 0.5053943638377829 0.8145208731597307
      vertex 2.8976377952755903 0.520756212356859 0.8375115041785741
    endloop
  endfacet
  facet normal 0 -0.8314696123025442 0.5555702330196037
    outer loop
      vertex 2.9133858267716533 0.5053943638377829 0.8145208731597307
      vertex 2.9133858267716533 0.520756212356859 0.8375115041785741
      vertex 2.8976377952755903 0.520756212356859 0.8375115041785741
    endloop
  endfacet
  facet normal 1 0 0
    outer loop
      vertex 2.9133858267716533 0.5 0.7874015748031495
      vertex 2.9133858267716533 0.6363379196267842 0.8145208731597307
      vertex 2.9133858267716533 0.5053943638377829 0.8145208731597307
    endloop
  endfacet
  facet normal 0 -0.5555702330196037 0.8314696123025442
    outer loop
      vertex 2.8976377952755903 0.520756212356859 0.8375115041785741
      vertex 2.9133858267716533 0.520756212356859 0.8375115041785741
      vertex 2.8976377952755903 0.5437468433757024 0.8528733526976502
    endloop
  endfacet
  facet normal 0 -0.5555702330196037 0.8314696123025442
    outer loop
      vertex 2.9133858267716533 0.520756212356859 0.8375115041785741
      vertex 2.9133858267716533 0.5437468433757024 0.8528733526976502
      vertex 2.8976377952755903 0.5437468433757024 0.8528733526976502
    endloop
  endfacet
  facet normal 1 0 0
    outer loop
      vertex 2.9133858267716533 0.5053943638377829 0.8145208731597307
      vertex 2.9133858267716533 0.6209760711077081 0.8375115041785741
      vertex 2.9133858267716533 0.520756212356859 0.8375115041785741
    endloop
  endfacet
  facet normal 1 0 0
    outer loop
      vertex 2.9133858267716533 0.520756212356859 0.8375115041785741
      vertex 2.9133858267716533 0.5979854400888647 0.8528733526976502
      vertex 2.9133858267716533 0.5437468433757024 0.8528733526976502
    endloop
  endfacet
  facet normal 0 -0.19509032201612767 0.9807852804032305
    outer loop
      vertex 2.8976377952755903 0.5437468433757024 0.8528733526976502
      vertex 2.9133858267716533 0.5437468433757024 0.8528733526976502
      vertex 2.8976377952755903 0.5708661417322836 0.858267716535433
    endloop
  endfacet
  facet normal 1 0 0
    outer loop
      vertex 2.9133858267716533 0.5053943638377829 0.8145208731597307
      vertex 2.9133858267716533 0.6363379196267842 0.8145208731597307
      vertex 2.9133858267716533 0.6209760711077081 0.8375115041785741
    endloop
  endfacet
  facet normal 1 0 0
    outer loop
      vertex 2.9133858267716533 0.520756212356859 0.8375115041785741
      vertex 2.9133858267716533 0.6209760711077081 0.8375115041785741
      vertex 2.9133858267716533 0.5979854400888647 0.8528733526976502
    endloop
  endfacet
  facet normal 0 0.9807852804032298 0.19509032201613152
    outer loop
      vertex 2.8976377952755903 0.6417322834645671 0.7874015748031495
      vertex 2.8976377952755903 0.6363379196267842 0.8145208731597307
      vertex 2.9133858267716533 0.6363379196267842 0.8145208731597307
    endloop
  endfacet
  facet normal 0 0.8314696123025442 0.5555702330196037
    outer loop
      vertex 2.9133858267716533 0.6209760711077081 0.8375115041785741
      vertex 2.9133858267716533 0.6363379196267842 0.8145208731597307
      vertex 2.8976377952755903 0.6363379196267842 0.8145208731597307
    endloop
  endfacet
  facet normal 0 0.5555702330196037 0.8314696123025442
    outer loop
      vertex 2.8976377952755903 0.6209760711077081 0.8375115041785741
      vertex 2.8976377952755903 0.5979854400888647 0.8528733526976502
      vertex 2.9133858267716533 0.5979854400888647 0.8528733526976502
    endloop
  endfacet
  facet normal 0 0.5555702330196037 0.8314696123025442
    outer loop
      vertex 2.8976377952755903 0.6209760711077081 0.8375115041785741
      vertex 2.9133858267716533 0.5979854400888647 0.8528733526976502
      vertex 2.9133858267716533 0.6209760711077081 0.8375115041785741
    endloop
  endfacet
  facet normal 0 0.8314696123025442 0.5555702330196037
    outer loop
      vertex 2.8976377952755903 0.6209760711077081 0.8375115041785741
      vertex 2.9133858267716533 0.6209760711077081 0.8375115041785741
      vertex 2.8976377952755903 0.6363379196267842 0.8145208731597307
    endloop
  endfacet
  facet normal 0 -0.19509032201612767 0.9807852804032305
    outer loop
      vertex 2.9133858267716533 0.5437468433757024 0.8528733526976502
      vertex 2.9133858267716533 0.5708661417322836 0.858267716535433
      vertex 2.8976377952755903 0.5708661417322836 0.858267716535433
    endloop
  endfacet
  facet normal 1 0 0
    outer loop
      vertex 2.9133858267716533 0.5437468433757024 0.8528733526976502
      vertex 2.9133858267716533 0.5979854400888647 0.8528733526976502
      vertex 2.9133858267716533 0.5708661417322836 0.858267716535433
    endloop
  endfacet
  facet normal 0 0.19509032201612767 0.9807852804032305
    outer loop
      vertex 2.8976377952755903 0.5708661417322836 0.858267716535433
      vertex 2.9133858267716533 0.5708661417322836 0.858267716535433
      vertex 2.8976377952755903 0.5979854400888647 0.8528733526976502
    endloop
  endfacet
  facet normal 0 0.19509032201612767 0.9807852804032305
    outer loop
      vertex 2.9133858267716533 0.5708661417322836 0.858267716535433
      vertex 2.9133858267716533 0.5979854400888647 0.8528733526976502
      vertex 2.8976377952755903 0.5979854400888647 0.8528733526976502
    endloop
  endfacet
  facet normal 0 -0.9807852804032305 -0.19509032201612767
    outer loop
      vertex 2.8976377952755903 -0.4788576046661541 0.7602822764465684
      vertex 2.9133858267716533 -0.4788576046661541 0.7602822764465684
      vertex 2.8976377952755903 -0.4842519685039369 0.7874015748031495
    endloop
  endfacet
  facet normal 0 -0.9807852804032305 -0.19509032201612767
    outer loop
      vertex 2.9133858267716533 -0.4788576046661541 0.7602822764465684
      vertex 2.9133858267716533 -0.4842519685039369 0.7874015748031495
      vertex 2.8976377952755903 -0.4842519685039369 0.7874015748031495
    endloop
  endfacet
  facet normal 0 -0.9807852804032305 0.19509032201612767
    outer loop
      vertex 2.8976377952755903 -0.4842519685039369 0.7874015748031495
      vertex 2.9133858267716533 -0.4842519685039369 0.7874015748031495
      vertex 2.8976377952755903 -0.4788576046661541 0.8145208731597307
    endloop
  endfacet
  facet normal 0 -0.8314696123025442 -0.5555702330196037
    outer loop
      vertex 2.8976377952755903 -0.46349575614707805 0.737291645427725
      vertex 2.9133858267716533 -0.46349575614707805 0.737291645427725
      vertex 2.8976377952755903 -0.4788576046661541 0.7602822764465684
    endloop
  endfacet
  facet normal 0 -0.5555702330196037 -0.8314696123025442
    outer loop
      vertex 2.8976377952755903 -0.46349575614707805 0.737291645427725
      vertex 2.9133858267716533 -0.4405051251282346 0.7219297969086489
      vertex 2.9133858267716533 -0.46349575614707805 0.737291645427725
    endloop
  endfacet
  facet normal 0 -0.5555702330196037 -0.8314696123025442
    outer loop
      vertex 2.8976377952755903 -0.46349575614707805 0.737291645427725
      vertex 2.8976377952755903 -0.4405051251282346 0.7219297969086489
      vertex 2.9133858267716533 -0.4405051251282346 0.7219297969086489
    endloop
  endfacet
  facet normal 0 -0.19509032201612767 -0.9807852804032305
    outer loop
      vertex 2.9133858267716533 -0.4133858267716535 0.7165354330708661
      vertex 2.9133858267716533 -0.4405051251282346 0.7219297969086489
      vertex 2.8976377952755903 -0.4405051251282346 0.7219297969086489
    endloop
  endfacet
  facet normal 0 -0.19509032201612767 -0.9807852804032305
    outer loop
      vertex 2.8976377952755903 -0.4133858267716535 0.7165354330708661
      vertex 2.9133858267716533 -0.4133858267716535 0.7165354330708661
      vertex 2.8976377952755903 -0.4405051251282346 0.7219297969086489
    endloop
  endfacet
  facet normal 1 0 0
    outer loop
      vertex 2.9133858267716533 -0.4133858267716535 0.7165354330708661
      vertex 2.9133858267716533 -0.38626652841507236 0.7219297969086489
      vertex 2.9133858267716533 -0.4405051251282346 0.7219297969086489
    endloop
  endfacet
  facet normal 0 0.19509032201612767 -0.9807852804032305
    outer loop
      vertex 2.8976377952755903 -0.4133858267716535 0.7165354330708661
      vertex 2.9133858267716533 -0.38626652841507236 0.7219297969086489
      vertex 2.9133858267716533 -0.4133858267716535 0.7165354330708661
    endloop
  endfacet
  facet normal 1 0 0
    outer loop
      vertex 2.9133858267716533 -0.46349575614707805 0.737291645427725
      vertex 2.9133858267716533 -0.4405051251282346 0.7219297969086489
      vertex 2.9133858267716533 -0.3632758973962289 0.737291645427725
    endloop
  endfacet
  facet normal 0 -0.8314696123025442 -0.5555702330196037
    outer loop
      vertex 2.9133858267716533 -0.46349575614707805 0.737291645427725
      vertex 2.9133858267716533 -0.4788576046661541 0.7602822764465684
      vertex 2.8976377952755903 -0.4788576046661541 0.7602822764465684
    endloop
  endfacet
  facet normal 1 0 0
    outer loop
      vertex 2.9133858267716533 -0.46349575614707805 0.737291645427725
      vertex 2.9133858267716533 -0.3479140488771528 0.7602822764465684
      vertex 2.9133858267716533 -0.4788576046661541 0.7602822764465684
    endloop
  endfacet
  facet normal 1 0 0
    outer loop
      vertex 2.9133858267716533 -0.4788576046661541 0.7602822764465684
      vertex 2.9133858267716533 -0.34251968503937 0.7874015748031495
      vertex 2.9133858267716533 -0.4842519685039369 0.7874015748031495
    endloop
  endfacet
  facet normal 0 0.19509032201612767 -0.9807852804032305
    outer loop
      vertex 2.8976377952755903 -0.4133858267716535 0.7165354330708661
      vertex 2.8976377952755903 -0.38626652841507236 0.7219297969086489
      vertex 2.9133858267716533 -0.38626652841507236 0.7219297969086489
    endloop
  endfacet
  facet normal 1 0 0
    outer loop
      vertex 2.9133858267716533 -0.4405051251282346 0.7219297969086489
      vertex 2.9133858267716533 -0.38626652841507236 0.7219297969086489
      vertex 2.9133858267716533 -0.3632758973962289 0.737291645427725
    endloop
  endfacet
  facet normal 1 0 0
    outer loop
      vertex 2.9133858267716533 -0.46349575614707805 0.737291645427725
      vertex 2.9133858267716533 -0.3632758973962289 0.737291645427725
      vertex 2.9133858267716533 -0.3479140488771528 0.7602822764465684
    endloop
  endfacet
  facet normal 0 0.5555702330196037 -0.8314696123025442
    outer loop
      vertex 2.8976377952755903 -0.38626652841507236 0.7219297969086489
      vertex 2.8976377952755903 -0.3632758973962289 0.737291645427725
      vertex 2.9133858267716533 -0.3632758973962289 0.737291645427725
    endloop
  endfacet
  facet normal 0 0.5555702330196037 -0.8314696123025442
    outer loop
      vertex 2.8976377952755903 -0.38626652841507236 0.7219297969086489
      vertex 2.9133858267716533 -0.3632758973962289 0.737291645427725
      vertex 2.9133858267716533 -0.38626652841507236 0.7219297969086489
    endloop
  endfacet
  facet normal 0 0.8314696123025442 -0.5555702330196037
    outer loop
      vertex 2.8976377952755903 -0.3632758973962289 0.737291645427725
      vertex 2.9133858267716533 -0.3479140488771528 0.7602822764465684
      vertex 2.9133858267716533 -0.3632758973962289 0.737291645427725
    endloop
  endfacet
  facet normal 1 0 0
    outer loop
      vertex 2.9133858267716533 -0.4788576046661541 0.7602822764465684
      vertex 2.9133858267716533 -0.3479140488771528 0.7602822764465684
      vertex 2.9133858267716533 -0.34251968503937 0.7874015748031495
    endloop
  endfacet
  facet normal 1 0 0
    outer loop
      vertex 2.9133858267716533 -0.4842519685039369 0.7874015748031495
      vertex 2.9133858267716533 -0.34251968503937 0.7874015748031495
      vertex 2.9133858267716533 -0.3479140488771528 0.8145208731597307
    endloop
  endfacet
  facet normal 0 0.8314696123025442 -0.5555702330196037
    outer loop
      vertex 2.8976377952755903 -0.3632758973962289 0.737291645427725
      vertex 2.8976377952755903 -0.3479140488771528 0.7602822764465684
      vertex 2.9133858267716533 -0.3479140488771528 0.7602822764465684
    endloop
  endfacet
  facet normal 0 0.9807852804032305 -0.19509032201612767
    outer loop
      vertex 2.8976377952755903 -0.3479140488771528 0.7602822764465684
      vertex 2.9133858267716533 -0.34251968503937 0.7874015748031495
      vertex 2.9133858267716533 -0.3479140488771528 0.7602822764465684
    endloop
  endfacet
  facet normal 0 0.9807852804032305 -0.19509032201612767
    outer loop
      vertex 2.8976377952755903 -0.3479140488771528 0.7602822764465684
      vertex 2.8976377952755903 -0.34251968503937 0.7874015748031495
      vertex 2.9133858267716533 -0.34251968503937 0.7874015748031495
    endloop
  endfacet
  facet normal 0 0.9807852804032305 0.19509032201612767
    outer loop
      vertex 2.8976377952755903 -0.34251968503937 0.7874015748031495
      vertex 2.9133858267716533 -0.3479140488771528 0.8145208731597307
      vertex 2.9133858267716533 -0.34251968503937 0.7874015748031495
    endloop
  endfacet
  facet normal 0 -0.9807852804032305 0.19509032201612767
    outer loop
      vertex 2.9133858267716533 -0.4842519685039369 0.7874015748031495
      vertex 2.9133858267716533 -0.4788576046661541 0.8145208731597307
      vertex 2.8976377952755903 -0.4788576046661541 0.8145208731597307
    endloop
  endfacet
  facet normal 0 -0.8314696123025442 0.5555702330196037
    outer loop
      vertex 2.8976377952755903 -0.4788576046661541 0.8145208731597307
      vertex 2.9133858267716533 -0.4788576046661541 0.8145208731597307
      vertex 2.8976377952755903 -0.46349575614707805 0.8375115041785741
    endloop
  endfacet
  facet normal 0 -0.8314696123025442 0.5555702330196037
    outer loop
      vertex 2.9133858267716533 -0.4788576046661541 0.8145208731597307
      vertex 2.9133858267716533 -0.46349575614707805 0.8375115041785741
      vertex 2.8976377952755903 -0.46349575614707805 0.8375115041785741
    endloop
  endfacet
  facet normal 0 -0.5555702330196037 0.8314696123025442
    outer loop
      vertex 2.8976377952755903 -0.46349575614707805 0.8375115041785741
      vertex 2.9133858267716533 -0.46349575614707805 0.8375115041785741
      vertex 2.8976377952755903 -0.4405051251282346 0.8528733526976502
    endloop
  endfacet
  facet normal 0 -0.5555702330196037 0.8314696123025442
    outer loop
      vertex 2.9133858267716533 -0.46349575614707805 0.8375115041785741
      vertex 2.9133858267716533 -0.4405051251282346 0.8528733526976502
      vertex 2.8976377952755903 -0.4405051251282346 0.8528733526976502
    endloop
  endfacet
  facet normal 1 0 0
    outer loop
      vertex 2.9133858267716533 -0.4842519685039369 0.7874015748031495
      vertex 2.9133858267716533 -0.3479140488771528 0.8145208731597307
      vertex 2.9133858267716533 -0.4788576046661541 0.8145208731597307
    endloop
  endfacet
  facet normal 1 0 0
    outer loop
      vertex 2.9133858267716533 -0.4788576046661541 0.8145208731597307
      vertex 2.9133858267716533 -0.3632758973962289 0.8375115041785741
      vertex 2.9133858267716533 -0.46349575614707805 0.8375115041785741
    endloop
  endfacet
  facet normal 1 0 0
    outer loop
      vertex 2.9133858267716533 -0.46349575614707805 0.8375115041785741
      vertex 2.9133858267716533 -0.38626652841507236 0.8528733526976502
      vertex 2.9133858267716533 -0.4405051251282346 0.8528733526976502
    endloop
  endfacet
  facet normal 1 0 0
    outer loop
      vertex 2.9133858267716533 -0.46349575614707805 0.8375115041785741
      vertex 2.9133858267716533 -0.3632758973962289 0.8375115041785741
      vertex 2.9133858267716533 -0.38626652841507236 0.8528733526976502
    endloop
  endfacet
  facet normal 0 -0.19509032201612767 0.9807852804032305
    outer loop
      vertex 2.8976377952755903 -0.4405051251282346 0.8528733526976502
      vertex 2.9133858267716533 -0.4405051251282346 0.8528733526976502
      vertex 2.8976377952755903 -0.4133858267716535 0.858267716535433
    endloop
  endfacet
  facet normal 0 -0.19509032201612767 0.9807852804032305
    outer loop
      vertex 2.9133858267716533 -0.4405051251282346 0.8528733526976502
      vertex 2.9133858267716533 -0.4133858267716535 0.858267716535433
      vertex 2.8976377952755903 -0.4133858267716535 0.858267716535433
    endloop
  endfacet
  facet normal 1 0 0
    outer loop
      vertex 2.9133858267716533 -0.4405051251282346 0.8528733526976502
      vertex 2.9133858267716533 -0.38626652841507236 0.8528733526976502
      vertex 2.9133858267716533 -0.4133858267716535 0.858267716535433
    endloop
  endfacet
  facet normal 0 0.19509032201612767 0.9807852804032305
    outer loop
      vertex 2.8976377952755903 -0.4133858267716535 0.858267716535433
      vertex 2.9133858267716533 -0.4133858267716535 0.858267716535433
      vertex 2.8976377952755903 -0.38626652841507236 0.8528733526976502
    endloop
  endfacet
  facet normal 1 0 0
    outer loop
      vertex 2.9133858267716533 -0.4788576046661541 0.8145208731597307
      vertex 2.9133858267716533 -0.3479140488771528 0.8145208731597307
      vertex 2.9133858267716533 -0.3632758973962289 0.8375115041785741
    endloop
  endfacet
  facet normal 0 0.5555702330196037 0.8314696123025442
    outer loop
      vertex 2.8976377952755903 -0.3632758973962289 0.8375115041785741
      vertex 2.9133858267716533 -0.38626652841507236 0.8528733526976502
      vertex 2.9133858267716533 -0.3632758973962289 0.8375115041785741
    endloop
  endfacet
  facet normal 0 0.5555702330196037 0.8314696123025442
    outer loop
      vertex 2.8976377952755903 -0.3632758973962289 0.8375115041785741
      vertex 2.8976377952755903 -0.38626652841507236 0.8528733526976502
      vertex 2.9133858267716533 -0.38626652841507236 0.8528733526976502
    endloop
  endfacet
  facet normal 0 0.9807852804032305 0.19509032201612767
    outer loop
      vertex 2.8976377952755903 -0.34251968503937 0.7874015748031495
      vertex 2.8976377952755903 -0.3479140488771528 0.8145208731597307
      vertex 2.9133858267716533 -0.3479140488771528 0.8145208731597307
    endloop
  endfacet
  facet normal 0 0.8314696123025442 0.5555702330196037
    outer loop
      vertex 2.9133858267716533 -0.3632758973962289 0.8375115041785741
      vertex 2.9133858267716533 -0.3479140488771528 0.8145208731597307
      vertex 2.8976377952755903 -0.3479140488771528 0.8145208731597307
    endloop
  endfacet
  facet normal 0 0.8314696123025442 0.5555702330196037
    outer loop
      vertex 2.8976377952755903 -0.3632758973962289 0.8375115041785741
      vertex 2.9133858267716533 -0.3632758973962289 0.8375115041785741
      vertex 2.8976377952755903 -0.3479140488771528 0.8145208731597307
    endloop
  endfacet
  facet normal 0 0.19509032201612767 0.9807852804032305
    outer loop
      vertex 2.9133858267716533 -0.4133858267716535 0.858267716535433
      vertex 2.9133858267716533 -0.38626652841507236 0.8528733526976502
      vertex 2.8976377952755903 -0.38626652841507236 0.8528733526976502
    endloop
  endfacet
  facet normal 0 0 -1
    outer loop
      vertex -2.3779527559055116 -0.8464566929133858 0.7480314960629921
      vertex -2.3779527559055116 0.5708661417322833 0.7480314960629921
      vertex -2.3622047244094486 -0.8464566929133858 0.7480314960629921
    endloop
  endfacet
  facet normal 0 -1 0
    outer loop
      vertex -2.3779527559055116 -0.8464566929133858 0.7480314960629921
      vertex -2.3622047244094486 -0.8464566929133858 0.7480314960629921
      vertex -2.3622047244094486 -0.8464566929133858 1.4173228346456694
    endloop
  endfacet
  facet normal 0 -1 0
    outer loop
      vertex -2.3779527559055116 -0.8464566929133858 0.7480314960629921
      vertex -2.3622047244094486 -0.8464566929133858 1.4173228346456694
      vertex -2.3779527559055116 -0.8464566929133858 1.4173228346456694
    endloop
  endfacet
  facet normal -1 0 0
    outer loop
      vertex -2.3779527559055116 -0.8464566929133858 0.7480314960629921
      vertex -2.3779527559055116 -0.8464566929133858 1.4173228346456694
      vertex -2.3779527559055116 0.5708661417322833 1.4173228346456694
    endloop
  endfacet
  facet normal 0 1.5666480458599435e-16 1
    outer loop
      vertex -2.3779527559055116 -0.8464566929133858 1.4173228346456694
      vertex -2.3622047244094486 -0.8464566929133858 1.4173228346456694
      vertex -2.3622047244094486 0.5708661417322833 1.4173228346456692
    endloop
  endfacet
  facet normal 0 0 -1
    outer loop
      vertex -2.3779527559055116 0.5708661417322833 0.7480314960629921
      vertex -2.3622047244094486 0.5708661417322833 0.7480314960629921
      vertex -2.3622047244094486 -0.8464566929133858 0.7480314960629921
    endloop
  endfacet
  facet normal -1 0 0
    outer loop
      vertex -2.3779527559055116 -0.8464566929133858 0.7480314960629921
      vertex -2.3779527559055116 0.5708661417322833 1.4173228346456694
      vertex -2.3779527559055116 0.5708661417322833 0.7480314960629921
    endloop
  endfacet
  facet normal 0 1 0
    outer loop
      vertex -2.3779527559055116 0.5708661417322833 0.7480314960629921
      vertex -2.3779527559055116 0.5708661417322833 1.4173228346456694
      vertex -2.3622047244094486 0.5708661417322833 0.7480314960629921
    endloop
  endfacet
  facet normal 0 1 0
    outer loop
      vertex -2.3779527559055116 0.5708661417322833 1.4173228346456694
      vertex -2.3622047244094486 0.5708661417322833 1.4173228346456692
      vertex -2.3622047244094486 0.5708661417322833 0.7480314960629921
    endloop
  endfacet
  facet normal 1.4099832412739513e-14 0 1
    outer loop
      vertex -2.3779527559055116 -0.8464566929133858 1.4173228346456694
      vertex -2.3622047244094486 0.5708661417322833 1.4173228346456692
      vertex -2.3779527559055116 0.5708661417322833 1.4173228346456694
    endloop
  endfacet
endsolid OpenSCAD_Model
