solid OpenSCAD_Model
  facet normal 1 0 0
    outer loop
      vertex 1.633858 1.003937 1.070866
      vertex 1.633858 -0.318898 1.070866
      vertex 1.633858 -0.266869 1.053523
    endloop
  endfacet
  facet normal 1 0 0
    outer loop
      vertex 1.633858 1.003937 1.023622
      vertex 1.633858 -0.266869 1.053523
      vertex 1.633858 0.204686 1.032796
    endloop
  endfacet
  facet normal 1 0 0
    outer loop
      vertex 1.633858 1.003937 1.023622
      vertex 1.633858 0.204686 1.032796
      vertex 1.633858 0.385477 1.023622
    endloop
  endfacet
  facet normal 1 0 0
    outer loop
      vertex 1.633858 1.003937 1.023622
      vertex 1.633858 1.003937 1.070866
      vertex 1.633858 -0.266869 1.053523
    endloop
  endfacet
  facet normal 0 0 -1
    outer loop
      vertex -1.615397 -1.072835 0.000000
      vertex -1.633858 -1.003937 0.000000
      vertex -1.564961 -1.123271 0.000000
    endloop
  endfacet
  facet normal 0 0 -1
    outer loop
      vertex -1.615397 -1.072835 0.000000
      vertex -1.629163 -1.039601 0.000000
      vertex -1.633858 -1.003937 0.000000
    endloop
  endfacet
  facet normal 0 0 -1
    outer loop
      vertex -1.564961 -1.123271 0.000000
      vertex -1.496063 -1.141732 0.000000
      vertex -1.531727 -1.137037 0.000000
    endloop
  endfacet
  facet normal 0 0 -1
    outer loop
      vertex -1.615397 -1.072835 0.000000
      vertex -1.564961 -1.123271 0.000000
      vertex -1.593499 -1.101373 0.000000
    endloop
  endfacet
  facet normal -1 0 0
    outer loop
      vertex -1.633858 -1.003937 0.000000
      vertex -1.633858 -0.289812 0.462598
      vertex -1.633858 0.000000 0.295276
    endloop
  endfacet
  facet normal -1 0 0
    outer loop
      vertex -1.633858 -1.003937 0.000000
      vertex -1.633858 -0.289812 0.797244
      vertex -1.633858 -0.289812 0.462598
    endloop
  endfacet
  facet normal -0.7933533402912352 -0.6087614290087207 0
    outer loop
      vertex -1.615397 -1.072835 0.000000
      vertex -1.593499 -1.101373 0.000000
      vertex -1.593499 -1.101373 1.299213
    endloop
  endfacet
  facet normal -0.9238795325112862 -0.38268343236509117 0
    outer loop
      vertex -1.615397 -1.072835 0.000000
      vertex -1.629163 -1.039601 1.299213
      vertex -1.629163 -1.039601 0.000000
    endloop
  endfacet
  facet normal -0.9914448613738103 -0.13052619222005257 0
    outer loop
      vertex -1.633858 -1.003937 0.000000
      vertex -1.629163 -1.039601 0.000000
      vertex -1.629163 -1.039601 1.299213
    endloop
  endfacet
  facet normal -0.38268343236508784 -0.9238795325112876 0
    outer loop
      vertex -1.564961 -1.123271 0.000000
      vertex -1.531727 -1.137037 0.000000
      vertex -1.531727 -1.137037 1.299213
    endloop
  endfacet
  facet normal -0.13052619222005257 -0.9914448613738103 0
    outer loop
      vertex -1.531727 -1.137037 0.000000
      vertex -1.496063 -1.141732 0.000000
      vertex -1.531727 -1.137037 1.299213
    endloop
  endfacet
  facet normal -0.6087614290087232 -0.7933533402912333 0
    outer loop
      vertex -1.564961 -1.123271 0.000000
      vertex -1.593499 -1.101373 1.299213
      vertex -1.593499 -1.101373 0.000000
    endloop
  endfacet
  facet normal -1 0 0
    outer loop
      vertex -1.633858 -1.003937 0.000000
      vertex -1.633858 -1.003937 1.299213
      vertex -1.633858 -0.289812 0.797244
    endloop
  endfacet
  facet normal 0 0 -1
    outer loop
      vertex -1.564961 -1.123271 0.000000
      vertex 1.564961 -1.123271 0.000000
      vertex -1.496063 -1.141732 0.000000
    endloop
  endfacet
  facet normal -0.7933533402912352 -0.6087614290087207 0
    outer loop
      vertex -1.615397 -1.072835 1.299213
      vertex -1.615397 -1.072835 0.000000
      vertex -1.593499 -1.101373 1.299213
    endloop
  endfacet
  facet normal -0.9238795325112862 -0.38268343236509117 0
    outer loop
      vertex -1.615397 -1.072835 1.299213
      vertex -1.629163 -1.039601 1.299213
      vertex -1.615397 -1.072835 0.000000
    endloop
  endfacet
  facet normal -0.9914448613738103 -0.13052619222005257 0
    outer loop
      vertex -1.633858 -1.003937 0.000000
      vertex -1.629163 -1.039601 1.299213
      vertex -1.633858 -1.003937 1.299213
    endloop
  endfacet
  facet normal -0.6087614290087232 -0.7933533402912333 0
    outer loop
      vertex -1.564961 -1.123271 0.000000
      vertex -1.564961 -1.123271 1.299213
      vertex -1.593499 -1.101373 1.299213
    endloop
  endfacet
  facet normal -0.38268343236508784 -0.9238795325112876 0
    outer loop
      vertex -1.564961 -1.123271 0.000000
      vertex -1.531727 -1.137037 1.299213
      vertex -1.564961 -1.123271 1.299213
    endloop
  endfacet
  facet normal -0.13052619222005257 -0.9914448613738103 0
    outer loop
      vertex -1.496063 -1.141732 0.000000
      vertex -1.496063 -1.141732 1.299213
      vertex -1.531727 -1.137037 1.299213
    endloop
  endfacet
  facet normal -1 0 0
    outer loop
      vertex -1.633858 -1.003937 1.299213
      vertex -1.633858 0.000000 0.964567
      vertex -1.633858 -0.289812 0.797244
    endloop
  endfacet
  facet normal 0 0 1
    outer loop
      vertex -1.615397 -1.072835 1.299213
      vertex -1.564961 -1.123271 1.299213
      vertex -1.633858 -1.003937 1.299213
    endloop
  endfacet
  facet normal 0 0 1
    outer loop
      vertex -1.615397 -1.072835 1.299213
      vertex -1.633858 -1.003937 1.299213
      vertex -1.629163 -1.039601 1.299213
    endloop
  endfacet
  facet normal 0 0 1
    outer loop
      vertex -1.564961 -1.123271 1.299213
      vertex -1.531727 -1.137037 1.299213
      vertex -1.496063 -1.141732 1.299213
    endloop
  endfacet
  facet normal 0 0 1
    outer loop
      vertex -1.615397 -1.072835 1.299213
      vertex -1.593499 -1.101373 1.299213
      vertex -1.564961 -1.123271 1.299213
    endloop
  endfacet
  facet normal 0 0 1
    outer loop
      vertex -1.564961 -1.123271 1.299213
      vertex -1.495568 -1.003442 1.299213
      vertex -1.510504 -0.981090 1.299213
    endloop
  endfacet
  facet normal 0 0 1
    outer loop
      vertex -1.564961 -1.123271 1.299213
      vertex -1.510504 -0.981090 1.299213
      vertex -1.515748 -0.954724 1.299213
    endloop
  endfacet
  facet normal 0 0 1
    outer loop
      vertex -1.564961 -1.123271 1.299213
      vertex -1.473216 -1.018378 1.299213
      vertex -1.495568 -1.003442 1.299213
    endloop
  endfacet
  facet normal 0 0 1
    outer loop
      vertex -1.564961 -1.123271 1.299213
      vertex -1.446850 -1.023622 1.299213
      vertex -1.473216 -1.018378 1.299213
    endloop
  endfacet
  facet normal 0 -1 0
    outer loop
      vertex -1.496063 -1.141732 0.000000
      vertex 1.496063 -1.141732 1.299213
      vertex -1.496063 -1.141732 1.299213
    endloop
  endfacet
  facet normal 0 0 1
    outer loop
      vertex -1.564961 -1.123271 1.299213
      vertex -1.496063 -1.141732 1.299213
      vertex 1.564961 -1.123271 1.299213
    endloop
  endfacet
  facet normal 0 0 1
    outer loop
      vertex -1.564961 -1.123271 1.299213
      vertex 1.564961 -1.123271 1.299213
      vertex -1.446850 -1.023622 1.299213
    endloop
  endfacet
  facet normal 0 0 -1
    outer loop
      vertex -1.564961 -1.123271 0.000000
      vertex -1.633858 -1.003937 0.000000
      vertex -1.633858 1.003937 0.000000
    endloop
  endfacet
  facet normal -1 0 0
    outer loop
      vertex -1.633858 -1.003937 0.000000
      vertex -1.633858 0.000000 0.295276
      vertex -1.633858 1.003937 0.000000
    endloop
  endfacet
  facet normal 0 0 -1
    outer loop
      vertex -1.564961 -1.123271 0.000000
      vertex -1.633858 1.003937 0.000000
      vertex -1.496063 1.141732 0.000000
    endloop
  endfacet
  facet normal -1 0 0
    outer loop
      vertex -1.633858 1.003937 0.000000
      vertex -1.633858 0.000000 0.295276
      vertex -1.633858 0.289812 0.462598
    endloop
  endfacet
  facet normal -1 0 0
    outer loop
      vertex -1.633858 1.003937 0.000000
      vertex -1.633858 0.289812 0.462598
      vertex -1.633858 0.289812 0.797244
    endloop
  endfacet
  facet normal 0 0 -1
    outer loop
      vertex -1.633858 1.003937 0.000000
      vertex -1.629163 1.039601 0.000000
      vertex -1.615397 1.072835 0.000000
    endloop
  endfacet
  facet normal 0 0 -1
    outer loop
      vertex -1.633858 1.003937 0.000000
      vertex -1.615397 1.072835 0.000000
      vertex -1.593499 1.101373 0.000000
    endloop
  endfacet
  facet normal 0 0 -1
    outer loop
      vertex -1.633858 1.003937 0.000000
      vertex -1.593499 1.101373 0.000000
      vertex -1.496063 1.141732 0.000000
    endloop
  endfacet
  facet normal 0 0 -1
    outer loop
      vertex -1.593499 1.101373 0.000000
      vertex -1.564961 1.123271 0.000000
      vertex -1.496063 1.141732 0.000000
    endloop
  endfacet
  facet normal 0 0 -1
    outer loop
      vertex -1.564961 1.123271 0.000000
      vertex -1.531727 1.137037 0.000000
      vertex -1.496063 1.141732 0.000000
    endloop
  endfacet
  facet normal -0.9914448613738103 0.13052619222005257 0
    outer loop
      vertex -1.633858 1.003937 0.000000
      vertex -1.633858 1.003937 1.299213
      vertex -1.629163 1.039601 0.000000
    endloop
  endfacet
  facet normal -0.9238795325112862 0.38268343236509117 0
    outer loop
      vertex -1.629163 1.039601 0.000000
      vertex -1.615397 1.072835 1.299213
      vertex -1.615397 1.072835 0.000000
    endloop
  endfacet
  facet normal -0.7933533402912352 0.6087614290087207 0
    outer loop
      vertex -1.615397 1.072835 0.000000
      vertex -1.593499 1.101373 1.299213
      vertex -1.593499 1.101373 0.000000
    endloop
  endfacet
  facet normal -0.6087614290087232 0.7933533402912333 0
    outer loop
      vertex -1.593499 1.101373 0.000000
      vertex -1.564961 1.123271 1.299213
      vertex -1.564961 1.123271 0.000000
    endloop
  endfacet
  facet normal -0.38268343236508784 0.9238795325112876 0
    outer loop
      vertex -1.564961 1.123271 0.000000
      vertex -1.531727 1.137037 1.299213
      vertex -1.531727 1.137037 0.000000
    endloop
  endfacet
  facet normal -0.13052619222005257 0.9914448613738103 0
    outer loop
      vertex -1.496063 1.141732 0.000000
      vertex -1.531727 1.137037 0.000000
      vertex -1.531727 1.137037 1.299213
    endloop
  endfacet
  facet normal -1 0 0
    outer loop
      vertex -1.633858 1.003937 0.000000
      vertex -1.633858 0.289812 0.797244
      vertex -1.633858 1.003937 1.299213
    endloop
  endfacet
  facet normal 0 0 -1
    outer loop
      vertex -1.564961 -1.123271 0.000000
      vertex -1.496063 1.141732 0.000000
      vertex 1.633858 -1.003937 0.000000
    endloop
  endfacet
  facet normal 0 1 0
    outer loop
      vertex -1.496063 1.141732 0.000000
      vertex -1.496063 1.141732 1.299213
      vertex 1.496063 1.141732 0.000000
    endloop
  endfacet
  facet normal -1 0 0
    outer loop
      vertex -1.633858 -1.003937 1.299213
      vertex -1.633858 1.003937 1.299213
      vertex -1.633858 0.000000 0.964567
    endloop
  endfacet
  facet normal 0 0 1
    outer loop
      vertex -1.564961 -1.123271 1.299213
      vertex -1.564961 1.123271 1.299213
      vertex -1.633858 -1.003937 1.299213
    endloop
  endfacet
  facet normal 0 0 1
    outer loop
      vertex -1.564961 -1.123271 1.299213
      vertex -1.515748 -0.954724 1.299213
      vertex -1.564961 1.123271 1.299213
    endloop
  endfacet
  facet normal 0 0 1
    outer loop
      vertex -1.633858 -1.003937 1.299213
      vertex -1.593499 1.101373 1.299213
      vertex -1.633858 1.003937 1.299213
    endloop
  endfacet
  facet normal -1 0 0
    outer loop
      vertex -1.633858 1.003937 1.299213
      vertex -1.633858 0.289812 0.797244
      vertex -1.633858 0.000000 0.964567
    endloop
  endfacet
  facet normal -0.9914448613738103 0.13052619222005257 0
    outer loop
      vertex -1.633858 1.003937 1.299213
      vertex -1.629163 1.039601 1.299213
      vertex -1.629163 1.039601 0.000000
    endloop
  endfacet
  facet normal -0.9238795325112862 0.38268343236509117 0
    outer loop
      vertex -1.629163 1.039601 1.299213
      vertex -1.615397 1.072835 1.299213
      vertex -1.629163 1.039601 0.000000
    endloop
  endfacet
  facet normal -0.7933533402912352 0.6087614290087207 0
    outer loop
      vertex -1.615397 1.072835 1.299213
      vertex -1.593499 1.101373 1.299213
      vertex -1.615397 1.072835 0.000000
    endloop
  endfacet
  facet normal -0.6087614290087232 0.7933533402912333 0
    outer loop
      vertex -1.593499 1.101373 1.299213
      vertex -1.564961 1.123271 1.299213
      vertex -1.593499 1.101373 0.000000
    endloop
  endfacet
  facet normal -0.38268343236508784 0.9238795325112876 0
    outer loop
      vertex -1.564961 1.123271 1.299213
      vertex -1.531727 1.137037 1.299213
      vertex -1.564961 1.123271 0.000000
    endloop
  endfacet
  facet normal -0.13052619222005257 0.9914448613738103 0
    outer loop
      vertex -1.496063 1.141732 0.000000
      vertex -1.531727 1.137037 1.299213
      vertex -1.496063 1.141732 1.299213
    endloop
  endfacet
  facet normal 0 0 1
    outer loop
      vertex -1.633858 -1.003937 1.299213
      vertex -1.564961 1.123271 1.299213
      vertex -1.593499 1.101373 1.299213
    endloop
  endfacet
  facet normal 0 0 1
    outer loop
      vertex -1.515748 -0.954724 1.299213
      vertex -1.515748 0.954724 1.299213
      vertex -1.564961 1.123271 1.299213
    endloop
  endfacet
  facet normal 0 0 1
    outer loop
      vertex -1.633858 1.003937 1.299213
      vertex -1.615397 1.072835 1.299213
      vertex -1.629163 1.039601 1.299213
    endloop
  endfacet
  facet normal 0 0 1
    outer loop
      vertex -1.633858 1.003937 1.299213
      vertex -1.593499 1.101373 1.299213
      vertex -1.615397 1.072835 1.299213
    endloop
  endfacet
  facet normal 0 0 1
    outer loop
      vertex -1.515748 0.954724 1.299213
      vertex -1.510504 0.981090 1.299213
      vertex -1.564961 1.123271 1.299213
    endloop
  endfacet
  facet normal 0 0 1
    outer loop
      vertex -1.510504 0.981090 1.299213
      vertex -1.495568 1.003442 1.299213
      vertex -1.564961 1.123271 1.299213
    endloop
  endfacet
  facet normal 0 0 1
    outer loop
      vertex -1.564961 1.123271 1.299213
      vertex -1.496063 1.141732 1.299213
      vertex -1.531727 1.137037 1.299213
    endloop
  endfacet
  facet normal 0 0 1
    outer loop
      vertex -1.564961 1.123271 1.299213
      vertex -1.495568 1.003442 1.299213
      vertex -1.473216 1.018378 1.299213
    endloop
  endfacet
  facet normal 0 0 1
    outer loop
      vertex -1.564961 1.123271 1.299213
      vertex -1.473216 1.018378 1.299213
      vertex -1.446850 1.023622 1.299213
    endloop
  endfacet
  facet normal 0 0 1
    outer loop
      vertex -1.564961 1.123271 1.299213
      vertex -1.446850 1.023622 1.299213
      vertex 1.446850 1.023622 1.299213
    endloop
  endfacet
  facet normal 0 0 1
    outer loop
      vertex -1.564961 1.123271 1.299213
      vertex 1.564961 1.123271 1.299213
      vertex -1.496063 1.141732 1.299213
    endloop
  endfacet
  facet normal 0 0 -1
    outer loop
      vertex -1.496063 -1.141732 0.000000
      vertex 1.564961 -1.123271 0.000000
      vertex 1.496063 -1.141732 0.000000
    endloop
  endfacet
  facet normal 0 0 -1
    outer loop
      vertex -1.564961 -1.123271 0.000000
      vertex 1.633858 -1.003937 0.000000
      vertex 1.564961 -1.123271 0.000000
    endloop
  endfacet
  facet normal 0 -1 0
    outer loop
      vertex -1.496063 -1.141732 0.000000
      vertex 1.496063 -1.141732 0.000000
      vertex 1.496063 -1.141732 1.299213
    endloop
  endfacet
  facet normal 0 0 -1
    outer loop
      vertex 1.496063 -1.141732 0.000000
      vertex 1.564961 -1.123271 0.000000
      vertex 1.531727 -1.137037 0.000000
    endloop
  endfacet
  facet normal 0 0 -1
    outer loop
      vertex 1.564961 -1.123271 0.000000
      vertex 1.615397 -1.072835 0.000000
      vertex 1.593499 -1.101373 0.000000
    endloop
  endfacet
  facet normal 0 0 -1
    outer loop
      vertex 1.564961 -1.123271 0.000000
      vertex 1.633858 -1.003937 0.000000
      vertex 1.615397 -1.072835 0.000000
    endloop
  endfacet
  facet normal 0 0 -1
    outer loop
      vertex 1.615397 -1.072835 0.000000
      vertex 1.633858 -1.003937 0.000000
      vertex 1.629163 -1.039601 0.000000
    endloop
  endfacet
  facet normal 1 0 0
    outer loop
      vertex 1.633858 -1.003937 0.000000
      vertex 1.633858 0.000000 0.295276
      vertex 1.633858 -0.289812 0.462598
    endloop
  endfacet
  facet normal 1 0 0
    outer loop
      vertex 1.633858 -1.003937 0.000000
      vertex 1.633858 -0.289812 0.462598
      vertex 1.633858 -0.289812 0.797244
    endloop
  endfacet
  facet normal 0.13052619222005257 -0.9914448613738103 0
    outer loop
      vertex 1.496063 -1.141732 0.000000
      vertex 1.531727 -1.137037 0.000000
      vertex 1.531727 -1.137037 1.299213
    endloop
  endfacet
  facet normal 0.38268343236508784 -0.9238795325112876 0
    outer loop
      vertex 1.531727 -1.137037 0.000000
      vertex 1.564961 -1.123271 0.000000
      vertex 1.531727 -1.137037 1.299213
    endloop
  endfacet
  facet normal 0.6087614290087232 -0.7933533402912333 0
    outer loop
      vertex 1.593499 -1.101373 0.000000
      vertex 1.564961 -1.123271 1.299213
      vertex 1.564961 -1.123271 0.000000
    endloop
  endfacet
  facet normal 0.7933533402912352 -0.6087614290087207 0
    outer loop
      vertex 1.593499 -1.101373 0.000000
      vertex 1.615397 -1.072835 0.000000
      vertex 1.615397 -1.072835 1.299213
    endloop
  endfacet
  facet normal 0.9238795325112862 -0.38268343236509117 0
    outer loop
      vertex 1.615397 -1.072835 0.000000
      vertex 1.629163 -1.039601 0.000000
      vertex 1.615397 -1.072835 1.299213
    endloop
  endfacet
  facet normal 0.9914448613738103 -0.13052619222005257 0
    outer loop
      vertex 1.629163 -1.039601 0.000000
      vertex 1.633858 -1.003937 0.000000
      vertex 1.633858 -1.003937 1.299213
    endloop
  endfacet
  facet normal 1 0 0
    outer loop
      vertex 1.633858 -1.003937 0.000000
      vertex 1.633858 -0.289812 0.797244
      vertex 1.633858 -1.003937 1.299213
    endloop
  endfacet
  facet normal 0 0 1
    outer loop
      vertex -1.496063 -1.141732 1.299213
      vertex 1.496063 -1.141732 1.299213
      vertex 1.564961 -1.123271 1.299213
    endloop
  endfacet
  facet normal 0 0 1
    outer loop
      vertex -1.446850 -1.023622 1.299213
      vertex 1.564961 -1.123271 1.299213
      vertex 1.446850 -1.023622 1.299213
    endloop
  endfacet
  facet normal 0.13052619222005257 -0.9914448613738103 0
    outer loop
      vertex 1.496063 -1.141732 0.000000
      vertex 1.531727 -1.137037 1.299213
      vertex 1.496063 -1.141732 1.299213
    endloop
  endfacet
  facet normal 0.38268343236508784 -0.9238795325112876 0
    outer loop
      vertex 1.531727 -1.137037 1.299213
      vertex 1.564961 -1.123271 0.000000
      vertex 1.564961 -1.123271 1.299213
    endloop
  endfacet
  facet normal 0.6087614290087232 -0.7933533402912333 0
    outer loop
      vertex 1.593499 -1.101373 0.000000
      vertex 1.593499 -1.101373 1.299213
      vertex 1.564961 -1.123271 1.299213
    endloop
  endfacet
  facet normal 0.7933533402912352 -0.6087614290087207 0
    outer loop
      vertex 1.593499 -1.101373 0.000000
      vertex 1.615397 -1.072835 1.299213
      vertex 1.593499 -1.101373 1.299213
    endloop
  endfacet
  facet normal 0.9238795325112862 -0.38268343236509117 0
    outer loop
      vertex 1.629163 -1.039601 0.000000
      vertex 1.629163 -1.039601 1.299213
      vertex 1.615397 -1.072835 1.299213
    endloop
  endfacet
  facet normal 0.9914448613738103 -0.13052619222005257 0
    outer loop
      vertex 1.629163 -1.039601 0.000000
      vertex 1.633858 -1.003937 1.299213
      vertex 1.629163 -1.039601 1.299213
    endloop
  endfacet
  facet normal 1 0 0
    outer loop
      vertex 1.633858 -1.003937 1.299213
      vertex 1.633858 -0.289812 0.797244
      vertex 1.633858 -0.318898 1.070866
    endloop
  endfacet
  facet normal 0 0 1
    outer loop
      vertex 1.496063 -1.141732 1.299213
      vertex 1.531727 -1.137037 1.299213
      vertex 1.564961 -1.123271 1.299213
    endloop
  endfacet
  facet normal 0 0 1
    outer loop
      vertex 1.564961 -1.123271 1.299213
      vertex 1.593499 -1.101373 1.299213
      vertex 1.615397 -1.072835 1.299213
    endloop
  endfacet
  facet normal 0 0 1
    outer loop
      vertex 1.446850 -1.023622 1.299213
      vertex 1.564961 -1.123271 1.299213
      vertex 1.473216 -1.018378 1.299213
    endloop
  endfacet
  facet normal 0 0 1
    outer loop
      vertex 1.473216 -1.018378 1.299213
      vertex 1.564961 -1.123271 1.299213
      vertex 1.495568 -1.003442 1.299213
    endloop
  endfacet
  facet normal 0 0 1
    outer loop
      vertex 1.495568 -1.003442 1.299213
      vertex 1.564961 -1.123271 1.299213
      vertex 1.510504 -0.981090 1.299213
    endloop
  endfacet
  facet normal 0 0 1
    outer loop
      vertex 1.564961 -1.123271 1.299213
      vertex 1.515748 -0.954724 1.299213
      vertex 1.510504 -0.981090 1.299213
    endloop
  endfacet
  facet normal 0 0 1
    outer loop
      vertex 1.564961 -1.123271 1.299213
      vertex 1.615397 -1.072835 1.299213
      vertex 1.633858 -1.003937 1.299213
    endloop
  endfacet
  facet normal 0 0 1
    outer loop
      vertex 1.615397 -1.072835 1.299213
      vertex 1.629163 -1.039601 1.299213
      vertex 1.633858 -1.003937 1.299213
    endloop
  endfacet
  facet normal 0 0 -1
    outer loop
      vertex -1.496063 1.141732 0.000000
      vertex 1.564961 1.123271 0.000000
      vertex 1.633858 -1.003937 0.000000
    endloop
  endfacet
  facet normal 0 0 -1
    outer loop
      vertex -1.496063 1.141732 0.000000
      vertex 1.496063 1.141732 0.000000
      vertex 1.564961 1.123271 0.000000
    endloop
  endfacet
  facet normal 1 0 0
    outer loop
      vertex 1.633858 -1.003937 0.000000
      vertex 1.633858 1.003937 0.000000
      vertex 1.633858 0.000000 0.295276
    endloop
  endfacet
  facet normal 1 0 0
    outer loop
      vertex 1.633858 0.289812 0.462598
      vertex 1.633858 0.385477 1.023622
      vertex 1.633858 0.289812 0.797244
    endloop
  endfacet
  facet normal 0 0 -1
    outer loop
      vertex 1.633858 -1.003937 0.000000
      vertex 1.564961 1.123271 0.000000
      vertex 1.633858 1.003937 0.000000
    endloop
  endfacet
  facet normal 1 0 0
    outer loop
      vertex 1.633858 1.003937 0.000000
      vertex 1.633858 0.289812 0.462598
      vertex 1.633858 0.000000 0.295276
    endloop
  endfacet
  facet normal 0 0 -1
    outer loop
      vertex 1.496063 1.141732 0.000000
      vertex 1.531727 1.137037 0.000000
      vertex 1.564961 1.123271 0.000000
    endloop
  endfacet
  facet normal 0 0 -1
    outer loop
      vertex 1.564961 1.123271 0.000000
      vertex 1.593499 1.101373 0.000000
      vertex 1.615397 1.072835 0.000000
    endloop
  endfacet
  facet normal 0 0 -1
    outer loop
      vertex 1.633858 1.003937 0.000000
      vertex 1.615397 1.072835 0.000000
      vertex 1.629163 1.039601 0.000000
    endloop
  endfacet
  facet normal 0 0 -1
    outer loop
      vertex 1.633858 1.003937 0.000000
      vertex 1.564961 1.123271 0.000000
      vertex 1.615397 1.072835 0.000000
    endloop
  endfacet
  facet normal 1 0 0
    outer loop
      vertex 1.633858 1.003937 0.000000
      vertex 1.633858 0.385477 1.023622
      vertex 1.633858 0.289812 0.462598
    endloop
  endfacet
  facet normal 0.13052619222005257 0.9914448613738103 0
    outer loop
      vertex 1.496063 1.141732 0.000000
      vertex 1.496063 1.141732 1.299213
      vertex 1.531727 1.137037 0.000000
    endloop
  endfacet
  facet normal 0.38268343236508784 0.9238795325112876 0
    outer loop
      vertex 1.531727 1.137037 0.000000
      vertex 1.564961 1.123271 1.299213
      vertex 1.564961 1.123271 0.000000
    endloop
  endfacet
  facet normal 0.6087614290087232 0.7933533402912333 0
    outer loop
      vertex 1.564961 1.123271 0.000000
      vertex 1.564961 1.123271 1.299213
      vertex 1.593499 1.101373 0.000000
    endloop
  endfacet
  facet normal 0.9914448613738103 0.13052619222005257 0
    outer loop
      vertex 1.633858 1.003937 0.000000
      vertex 1.629163 1.039601 0.000000
      vertex 1.629163 1.039601 1.299213
    endloop
  endfacet
  facet normal 0.9238795325112862 0.38268343236509117 0
    outer loop
      vertex 1.629163 1.039601 0.000000
      vertex 1.615397 1.072835 0.000000
      vertex 1.615397 1.072835 1.299213
    endloop
  endfacet
  facet normal 0.7933533402912352 0.6087614290087207 0
    outer loop
      vertex 1.593499 1.101373 0.000000
      vertex 1.593499 1.101373 1.299213
      vertex 1.615397 1.072835 0.000000
    endloop
  endfacet
  facet normal 1 0 0
    outer loop
      vertex 1.633858 1.003937 0.000000
      vertex 1.633858 1.003937 1.023622
      vertex 1.633858 0.385477 1.023622
    endloop
  endfacet
  facet normal 0.9914448613738103 0.13052619222005257 0
    outer loop
      vertex 1.633858 1.003937 0.000000
      vertex 1.629163 1.039601 1.299213
      vertex 1.633858 1.003937 1.023622
    endloop
  endfacet
  facet normal 0 1 0
    outer loop
      vertex -1.496063 1.141732 1.299213
      vertex 1.496063 1.141732 1.299213
      vertex 1.496063 1.141732 0.000000
    endloop
  endfacet
  facet normal 0 0 1
    outer loop
      vertex -1.564961 1.123271 1.299213
      vertex 1.446850 1.023622 1.299213
      vertex 1.564961 1.123271 1.299213
    endloop
  endfacet
  facet normal 0 0 1
    outer loop
      vertex -1.496063 1.141732 1.299213
      vertex 1.564961 1.123271 1.299213
      vertex 1.496063 1.141732 1.299213
    endloop
  endfacet
  facet normal 1 0 0
    outer loop
      vertex 1.633858 -0.289812 0.797244
      vertex 1.633858 -0.266869 1.053523
      vertex 1.633858 -0.318898 1.070866
    endloop
  endfacet
  facet normal 1 0 0
    outer loop
      vertex 1.633858 -0.289812 0.797244
      vertex 1.633858 0.000000 0.964567
      vertex 1.633858 -0.266869 1.053523
    endloop
  endfacet
  facet normal 1 0 0
    outer loop
      vertex 1.633858 -0.266869 1.053523
      vertex 1.633858 0.000000 0.964567
      vertex 1.633858 0.204686 1.032796
    endloop
  endfacet
  facet normal 1 0 0
    outer loop
      vertex 1.633858 -1.003937 1.299213
      vertex 1.633858 -0.318898 1.070866
      vertex 1.633858 1.003937 1.299213
    endloop
  endfacet
  facet normal 1 0 0
    outer loop
      vertex 1.633858 0.000000 0.964567
      vertex 1.633858 0.289812 0.797244
      vertex 1.633858 0.204686 1.032796
    endloop
  endfacet
  facet normal 1 0 0
    outer loop
      vertex 1.633858 0.385477 1.023622
      vertex 1.633858 0.204686 1.032796
      vertex 1.633858 0.289812 0.797244
    endloop
  endfacet
  facet normal 0 0 1
    outer loop
      vertex 1.564961 -1.123271 1.299213
      vertex 1.515748 0.954724 1.299213
      vertex 1.515748 -0.954724 1.299213
    endloop
  endfacet
  facet normal 0 0 1
    outer loop
      vertex 1.564961 -1.123271 1.299213
      vertex 1.633858 -1.003937 1.299213
      vertex 1.564961 1.123271 1.299213
    endloop
  endfacet
  facet normal 0 0 1
    outer loop
      vertex 1.564961 -1.123271 1.299213
      vertex 1.564961 1.123271 1.299213
      vertex 1.515748 0.954724 1.299213
    endloop
  endfacet
  facet normal 1 0 0
    outer loop
      vertex 1.633858 1.003937 1.299213
      vertex 1.633858 -0.318898 1.070866
      vertex 1.633858 1.003937 1.070866
    endloop
  endfacet
  facet normal 0.13052619222005257 0.9914448613738103 0
    outer loop
      vertex 1.531727 1.137037 0.000000
      vertex 1.496063 1.141732 1.299213
      vertex 1.531727 1.137037 1.299213
    endloop
  endfacet
  facet normal 0.38268343236508784 0.9238795325112876 0
    outer loop
      vertex 1.531727 1.137037 0.000000
      vertex 1.531727 1.137037 1.299213
      vertex 1.564961 1.123271 1.299213
    endloop
  endfacet
  facet normal 0.6087614290087232 0.7933533402912333 0
    outer loop
      vertex 1.564961 1.123271 1.299213
      vertex 1.593499 1.101373 1.299213
      vertex 1.593499 1.101373 0.000000
    endloop
  endfacet
  facet normal 0.9238795325112862 0.38268343236509117 0
    outer loop
      vertex 1.629163 1.039601 0.000000
      vertex 1.615397 1.072835 1.299213
      vertex 1.629163 1.039601 1.299213
    endloop
  endfacet
  facet normal 0.7933533402912352 0.6087614290087207 0
    outer loop
      vertex 1.615397 1.072835 0.000000
      vertex 1.593499 1.101373 1.299213
      vertex 1.615397 1.072835 1.299213
    endloop
  endfacet
  facet normal 0.9914448613738104 0.13052619222005254 0
    outer loop
      vertex 1.629163 1.039601 1.299213
      vertex 1.633858 1.003937 1.070866
      vertex 1.633858 1.003937 1.023622
    endloop
  endfacet
  facet normal 0.9914448613738104 0.1305261922200526 0
    outer loop
      vertex 1.629163 1.039601 1.299213
      vertex 1.633858 1.003937 1.299213
      vertex 1.633858 1.003937 1.070866
    endloop
  endfacet
  facet normal 0 0 1
    outer loop
      vertex 1.633858 -1.003937 1.299213
      vertex 1.633858 1.003937 1.299213
      vertex 1.564961 1.123271 1.299213
    endloop
  endfacet
  facet normal 0 0 1
    outer loop
      vertex 1.515748 0.954724 1.299213
      vertex 1.564961 1.123271 1.299213
      vertex 1.510504 0.981090 1.299213
    endloop
  endfacet
  facet normal 0 0 1
    outer loop
      vertex 1.510504 0.981090 1.299213
      vertex 1.564961 1.123271 1.299213
      vertex 1.495568 1.003442 1.299213
    endloop
  endfacet
  facet normal 0 0 1
    outer loop
      vertex 1.446850 1.023622 1.299213
      vertex 1.473216 1.018378 1.299213
      vertex 1.564961 1.123271 1.299213
    endloop
  endfacet
  facet normal 0 0 1
    outer loop
      vertex 1.473216 1.018378 1.299213
      vertex 1.495568 1.003442 1.299213
      vertex 1.564961 1.123271 1.299213
    endloop
  endfacet
  facet normal 0 0 1
    outer loop
      vertex 1.629163 1.039601 1.299213
      vertex 1.593499 1.101373 1.299213
      vertex 1.564961 1.123271 1.299213
    endloop
  endfacet
  facet normal 0 0 1
    outer loop
      vertex 1.496063 1.141732 1.299213
      vertex 1.564961 1.123271 1.299213
      vertex 1.531727 1.137037 1.299213
    endloop
  endfacet
  facet normal 0 0 1
    outer loop
      vertex 1.633858 1.003937 1.299213
      vertex 1.629163 1.039601 1.299213
      vertex 1.564961 1.123271 1.299213
    endloop
  endfacet
  facet normal 0 0 1
    outer loop
      vertex 1.629163 1.039601 1.299213
      vertex 1.615397 1.072835 1.299213
      vertex 1.593499 1.101373 1.299213
    endloop
  endfacet
  facet normal 0 0 1
    outer loop
      vertex -1.495568 -1.003442 0.118504
      vertex -1.473216 -1.018378 0.118504
      vertex -1.515748 -0.954724 0.118504
    endloop
  endfacet
  facet normal 0 0 1
    outer loop
      vertex -1.495568 -1.003442 0.118504
      vertex -1.515748 -0.954724 0.118504
      vertex -1.510504 -0.981090 0.118504
    endloop
  endfacet
  facet normal 1 0 0
    outer loop
      vertex -1.515748 -0.954724 0.118504
      vertex -1.515748 0.000000 0.295276
      vertex -1.515748 -0.289812 0.462598
    endloop
  endfacet
  facet normal 0.5555702330196023 0.8314696123025452 0
    outer loop
      vertex -1.495568 -1.003442 0.118504
      vertex -1.495568 -1.003442 1.299213
      vertex -1.473216 -1.018378 0.118504
    endloop
  endfacet
  facet normal 0.831469612302546 0.555570233019601 0
    outer loop
      vertex -1.495568 -1.003442 0.118504
      vertex -1.510504 -0.981090 0.118504
      vertex -1.510504 -0.981090 1.299213
    endloop
  endfacet
  facet normal 0.19509032201612717 0.9807852804032307 0
    outer loop
      vertex -1.473216 -1.018378 0.118504
      vertex -1.473216 -1.018378 1.299213
      vertex -1.446850 -1.023622 0.118504
    endloop
  endfacet
  facet normal 0.9807852804032307 0.19509032201612717 0
    outer loop
      vertex -1.510504 -0.981090 0.118504
      vertex -1.515748 -0.954724 0.118504
      vertex -1.515748 -0.954724 1.299213
    endloop
  endfacet
  facet normal 1 0 0
    outer loop
      vertex -1.515748 -0.954724 0.118504
      vertex -1.515748 -0.289812 0.462598
      vertex -1.515748 -0.289812 0.797244
    endloop
  endfacet
  facet normal 1 0 0
    outer loop
      vertex -1.515748 -0.954724 0.118504
      vertex -1.515748 -0.289812 0.797244
      vertex -1.515748 -0.954724 1.299213
    endloop
  endfacet
  facet normal 0 0 1
    outer loop
      vertex -1.473216 -1.018378 0.118504
      vertex -1.446850 -1.023622 0.118504
      vertex 1.446850 -1.023622 0.118504
    endloop
  endfacet
  facet normal 0 1 0
    outer loop
      vertex -1.446850 -1.023622 0.118504
      vertex -1.446850 -1.023622 1.299213
      vertex 1.446850 -1.023622 0.118504
    endloop
  endfacet
  facet normal 0.5555702330196023 0.8314696123025452 0
    outer loop
      vertex -1.473216 -1.018378 0.118504
      vertex -1.495568 -1.003442 1.299213
      vertex -1.473216 -1.018378 1.299213
    endloop
  endfacet
  facet normal 0.831469612302546 0.555570233019601 0
    outer loop
      vertex -1.495568 -1.003442 0.118504
      vertex -1.510504 -0.981090 1.299213
      vertex -1.495568 -1.003442 1.299213
    endloop
  endfacet
  facet normal 0.19509032201612717 0.9807852804032307 0
    outer loop
      vertex -1.446850 -1.023622 0.118504
      vertex -1.473216 -1.018378 1.299213
      vertex -1.446850 -1.023622 1.299213
    endloop
  endfacet
  facet normal 0.9807852804032307 0.19509032201612717 0
    outer loop
      vertex -1.510504 -0.981090 0.118504
      vertex -1.515748 -0.954724 1.299213
      vertex -1.510504 -0.981090 1.299213
    endloop
  endfacet
  facet normal 1 0 0
    outer loop
      vertex -1.515748 -0.954724 1.299213
      vertex -1.515748 -0.289812 0.797244
      vertex -1.515748 0.000000 0.964567
    endloop
  endfacet
  facet normal 0 0 1
    outer loop
      vertex -1.473216 -1.018378 0.118504
      vertex -1.515748 0.954724 0.118504
      vertex -1.515748 -0.954724 0.118504
    endloop
  endfacet
  facet normal 1 0 0
    outer loop
      vertex -1.515748 -0.954724 0.118504
      vertex -1.515748 0.954724 0.118504
      vertex -1.515748 0.000000 0.295276
    endloop
  endfacet
  facet normal 0 0 1
    outer loop
      vertex -1.473216 -1.018378 0.118504
      vertex -1.446850 1.023622 0.118504
      vertex -1.515748 0.954724 0.118504
    endloop
  endfacet
  facet normal 1 0 0
    outer loop
      vertex -1.515748 0.000000 0.295276
      vertex -1.515748 0.954724 0.118504
      vertex -1.515748 0.289812 0.462598
    endloop
  endfacet
  facet normal 0 0 1
    outer loop
      vertex -1.515748 0.954724 0.118504
      vertex -1.495568 1.003442 0.118504
      vertex -1.510504 0.981090 0.118504
    endloop
  endfacet
  facet normal 0 0 1
    outer loop
      vertex -1.515748 0.954724 0.118504
      vertex -1.446850 1.023622 0.118504
      vertex -1.495568 1.003442 0.118504
    endloop
  endfacet
  facet normal 0 0 1
    outer loop
      vertex -1.495568 1.003442 0.118504
      vertex -1.446850 1.023622 0.118504
      vertex -1.473216 1.018378 0.118504
    endloop
  endfacet
  facet normal 1 0 0
    outer loop
      vertex -1.515748 0.289812 0.462598
      vertex -1.515748 0.954724 0.118504
      vertex -1.515748 0.289812 0.797244
    endloop
  endfacet
  facet normal 1 0 0
    outer loop
      vertex -1.515748 0.954724 0.118504
      vertex -1.515748 0.954724 1.299213
      vertex -1.515748 0.289812 0.797244
    endloop
  endfacet
  facet normal 0.9807852804032307 -0.19509032201612717 0
    outer loop
      vertex -1.515748 0.954724 0.118504
      vertex -1.510504 0.981090 0.118504
      vertex -1.510504 0.981090 1.299213
    endloop
  endfacet
  facet normal 0.831469612302546 -0.555570233019601 0
    outer loop
      vertex -1.510504 0.981090 0.118504
      vertex -1.495568 1.003442 0.118504
      vertex -1.495568 1.003442 1.299213
    endloop
  endfacet
  facet normal 0.5555702330196023 -0.8314696123025452 0
    outer loop
      vertex -1.495568 1.003442 0.118504
      vertex -1.473216 1.018378 0.118504
      vertex -1.473216 1.018378 1.299213
    endloop
  endfacet
  facet normal 0.19509032201612717 -0.9807852804032307 0
    outer loop
      vertex -1.473216 1.018378 0.118504
      vertex -1.446850 1.023622 0.118504
      vertex -1.446850 1.023622 1.299213
    endloop
  endfacet
  facet normal 0 0 1
    outer loop
      vertex -1.473216 -1.018378 0.118504
      vertex 1.515748 -0.954724 0.118504
      vertex -1.446850 1.023622 0.118504
    endloop
  endfacet
  facet normal 1 0 0
    outer loop
      vertex -1.515748 -0.954724 1.299213
      vertex -1.515748 0.000000 0.964567
      vertex -1.515748 0.954724 1.299213
    endloop
  endfacet
  facet normal 1 0 0
    outer loop
      vertex -1.515748 0.000000 0.964567
      vertex -1.515748 0.289812 0.797244
      vertex -1.515748 0.954724 1.299213
    endloop
  endfacet
  facet normal 0.9807852804032307 -0.19509032201612717 0
    outer loop
      vertex -1.515748 0.954724 0.118504
      vertex -1.510504 0.981090 1.299213
      vertex -1.515748 0.954724 1.299213
    endloop
  endfacet
  facet normal 0.831469612302546 -0.555570233019601 0
    outer loop
      vertex -1.510504 0.981090 0.118504
      vertex -1.495568 1.003442 1.299213
      vertex -1.510504 0.981090 1.299213
    endloop
  endfacet
  facet normal 0.5555702330196023 -0.8314696123025452 0
    outer loop
      vertex -1.495568 1.003442 0.118504
      vertex -1.473216 1.018378 1.299213
      vertex -1.495568 1.003442 1.299213
    endloop
  endfacet
  facet normal 0.19509032201612717 -0.9807852804032307 0
    outer loop
      vertex -1.473216 1.018378 0.118504
      vertex -1.446850 1.023622 1.299213
      vertex -1.473216 1.018378 1.299213
    endloop
  endfacet
  facet normal 0 -1 0
    outer loop
      vertex -1.446850 1.023622 0.118504
      vertex 1.446850 1.023622 1.299213
      vertex -1.446850 1.023622 1.299213
    endloop
  endfacet
  facet normal 0 0 1
    outer loop
      vertex -1.473216 -1.018378 0.118504
      vertex 1.446850 -1.023622 0.118504
      vertex 1.515748 -0.954724 0.118504
    endloop
  endfacet
  facet normal 0 0 1
    outer loop
      vertex 1.446850 -1.023622 0.118504
      vertex 1.473216 -1.018378 0.118504
      vertex 1.495568 -1.003442 0.118504
    endloop
  endfacet
  facet normal 0 0 1
    outer loop
      vertex 1.446850 -1.023622 0.118504
      vertex 1.495568 -1.003442 0.118504
      vertex 1.515748 -0.954724 0.118504
    endloop
  endfacet
  facet normal 0 0 1
    outer loop
      vertex 1.495568 -1.003442 0.118504
      vertex 1.510504 -0.981090 0.118504
      vertex 1.515748 -0.954724 0.118504
    endloop
  endfacet
  facet normal -1 0 0
    outer loop
      vertex 1.515748 -0.954724 0.118504
      vertex 1.515748 -0.289812 0.462598
      vertex 1.515748 0.000000 0.295276
    endloop
  endfacet
  facet normal -0.19509032201612717 0.9807852804032307 0
    outer loop
      vertex 1.446850 -1.023622 0.118504
      vertex 1.446850 -1.023622 1.299213
      vertex 1.473216 -1.018378 0.118504
    endloop
  endfacet
  facet normal -0.5555702330196023 0.8314696123025452 0
    outer loop
      vertex 1.473216 -1.018378 0.118504
      vertex 1.473216 -1.018378 1.299213
      vertex 1.495568 -1.003442 0.118504
    endloop
  endfacet
  facet normal -0.831469612302546 0.555570233019601 0
    outer loop
      vertex 1.495568 -1.003442 0.118504
      vertex 1.495568 -1.003442 1.299213
      vertex 1.510504 -0.981090 0.118504
    endloop
  endfacet
  facet normal -0.9807852804032307 0.19509032201612717 0
    outer loop
      vertex 1.510504 -0.981090 0.118504
      vertex 1.510504 -0.981090 1.299213
      vertex 1.515748 -0.954724 0.118504
    endloop
  endfacet
  facet normal -1 0 0
    outer loop
      vertex 1.515748 -0.954724 0.118504
      vertex 1.515748 -0.289812 0.797244
      vertex 1.515748 -0.289812 0.462598
    endloop
  endfacet
  facet normal -1 0 0
    outer loop
      vertex 1.515748 -0.954724 0.118504
      vertex 1.515748 -0.954724 1.299213
      vertex 1.515748 -0.289812 0.797244
    endloop
  endfacet
  facet normal 0 1 0
    outer loop
      vertex -1.446850 -1.023622 1.299213
      vertex 1.446850 -1.023622 1.299213
      vertex 1.446850 -1.023622 0.118504
    endloop
  endfacet
  facet normal -0.19509032201612717 0.9807852804032307 0
    outer loop
      vertex 1.473216 -1.018378 0.118504
      vertex 1.446850 -1.023622 1.299213
      vertex 1.473216 -1.018378 1.299213
    endloop
  endfacet
  facet normal -0.5555702330196023 0.8314696123025452 0
    outer loop
      vertex 1.495568 -1.003442 0.118504
      vertex 1.473216 -1.018378 1.299213
      vertex 1.495568 -1.003442 1.299213
    endloop
  endfacet
  facet normal -0.831469612302546 0.555570233019601 0
    outer loop
      vertex 1.510504 -0.981090 0.118504
      vertex 1.495568 -1.003442 1.299213
      vertex 1.510504 -0.981090 1.299213
    endloop
  endfacet
  facet normal -0.9807852804032307 0.19509032201612717 0
    outer loop
      vertex 1.515748 -0.954724 0.118504
      vertex 1.510504 -0.981090 1.299213
      vertex 1.515748 -0.954724 1.299213
    endloop
  endfacet
  facet normal -1 0 0
    outer loop
      vertex 1.515748 -0.954724 1.299213
      vertex 1.515748 0.000000 0.964567
      vertex 1.515748 -0.289812 0.797244
    endloop
  endfacet
  facet normal 0 0 1
    outer loop
      vertex -1.446850 1.023622 0.118504
      vertex 1.515748 -0.954724 0.118504
      vertex 1.473216 1.018378 0.118504
    endloop
  endfacet
  facet normal 0 0 1
    outer loop
      vertex -1.446850 1.023622 0.118504
      vertex 1.473216 1.018378 0.118504
      vertex 1.446850 1.023622 0.118504
    endloop
  endfacet
  facet normal 0 -1 0
    outer loop
      vertex -1.446850 1.023622 0.118504
      vertex 1.446850 1.023622 0.118504
      vertex 1.446850 1.023622 1.299213
    endloop
  endfacet
  facet normal -1 0 0
    outer loop
      vertex 1.515748 -0.954724 0.118504
      vertex 1.515748 0.000000 0.295276
      vertex 1.515748 0.954724 0.118504
    endloop
  endfacet
  facet normal 0 0 1
    outer loop
      vertex 1.515748 -0.954724 0.118504
      vertex 1.515748 0.954724 0.118504
      vertex 1.473216 1.018378 0.118504
    endloop
  endfacet
  facet normal -1 0 0
    outer loop
      vertex 1.515748 0.000000 0.295276
      vertex 1.515748 0.289812 0.462598
      vertex 1.515748 0.954724 0.118504
    endloop
  endfacet
  facet normal 0 0 1
    outer loop
      vertex 1.515748 0.954724 0.118504
      vertex 1.495568 1.003442 0.118504
      vertex 1.473216 1.018378 0.118504
    endloop
  endfacet
  facet normal 0 0 1
    outer loop
      vertex 1.515748 0.954724 0.118504
      vertex 1.510504 0.981090 0.118504
      vertex 1.495568 1.003442 0.118504
    endloop
  endfacet
  facet normal -1 0 0
    outer loop
      vertex 1.515748 0.289812 0.462598
      vertex 1.515748 0.289812 0.797244
      vertex 1.515748 0.954724 0.118504
    endloop
  endfacet
  facet normal -1 0 0
    outer loop
      vertex 1.515748 0.954724 0.118504
      vertex 1.515748 0.289812 0.797244
      vertex 1.515748 0.954724 1.299213
    endloop
  endfacet
  facet normal -0.9807852804032307 -0.19509032201612717 0
    outer loop
      vertex 1.515748 0.954724 0.118504
      vertex 1.515748 0.954724 1.299213
      vertex 1.510504 0.981090 0.118504
    endloop
  endfacet
  facet normal -0.831469612302546 -0.555570233019601 0
    outer loop
      vertex 1.510504 0.981090 0.118504
      vertex 1.510504 0.981090 1.299213
      vertex 1.495568 1.003442 0.118504
    endloop
  endfacet
  facet normal -0.19509032201612717 -0.9807852804032307 0
    outer loop
      vertex 1.446850 1.023622 0.118504
      vertex 1.473216 1.018378 0.118504
      vertex 1.473216 1.018378 1.299213
    endloop
  endfacet
  facet normal -0.5555702330196023 -0.8314696123025452 0
    outer loop
      vertex 1.473216 1.018378 0.118504
      vertex 1.495568 1.003442 0.118504
      vertex 1.495568 1.003442 1.299213
    endloop
  endfacet
  facet normal -1 0 0
    outer loop
      vertex 1.515748 -0.954724 1.299213
      vertex 1.515748 0.954724 1.299213
      vertex 1.515748 0.000000 0.964567
    endloop
  endfacet
  facet normal -1 0 0
    outer loop
      vertex 1.515748 0.000000 0.964567
      vertex 1.515748 0.954724 1.299213
      vertex 1.515748 0.289812 0.797244
    endloop
  endfacet
  facet normal -0.9807852804032307 -0.19509032201612717 0
    outer loop
      vertex 1.510504 0.981090 0.118504
      vertex 1.515748 0.954724 1.299213
      vertex 1.510504 0.981090 1.299213
    endloop
  endfacet
  facet normal -0.831469612302546 -0.555570233019601 0
    outer loop
      vertex 1.495568 1.003442 0.118504
      vertex 1.510504 0.981090 1.299213
      vertex 1.495568 1.003442 1.299213
    endloop
  endfacet
  facet normal -0.19509032201612717 -0.9807852804032307 0
    outer loop
      vertex 1.446850 1.023622 0.118504
      vertex 1.473216 1.018378 1.299213
      vertex 1.446850 1.023622 1.299213
    endloop
  endfacet
  facet normal -0.5555702330196023 -0.8314696123025452 0
    outer loop
      vertex 1.473216 1.018378 0.118504
      vertex 1.495568 1.003442 1.299213
      vertex 1.473216 1.018378 1.299213
    endloop
  endfacet
  facet normal 0 0.5 0.8660254037844387
    outer loop
      vertex -1.515748 -0.289812 0.462598
      vertex -1.633858 0.000000 0.295276
      vertex -1.633858 -0.289812 0.462598
    endloop
  endfacet
  facet normal 0 0.5 0.8660254037844387
    outer loop
      vertex -1.515748 -0.289812 0.462598
      vertex -1.515748 0.000000 0.295276
      vertex -1.633858 0.000000 0.295276
    endloop
  endfacet
  facet normal 0 -0.5 0.8660254037844387
    outer loop
      vertex -1.515748 0.000000 0.295276
      vertex -1.633858 0.289812 0.462598
      vertex -1.633858 0.000000 0.295276
    endloop
  endfacet
  facet normal 0 -0.5 0.8660254037844387
    outer loop
      vertex -1.515748 0.000000 0.295276
      vertex -1.515748 0.289812 0.462598
      vertex -1.633858 0.289812 0.462598
    endloop
  endfacet
  facet normal 0 1 0
    outer loop
      vertex -1.515748 -0.289812 0.462598
      vertex -1.633858 -0.289812 0.462598
      vertex -1.515748 -0.289812 0.797244
    endloop
  endfacet
  facet normal 0 1 0
    outer loop
      vertex -1.515748 -0.289812 0.797244
      vertex -1.633858 -0.289812 0.462598
      vertex -1.633858 -0.289812 0.797244
    endloop
  endfacet
  facet normal 0 0.5 -0.8660254037844387
    outer loop
      vertex -1.515748 -0.289812 0.797244
      vertex -1.633858 -0.289812 0.797244
      vertex -1.515748 0.000000 0.964567
    endloop
  endfacet
  facet normal 0 -1 0
    outer loop
      vertex -1.515748 0.289812 0.462598
      vertex -1.633858 0.289812 0.797244
      vertex -1.633858 0.289812 0.462598
    endloop
  endfacet
  facet normal 0 -1 0
    outer loop
      vertex -1.515748 0.289812 0.462598
      vertex -1.515748 0.289812 0.797244
      vertex -1.633858 0.289812 0.797244
    endloop
  endfacet
  facet normal 0 -0.5 -0.8660254037844387
    outer loop
      vertex -1.515748 0.289812 0.797244
      vertex -1.633858 0.000000 0.964567
      vertex -1.633858 0.289812 0.797244
    endloop
  endfacet
  facet normal 0 0.5 -0.8660254037844387
    outer loop
      vertex -1.515748 0.000000 0.964567
      vertex -1.633858 -0.289812 0.797244
      vertex -1.633858 0.000000 0.964567
    endloop
  endfacet
  facet normal 0 -0.5 -0.8660254037844387
    outer loop
      vertex -1.515748 0.000000 0.964567
      vertex -1.633858 0.000000 0.964567
      vertex -1.515748 0.289812 0.797244
    endloop
  endfacet
  facet normal 0 0.5 0.8660254037844387
    outer loop
      vertex 1.515748 -0.289812 0.462598
      vertex 1.633858 -0.289812 0.462598
      vertex 1.515748 0.000000 0.295276
    endloop
  endfacet
  facet normal 0 0.5 0.8660254037844387
    outer loop
      vertex 1.515748 0.000000 0.295276
      vertex 1.633858 -0.289812 0.462598
      vertex 1.633858 0.000000 0.295276
    endloop
  endfacet
  facet normal 0 -0.5 0.8660254037844387
    outer loop
      vertex 1.515748 0.000000 0.295276
      vertex 1.633858 0.000000 0.295276
      vertex 1.515748 0.289812 0.462598
    endloop
  endfacet
  facet normal 0 -0.5 0.8660254037844387
    outer loop
      vertex 1.515748 0.289812 0.462598
      vertex 1.633858 0.000000 0.295276
      vertex 1.633858 0.289812 0.462598
    endloop
  endfacet
  facet normal 0 1 0
    outer loop
      vertex 1.515748 -0.289812 0.462598
      vertex 1.633858 -0.289812 0.797244
      vertex 1.633858 -0.289812 0.462598
    endloop
  endfacet
  facet normal 0 1 0
    outer loop
      vertex 1.515748 -0.289812 0.462598
      vertex 1.515748 -0.289812 0.797244
      vertex 1.633858 -0.289812 0.797244
    endloop
  endfacet
  facet normal 0 0.5 -0.8660254037844387
    outer loop
      vertex 1.515748 -0.289812 0.797244
      vertex 1.633858 0.000000 0.964567
      vertex 1.633858 -0.289812 0.797244
    endloop
  endfacet
  facet normal 0 -1 0
    outer loop
      vertex 1.515748 0.289812 0.462598
      vertex 1.633858 0.289812 0.462598
      vertex 1.515748 0.289812 0.797244
    endloop
  endfacet
  facet normal 0 -1 0
    outer loop
      vertex 1.515748 0.289812 0.797244
      vertex 1.633858 0.289812 0.462598
      vertex 1.633858 0.289812 0.797244
    endloop
  endfacet
  facet normal 0 -0.5 -0.8660254037844387
    outer loop
      vertex 1.515748 0.000000 0.964567
      vertex 1.515748 0.289812 0.797244
      vertex 1.633858 0.289812 0.797244
    endloop
  endfacet
  facet normal 0 0.5 -0.8660254037844387
    outer loop
      vertex 1.515748 -0.289812 0.797244
      vertex 1.515748 0.000000 0.964567
      vertex 1.633858 0.000000 0.964567
    endloop
  endfacet
  facet normal 0 -0.5 -0.8660254037844387
    outer loop
      vertex 1.515748 0.000000 0.964567
      vertex 1.633858 0.289812 0.797244
      vertex 1.633858 0.000000 0.964567
    endloop
  endfacet
  facet normal -1 0 0
    outer loop
      vertex -2.086614 -0.139194 0.490727
      vertex -2.086614 -0.127306 0.577189
      vertex -2.086614 -0.097436 0.532485
    endloop
  endfacet
  facet normal -1 0 0
    outer loop
      vertex -2.086614 -0.139194 0.490727
      vertex -2.086614 0.075331 0.448055
      vertex -2.086614 -0.075331 0.448055
    endloop
  endfacet
  facet normal -1 0 0
    outer loop
      vertex -2.086614 -0.139194 0.490727
      vertex -2.086614 -0.097436 0.532485
      vertex -2.086614 -0.052732 0.502615
    endloop
  endfacet
  facet normal -1 0 0
    outer loop
      vertex -2.086614 -0.139194 0.490727
      vertex -2.086614 -0.052732 0.502615
      vertex -2.086614 0.000000 0.492126
    endloop
  endfacet
  facet normal 0.5071711469260751 -0.716598228874126 -0.47881562850449577
    outer loop
      vertex -2.086614 -0.139194 0.490727
      vertex -1.988189 -0.097436 0.532485
      vertex -2.086614 -0.181866 0.554590
    endloop
  endfacet
  facet normal 0.5071711469260752 -0.1681376891695365 -0.8452852448767917
    outer loop
      vertex -2.086614 -0.075331 0.448055
      vertex -2.086614 0.000000 0.433071
      vertex -1.988189 -0.052732 0.502615
    endloop
  endfacet
  facet normal 0.507171146926075 -0.16813768916953695 -0.8452852448767917
    outer loop
      vertex -1.988189 -0.052732 0.502615
      vertex -2.086614 0.000000 0.433071
      vertex -1.988189 0.000000 0.492126
    endloop
  endfacet
  facet normal 0.5071711469260751 -0.47881562850449566 -0.716598228874126
    outer loop
      vertex -2.086614 -0.139194 0.490727
      vertex -2.086614 -0.075331 0.448055
      vertex -1.988189 -0.097436 0.532485
    endloop
  endfacet
  facet normal 0.5071711469260753 -0.47881562850449516 -0.7165982288741263
    outer loop
      vertex -2.086614 -0.075331 0.448055
      vertex -1.988189 -0.052732 0.502615
      vertex -1.988189 -0.097436 0.532485
    endloop
  endfacet
  facet normal -1 0 0
    outer loop
      vertex -2.086614 -0.139194 0.490727
      vertex -2.086614 -0.181866 0.554590
      vertex -2.086614 -0.127306 0.577189
    endloop
  endfacet
  facet normal -1 0 0
    outer loop
      vertex -2.086614 -0.181866 0.554590
      vertex -2.086614 -0.137795 0.629921
      vertex -2.086614 -0.127306 0.577189
    endloop
  endfacet
  facet normal -1 0 0
    outer loop
      vertex -2.086614 -0.181866 0.554590
      vertex -2.086614 -0.196850 0.629921
      vertex -2.086614 -0.137795 0.629921
    endloop
  endfacet
  facet normal 0.5071711469260751 -0.8452852448767918 -0.16813768916953645
    outer loop
      vertex -2.086614 -0.181866 0.554590
      vertex -1.988189 -0.127306 0.577189
      vertex -2.086614 -0.196850 0.629921
    endloop
  endfacet
  facet normal 0.5071711469260752 -0.716598228874126 -0.47881562850449544
    outer loop
      vertex -1.988189 -0.097436 0.532485
      vertex -1.988189 -0.127306 0.577189
      vertex -2.086614 -0.181866 0.554590
    endloop
  endfacet
  facet normal 0.507171146926075 -0.8452852448767917 -0.1681376891695367
    outer loop
      vertex -2.086614 -0.196850 0.629921
      vertex -1.988189 -0.127306 0.577189
      vertex -1.988189 -0.137795 0.629921
    endloop
  endfacet
  facet normal -1 0 0
    outer loop
      vertex -2.086614 -0.196850 0.629921
      vertex -2.086614 -0.181866 0.705253
      vertex -2.086614 -0.127306 0.682653
    endloop
  endfacet
  facet normal -1 0 0
    outer loop
      vertex -2.086614 -0.196850 0.629921
      vertex -2.086614 -0.127306 0.682653
      vertex -2.086614 -0.137795 0.629921
    endloop
  endfacet
  facet normal -1 0 0
    outer loop
      vertex -2.086614 -0.127306 0.682653
      vertex -2.086614 -0.181866 0.705253
      vertex -2.086614 -0.097436 0.727357
    endloop
  endfacet
  facet normal -1 0 0
    outer loop
      vertex -2.086614 -0.181866 0.705253
      vertex -2.086614 -0.139194 0.769116
      vertex -2.086614 -0.097436 0.727357
    endloop
  endfacet
  facet normal 0.5071711469260752 -0.8452852448767917 0.16813768916953642
    outer loop
      vertex -2.086614 -0.196850 0.629921
      vertex -1.988189 -0.127306 0.682653
      vertex -2.086614 -0.181866 0.705253
    endloop
  endfacet
  facet normal 0.507171146926075 -0.8452852448767917 0.16813768916953692
    outer loop
      vertex -2.086614 -0.196850 0.629921
      vertex -1.988189 -0.137795 0.629921
      vertex -1.988189 -0.127306 0.682653
    endloop
  endfacet
  facet normal 0.5071711469260755 -0.7165982288741259 0.4788156285044952
    outer loop
      vertex -2.086614 -0.181866 0.705253
      vertex -1.988189 -0.127306 0.682653
      vertex -1.988189 -0.097436 0.727357
    endloop
  endfacet
  facet normal 0.5071711469260753 -0.7165982288741259 0.4788156285044957
    outer loop
      vertex -2.086614 -0.181866 0.705253
      vertex -1.988189 -0.097436 0.727357
      vertex -2.086614 -0.139194 0.769116
    endloop
  endfacet
  facet normal -1 0 0
    outer loop
      vertex -2.086614 -0.097436 0.727357
      vertex -2.086614 -0.139194 0.769116
      vertex -2.086614 -0.052732 0.757227
    endloop
  endfacet
  facet normal -1 0 0
    outer loop
      vertex -2.086614 -0.139194 0.769116
      vertex -2.086614 0.000000 0.767717
      vertex -2.086614 -0.052732 0.757227
    endloop
  endfacet
  facet normal -1 0 0
    outer loop
      vertex -2.086614 -0.139194 0.769116
      vertex -2.086614 -0.075331 0.811787
      vertex -2.086614 0.139194 0.769116
    endloop
  endfacet
  facet normal 0.5071711469260755 -0.47881562850449555 0.7165982288741259
    outer loop
      vertex -1.988189 -0.097436 0.727357
      vertex -2.086614 -0.075331 0.811787
      vertex -2.086614 -0.139194 0.769116
    endloop
  endfacet
  facet normal 0.5071711469260747 -0.4788156285044968 0.7165982288741255
    outer loop
      vertex -1.988189 -0.097436 0.727357
      vertex -1.988189 -0.052732 0.757227
      vertex -2.086614 -0.075331 0.811787
    endloop
  endfacet
  facet normal 0.5071711469260748 -0.16813768916953656 0.845285244876792
    outer loop
      vertex -2.086614 -0.075331 0.811787
      vertex -1.988189 -0.052732 0.757227
      vertex -2.086614 0.000000 0.826772
    endloop
  endfacet
  facet normal 0.5071711469260751 -0.16813768916953586 0.8452852448767919
    outer loop
      vertex -1.988189 -0.052732 0.757227
      vertex -1.988189 0.000000 0.767717
      vertex -2.086614 0.000000 0.826772
    endloop
  endfacet
  facet normal -1 0 0
    outer loop
      vertex -2.086614 -0.075331 0.448055
      vertex -2.086614 0.075331 0.448055
      vertex -2.086614 0.000000 0.433071
    endloop
  endfacet
  facet normal -1 0 0
    outer loop
      vertex -2.086614 -0.139194 0.490727
      vertex -2.086614 0.139194 0.490727
      vertex -2.086614 0.075331 0.448055
    endloop
  endfacet
  facet normal -1 0 0
    outer loop
      vertex -2.086614 -0.139194 0.490727
      vertex -2.086614 0.000000 0.492126
      vertex -2.086614 0.139194 0.490727
    endloop
  endfacet
  facet normal -1 0 0
    outer loop
      vertex -2.086614 0.000000 0.492126
      vertex -2.086614 0.052732 0.502615
      vertex -2.086614 0.139194 0.490727
    endloop
  endfacet
  facet normal -1 0 0
    outer loop
      vertex -2.086614 0.052732 0.502615
      vertex -2.086614 0.097436 0.532485
      vertex -2.086614 0.139194 0.490727
    endloop
  endfacet
  facet normal -1 0 0
    outer loop
      vertex -2.086614 0.097436 0.532485
      vertex -2.086614 0.181866 0.554590
      vertex -2.086614 0.139194 0.490727
    endloop
  endfacet
  facet normal 0.507171146926075 0.16813768916953695 -0.8452852448767917
    outer loop
      vertex -2.086614 0.000000 0.433071
      vertex -1.988189 0.052732 0.502615
      vertex -1.988189 0.000000 0.492126
    endloop
  endfacet
  facet normal 0.5071711469260752 0.1681376891695365 -0.8452852448767917
    outer loop
      vertex -2.086614 0.000000 0.433071
      vertex -2.086614 0.075331 0.448055
      vertex -1.988189 0.052732 0.502615
    endloop
  endfacet
  facet normal 0.5071711469260753 0.47881562850449516 -0.7165982288741263
    outer loop
      vertex -2.086614 0.075331 0.448055
      vertex -1.988189 0.097436 0.532485
      vertex -1.988189 0.052732 0.502615
    endloop
  endfacet
  facet normal 0.5071711469260751 0.47881562850449566 -0.716598228874126
    outer loop
      vertex -2.086614 0.075331 0.448055
      vertex -2.086614 0.139194 0.490727
      vertex -1.988189 0.097436 0.532485
    endloop
  endfacet
  facet normal 0.5071711469260751 0.716598228874126 -0.47881562850449577
    outer loop
      vertex -2.086614 0.139194 0.490727
      vertex -2.086614 0.181866 0.554590
      vertex -1.988189 0.097436 0.532485
    endloop
  endfacet
  facet normal -1 0 0
    outer loop
      vertex -2.086614 0.097436 0.532485
      vertex -2.086614 0.127306 0.577189
      vertex -2.086614 0.181866 0.554590
    endloop
  endfacet
  facet normal -1 0 0
    outer loop
      vertex -2.086614 0.127306 0.577189
      vertex -2.086614 0.196850 0.629921
      vertex -2.086614 0.181866 0.554590
    endloop
  endfacet
  facet normal -1 0 0
    outer loop
      vertex -2.086614 0.127306 0.577189
      vertex -2.086614 0.137795 0.629921
      vertex -2.086614 0.196850 0.629921
    endloop
  endfacet
  facet normal 0.5071711469260752 0.716598228874126 -0.47881562850449544
    outer loop
      vertex -1.988189 0.097436 0.532485
      vertex -2.086614 0.181866 0.554590
      vertex -1.988189 0.127306 0.577189
    endloop
  endfacet
  facet normal 0.5071711469260751 0.8452852448767918 -0.16813768916953645
    outer loop
      vertex -1.988189 0.127306 0.577189
      vertex -2.086614 0.181866 0.554590
      vertex -2.086614 0.196850 0.629921
    endloop
  endfacet
  facet normal 0.507171146926075 0.8452852448767917 -0.16813768916953664
    outer loop
      vertex -1.988189 0.127306 0.577189
      vertex -2.086614 0.196850 0.629921
      vertex -1.988189 0.137795 0.629921
    endloop
  endfacet
  facet normal -1 0 0
    outer loop
      vertex -2.086614 0.137795 0.629921
      vertex -2.086614 0.181866 0.705253
      vertex -2.086614 0.196850 0.629921
    endloop
  endfacet
  facet normal -1 0 0
    outer loop
      vertex -2.086614 0.137795 0.629921
      vertex -2.086614 0.127306 0.682653
      vertex -2.086614 0.181866 0.705253
    endloop
  endfacet
  facet normal -1 0 0
    outer loop
      vertex -2.086614 0.127306 0.682653
      vertex -2.086614 0.097436 0.727357
      vertex -2.086614 0.139194 0.769116
    endloop
  endfacet
  facet normal -1 0 0
    outer loop
      vertex -2.086614 0.127306 0.682653
      vertex -2.086614 0.139194 0.769116
      vertex -2.086614 0.181866 0.705253
    endloop
  endfacet
  facet normal 0.507171146926075 0.8452852448767917 0.16813768916953686
    outer loop
      vertex -1.988189 0.137795 0.629921
      vertex -2.086614 0.196850 0.629921
      vertex -1.988189 0.127306 0.682653
    endloop
  endfacet
  facet normal 0.5071711469260752 0.8452852448767917 0.16813768916953642
    outer loop
      vertex -2.086614 0.196850 0.629921
      vertex -2.086614 0.181866 0.705253
      vertex -1.988189 0.127306 0.682653
    endloop
  endfacet
  facet normal 0.5071711469260755 0.7165982288741259 0.4788156285044953
    outer loop
      vertex -1.988189 0.127306 0.682653
      vertex -2.086614 0.181866 0.705253
      vertex -1.988189 0.097436 0.727357
    endloop
  endfacet
  facet normal 0.5071711469260753 0.7165982288741259 0.4788156285044957
    outer loop
      vertex -1.988189 0.097436 0.727357
      vertex -2.086614 0.181866 0.705253
      vertex -2.086614 0.139194 0.769116
    endloop
  endfacet
  facet normal -1 0 0
    outer loop
      vertex -2.086614 -0.139194 0.769116
      vertex -2.086614 0.139194 0.769116
      vertex -2.086614 0.000000 0.767717
    endloop
  endfacet
  facet normal -1 0 0
    outer loop
      vertex -2.086614 0.000000 0.767717
      vertex -2.086614 0.139194 0.769116
      vertex -2.086614 0.052732 0.757227
    endloop
  endfacet
  facet normal -1 0 0
    outer loop
      vertex -2.086614 -0.075331 0.811787
      vertex -2.086614 0.075331 0.811787
      vertex -2.086614 0.139194 0.769116
    endloop
  endfacet
  facet normal -1 0 0
    outer loop
      vertex -2.086614 -0.075331 0.811787
      vertex -2.086614 0.000000 0.826772
      vertex -2.086614 0.075331 0.811787
    endloop
  endfacet
  facet normal -1 0 0
    outer loop
      vertex -2.086614 0.097436 0.727357
      vertex -2.086614 0.052732 0.757227
      vertex -2.086614 0.139194 0.769116
    endloop
  endfacet
  facet normal 0.5071711469260751 0.16813768916953586 0.8452852448767919
    outer loop
      vertex -2.086614 0.000000 0.826772
      vertex -1.988189 0.000000 0.767717
      vertex -1.988189 0.052732 0.757227
    endloop
  endfacet
  facet normal 0.5071711469260747 0.4788156285044968 0.7165982288741255
    outer loop
      vertex -1.988189 0.097436 0.727357
      vertex -2.086614 0.075331 0.811787
      vertex -1.988189 0.052732 0.757227
    endloop
  endfacet
  facet normal 0.5071711469260748 0.16813768916953656 0.845285244876792
    outer loop
      vertex -2.086614 0.000000 0.826772
      vertex -1.988189 0.052732 0.757227
      vertex -2.086614 0.075331 0.811787
    endloop
  endfacet
  facet normal 0.5071711469260755 0.47881562850449555 0.7165982288741259
    outer loop
      vertex -1.988189 0.097436 0.727357
      vertex -2.086614 0.139194 0.769116
      vertex -2.086614 0.075331 0.811787
    endloop
  endfacet
  facet normal -0.5071711469260751 -0.716598228874126 -0.47881562850449577
    outer loop
      vertex 1.988189 -0.097436 0.532485
      vertex 2.086614 -0.139194 0.490727
      vertex 2.086614 -0.181866 0.554590
    endloop
  endfacet
  facet normal -0.507171146926075 -0.16813768916953695 -0.8452852448767917
    outer loop
      vertex 1.988189 -0.052732 0.502615
      vertex 1.988189 0.000000 0.492126
      vertex 2.086614 0.000000 0.433071
    endloop
  endfacet
  facet normal -0.5071711469260752 -0.1681376891695365 -0.8452852448767917
    outer loop
      vertex 1.988189 -0.052732 0.502615
      vertex 2.086614 0.000000 0.433071
      vertex 2.086614 -0.075331 0.448055
    endloop
  endfacet
  facet normal -0.5071711469260751 -0.4788156285044951 -0.7165982288741263
    outer loop
      vertex 1.988189 -0.097436 0.532485
      vertex 1.988189 -0.052732 0.502615
      vertex 2.086614 -0.075331 0.448055
    endloop
  endfacet
  facet normal -0.5071711469260751 -0.47881562850449566 -0.716598228874126
    outer loop
      vertex 1.988189 -0.097436 0.532485
      vertex 2.086614 -0.075331 0.448055
      vertex 2.086614 -0.139194 0.490727
    endloop
  endfacet
  facet normal 1 0 0
    outer loop
      vertex 2.086614 -0.139194 0.490727
      vertex 2.086614 -0.097436 0.532485
      vertex 2.086614 -0.181866 0.554590
    endloop
  endfacet
  facet normal 1 0 0
    outer loop
      vertex 2.086614 -0.139194 0.490727
      vertex 2.086614 -0.075331 0.448055
      vertex 2.086614 0.139194 0.490727
    endloop
  endfacet
  facet normal 1 0 0
    outer loop
      vertex 2.086614 -0.139194 0.490727
      vertex 2.086614 -0.052732 0.502615
      vertex 2.086614 -0.097436 0.532485
    endloop
  endfacet
  facet normal 1 0 0
    outer loop
      vertex 2.086614 -0.139194 0.490727
      vertex 2.086614 0.000000 0.492126
      vertex 2.086614 -0.052732 0.502615
    endloop
  endfacet
  facet normal -0.5071711469260751 -0.8452852448767918 -0.16813768916953645
    outer loop
      vertex 1.988189 -0.127306 0.577189
      vertex 2.086614 -0.181866 0.554590
      vertex 2.086614 -0.196850 0.629921
    endloop
  endfacet
  facet normal -0.5071711469260752 -0.716598228874126 -0.47881562850449544
    outer loop
      vertex 1.988189 -0.097436 0.532485
      vertex 2.086614 -0.181866 0.554590
      vertex 1.988189 -0.127306 0.577189
    endloop
  endfacet
  facet normal -0.507171146926075 -0.8452852448767917 -0.16813768916953664
    outer loop
      vertex 1.988189 -0.127306 0.577189
      vertex 2.086614 -0.196850 0.629921
      vertex 1.988189 -0.137795 0.629921
    endloop
  endfacet
  facet normal 1 0 0
    outer loop
      vertex 2.086614 -0.181866 0.554590
      vertex 2.086614 -0.127306 0.577189
      vertex 2.086614 -0.196850 0.629921
    endloop
  endfacet
  facet normal 1 0 0
    outer loop
      vertex 2.086614 -0.097436 0.532485
      vertex 2.086614 -0.127306 0.577189
      vertex 2.086614 -0.181866 0.554590
    endloop
  endfacet
  facet normal 1 0 0
    outer loop
      vertex 2.086614 -0.127306 0.577189
      vertex 2.086614 -0.137795 0.629921
      vertex 2.086614 -0.196850 0.629921
    endloop
  endfacet
  facet normal -0.5071711469260752 -0.8452852448767917 0.16813768916953642
    outer loop
      vertex 2.086614 -0.196850 0.629921
      vertex 2.086614 -0.181866 0.705253
      vertex 1.988189 -0.127306 0.682653
    endloop
  endfacet
  facet normal -0.507171146926075 -0.8452852448767917 0.16813768916953686
    outer loop
      vertex 1.988189 -0.137795 0.629921
      vertex 2.086614 -0.196850 0.629921
      vertex 1.988189 -0.127306 0.682653
    endloop
  endfacet
  facet normal -0.5071711469260755 -0.7165982288741259 0.4788156285044953
    outer loop
      vertex 1.988189 -0.127306 0.682653
      vertex 2.086614 -0.181866 0.705253
      vertex 1.988189 -0.097436 0.727357
    endloop
  endfacet
  facet normal -0.5071711469260753 -0.7165982288741259 0.4788156285044957
    outer loop
      vertex 1.988189 -0.097436 0.727357
      vertex 2.086614 -0.181866 0.705253
      vertex 2.086614 -0.139194 0.769116
    endloop
  endfacet
  facet normal 1 0 0
    outer loop
      vertex 2.086614 -0.196850 0.629921
      vertex 2.086614 -0.137795 0.629921
      vertex 2.086614 -0.181866 0.705253
    endloop
  endfacet
  facet normal 1 0 0
    outer loop
      vertex 2.086614 -0.137795 0.629921
      vertex 2.086614 -0.127306 0.682653
      vertex 2.086614 -0.181866 0.705253
    endloop
  endfacet
  facet normal 1 0 0
    outer loop
      vertex 2.086614 -0.127306 0.682653
      vertex 2.086614 -0.139194 0.769116
      vertex 2.086614 -0.181866 0.705253
    endloop
  endfacet
  facet normal 1 0 0
    outer loop
      vertex 2.086614 -0.127306 0.682653
      vertex 2.086614 -0.097436 0.727357
      vertex 2.086614 -0.139194 0.769116
    endloop
  endfacet
  facet normal -0.5071711469260747 -0.4788156285044968 0.7165982288741255
    outer loop
      vertex 1.988189 -0.097436 0.727357
      vertex 2.086614 -0.075331 0.811787
      vertex 1.988189 -0.052732 0.757227
    endloop
  endfacet
  facet normal -0.5071711469260755 -0.47881562850449555 0.7165982288741259
    outer loop
      vertex 1.988189 -0.097436 0.727357
      vertex 2.086614 -0.139194 0.769116
      vertex 2.086614 -0.075331 0.811787
    endloop
  endfacet
  facet normal -0.5071711469260751 -0.16813768916953586 0.8452852448767919
    outer loop
      vertex 1.988189 -0.052732 0.757227
      vertex 2.086614 0.000000 0.826772
      vertex 1.988189 0.000000 0.767717
    endloop
  endfacet
  facet normal -0.5071711469260748 -0.16813768916953656 0.845285244876792
    outer loop
      vertex 1.988189 -0.052732 0.757227
      vertex 2.086614 -0.075331 0.811787
      vertex 2.086614 0.000000 0.826772
    endloop
  endfacet
  facet normal 1 0 0
    outer loop
      vertex 2.086614 -0.097436 0.727357
      vertex 2.086614 -0.052732 0.757227
      vertex 2.086614 -0.139194 0.769116
    endloop
  endfacet
  facet normal 1 0 0
    outer loop
      vertex 2.086614 -0.139194 0.769116
      vertex 2.086614 -0.052732 0.757227
      vertex 2.086614 0.000000 0.767717
    endloop
  endfacet
  facet normal 1 0 0
    outer loop
      vertex 2.086614 -0.139194 0.769116
      vertex 2.086614 0.075331 0.811787
      vertex 2.086614 -0.075331 0.811787
    endloop
  endfacet
  facet normal -0.507171146926075 0.16813768916953695 -0.8452852448767917
    outer loop
      vertex 1.988189 0.000000 0.492126
      vertex 1.988189 0.052732 0.502615
      vertex 2.086614 0.000000 0.433071
    endloop
  endfacet
  facet normal -0.5071711469260752 0.1681376891695365 -0.8452852448767917
    outer loop
      vertex 1.988189 0.052732 0.502615
      vertex 2.086614 0.075331 0.448055
      vertex 2.086614 0.000000 0.433071
    endloop
  endfacet
  facet normal -0.5071711469260752 0.4788156285044951 -0.7165982288741263
    outer loop
      vertex 1.988189 0.052732 0.502615
      vertex 1.988189 0.097436 0.532485
      vertex 2.086614 0.075331 0.448055
    endloop
  endfacet
  facet normal -0.5071711469260751 0.47881562850449566 -0.716598228874126
    outer loop
      vertex 1.988189 0.097436 0.532485
      vertex 2.086614 0.139194 0.490727
      vertex 2.086614 0.075331 0.448055
    endloop
  endfacet
  facet normal -0.5071711469260751 0.716598228874126 -0.47881562850449577
    outer loop
      vertex 1.988189 0.097436 0.532485
      vertex 2.086614 0.181866 0.554590
      vertex 2.086614 0.139194 0.490727
    endloop
  endfacet
  facet normal 1 0 0
    outer loop
      vertex 2.086614 -0.075331 0.448055
      vertex 2.086614 0.000000 0.433071
      vertex 2.086614 0.075331 0.448055
    endloop
  endfacet
  facet normal 1 0 0
    outer loop
      vertex 2.086614 -0.075331 0.448055
      vertex 2.086614 0.075331 0.448055
      vertex 2.086614 0.139194 0.490727
    endloop
  endfacet
  facet normal 1 0 0
    outer loop
      vertex 2.086614 -0.139194 0.490727
      vertex 2.086614 0.139194 0.490727
      vertex 2.086614 0.000000 0.492126
    endloop
  endfacet
  facet normal 1 0 0
    outer loop
      vertex 2.086614 0.000000 0.492126
      vertex 2.086614 0.139194 0.490727
      vertex 2.086614 0.052732 0.502615
    endloop
  endfacet
  facet normal 1 0 0
    outer loop
      vertex 2.086614 0.052732 0.502615
      vertex 2.086614 0.139194 0.490727
      vertex 2.086614 0.097436 0.532485
    endloop
  endfacet
  facet normal 1 0 0
    outer loop
      vertex 2.086614 0.097436 0.532485
      vertex 2.086614 0.139194 0.490727
      vertex 2.086614 0.127306 0.577189
    endloop
  endfacet
  facet normal -0.5071711469260752 0.716598228874126 -0.47881562850449544
    outer loop
      vertex 1.988189 0.097436 0.532485
      vertex 1.988189 0.127306 0.577189
      vertex 2.086614 0.181866 0.554590
    endloop
  endfacet
  facet normal -0.5071711469260751 0.8452852448767918 -0.16813768916953645
    outer loop
      vertex 1.988189 0.127306 0.577189
      vertex 2.086614 0.196850 0.629921
      vertex 2.086614 0.181866 0.554590
    endloop
  endfacet
  facet normal -0.507171146926075 0.8452852448767917 -0.16813768916953664
    outer loop
      vertex 1.988189 0.127306 0.577189
      vertex 1.988189 0.137795 0.629921
      vertex 2.086614 0.196850 0.629921
    endloop
  endfacet
  facet normal 1 0 0
    outer loop
      vertex 2.086614 0.139194 0.490727
      vertex 2.086614 0.181866 0.554590
      vertex 2.086614 0.127306 0.577189
    endloop
  endfacet
  facet normal 1 0 0
    outer loop
      vertex 2.086614 0.127306 0.577189
      vertex 2.086614 0.181866 0.554590
      vertex 2.086614 0.137795 0.629921
    endloop
  endfacet
  facet normal 1 0 0
    outer loop
      vertex 2.086614 0.137795 0.629921
      vertex 2.086614 0.181866 0.554590
      vertex 2.086614 0.196850 0.629921
    endloop
  endfacet
  facet normal -0.507171146926075 0.8452852448767917 0.16813768916953686
    outer loop
      vertex 1.988189 0.137795 0.629921
      vertex 1.988189 0.127306 0.682653
      vertex 2.086614 0.196850 0.629921
    endloop
  endfacet
  facet normal -0.5071711469260752 0.8452852448767917 0.16813768916953642
    outer loop
      vertex 2.086614 0.196850 0.629921
      vertex 1.988189 0.127306 0.682653
      vertex 2.086614 0.181866 0.705253
    endloop
  endfacet
  facet normal -0.5071711469260755 0.7165982288741259 0.4788156285044953
    outer loop
      vertex 1.988189 0.127306 0.682653
      vertex 1.988189 0.097436 0.727357
      vertex 2.086614 0.181866 0.705253
    endloop
  endfacet
  facet normal -0.5071711469260753 0.7165982288741259 0.4788156285044957
    outer loop
      vertex 1.988189 0.097436 0.727357
      vertex 2.086614 0.139194 0.769116
      vertex 2.086614 0.181866 0.705253
    endloop
  endfacet
  facet normal 1 0 0
    outer loop
      vertex 2.086614 0.137795 0.629921
      vertex 2.086614 0.196850 0.629921
      vertex 2.086614 0.127306 0.682653
    endloop
  endfacet
  facet normal 1 0 0
    outer loop
      vertex 2.086614 0.196850 0.629921
      vertex 2.086614 0.181866 0.705253
      vertex 2.086614 0.127306 0.682653
    endloop
  endfacet
  facet normal 1 0 0
    outer loop
      vertex 2.086614 0.127306 0.682653
      vertex 2.086614 0.181866 0.705253
      vertex 2.086614 0.097436 0.727357
    endloop
  endfacet
  facet normal 1 0 0
    outer loop
      vertex 2.086614 0.097436 0.727357
      vertex 2.086614 0.181866 0.705253
      vertex 2.086614 0.139194 0.769116
    endloop
  endfacet
  facet normal -0.5071711469260751 0.16813768916953586 0.8452852448767919
    outer loop
      vertex 1.988189 0.000000 0.767717
      vertex 2.086614 0.000000 0.826772
      vertex 1.988189 0.052732 0.757227
    endloop
  endfacet
  facet normal -0.5071711469260747 0.4788156285044968 0.7165982288741255
    outer loop
      vertex 1.988189 0.097436 0.727357
      vertex 1.988189 0.052732 0.757227
      vertex 2.086614 0.075331 0.811787
    endloop
  endfacet
  facet normal -0.5071711469260748 0.16813768916953656 0.845285244876792
    outer loop
      vertex 1.988189 0.052732 0.757227
      vertex 2.086614 0.000000 0.826772
      vertex 2.086614 0.075331 0.811787
    endloop
  endfacet
  facet normal -0.5071711469260755 0.47881562850449555 0.7165982288741259
    outer loop
      vertex 1.988189 0.097436 0.727357
      vertex 2.086614 0.075331 0.811787
      vertex 2.086614 0.139194 0.769116
    endloop
  endfacet
  facet normal 1 0 0
    outer loop
      vertex 2.086614 -0.139194 0.769116
      vertex 2.086614 0.000000 0.767717
      vertex 2.086614 0.139194 0.769116
    endloop
  endfacet
  facet normal 1 0 0
    outer loop
      vertex 2.086614 -0.139194 0.769116
      vertex 2.086614 0.139194 0.769116
      vertex 2.086614 0.075331 0.811787
    endloop
  endfacet
  facet normal 1 0 0
    outer loop
      vertex 2.086614 0.000000 0.767717
      vertex 2.086614 0.052732 0.757227
      vertex 2.086614 0.139194 0.769116
    endloop
  endfacet
  facet normal 1 0 0
    outer loop
      vertex 2.086614 -0.075331 0.811787
      vertex 2.086614 0.075331 0.811787
      vertex 2.086614 0.000000 0.826772
    endloop
  endfacet
  facet normal 1 0 0
    outer loop
      vertex 2.086614 0.097436 0.727357
      vertex 2.086614 0.139194 0.769116
      vertex 2.086614 0.052732 0.757227
    endloop
  endfacet
  facet normal -1 0 0
    outer loop
      vertex -2.322835 -0.139194 0.490727
      vertex -2.322835 -0.127306 0.577189
      vertex -2.322835 -0.097436 0.532485
    endloop
  endfacet
  facet normal 0.5071711469260751 -0.716598228874126 -0.47881562850449577
    outer loop
      vertex -2.322835 -0.139194 0.490727
      vertex -2.224409 -0.097436 0.532485
      vertex -2.322835 -0.181866 0.554590
    endloop
  endfacet
  facet normal -1 0 0
    outer loop
      vertex -2.322835 -0.139194 0.490727
      vertex -2.322835 0.075331 0.448055
      vertex -2.322835 -0.075331 0.448055
    endloop
  endfacet
  facet normal 0.5071711469260752 -0.1681376891695365 -0.8452852448767917
    outer loop
      vertex -2.322835 -0.075331 0.448055
      vertex -2.322835 0.000000 0.433071
      vertex -2.224409 -0.052732 0.502615
    endloop
  endfacet
  facet normal 0.507171146926075 -0.16813768916953695 -0.8452852448767917
    outer loop
      vertex -2.224409 -0.052732 0.502615
      vertex -2.322835 0.000000 0.433071
      vertex -2.224409 0.000000 0.492126
    endloop
  endfacet
  facet normal -1 0 0
    outer loop
      vertex -2.322835 -0.139194 0.490727
      vertex -2.322835 -0.097436 0.532485
      vertex -2.322835 -0.052732 0.502615
    endloop
  endfacet
  facet normal -1 0 0
    outer loop
      vertex -2.322835 -0.139194 0.490727
      vertex -2.322835 -0.052732 0.502615
      vertex -2.322835 0.000000 0.492126
    endloop
  endfacet
  facet normal 0.5071711469260751 -0.47881562850449566 -0.716598228874126
    outer loop
      vertex -2.322835 -0.139194 0.490727
      vertex -2.322835 -0.075331 0.448055
      vertex -2.224409 -0.097436 0.532485
    endloop
  endfacet
  facet normal 0.5071711469260753 -0.47881562850449516 -0.7165982288741263
    outer loop
      vertex -2.322835 -0.075331 0.448055
      vertex -2.224409 -0.052732 0.502615
      vertex -2.224409 -0.097436 0.532485
    endloop
  endfacet
  facet normal -1 0 0
    outer loop
      vertex -2.322835 -0.139194 0.490727
      vertex -2.322835 -0.181866 0.554590
      vertex -2.322835 -0.127306 0.577189
    endloop
  endfacet
  facet normal -1 0 0
    outer loop
      vertex -2.322835 -0.181866 0.554590
      vertex -2.322835 -0.137795 0.629921
      vertex -2.322835 -0.127306 0.577189
    endloop
  endfacet
  facet normal 0.5071711469260751 -0.8452852448767918 -0.16813768916953645
    outer loop
      vertex -2.322835 -0.181866 0.554590
      vertex -2.224409 -0.127306 0.577189
      vertex -2.322835 -0.196850 0.629921
    endloop
  endfacet
  facet normal 0.5071711469260752 -0.716598228874126 -0.4788156285044953
    outer loop
      vertex -2.322835 -0.181866 0.554590
      vertex -2.224409 -0.097436 0.532485
      vertex -2.224409 -0.127306 0.577189
    endloop
  endfacet
  facet normal -1 0 0
    outer loop
      vertex -2.322835 -0.181866 0.554590
      vertex -2.322835 -0.196850 0.629921
      vertex -2.322835 -0.137795 0.629921
    endloop
  endfacet
  facet normal 0.507171146926075 -0.8452852448767917 -0.1681376891695367
    outer loop
      vertex -2.322835 -0.196850 0.629921
      vertex -2.224409 -0.127306 0.577189
      vertex -2.224409 -0.137795 0.629921
    endloop
  endfacet
  facet normal -1 0 0
    outer loop
      vertex -2.322835 -0.196850 0.629921
      vertex -2.322835 -0.181866 0.705253
      vertex -2.322835 -0.127306 0.682653
    endloop
  endfacet
  facet normal -1 0 0
    outer loop
      vertex -2.322835 -0.196850 0.629921
      vertex -2.322835 -0.127306 0.682653
      vertex -2.322835 -0.137795 0.629921
    endloop
  endfacet
  facet normal 0.5071711469260752 -0.8452852448767917 0.16813768916953642
    outer loop
      vertex -2.322835 -0.196850 0.629921
      vertex -2.224409 -0.127306 0.682653
      vertex -2.322835 -0.181866 0.705253
    endloop
  endfacet
  facet normal 0.507171146926075 -0.8452852448767917 0.16813768916953692
    outer loop
      vertex -2.322835 -0.196850 0.629921
      vertex -2.224409 -0.137795 0.629921
      vertex -2.224409 -0.127306 0.682653
    endloop
  endfacet
  facet normal -1 0 0
    outer loop
      vertex -2.322835 -0.127306 0.682653
      vertex -2.322835 -0.181866 0.705253
      vertex -2.322835 -0.097436 0.727357
    endloop
  endfacet
  facet normal -1 0 0
    outer loop
      vertex -2.322835 -0.181866 0.705253
      vertex -2.322835 -0.139194 0.769116
      vertex -2.322835 -0.097436 0.727357
    endloop
  endfacet
  facet normal 0.5071711469260755 -0.7165982288741259 0.4788156285044952
    outer loop
      vertex -2.322835 -0.181866 0.705253
      vertex -2.224409 -0.127306 0.682653
      vertex -2.224409 -0.097436 0.727357
    endloop
  endfacet
  facet normal 0.5071711469260753 -0.7165982288741259 0.4788156285044957
    outer loop
      vertex -2.322835 -0.181866 0.705253
      vertex -2.224409 -0.097436 0.727357
      vertex -2.322835 -0.139194 0.769116
    endloop
  endfacet
  facet normal -1 0 0
    outer loop
      vertex -2.322835 -0.097436 0.727357
      vertex -2.322835 -0.139194 0.769116
      vertex -2.322835 -0.052732 0.757227
    endloop
  endfacet
  facet normal -1 0 0
    outer loop
      vertex -2.322835 -0.139194 0.769116
      vertex -2.322835 0.000000 0.767717
      vertex -2.322835 -0.052732 0.757227
    endloop
  endfacet
  facet normal -1 0 0
    outer loop
      vertex -2.322835 -0.139194 0.769116
      vertex -2.322835 -0.075331 0.811787
      vertex -2.322835 0.139194 0.769116
    endloop
  endfacet
  facet normal 0.5071711469260755 -0.47881562850449555 0.7165982288741259
    outer loop
      vertex -2.322835 -0.139194 0.769116
      vertex -2.224409 -0.097436 0.727357
      vertex -2.322835 -0.075331 0.811787
    endloop
  endfacet
  facet normal 0.5071711469260748 -0.4788156285044969 0.7165982288741255
    outer loop
      vertex -2.322835 -0.075331 0.811787
      vertex -2.224409 -0.097436 0.727357
      vertex -2.224409 -0.052732 0.757227
    endloop
  endfacet
  facet normal 0.5071711469260748 -0.16813768916953656 0.845285244876792
    outer loop
      vertex -2.322835 -0.075331 0.811787
      vertex -2.224409 -0.052732 0.757227
      vertex -2.322835 0.000000 0.826772
    endloop
  endfacet
  facet normal 0.5071711469260751 -0.16813768916953586 0.8452852448767919
    outer loop
      vertex -2.224409 -0.052732 0.757227
      vertex -2.224409 0.000000 0.767717
      vertex -2.322835 0.000000 0.826772
    endloop
  endfacet
  facet normal -1 0 0
    outer loop
      vertex -2.322835 -0.075331 0.448055
      vertex -2.322835 0.075331 0.448055
      vertex -2.322835 0.000000 0.433071
    endloop
  endfacet
  facet normal -1 0 0
    outer loop
      vertex -2.322835 -0.139194 0.490727
      vertex -2.322835 0.139194 0.490727
      vertex -2.322835 0.075331 0.448055
    endloop
  endfacet
  facet normal 0.507171146926075 0.16813768916953695 -0.8452852448767917
    outer loop
      vertex -2.322835 0.000000 0.433071
      vertex -2.224409 0.052732 0.502615
      vertex -2.224409 0.000000 0.492126
    endloop
  endfacet
  facet normal 0.5071711469260752 0.1681376891695365 -0.8452852448767917
    outer loop
      vertex -2.322835 0.000000 0.433071
      vertex -2.322835 0.075331 0.448055
      vertex -2.224409 0.052732 0.502615
    endloop
  endfacet
  facet normal -1 0 0
    outer loop
      vertex -2.322835 -0.139194 0.490727
      vertex -2.322835 0.000000 0.492126
      vertex -2.322835 0.139194 0.490727
    endloop
  endfacet
  facet normal -1 0 0
    outer loop
      vertex -2.322835 0.000000 0.492126
      vertex -2.322835 0.052732 0.502615
      vertex -2.322835 0.139194 0.490727
    endloop
  endfacet
  facet normal 0.5071711469260753 0.47881562850449516 -0.7165982288741263
    outer loop
      vertex -2.322835 0.075331 0.448055
      vertex -2.224409 0.097436 0.532485
      vertex -2.224409 0.052732 0.502615
    endloop
  endfacet
  facet normal -1 0 0
    outer loop
      vertex -2.322835 0.052732 0.502615
      vertex -2.322835 0.097436 0.532485
      vertex -2.322835 0.139194 0.490727
    endloop
  endfacet
  facet normal -1 0 0
    outer loop
      vertex -2.322835 0.097436 0.532485
      vertex -2.322835 0.181866 0.554590
      vertex -2.322835 0.139194 0.490727
    endloop
  endfacet
  facet normal 0.5071711469260751 0.47881562850449566 -0.716598228874126
    outer loop
      vertex -2.322835 0.075331 0.448055
      vertex -2.322835 0.139194 0.490727
      vertex -2.224409 0.097436 0.532485
    endloop
  endfacet
  facet normal 0.5071711469260751 0.716598228874126 -0.47881562850449577
    outer loop
      vertex -2.322835 0.139194 0.490727
      vertex -2.322835 0.181866 0.554590
      vertex -2.224409 0.097436 0.532485
    endloop
  endfacet
  facet normal -1 0 0
    outer loop
      vertex -2.322835 0.097436 0.532485
      vertex -2.322835 0.127306 0.577189
      vertex -2.322835 0.181866 0.554590
    endloop
  endfacet
  facet normal -1 0 0
    outer loop
      vertex -2.322835 0.127306 0.577189
      vertex -2.322835 0.196850 0.629921
      vertex -2.322835 0.181866 0.554590
    endloop
  endfacet
  facet normal 0.5071711469260752 0.716598228874126 -0.4788156285044953
    outer loop
      vertex -2.322835 0.181866 0.554590
      vertex -2.224409 0.127306 0.577189
      vertex -2.224409 0.097436 0.532485
    endloop
  endfacet
  facet normal 0.5071711469260751 0.8452852448767918 -0.16813768916953645
    outer loop
      vertex -2.322835 0.181866 0.554590
      vertex -2.322835 0.196850 0.629921
      vertex -2.224409 0.127306 0.577189
    endloop
  endfacet
  facet normal -1 0 0
    outer loop
      vertex -2.322835 0.127306 0.577189
      vertex -2.322835 0.137795 0.629921
      vertex -2.322835 0.196850 0.629921
    endloop
  endfacet
  facet normal 0.507171146926075 0.8452852448767917 -0.1681376891695367
    outer loop
      vertex -2.322835 0.196850 0.629921
      vertex -2.224409 0.137795 0.629921
      vertex -2.224409 0.127306 0.577189
    endloop
  endfacet
  facet normal -1 0 0
    outer loop
      vertex -2.322835 0.137795 0.629921
      vertex -2.322835 0.181866 0.705253
      vertex -2.322835 0.196850 0.629921
    endloop
  endfacet
  facet normal -1 0 0
    outer loop
      vertex -2.322835 0.137795 0.629921
      vertex -2.322835 0.127306 0.682653
      vertex -2.322835 0.181866 0.705253
    endloop
  endfacet
  facet normal 0.507171146926075 0.8452852448767917 0.16813768916953692
    outer loop
      vertex -2.322835 0.196850 0.629921
      vertex -2.224409 0.127306 0.682653
      vertex -2.224409 0.137795 0.629921
    endloop
  endfacet
  facet normal 0.5071711469260752 0.8452852448767917 0.16813768916953642
    outer loop
      vertex -2.322835 0.196850 0.629921
      vertex -2.322835 0.181866 0.705253
      vertex -2.224409 0.127306 0.682653
    endloop
  endfacet
  facet normal -1 0 0
    outer loop
      vertex -2.322835 0.127306 0.682653
      vertex -2.322835 0.097436 0.727357
      vertex -2.322835 0.139194 0.769116
    endloop
  endfacet
  facet normal -1 0 0
    outer loop
      vertex -2.322835 0.127306 0.682653
      vertex -2.322835 0.139194 0.769116
      vertex -2.322835 0.181866 0.705253
    endloop
  endfacet
  facet normal 0.5071711469260755 0.7165982288741259 0.4788156285044952
    outer loop
      vertex -2.322835 0.181866 0.705253
      vertex -2.224409 0.097436 0.727357
      vertex -2.224409 0.127306 0.682653
    endloop
  endfacet
  facet normal 0.5071711469260753 0.7165982288741259 0.4788156285044957
    outer loop
      vertex -2.322835 0.139194 0.769116
      vertex -2.224409 0.097436 0.727357
      vertex -2.322835 0.181866 0.705253
    endloop
  endfacet
  facet normal -1 0 0
    outer loop
      vertex -2.322835 -0.139194 0.769116
      vertex -2.322835 0.139194 0.769116
      vertex -2.322835 0.000000 0.767717
    endloop
  endfacet
  facet normal -1 0 0
    outer loop
      vertex -2.322835 0.000000 0.767717
      vertex -2.322835 0.139194 0.769116
      vertex -2.322835 0.052732 0.757227
    endloop
  endfacet
  facet normal -1 0 0
    outer loop
      vertex -2.322835 -0.075331 0.811787
      vertex -2.322835 0.075331 0.811787
      vertex -2.322835 0.139194 0.769116
    endloop
  endfacet
  facet normal 0.5071711469260751 0.16813768916953586 0.8452852448767919
    outer loop
      vertex -2.322835 0.000000 0.826772
      vertex -2.224409 0.000000 0.767717
      vertex -2.224409 0.052732 0.757227
    endloop
  endfacet
  facet normal 0.5071711469260748 0.4788156285044969 0.7165982288741255
    outer loop
      vertex -2.322835 0.075331 0.811787
      vertex -2.224409 0.052732 0.757227
      vertex -2.224409 0.097436 0.727357
    endloop
  endfacet
  facet normal 0.5071711469260748 0.16813768916953656 0.845285244876792
    outer loop
      vertex -2.322835 0.000000 0.826772
      vertex -2.224409 0.052732 0.757227
      vertex -2.322835 0.075331 0.811787
    endloop
  endfacet
  facet normal -1 0 0
    outer loop
      vertex -2.322835 -0.075331 0.811787
      vertex -2.322835 0.000000 0.826772
      vertex -2.322835 0.075331 0.811787
    endloop
  endfacet
  facet normal -1 0 0
    outer loop
      vertex -2.322835 0.097436 0.727357
      vertex -2.322835 0.052732 0.757227
      vertex -2.322835 0.139194 0.769116
    endloop
  endfacet
  facet normal 0.5071711469260755 0.47881562850449555 0.7165982288741259
    outer loop
      vertex -2.322835 0.075331 0.811787
      vertex -2.224409 0.097436 0.727357
      vertex -2.322835 0.139194 0.769116
    endloop
  endfacet
  facet normal -0.5071711469260751 -0.716598228874126 -0.47881562850449577
    outer loop
      vertex 2.224409 -0.097436 0.532485
      vertex 2.322835 -0.139194 0.490727
      vertex 2.322835 -0.181866 0.554590
    endloop
  endfacet
  facet normal 1 0 0
    outer loop
      vertex 2.322835 -0.139194 0.490727
      vertex 2.322835 -0.097436 0.532485
      vertex 2.322835 -0.181866 0.554590
    endloop
  endfacet
  facet normal -0.507171146926075 -0.16813768916953695 -0.8452852448767917
    outer loop
      vertex 2.224409 -0.052732 0.502615
      vertex 2.224409 0.000000 0.492126
      vertex 2.322835 0.000000 0.433071
    endloop
  endfacet
  facet normal -0.5071711469260752 -0.1681376891695365 -0.8452852448767917
    outer loop
      vertex 2.224409 -0.052732 0.502615
      vertex 2.322835 0.000000 0.433071
      vertex 2.322835 -0.075331 0.448055
    endloop
  endfacet
  facet normal 1 0 0
    outer loop
      vertex 2.322835 -0.139194 0.490727
      vertex 2.322835 -0.075331 0.448055
      vertex 2.322835 0.139194 0.490727
    endloop
  endfacet
  facet normal -0.5071711469260751 -0.4788156285044951 -0.7165982288741263
    outer loop
      vertex 2.224409 -0.097436 0.532485
      vertex 2.224409 -0.052732 0.502615
      vertex 2.322835 -0.075331 0.448055
    endloop
  endfacet
  facet normal -0.5071711469260751 -0.47881562850449566 -0.716598228874126
    outer loop
      vertex 2.224409 -0.097436 0.532485
      vertex 2.322835 -0.075331 0.448055
      vertex 2.322835 -0.139194 0.490727
    endloop
  endfacet
  facet normal 1 0 0
    outer loop
      vertex 2.322835 -0.139194 0.490727
      vertex 2.322835 -0.052732 0.502615
      vertex 2.322835 -0.097436 0.532485
    endloop
  endfacet
  facet normal 1 0 0
    outer loop
      vertex 2.322835 -0.139194 0.490727
      vertex 2.322835 0.000000 0.492126
      vertex 2.322835 -0.052732 0.502615
    endloop
  endfacet
  facet normal -0.5071711469260751 -0.8452852448767918 -0.16813768916953645
    outer loop
      vertex 2.224409 -0.127306 0.577189
      vertex 2.322835 -0.181866 0.554590
      vertex 2.322835 -0.196850 0.629921
    endloop
  endfacet
  facet normal -0.5071711469260752 -0.716598228874126 -0.47881562850449544
    outer loop
      vertex 2.224409 -0.097436 0.532485
      vertex 2.322835 -0.181866 0.554590
      vertex 2.224409 -0.127306 0.577189
    endloop
  endfacet
  facet normal 1 0 0
    outer loop
      vertex 2.322835 -0.181866 0.554590
      vertex 2.322835 -0.127306 0.577189
      vertex 2.322835 -0.196850 0.629921
    endloop
  endfacet
  facet normal 1 0 0
    outer loop
      vertex 2.322835 -0.097436 0.532485
      vertex 2.322835 -0.127306 0.577189
      vertex 2.322835 -0.181866 0.554590
    endloop
  endfacet
  facet normal -0.507171146926075 -0.8452852448767917 -0.16813768916953664
    outer loop
      vertex 2.224409 -0.127306 0.577189
      vertex 2.322835 -0.196850 0.629921
      vertex 2.224409 -0.137795 0.629921
    endloop
  endfacet
  facet normal 1 0 0
    outer loop
      vertex 2.322835 -0.127306 0.577189
      vertex 2.322835 -0.137795 0.629921
      vertex 2.322835 -0.196850 0.629921
    endloop
  endfacet
  facet normal -0.5071711469260752 -0.8452852448767917 0.16813768916953642
    outer loop
      vertex 2.322835 -0.196850 0.629921
      vertex 2.322835 -0.181866 0.705253
      vertex 2.224409 -0.127306 0.682653
    endloop
  endfacet
  facet normal -0.507171146926075 -0.8452852448767917 0.16813768916953686
    outer loop
      vertex 2.224409 -0.137795 0.629921
      vertex 2.322835 -0.196850 0.629921
      vertex 2.224409 -0.127306 0.682653
    endloop
  endfacet
  facet normal 1 0 0
    outer loop
      vertex 2.322835 -0.196850 0.629921
      vertex 2.322835 -0.137795 0.629921
      vertex 2.322835 -0.181866 0.705253
    endloop
  endfacet
  facet normal 1 0 0
    outer loop
      vertex 2.322835 -0.137795 0.629921
      vertex 2.322835 -0.127306 0.682653
      vertex 2.322835 -0.181866 0.705253
    endloop
  endfacet
  facet normal -0.5071711469260755 -0.7165982288741259 0.4788156285044953
    outer loop
      vertex 2.224409 -0.127306 0.682653
      vertex 2.322835 -0.181866 0.705253
      vertex 2.224409 -0.097436 0.727357
    endloop
  endfacet
  facet normal -0.5071711469260753 -0.7165982288741259 0.4788156285044957
    outer loop
      vertex 2.224409 -0.097436 0.727357
      vertex 2.322835 -0.181866 0.705253
      vertex 2.322835 -0.139194 0.769116
    endloop
  endfacet
  facet normal 1 0 0
    outer loop
      vertex 2.322835 -0.127306 0.682653
      vertex 2.322835 -0.139194 0.769116
      vertex 2.322835 -0.181866 0.705253
    endloop
  endfacet
  facet normal 1 0 0
    outer loop
      vertex 2.322835 -0.127306 0.682653
      vertex 2.322835 -0.097436 0.727357
      vertex 2.322835 -0.139194 0.769116
    endloop
  endfacet
  facet normal -0.5071711469260747 -0.4788156285044968 0.7165982288741255
    outer loop
      vertex 2.224409 -0.097436 0.727357
      vertex 2.322835 -0.075331 0.811787
      vertex 2.224409 -0.052732 0.757227
    endloop
  endfacet
  facet normal -0.5071711469260755 -0.47881562850449555 0.7165982288741259
    outer loop
      vertex 2.224409 -0.097436 0.727357
      vertex 2.322835 -0.139194 0.769116
      vertex 2.322835 -0.075331 0.811787
    endloop
  endfacet
  facet normal -0.5071711469260751 -0.16813768916953586 0.8452852448767919
    outer loop
      vertex 2.224409 -0.052732 0.757227
      vertex 2.322835 0.000000 0.826772
      vertex 2.224409 0.000000 0.767717
    endloop
  endfacet
  facet normal -0.5071711469260748 -0.16813768916953656 0.845285244876792
    outer loop
      vertex 2.224409 -0.052732 0.757227
      vertex 2.322835 -0.075331 0.811787
      vertex 2.322835 0.000000 0.826772
    endloop
  endfacet
  facet normal 1 0 0
    outer loop
      vertex 2.322835 -0.097436 0.727357
      vertex 2.322835 -0.052732 0.757227
      vertex 2.322835 -0.139194 0.769116
    endloop
  endfacet
  facet normal 1 0 0
    outer loop
      vertex 2.322835 -0.139194 0.769116
      vertex 2.322835 -0.052732 0.757227
      vertex 2.322835 0.000000 0.767717
    endloop
  endfacet
  facet normal 1 0 0
    outer loop
      vertex 2.322835 -0.139194 0.769116
      vertex 2.322835 0.075331 0.811787
      vertex 2.322835 -0.075331 0.811787
    endloop
  endfacet
  facet normal -0.507171146926075 0.16813768916953695 -0.8452852448767917
    outer loop
      vertex 2.224409 0.000000 0.492126
      vertex 2.224409 0.052732 0.502615
      vertex 2.322835 0.000000 0.433071
    endloop
  endfacet
  facet normal -0.5071711469260752 0.1681376891695365 -0.8452852448767917
    outer loop
      vertex 2.224409 0.052732 0.502615
      vertex 2.322835 0.075331 0.448055
      vertex 2.322835 0.000000 0.433071
    endloop
  endfacet
  facet normal 1 0 0
    outer loop
      vertex 2.322835 -0.075331 0.448055
      vertex 2.322835 0.000000 0.433071
      vertex 2.322835 0.075331 0.448055
    endloop
  endfacet
  facet normal 1 0 0
    outer loop
      vertex 2.322835 -0.075331 0.448055
      vertex 2.322835 0.075331 0.448055
      vertex 2.322835 0.139194 0.490727
    endloop
  endfacet
  facet normal -0.5071711469260752 0.4788156285044951 -0.7165982288741263
    outer loop
      vertex 2.224409 0.052732 0.502615
      vertex 2.224409 0.097436 0.532485
      vertex 2.322835 0.075331 0.448055
    endloop
  endfacet
  facet normal 1 0 0
    outer loop
      vertex 2.322835 -0.139194 0.490727
      vertex 2.322835 0.139194 0.490727
      vertex 2.322835 0.000000 0.492126
    endloop
  endfacet
  facet normal 1 0 0
    outer loop
      vertex 2.322835 0.000000 0.492126
      vertex 2.322835 0.139194 0.490727
      vertex 2.322835 0.052732 0.502615
    endloop
  endfacet
  facet normal -0.5071711469260751 0.47881562850449566 -0.716598228874126
    outer loop
      vertex 2.224409 0.097436 0.532485
      vertex 2.322835 0.139194 0.490727
      vertex 2.322835 0.075331 0.448055
    endloop
  endfacet
  facet normal -0.5071711469260751 0.716598228874126 -0.47881562850449577
    outer loop
      vertex 2.224409 0.097436 0.532485
      vertex 2.322835 0.181866 0.554590
      vertex 2.322835 0.139194 0.490727
    endloop
  endfacet
  facet normal 1 0 0
    outer loop
      vertex 2.322835 0.052732 0.502615
      vertex 2.322835 0.139194 0.490727
      vertex 2.322835 0.097436 0.532485
    endloop
  endfacet
  facet normal 1 0 0
    outer loop
      vertex 2.322835 0.097436 0.532485
      vertex 2.322835 0.139194 0.490727
      vertex 2.322835 0.127306 0.577189
    endloop
  endfacet
  facet normal -0.5071711469260752 0.716598228874126 -0.47881562850449544
    outer loop
      vertex 2.224409 0.097436 0.532485
      vertex 2.224409 0.127306 0.577189
      vertex 2.322835 0.181866 0.554590
    endloop
  endfacet
  facet normal -0.5071711469260751 0.8452852448767918 -0.16813768916953645
    outer loop
      vertex 2.224409 0.127306 0.577189
      vertex 2.322835 0.196850 0.629921
      vertex 2.322835 0.181866 0.554590
    endloop
  endfacet
  facet normal 1 0 0
    outer loop
      vertex 2.322835 0.139194 0.490727
      vertex 2.322835 0.181866 0.554590
      vertex 2.322835 0.127306 0.577189
    endloop
  endfacet
  facet normal 1 0 0
    outer loop
      vertex 2.322835 0.127306 0.577189
      vertex 2.322835 0.181866 0.554590
      vertex 2.322835 0.137795 0.629921
    endloop
  endfacet
  facet normal -0.507171146926075 0.8452852448767917 -0.16813768916953664
    outer loop
      vertex 2.224409 0.127306 0.577189
      vertex 2.224409 0.137795 0.629921
      vertex 2.322835 0.196850 0.629921
    endloop
  endfacet
  facet normal 1 0 0
    outer loop
      vertex 2.322835 0.137795 0.629921
      vertex 2.322835 0.181866 0.554590
      vertex 2.322835 0.196850 0.629921
    endloop
  endfacet
  facet normal -0.507171146926075 0.8452852448767917 0.16813768916953686
    outer loop
      vertex 2.224409 0.137795 0.629921
      vertex 2.224409 0.127306 0.682653
      vertex 2.322835 0.196850 0.629921
    endloop
  endfacet
  facet normal -0.5071711469260752 0.8452852448767917 0.16813768916953642
    outer loop
      vertex 2.322835 0.196850 0.629921
      vertex 2.224409 0.127306 0.682653
      vertex 2.322835 0.181866 0.705253
    endloop
  endfacet
  facet normal 1 0 0
    outer loop
      vertex 2.322835 0.137795 0.629921
      vertex 2.322835 0.196850 0.629921
      vertex 2.322835 0.127306 0.682653
    endloop
  endfacet
  facet normal 1 0 0
    outer loop
      vertex 2.322835 0.196850 0.629921
      vertex 2.322835 0.181866 0.705253
      vertex 2.322835 0.127306 0.682653
    endloop
  endfacet
  facet normal -0.5071711469260755 0.7165982288741259 0.4788156285044953
    outer loop
      vertex 2.224409 0.127306 0.682653
      vertex 2.224409 0.097436 0.727357
      vertex 2.322835 0.181866 0.705253
    endloop
  endfacet
  facet normal -0.5071711469260753 0.7165982288741259 0.4788156285044957
    outer loop
      vertex 2.224409 0.097436 0.727357
      vertex 2.322835 0.139194 0.769116
      vertex 2.322835 0.181866 0.705253
    endloop
  endfacet
  facet normal 1 0 0
    outer loop
      vertex 2.322835 0.127306 0.682653
      vertex 2.322835 0.181866 0.705253
      vertex 2.322835 0.097436 0.727357
    endloop
  endfacet
  facet normal 1 0 0
    outer loop
      vertex 2.322835 0.097436 0.727357
      vertex 2.322835 0.181866 0.705253
      vertex 2.322835 0.139194 0.769116
    endloop
  endfacet
  facet normal -0.5071711469260751 0.16813768916953586 0.8452852448767919
    outer loop
      vertex 2.224409 0.000000 0.767717
      vertex 2.322835 0.000000 0.826772
      vertex 2.224409 0.052732 0.757227
    endloop
  endfacet
  facet normal -0.5071711469260747 0.4788156285044968 0.7165982288741255
    outer loop
      vertex 2.224409 0.097436 0.727357
      vertex 2.224409 0.052732 0.757227
      vertex 2.322835 0.075331 0.811787
    endloop
  endfacet
  facet normal -0.5071711469260748 0.16813768916953656 0.845285244876792
    outer loop
      vertex 2.224409 0.052732 0.757227
      vertex 2.322835 0.000000 0.826772
      vertex 2.322835 0.075331 0.811787
    endloop
  endfacet
  facet normal 1 0 0
    outer loop
      vertex 2.322835 -0.139194 0.769116
      vertex 2.322835 0.000000 0.767717
      vertex 2.322835 0.139194 0.769116
    endloop
  endfacet
  facet normal 1 0 0
    outer loop
      vertex 2.322835 -0.139194 0.769116
      vertex 2.322835 0.139194 0.769116
      vertex 2.322835 0.075331 0.811787
    endloop
  endfacet
  facet normal 1 0 0
    outer loop
      vertex 2.322835 0.000000 0.767717
      vertex 2.322835 0.052732 0.757227
      vertex 2.322835 0.139194 0.769116
    endloop
  endfacet
  facet normal 1 0 0
    outer loop
      vertex 2.322835 -0.075331 0.811787
      vertex 2.322835 0.075331 0.811787
      vertex 2.322835 0.000000 0.826772
    endloop
  endfacet
  facet normal -0.5071711469260755 0.47881562850449555 0.7165982288741259
    outer loop
      vertex 2.224409 0.097436 0.727357
      vertex 2.322835 0.075331 0.811787
      vertex 2.322835 0.139194 0.769116
    endloop
  endfacet
  facet normal 1 0 0
    outer loop
      vertex 2.322835 0.097436 0.727357
      vertex 2.322835 0.139194 0.769116
      vertex 2.322835 0.052732 0.757227
    endloop
  endfacet
  facet normal 0.5071711469260751 -0.716598228874126 -0.47881562850449577
    outer loop
      vertex -2.559055 -0.139194 0.490727
      vertex -2.460630 -0.097436 0.532485
      vertex -2.559055 -0.181866 0.554590
    endloop
  endfacet
  facet normal -1 0 0
    outer loop
      vertex -2.559055 -0.139194 0.490727
      vertex -2.559055 0.075331 0.448055
      vertex -2.559055 -0.075331 0.448055
    endloop
  endfacet
  facet normal 0.5071711469260752 -0.1681376891695365 -0.8452852448767917
    outer loop
      vertex -2.559055 -0.075331 0.448055
      vertex -2.559055 0.000000 0.433071
      vertex -2.460630 -0.052732 0.502615
    endloop
  endfacet
  facet normal 0.507171146926075 -0.16813768916953695 -0.8452852448767917
    outer loop
      vertex -2.460630 -0.052732 0.502615
      vertex -2.559055 0.000000 0.433071
      vertex -2.460630 0.000000 0.492126
    endloop
  endfacet
  facet normal 0.5071711469260751 -0.47881562850449566 -0.716598228874126
    outer loop
      vertex -2.559055 -0.139194 0.490727
      vertex -2.559055 -0.075331 0.448055
      vertex -2.460630 -0.097436 0.532485
    endloop
  endfacet
  facet normal 0.5071711469260753 -0.47881562850449516 -0.7165982288741263
    outer loop
      vertex -2.559055 -0.075331 0.448055
      vertex -2.460630 -0.052732 0.502615
      vertex -2.460630 -0.097436 0.532485
    endloop
  endfacet
  facet normal -1 0 0
    outer loop
      vertex -2.559055 -0.139194 0.490727
      vertex -2.559055 -0.181866 0.554590
      vertex -2.559055 0.139194 0.490727
    endloop
  endfacet
  facet normal 0.5071711469260751 -0.8452852448767918 -0.16813768916953645
    outer loop
      vertex -2.559055 -0.181866 0.554590
      vertex -2.460630 -0.127306 0.577189
      vertex -2.559055 -0.196850 0.629921
    endloop
  endfacet
  facet normal 0.5071711469260752 -0.716598228874126 -0.47881562850449544
    outer loop
      vertex -2.460630 -0.097436 0.532485
      vertex -2.460630 -0.127306 0.577189
      vertex -2.559055 -0.181866 0.554590
    endloop
  endfacet
  facet normal 0.507171146926075 -0.8452852448767917 -0.16813768916953664
    outer loop
      vertex -2.460630 -0.127306 0.577189
      vertex -2.460630 -0.137795 0.629921
      vertex -2.559055 -0.196850 0.629921
    endloop
  endfacet
  facet normal -1 0 0
    outer loop
      vertex -2.559055 -0.181866 0.554590
      vertex -2.559055 -0.196850 0.629921
      vertex -2.559055 0.181866 0.554590
    endloop
  endfacet
  facet normal 0.5071711469260752 -0.8452852448767917 0.16813768916953642
    outer loop
      vertex -2.559055 -0.196850 0.629921
      vertex -2.460630 -0.127306 0.682653
      vertex -2.559055 -0.181866 0.705253
    endloop
  endfacet
  facet normal 0.507171146926075 -0.8452852448767917 0.16813768916953692
    outer loop
      vertex -2.559055 -0.196850 0.629921
      vertex -2.460630 -0.137795 0.629921
      vertex -2.460630 -0.127306 0.682653
    endloop
  endfacet
  facet normal 0.5071711469260755 -0.7165982288741259 0.4788156285044953
    outer loop
      vertex -2.460630 -0.127306 0.682653
      vertex -2.460630 -0.097436 0.727357
      vertex -2.559055 -0.181866 0.705253
    endloop
  endfacet
  facet normal 0.5071711469260753 -0.7165982288741259 0.4788156285044957
    outer loop
      vertex -2.559055 -0.181866 0.705253
      vertex -2.460630 -0.097436 0.727357
      vertex -2.559055 -0.139194 0.769116
    endloop
  endfacet
  facet normal -1 0 0
    outer loop
      vertex -2.559055 -0.196850 0.629921
      vertex -2.559055 -0.181866 0.705253
      vertex -2.559055 0.196850 0.629921
    endloop
  endfacet
  facet normal -1 0 0
    outer loop
      vertex -2.559055 -0.181866 0.705253
      vertex -2.559055 -0.139194 0.769116
      vertex -2.559055 0.181866 0.705253
    endloop
  endfacet
  facet normal 0.5071711469260755 -0.47881562850449555 0.7165982288741259
    outer loop
      vertex -2.460630 -0.097436 0.727357
      vertex -2.559055 -0.075331 0.811787
      vertex -2.559055 -0.139194 0.769116
    endloop
  endfacet
  facet normal 0.5071711469260747 -0.4788156285044968 0.7165982288741255
    outer loop
      vertex -2.460630 -0.097436 0.727357
      vertex -2.460630 -0.052732 0.757227
      vertex -2.559055 -0.075331 0.811787
    endloop
  endfacet
  facet normal 0.5071711469260748 -0.16813768916953656 0.845285244876792
    outer loop
      vertex -2.460630 -0.052732 0.757227
      vertex -2.559055 0.000000 0.826772
      vertex -2.559055 -0.075331 0.811787
    endloop
  endfacet
  facet normal -1 0 0
    outer loop
      vertex -2.559055 -0.139194 0.769116
      vertex -2.559055 -0.075331 0.811787
      vertex -2.559055 0.139194 0.769116
    endloop
  endfacet
  facet normal 0.5071711469260751 -0.16813768916953586 0.8452852448767919
    outer loop
      vertex -2.460630 -0.052732 0.757227
      vertex -2.460630 0.000000 0.767717
      vertex -2.559055 0.000000 0.826772
    endloop
  endfacet
  facet normal -1 0 0
    outer loop
      vertex -2.559055 -0.075331 0.448055
      vertex -2.559055 0.075331 0.448055
      vertex -2.559055 0.000000 0.433071
    endloop
  endfacet
  facet normal -1 0 0
    outer loop
      vertex -2.559055 -0.139194 0.490727
      vertex -2.559055 0.139194 0.490727
      vertex -2.559055 0.075331 0.448055
    endloop
  endfacet
  facet normal 0.507171146926075 0.16813768916953695 -0.8452852448767917
    outer loop
      vertex -2.559055 0.000000 0.433071
      vertex -2.460630 0.052732 0.502615
      vertex -2.460630 0.000000 0.492126
    endloop
  endfacet
  facet normal 0.5071711469260752 0.1681376891695365 -0.8452852448767917
    outer loop
      vertex -2.559055 0.000000 0.433071
      vertex -2.559055 0.075331 0.448055
      vertex -2.460630 0.052732 0.502615
    endloop
  endfacet
  facet normal 0.5071711469260753 0.47881562850449516 -0.7165982288741263
    outer loop
      vertex -2.559055 0.075331 0.448055
      vertex -2.460630 0.097436 0.532485
      vertex -2.460630 0.052732 0.502615
    endloop
  endfacet
  facet normal -1 0 0
    outer loop
      vertex -2.559055 -0.181866 0.554590
      vertex -2.559055 0.181866 0.554590
      vertex -2.559055 0.139194 0.490727
    endloop
  endfacet
  facet normal 0.5071711469260751 0.47881562850449566 -0.716598228874126
    outer loop
      vertex -2.559055 0.075331 0.448055
      vertex -2.559055 0.139194 0.490727
      vertex -2.460630 0.097436 0.532485
    endloop
  endfacet
  facet normal 0.5071711469260751 0.716598228874126 -0.47881562850449577
    outer loop
      vertex -2.559055 0.139194 0.490727
      vertex -2.559055 0.181866 0.554590
      vertex -2.460630 0.097436 0.532485
    endloop
  endfacet
  facet normal -1 0 0
    outer loop
      vertex -2.559055 -0.196850 0.629921
      vertex -2.559055 0.196850 0.629921
      vertex -2.559055 0.181866 0.554590
    endloop
  endfacet
  facet normal 0.5071711469260752 0.716598228874126 -0.47881562850449544
    outer loop
      vertex -2.460630 0.097436 0.532485
      vertex -2.559055 0.181866 0.554590
      vertex -2.460630 0.127306 0.577189
    endloop
  endfacet
  facet normal 0.5071711469260751 0.8452852448767918 -0.16813768916953645
    outer loop
      vertex -2.460630 0.127306 0.577189
      vertex -2.559055 0.181866 0.554590
      vertex -2.559055 0.196850 0.629921
    endloop
  endfacet
  facet normal 0.507171146926075 0.8452852448767917 -0.16813768916953664
    outer loop
      vertex -2.460630 0.127306 0.577189
      vertex -2.559055 0.196850 0.629921
      vertex -2.460630 0.137795 0.629921
    endloop
  endfacet
  facet normal -1 0 0
    outer loop
      vertex -2.559055 -0.181866 0.705253
      vertex -2.559055 0.181866 0.705253
      vertex -2.559055 0.196850 0.629921
    endloop
  endfacet
  facet normal 0.507171146926075 0.8452852448767917 0.16813768916953686
    outer loop
      vertex -2.460630 0.137795 0.629921
      vertex -2.559055 0.196850 0.629921
      vertex -2.460630 0.127306 0.682653
    endloop
  endfacet
  facet normal 0.5071711469260752 0.8452852448767917 0.16813768916953642
    outer loop
      vertex -2.559055 0.196850 0.629921
      vertex -2.559055 0.181866 0.705253
      vertex -2.460630 0.127306 0.682653
    endloop
  endfacet
  facet normal 0.5071711469260755 0.7165982288741259 0.4788156285044953
    outer loop
      vertex -2.460630 0.127306 0.682653
      vertex -2.559055 0.181866 0.705253
      vertex -2.460630 0.097436 0.727357
    endloop
  endfacet
  facet normal 0.5071711469260753 0.7165982288741259 0.4788156285044957
    outer loop
      vertex -2.460630 0.097436 0.727357
      vertex -2.559055 0.181866 0.705253
      vertex -2.559055 0.139194 0.769116
    endloop
  endfacet
  facet normal 0.5071711469260751 0.16813768916953586 0.8452852448767919
    outer loop
      vertex -2.460630 0.000000 0.767717
      vertex -2.460630 0.052732 0.757227
      vertex -2.559055 0.000000 0.826772
    endloop
  endfacet
  facet normal -1 0 0
    outer loop
      vertex -2.559055 -0.139194 0.769116
      vertex -2.559055 0.139194 0.769116
      vertex -2.559055 0.181866 0.705253
    endloop
  endfacet
  facet normal 0.5071711469260747 0.4788156285044968 0.7165982288741255
    outer loop
      vertex -2.460630 0.097436 0.727357
      vertex -2.559055 0.075331 0.811787
      vertex -2.460630 0.052732 0.757227
    endloop
  endfacet
  facet normal -1 0 0
    outer loop
      vertex -2.559055 -0.075331 0.811787
      vertex -2.559055 0.075331 0.811787
      vertex -2.559055 0.139194 0.769116
    endloop
  endfacet
  facet normal 0.5071711469260748 0.16813768916953656 0.845285244876792
    outer loop
      vertex -2.460630 0.052732 0.757227
      vertex -2.559055 0.075331 0.811787
      vertex -2.559055 0.000000 0.826772
    endloop
  endfacet
  facet normal -1 0 0
    outer loop
      vertex -2.559055 -0.075331 0.811787
      vertex -2.559055 0.000000 0.826772
      vertex -2.559055 0.075331 0.811787
    endloop
  endfacet
  facet normal 0.5071711469260755 0.47881562850449555 0.7165982288741259
    outer loop
      vertex -2.460630 0.097436 0.727357
      vertex -2.559055 0.139194 0.769116
      vertex -2.559055 0.075331 0.811787
    endloop
  endfacet
  facet normal -0.5071711469260751 -0.716598228874126 -0.47881562850449577
    outer loop
      vertex 2.559055 -0.139194 0.490727
      vertex 2.559055 -0.181866 0.554590
      vertex 2.460630 -0.097436 0.532485
    endloop
  endfacet
  facet normal -0.507171146926075 -0.16813768916953695 -0.8452852448767917
    outer loop
      vertex 2.460630 -0.052732 0.502615
      vertex 2.460630 0.000000 0.492126
      vertex 2.559055 0.000000 0.433071
    endloop
  endfacet
  facet normal -0.5071711469260752 -0.1681376891695365 -0.8452852448767917
    outer loop
      vertex 2.559055 -0.075331 0.448055
      vertex 2.460630 -0.052732 0.502615
      vertex 2.559055 0.000000 0.433071
    endloop
  endfacet
  facet normal 1 0 0
    outer loop
      vertex 2.559055 -0.139194 0.490727
      vertex 2.559055 -0.075331 0.448055
      vertex 2.559055 0.139194 0.490727
    endloop
  endfacet
  facet normal -0.5071711469260753 -0.47881562850449516 -0.7165982288741263
    outer loop
      vertex 2.559055 -0.075331 0.448055
      vertex 2.460630 -0.097436 0.532485
      vertex 2.460630 -0.052732 0.502615
    endloop
  endfacet
  facet normal -0.5071711469260751 -0.47881562850449566 -0.716598228874126
    outer loop
      vertex 2.559055 -0.139194 0.490727
      vertex 2.460630 -0.097436 0.532485
      vertex 2.559055 -0.075331 0.448055
    endloop
  endfacet
  facet normal 1 0 0
    outer loop
      vertex 2.559055 -0.139194 0.490727
      vertex 2.559055 0.181866 0.554590
      vertex 2.559055 -0.181866 0.554590
    endloop
  endfacet
  facet normal -0.5071711469260751 -0.8452852448767918 -0.16813768916953645
    outer loop
      vertex 2.460630 -0.127306 0.577189
      vertex 2.559055 -0.181866 0.554590
      vertex 2.559055 -0.196850 0.629921
    endloop
  endfacet
  facet normal -0.5071711469260752 -0.716598228874126 -0.47881562850449544
    outer loop
      vertex 2.460630 -0.097436 0.532485
      vertex 2.559055 -0.181866 0.554590
      vertex 2.460630 -0.127306 0.577189
    endloop
  endfacet
  facet normal -0.507171146926075 -0.8452852448767917 -0.16813768916953664
    outer loop
      vertex 2.460630 -0.127306 0.577189
      vertex 2.559055 -0.196850 0.629921
      vertex 2.460630 -0.137795 0.629921
    endloop
  endfacet
  facet normal 1 0 0
    outer loop
      vertex 2.559055 -0.181866 0.554590
      vertex 2.559055 0.196850 0.629921
      vertex 2.559055 -0.196850 0.629921
    endloop
  endfacet
  facet normal -0.5071711469260752 -0.8452852448767917 0.16813768916953642
    outer loop
      vertex 2.559055 -0.196850 0.629921
      vertex 2.559055 -0.181866 0.705253
      vertex 2.460630 -0.127306 0.682653
    endloop
  endfacet
  facet normal -0.507171146926075 -0.8452852448767917 0.16813768916953686
    outer loop
      vertex 2.460630 -0.137795 0.629921
      vertex 2.559055 -0.196850 0.629921
      vertex 2.460630 -0.127306 0.682653
    endloop
  endfacet
  facet normal -0.5071711469260755 -0.7165982288741259 0.4788156285044953
    outer loop
      vertex 2.460630 -0.127306 0.682653
      vertex 2.559055 -0.181866 0.705253
      vertex 2.460630 -0.097436 0.727357
    endloop
  endfacet
  facet normal -0.5071711469260753 -0.7165982288741259 0.4788156285044957
    outer loop
      vertex 2.559055 -0.181866 0.705253
      vertex 2.559055 -0.139194 0.769116
      vertex 2.460630 -0.097436 0.727357
    endloop
  endfacet
  facet normal 1 0 0
    outer loop
      vertex 2.559055 -0.196850 0.629921
      vertex 2.559055 0.181866 0.705253
      vertex 2.559055 -0.181866 0.705253
    endloop
  endfacet
  facet normal -0.5071711469260747 -0.4788156285044968 0.7165982288741255
    outer loop
      vertex 2.460630 -0.097436 0.727357
      vertex 2.559055 -0.075331 0.811787
      vertex 2.460630 -0.052732 0.757227
    endloop
  endfacet
  facet normal -0.5071711469260755 -0.47881562850449555 0.7165982288741259
    outer loop
      vertex 2.460630 -0.097436 0.727357
      vertex 2.559055 -0.139194 0.769116
      vertex 2.559055 -0.075331 0.811787
    endloop
  endfacet
  facet normal 1 0 0
    outer loop
      vertex 2.559055 -0.181866 0.705253
      vertex 2.559055 0.139194 0.769116
      vertex 2.559055 -0.139194 0.769116
    endloop
  endfacet
  facet normal -0.5071711469260751 -0.16813768916953586 0.8452852448767919
    outer loop
      vertex 2.460630 -0.052732 0.757227
      vertex 2.559055 0.000000 0.826772
      vertex 2.460630 0.000000 0.767717
    endloop
  endfacet
  facet normal -0.5071711469260748 -0.16813768916953656 0.845285244876792
    outer loop
      vertex 2.460630 -0.052732 0.757227
      vertex 2.559055 -0.075331 0.811787
      vertex 2.559055 0.000000 0.826772
    endloop
  endfacet
  facet normal 1 0 0
    outer loop
      vertex 2.559055 -0.139194 0.769116
      vertex 2.559055 0.075331 0.811787
      vertex 2.559055 -0.075331 0.811787
    endloop
  endfacet
  facet normal 1 0 0
    outer loop
      vertex 2.559055 -0.075331 0.448055
      vertex 2.559055 0.000000 0.433071
      vertex 2.559055 0.075331 0.448055
    endloop
  endfacet
  facet normal -0.507171146926075 0.16813768916953695 -0.8452852448767917
    outer loop
      vertex 2.559055 0.000000 0.433071
      vertex 2.460630 0.000000 0.492126
      vertex 2.460630 0.052732 0.502615
    endloop
  endfacet
  facet normal -0.5071711469260752 0.1681376891695365 -0.8452852448767917
    outer loop
      vertex 2.559055 0.000000 0.433071
      vertex 2.460630 0.052732 0.502615
      vertex 2.559055 0.075331 0.448055
    endloop
  endfacet
  facet normal 1 0 0
    outer loop
      vertex 2.559055 -0.075331 0.448055
      vertex 2.559055 0.075331 0.448055
      vertex 2.559055 0.139194 0.490727
    endloop
  endfacet
  facet normal -0.5071711469260753 0.47881562850449516 -0.7165982288741263
    outer loop
      vertex 2.559055 0.075331 0.448055
      vertex 2.460630 0.052732 0.502615
      vertex 2.460630 0.097436 0.532485
    endloop
  endfacet
  facet normal 1 0 0
    outer loop
      vertex 2.559055 -0.139194 0.490727
      vertex 2.559055 0.139194 0.490727
      vertex 2.559055 0.181866 0.554590
    endloop
  endfacet
  facet normal -0.5071711469260751 0.47881562850449566 -0.716598228874126
    outer loop
      vertex 2.559055 0.075331 0.448055
      vertex 2.460630 0.097436 0.532485
      vertex 2.559055 0.139194 0.490727
    endloop
  endfacet
  facet normal -0.5071711469260751 0.716598228874126 -0.47881562850449577
    outer loop
      vertex 2.460630 0.097436 0.532485
      vertex 2.559055 0.181866 0.554590
      vertex 2.559055 0.139194 0.490727
    endloop
  endfacet
  facet normal 1 0 0
    outer loop
      vertex 2.559055 -0.181866 0.554590
      vertex 2.559055 0.181866 0.554590
      vertex 2.559055 0.196850 0.629921
    endloop
  endfacet
  facet normal -0.5071711469260752 0.716598228874126 -0.47881562850449544
    outer loop
      vertex 2.460630 0.097436 0.532485
      vertex 2.460630 0.127306 0.577189
      vertex 2.559055 0.181866 0.554590
    endloop
  endfacet
  facet normal -0.5071711469260751 0.8452852448767918 -0.16813768916953645
    outer loop
      vertex 2.460630 0.127306 0.577189
      vertex 2.559055 0.196850 0.629921
      vertex 2.559055 0.181866 0.554590
    endloop
  endfacet
  facet normal -0.507171146926075 0.8452852448767917 -0.16813768916953664
    outer loop
      vertex 2.460630 0.127306 0.577189
      vertex 2.460630 0.137795 0.629921
      vertex 2.559055 0.196850 0.629921
    endloop
  endfacet
  facet normal 1 0 0
    outer loop
      vertex 2.559055 -0.196850 0.629921
      vertex 2.559055 0.196850 0.629921
      vertex 2.559055 0.181866 0.705253
    endloop
  endfacet
  facet normal 1 0 0
    outer loop
      vertex 2.559055 -0.181866 0.705253
      vertex 2.559055 0.181866 0.705253
      vertex 2.559055 0.139194 0.769116
    endloop
  endfacet
  facet normal -0.507171146926075 0.8452852448767917 0.16813768916953686
    outer loop
      vertex 2.460630 0.137795 0.629921
      vertex 2.460630 0.127306 0.682653
      vertex 2.559055 0.196850 0.629921
    endloop
  endfacet
  facet normal -0.5071711469260752 0.8452852448767917 0.16813768916953642
    outer loop
      vertex 2.559055 0.196850 0.629921
      vertex 2.460630 0.127306 0.682653
      vertex 2.559055 0.181866 0.705253
    endloop
  endfacet
  facet normal -0.5071711469260755 0.7165982288741259 0.4788156285044953
    outer loop
      vertex 2.460630 0.127306 0.682653
      vertex 2.460630 0.097436 0.727357
      vertex 2.559055 0.181866 0.705253
    endloop
  endfacet
  facet normal -0.5071711469260753 0.7165982288741259 0.4788156285044957
    outer loop
      vertex 2.460630 0.097436 0.727357
      vertex 2.559055 0.139194 0.769116
      vertex 2.559055 0.181866 0.705253
    endloop
  endfacet
  facet normal -0.5071711469260751 0.16813768916953586 0.8452852448767919
    outer loop
      vertex 2.460630 0.000000 0.767717
      vertex 2.559055 0.000000 0.826772
      vertex 2.460630 0.052732 0.757227
    endloop
  endfacet
  facet normal 1 0 0
    outer loop
      vertex 2.559055 -0.139194 0.769116
      vertex 2.559055 0.139194 0.769116
      vertex 2.559055 0.075331 0.811787
    endloop
  endfacet
  facet normal -0.5071711469260747 0.4788156285044968 0.7165982288741255
    outer loop
      vertex 2.460630 0.097436 0.727357
      vertex 2.460630 0.052732 0.757227
      vertex 2.559055 0.075331 0.811787
    endloop
  endfacet
  facet normal -0.5071711469260748 0.16813768916953656 0.845285244876792
    outer loop
      vertex 2.460630 0.052732 0.757227
      vertex 2.559055 0.000000 0.826772
      vertex 2.559055 0.075331 0.811787
    endloop
  endfacet
  facet normal 1 0 0
    outer loop
      vertex 2.559055 -0.075331 0.811787
      vertex 2.559055 0.075331 0.811787
      vertex 2.559055 0.000000 0.826772
    endloop
  endfacet
  facet normal -0.5071711469260755 0.47881562850449555 0.7165982288741259
    outer loop
      vertex 2.460630 0.097436 0.727357
      vertex 2.559055 0.075331 0.811787
      vertex 2.559055 0.139194 0.769116
    endloop
  endfacet
  facet normal 0 -0.5555702330196017 -0.8314696123025456
    outer loop
      vertex -2.460630 -0.097436 0.532485
      vertex -2.460630 -0.052732 0.502615
      vertex -2.322835 -0.097436 0.532485
    endloop
  endfacet
  facet normal 0 -0.1950903220161287 -0.9807852804032303
    outer loop
      vertex -2.460630 -0.052732 0.502615
      vertex -2.460630 0.000000 0.492126
      vertex -2.322835 -0.052732 0.502615
    endloop
  endfacet
  facet normal 0 -0.5555702330196017 -0.8314696123025456
    outer loop
      vertex -2.460630 -0.052732 0.502615
      vertex -2.322835 -0.052732 0.502615
      vertex -2.322835 -0.097436 0.532485
    endloop
  endfacet
  facet normal 0 -0.1950903220161287 -0.9807852804032303
    outer loop
      vertex -2.322835 -0.052732 0.502615
      vertex -2.460630 0.000000 0.492126
      vertex -2.322835 0.000000 0.492126
    endloop
  endfacet
  facet normal 0 -0.8314696123025453 -0.5555702330196021
    outer loop
      vertex -2.460630 -0.097436 0.532485
      vertex -2.322835 -0.127306 0.577189
      vertex -2.460630 -0.127306 0.577189
    endloop
  endfacet
  facet normal 0 -0.9807852804032303 -0.19509032201612833
    outer loop
      vertex -2.460630 -0.127306 0.577189
      vertex -2.322835 -0.137795 0.629921
      vertex -2.460630 -0.137795 0.629921
    endloop
  endfacet
  facet normal 0 -0.9807852804032303 -0.19509032201612833
    outer loop
      vertex -2.460630 -0.127306 0.577189
      vertex -2.322835 -0.127306 0.577189
      vertex -2.322835 -0.137795 0.629921
    endloop
  endfacet
  facet normal 0 -0.8314696123025453 -0.5555702330196021
    outer loop
      vertex -2.460630 -0.097436 0.532485
      vertex -2.322835 -0.097436 0.532485
      vertex -2.322835 -0.127306 0.577189
    endloop
  endfacet
  facet normal 0 -0.5555702330196017 -0.8314696123025456
    outer loop
      vertex -2.224409 -0.097436 0.532485
      vertex -2.224409 -0.052732 0.502615
      vertex -2.086614 -0.097436 0.532485
    endloop
  endfacet
  facet normal 0 -0.1950903220161287 -0.9807852804032303
    outer loop
      vertex -2.224409 -0.052732 0.502615
      vertex -2.224409 0.000000 0.492126
      vertex -2.086614 -0.052732 0.502615
    endloop
  endfacet
  facet normal 0 -0.5555702330196017 -0.8314696123025456
    outer loop
      vertex -2.224409 -0.052732 0.502615
      vertex -2.086614 -0.052732 0.502615
      vertex -2.086614 -0.097436 0.532485
    endloop
  endfacet
  facet normal 0 -0.1950903220161287 -0.9807852804032303
    outer loop
      vertex -2.086614 -0.052732 0.502615
      vertex -2.224409 0.000000 0.492126
      vertex -2.086614 0.000000 0.492126
    endloop
  endfacet
  facet normal 0 -0.5555702330196017 -0.8314696123025456
    outer loop
      vertex -1.988189 -0.097436 0.532485
      vertex -1.988189 -0.052732 0.502615
      vertex -1.830709 -0.097436 0.532485
    endloop
  endfacet
  facet normal 0 -0.19509032201612866 -0.9807852804032303
    outer loop
      vertex -1.988189 -0.052732 0.502615
      vertex -1.988189 0.000000 0.492126
      vertex -1.830709 -0.052732 0.502615
    endloop
  endfacet
  facet normal 0 -0.8314696123025453 -0.5555702330196021
    outer loop
      vertex -2.224409 -0.097436 0.532485
      vertex -2.086614 -0.127306 0.577189
      vertex -2.224409 -0.127306 0.577189
    endloop
  endfacet
  facet normal 0 -0.9807852804032303 -0.19509032201612833
    outer loop
      vertex -2.224409 -0.127306 0.577189
      vertex -2.086614 -0.137795 0.629921
      vertex -2.224409 -0.137795 0.629921
    endloop
  endfacet
  facet normal 0 -0.9807852804032303 -0.19509032201612833
    outer loop
      vertex -2.224409 -0.127306 0.577189
      vertex -2.086614 -0.127306 0.577189
      vertex -2.086614 -0.137795 0.629921
    endloop
  endfacet
  facet normal 0 -0.8314696123025453 -0.5555702330196021
    outer loop
      vertex -2.224409 -0.097436 0.532485
      vertex -2.086614 -0.097436 0.532485
      vertex -2.086614 -0.127306 0.577189
    endloop
  endfacet
  facet normal 0 -0.8314696123025452 -0.5555702330196021
    outer loop
      vertex -1.988189 -0.097436 0.532485
      vertex -1.830709 -0.127306 0.577189
      vertex -1.988189 -0.127306 0.577189
    endloop
  endfacet
  facet normal 0 -0.9807852804032304 -0.19509032201612833
    outer loop
      vertex -1.988189 -0.127306 0.577189
      vertex -1.830709 -0.137795 0.629921
      vertex -1.988189 -0.137795 0.629921
    endloop
  endfacet
  facet normal 0 -0.9807852804032303 0.19509032201612858
    outer loop
      vertex -2.460630 -0.137795 0.629921
      vertex -2.322835 -0.127306 0.682653
      vertex -2.460630 -0.127306 0.682653
    endloop
  endfacet
  facet normal 0 -0.8314696123025453 0.5555702330196021
    outer loop
      vertex -2.460630 -0.127306 0.682653
      vertex -2.322835 -0.097436 0.727357
      vertex -2.460630 -0.097436 0.727357
    endloop
  endfacet
  facet normal 0 -0.5555702330196035 0.8314696123025443
    outer loop
      vertex -2.460630 -0.097436 0.727357
      vertex -2.322835 -0.052732 0.757227
      vertex -2.460630 -0.052732 0.757227
    endloop
  endfacet
  facet normal 0 -0.9807852804032303 0.19509032201612858
    outer loop
      vertex -2.460630 -0.137795 0.629921
      vertex -2.322835 -0.137795 0.629921
      vertex -2.322835 -0.127306 0.682653
    endloop
  endfacet
  facet normal 0 -0.8314696123025453 0.5555702330196021
    outer loop
      vertex -2.460630 -0.127306 0.682653
      vertex -2.322835 -0.127306 0.682653
      vertex -2.322835 -0.097436 0.727357
    endloop
  endfacet
  facet normal 0 -0.5555702330196035 0.8314696123025443
    outer loop
      vertex -2.460630 -0.097436 0.727357
      vertex -2.322835 -0.097436 0.727357
      vertex -2.322835 -0.052732 0.757227
    endloop
  endfacet
  facet normal 0 -0.19509032201612747 0.9807852804032308
    outer loop
      vertex -2.460630 -0.052732 0.757227
      vertex -2.322835 0.000000 0.767717
      vertex -2.460630 0.000000 0.767717
    endloop
  endfacet
  facet normal 0 -0.19509032201612747 0.9807852804032308
    outer loop
      vertex -2.460630 -0.052732 0.757227
      vertex -2.322835 -0.052732 0.757227
      vertex -2.322835 0.000000 0.767717
    endloop
  endfacet
  facet normal 0 -0.9807852804032303 0.19509032201612858
    outer loop
      vertex -2.224409 -0.137795 0.629921
      vertex -2.086614 -0.127306 0.682653
      vertex -2.224409 -0.127306 0.682653
    endloop
  endfacet
  facet normal 0 -0.9807852804032303 0.19509032201612858
    outer loop
      vertex -2.224409 -0.137795 0.629921
      vertex -2.086614 -0.137795 0.629921
      vertex -2.086614 -0.127306 0.682653
    endloop
  endfacet
  facet normal 0 -0.8314696123025453 0.5555702330196021
    outer loop
      vertex -2.224409 -0.127306 0.682653
      vertex -2.086614 -0.127306 0.682653
      vertex -2.086614 -0.097436 0.727357
    endloop
  endfacet
  facet normal 0 -0.8314696123025453 0.5555702330196021
    outer loop
      vertex -2.224409 -0.127306 0.682653
      vertex -2.086614 -0.097436 0.727357
      vertex -2.224409 -0.097436 0.727357
    endloop
  endfacet
  facet normal 0 -0.5555702330196035 0.8314696123025443
    outer loop
      vertex -2.224409 -0.097436 0.727357
      vertex -2.086614 -0.052732 0.757227
      vertex -2.224409 -0.052732 0.757227
    endloop
  endfacet
  facet normal 0 -0.5555702330196035 0.8314696123025443
    outer loop
      vertex -2.224409 -0.097436 0.727357
      vertex -2.086614 -0.097436 0.727357
      vertex -2.086614 -0.052732 0.757227
    endloop
  endfacet
  facet normal 0 -0.9807852804032304 0.1950903220161286
    outer loop
      vertex -1.988189 -0.137795 0.629921
      vertex -1.830709 -0.127306 0.682653
      vertex -1.988189 -0.127306 0.682653
    endloop
  endfacet
  facet normal 0 -0.8314696123025452 0.5555702330196021
    outer loop
      vertex -1.988189 -0.127306 0.682653
      vertex -1.830709 -0.097436 0.727357
      vertex -1.988189 -0.097436 0.727357
    endloop
  endfacet
  facet normal 0 -0.5555702330196035 0.8314696123025443
    outer loop
      vertex -1.988189 -0.097436 0.727357
      vertex -1.830709 -0.052732 0.757227
      vertex -1.988189 -0.052732 0.757227
    endloop
  endfacet
  facet normal 0 -0.19509032201612747 0.9807852804032308
    outer loop
      vertex -2.224409 -0.052732 0.757227
      vertex -2.086614 0.000000 0.767717
      vertex -2.224409 0.000000 0.767717
    endloop
  endfacet
  facet normal 0 -0.19509032201612747 0.9807852804032308
    outer loop
      vertex -2.224409 -0.052732 0.757227
      vertex -2.086614 -0.052732 0.757227
      vertex -2.086614 0.000000 0.767717
    endloop
  endfacet
  facet normal 0 -0.19509032201612744 0.9807852804032305
    outer loop
      vertex -1.988189 -0.052732 0.757227
      vertex -1.830709 0.000000 0.767717
      vertex -1.988189 0.000000 0.767717
    endloop
  endfacet
  facet normal 0 0.1950903220161287 -0.9807852804032303
    outer loop
      vertex -2.460630 0.000000 0.492126
      vertex -2.460630 0.052732 0.502615
      vertex -2.322835 0.000000 0.492126
    endloop
  endfacet
  facet normal 0 0.5555702330196017 -0.8314696123025456
    outer loop
      vertex -2.460630 0.052732 0.502615
      vertex -2.460630 0.097436 0.532485
      vertex -2.322835 0.052732 0.502615
    endloop
  endfacet
  facet normal 0 0.1950903220161287 -0.9807852804032303
    outer loop
      vertex -2.460630 0.052732 0.502615
      vertex -2.322835 0.052732 0.502615
      vertex -2.322835 0.000000 0.492126
    endloop
  endfacet
  facet normal 0 0.5555702330196017 -0.8314696123025456
    outer loop
      vertex -2.460630 0.097436 0.532485
      vertex -2.322835 0.097436 0.532485
      vertex -2.322835 0.052732 0.502615
    endloop
  endfacet
  facet normal 0 0.8314696123025453 -0.5555702330196021
    outer loop
      vertex -2.460630 0.097436 0.532485
      vertex -2.460630 0.127306 0.577189
      vertex -2.322835 0.097436 0.532485
    endloop
  endfacet
  facet normal 0 0.9807852804032303 -0.19509032201612833
    outer loop
      vertex -2.460630 0.127306 0.577189
      vertex -2.460630 0.137795 0.629921
      vertex -2.322835 0.127306 0.577189
    endloop
  endfacet
  facet normal 0 0.8314696123025453 -0.5555702330196021
    outer loop
      vertex -2.322835 0.097436 0.532485
      vertex -2.460630 0.127306 0.577189
      vertex -2.322835 0.127306 0.577189
    endloop
  endfacet
  facet normal 0 0.9807852804032303 -0.19509032201612833
    outer loop
      vertex -2.460630 0.137795 0.629921
      vertex -2.322835 0.137795 0.629921
      vertex -2.322835 0.127306 0.577189
    endloop
  endfacet
  facet normal 0 0.1950903220161287 -0.9807852804032303
    outer loop
      vertex -2.224409 0.000000 0.492126
      vertex -2.224409 0.052732 0.502615
      vertex -2.086614 0.000000 0.492126
    endloop
  endfacet
  facet normal 0 0.5555702330196017 -0.8314696123025456
    outer loop
      vertex -2.224409 0.052732 0.502615
      vertex -2.224409 0.097436 0.532485
      vertex -2.086614 0.052732 0.502615
    endloop
  endfacet
  facet normal 0 0.1950903220161287 -0.9807852804032303
    outer loop
      vertex -2.224409 0.052732 0.502615
      vertex -2.086614 0.052732 0.502615
      vertex -2.086614 0.000000 0.492126
    endloop
  endfacet
  facet normal 0 0.5555702330196017 -0.8314696123025456
    outer loop
      vertex -2.086614 0.052732 0.502615
      vertex -2.224409 0.097436 0.532485
      vertex -2.086614 0.097436 0.532485
    endloop
  endfacet
  facet normal 0 0.19509032201612866 -0.9807852804032303
    outer loop
      vertex -1.988189 0.000000 0.492126
      vertex -1.988189 0.052732 0.502615
      vertex -1.830709 0.000000 0.492126
    endloop
  endfacet
  facet normal 0 0.5555702330196017 -0.8314696123025456
    outer loop
      vertex -1.988189 0.052732 0.502615
      vertex -1.988189 0.097436 0.532485
      vertex -1.830709 0.052732 0.502615
    endloop
  endfacet
  facet normal 0 0.8314696123025453 -0.5555702330196021
    outer loop
      vertex -2.224409 0.097436 0.532485
      vertex -2.224409 0.127306 0.577189
      vertex -2.086614 0.097436 0.532485
    endloop
  endfacet
  facet normal 0 0.8314696123025453 -0.5555702330196021
    outer loop
      vertex -2.086614 0.097436 0.532485
      vertex -2.224409 0.127306 0.577189
      vertex -2.086614 0.127306 0.577189
    endloop
  endfacet
  facet normal 0 0.9807852804032303 -0.19509032201612833
    outer loop
      vertex -2.224409 0.127306 0.577189
      vertex -2.224409 0.137795 0.629921
      vertex -2.086614 0.127306 0.577189
    endloop
  endfacet
  facet normal 0 0.9807852804032303 -0.19509032201612833
    outer loop
      vertex -2.086614 0.127306 0.577189
      vertex -2.224409 0.137795 0.629921
      vertex -2.086614 0.137795 0.629921
    endloop
  endfacet
  facet normal 0 0.8314696123025452 -0.5555702330196021
    outer loop
      vertex -1.988189 0.097436 0.532485
      vertex -1.988189 0.127306 0.577189
      vertex -1.830709 0.097436 0.532485
    endloop
  endfacet
  facet normal 0 0.9807852804032304 -0.19509032201612833
    outer loop
      vertex -1.988189 0.127306 0.577189
      vertex -1.988189 0.137795 0.629921
      vertex -1.830709 0.127306 0.577189
    endloop
  endfacet
  facet normal 0 0.9807852804032303 0.19509032201612858
    outer loop
      vertex -2.460630 0.137795 0.629921
      vertex -2.460630 0.127306 0.682653
      vertex -2.322835 0.137795 0.629921
    endloop
  endfacet
  facet normal 0 0.8314696123025453 0.5555702330196021
    outer loop
      vertex -2.460630 0.127306 0.682653
      vertex -2.460630 0.097436 0.727357
      vertex -2.322835 0.127306 0.682653
    endloop
  endfacet
  facet normal 0 0.5555702330196035 0.8314696123025443
    outer loop
      vertex -2.460630 0.097436 0.727357
      vertex -2.460630 0.052732 0.757227
      vertex -2.322835 0.097436 0.727357
    endloop
  endfacet
  facet normal 0 0.5555702330196035 0.8314696123025443
    outer loop
      vertex -2.322835 0.097436 0.727357
      vertex -2.460630 0.052732 0.757227
      vertex -2.322835 0.052732 0.757227
    endloop
  endfacet
  facet normal 0 0.9807852804032303 0.19509032201612858
    outer loop
      vertex -2.322835 0.137795 0.629921
      vertex -2.460630 0.127306 0.682653
      vertex -2.322835 0.127306 0.682653
    endloop
  endfacet
  facet normal 0 0.8314696123025453 0.5555702330196021
    outer loop
      vertex -2.460630 0.097436 0.727357
      vertex -2.322835 0.097436 0.727357
      vertex -2.322835 0.127306 0.682653
    endloop
  endfacet
  facet normal 0 0.19509032201612747 0.9807852804032308
    outer loop
      vertex -2.460630 0.000000 0.767717
      vertex -2.322835 0.052732 0.757227
      vertex -2.460630 0.052732 0.757227
    endloop
  endfacet
  facet normal 0 0.19509032201612747 0.9807852804032308
    outer loop
      vertex -2.460630 0.000000 0.767717
      vertex -2.322835 0.000000 0.767717
      vertex -2.322835 0.052732 0.757227
    endloop
  endfacet
  facet normal 0 0.5555702330196035 0.8314696123025443
    outer loop
      vertex -2.086614 0.097436 0.727357
      vertex -2.224409 0.052732 0.757227
      vertex -2.086614 0.052732 0.757227
    endloop
  endfacet
  facet normal 0 0.9807852804032303 0.19509032201612858
    outer loop
      vertex -2.224409 0.137795 0.629921
      vertex -2.224409 0.127306 0.682653
      vertex -2.086614 0.137795 0.629921
    endloop
  endfacet
  facet normal 0 0.9807852804032303 0.19509032201612858
    outer loop
      vertex -2.086614 0.137795 0.629921
      vertex -2.224409 0.127306 0.682653
      vertex -2.086614 0.127306 0.682653
    endloop
  endfacet
  facet normal 0 0.8314696123025453 0.5555702330196021
    outer loop
      vertex -2.224409 0.127306 0.682653
      vertex -2.224409 0.097436 0.727357
      vertex -2.086614 0.127306 0.682653
    endloop
  endfacet
  facet normal 0 0.5555702330196035 0.8314696123025443
    outer loop
      vertex -2.224409 0.097436 0.727357
      vertex -2.224409 0.052732 0.757227
      vertex -2.086614 0.097436 0.727357
    endloop
  endfacet
  facet normal 0 0.8314696123025453 0.5555702330196021
    outer loop
      vertex -2.086614 0.127306 0.682653
      vertex -2.224409 0.097436 0.727357
      vertex -2.086614 0.097436 0.727357
    endloop
  endfacet
  facet normal 0 0.9807852804032304 0.1950903220161286
    outer loop
      vertex -1.988189 0.137795 0.629921
      vertex -1.988189 0.127306 0.682653
      vertex -1.830709 0.137795 0.629921
    endloop
  endfacet
  facet normal 0 0.8314696123025452 0.5555702330196021
    outer loop
      vertex -1.988189 0.127306 0.682653
      vertex -1.988189 0.097436 0.727357
      vertex -1.830709 0.127306 0.682653
    endloop
  endfacet
  facet normal 0 0.5555702330196035 0.8314696123025443
    outer loop
      vertex -1.988189 0.097436 0.727357
      vertex -1.988189 0.052732 0.757227
      vertex -1.830709 0.097436 0.727357
    endloop
  endfacet
  facet normal 0 0.19509032201612747 0.9807852804032308
    outer loop
      vertex -2.224409 0.000000 0.767717
      vertex -2.086614 0.052732 0.757227
      vertex -2.224409 0.052732 0.757227
    endloop
  endfacet
  facet normal 0 0.19509032201612747 0.9807852804032308
    outer loop
      vertex -2.224409 0.000000 0.767717
      vertex -2.086614 0.000000 0.767717
      vertex -2.086614 0.052732 0.757227
    endloop
  endfacet
  facet normal 0 0.19509032201612744 0.9807852804032305
    outer loop
      vertex -1.988189 0.000000 0.767717
      vertex -1.830709 0.052732 0.757227
      vertex -1.988189 0.052732 0.757227
    endloop
  endfacet
  facet normal 0 -0.5555702330196017 -0.8314696123025456
    outer loop
      vertex -1.988189 -0.052732 0.502615
      vertex -1.830709 -0.052732 0.502615
      vertex -1.830709 -0.097436 0.532485
    endloop
  endfacet
  facet normal 0 -0.19509032201612866 -0.9807852804032303
    outer loop
      vertex -1.988189 0.000000 0.492126
      vertex -1.830709 0.000000 0.492126
      vertex -1.830709 -0.052732 0.502615
    endloop
  endfacet
  facet normal 0 -0.9807852804032304 -0.19509032201612833
    outer loop
      vertex -1.988189 -0.127306 0.577189
      vertex -1.830709 -0.127306 0.577189
      vertex -1.830709 -0.137795 0.629921
    endloop
  endfacet
  facet normal 0 -0.8314696123025452 -0.5555702330196021
    outer loop
      vertex -1.988189 -0.097436 0.532485
      vertex -1.830709 -0.097436 0.532485
      vertex -1.830709 -0.127306 0.577189
    endloop
  endfacet
  facet normal 0 -0.9807852804032304 0.1950903220161286
    outer loop
      vertex -1.988189 -0.137795 0.629921
      vertex -1.830709 -0.137795 0.629921
      vertex -1.830709 -0.127306 0.682653
    endloop
  endfacet
  facet normal 0 -0.8314696123025452 0.5555702330196021
    outer loop
      vertex -1.988189 -0.127306 0.682653
      vertex -1.830709 -0.127306 0.682653
      vertex -1.830709 -0.097436 0.727357
    endloop
  endfacet
  facet normal 0 -0.5555702330196035 0.8314696123025443
    outer loop
      vertex -1.988189 -0.097436 0.727357
      vertex -1.830709 -0.097436 0.727357
      vertex -1.830709 -0.052732 0.757227
    endloop
  endfacet
  facet normal 0 -0.19509032201612744 0.9807852804032305
    outer loop
      vertex -1.988189 -0.052732 0.757227
      vertex -1.830709 -0.052732 0.757227
      vertex -1.830709 0.000000 0.767717
    endloop
  endfacet
  facet normal 0 0.19509032201612866 -0.9807852804032303
    outer loop
      vertex -1.988189 0.052732 0.502615
      vertex -1.830709 0.052732 0.502615
      vertex -1.830709 0.000000 0.492126
    endloop
  endfacet
  facet normal 0 0.5555702330196017 -0.8314696123025456
    outer loop
      vertex -1.988189 0.097436 0.532485
      vertex -1.830709 0.097436 0.532485
      vertex -1.830709 0.052732 0.502615
    endloop
  endfacet
  facet normal 0 0.8314696123025452 -0.5555702330196021
    outer loop
      vertex -1.988189 0.127306 0.577189
      vertex -1.830709 0.127306 0.577189
      vertex -1.830709 0.097436 0.532485
    endloop
  endfacet
  facet normal 0 0.9807852804032304 -0.19509032201612833
    outer loop
      vertex -1.988189 0.137795 0.629921
      vertex -1.830709 0.137795 0.629921
      vertex -1.830709 0.127306 0.577189
    endloop
  endfacet
  facet normal 0 0.5555702330196035 0.8314696123025443
    outer loop
      vertex -1.988189 0.052732 0.757227
      vertex -1.830709 0.052732 0.757227
      vertex -1.830709 0.097436 0.727357
    endloop
  endfacet
  facet normal 0 0.9807852804032304 0.1950903220161286
    outer loop
      vertex -1.988189 0.127306 0.682653
      vertex -1.830709 0.127306 0.682653
      vertex -1.830709 0.137795 0.629921
    endloop
  endfacet
  facet normal 0 0.8314696123025452 0.5555702330196021
    outer loop
      vertex -1.988189 0.097436 0.727357
      vertex -1.830709 0.097436 0.727357
      vertex -1.830709 0.127306 0.682653
    endloop
  endfacet
  facet normal 0 0.19509032201612744 0.9807852804032305
    outer loop
      vertex -1.988189 0.000000 0.767717
      vertex -1.830709 0.000000 0.767717
      vertex -1.830709 0.052732 0.757227
    endloop
  endfacet
  facet normal 0 -0.5555702330196017 -0.8314696123025456
    outer loop
      vertex 1.830709 -0.097436 0.532485
      vertex 1.830709 -0.052732 0.502615
      vertex 1.988189 -0.097436 0.532485
    endloop
  endfacet
  facet normal 0 -0.19509032201612866 -0.9807852804032303
    outer loop
      vertex 1.830709 -0.052732 0.502615
      vertex 1.830709 0.000000 0.492126
      vertex 1.988189 -0.052732 0.502615
    endloop
  endfacet
  facet normal 0 -0.8314696123025452 -0.5555702330196021
    outer loop
      vertex 1.830709 -0.097436 0.532485
      vertex 1.988189 -0.127306 0.577189
      vertex 1.830709 -0.127306 0.577189
    endloop
  endfacet
  facet normal 0 -0.9807852804032304 -0.19509032201612833
    outer loop
      vertex 1.830709 -0.127306 0.577189
      vertex 1.988189 -0.137795 0.629921
      vertex 1.830709 -0.137795 0.629921
    endloop
  endfacet
  facet normal 0 -0.9807852804032304 0.1950903220161286
    outer loop
      vertex 1.830709 -0.137795 0.629921
      vertex 1.988189 -0.127306 0.682653
      vertex 1.830709 -0.127306 0.682653
    endloop
  endfacet
  facet normal 0 -0.8314696123025452 0.5555702330196021
    outer loop
      vertex 1.830709 -0.127306 0.682653
      vertex 1.988189 -0.097436 0.727357
      vertex 1.830709 -0.097436 0.727357
    endloop
  endfacet
  facet normal 0 -0.5555702330196035 0.8314696123025443
    outer loop
      vertex 1.830709 -0.097436 0.727357
      vertex 1.988189 -0.052732 0.757227
      vertex 1.830709 -0.052732 0.757227
    endloop
  endfacet
  facet normal 0 -0.19509032201612744 0.9807852804032305
    outer loop
      vertex 1.830709 -0.052732 0.757227
      vertex 1.988189 0.000000 0.767717
      vertex 1.830709 0.000000 0.767717
    endloop
  endfacet
  facet normal 0 0.19509032201612866 -0.9807852804032303
    outer loop
      vertex 1.830709 0.000000 0.492126
      vertex 1.830709 0.052732 0.502615
      vertex 1.988189 0.000000 0.492126
    endloop
  endfacet
  facet normal 0 0.5555702330196017 -0.8314696123025456
    outer loop
      vertex 1.830709 0.052732 0.502615
      vertex 1.830709 0.097436 0.532485
      vertex 1.988189 0.052732 0.502615
    endloop
  endfacet
  facet normal 0 0.8314696123025452 -0.5555702330196021
    outer loop
      vertex 1.830709 0.097436 0.532485
      vertex 1.830709 0.127306 0.577189
      vertex 1.988189 0.097436 0.532485
    endloop
  endfacet
  facet normal 0 0.9807852804032304 -0.19509032201612833
    outer loop
      vertex 1.830709 0.127306 0.577189
      vertex 1.830709 0.137795 0.629921
      vertex 1.988189 0.127306 0.577189
    endloop
  endfacet
  facet normal 0 0.9807852804032304 0.1950903220161286
    outer loop
      vertex 1.830709 0.137795 0.629921
      vertex 1.830709 0.127306 0.682653
      vertex 1.988189 0.137795 0.629921
    endloop
  endfacet
  facet normal 0 0.8314696123025452 0.5555702330196021
    outer loop
      vertex 1.830709 0.127306 0.682653
      vertex 1.830709 0.097436 0.727357
      vertex 1.988189 0.127306 0.682653
    endloop
  endfacet
  facet normal 0 0.5555702330196035 0.8314696123025443
    outer loop
      vertex 1.830709 0.097436 0.727357
      vertex 1.830709 0.052732 0.757227
      vertex 1.988189 0.097436 0.727357
    endloop
  endfacet
  facet normal 0 0.19509032201612744 0.9807852804032305
    outer loop
      vertex 1.830709 0.000000 0.767717
      vertex 1.988189 0.052732 0.757227
      vertex 1.830709 0.052732 0.757227
    endloop
  endfacet
  facet normal 0 -0.5555702330196017 -0.8314696123025456
    outer loop
      vertex 1.830709 -0.052732 0.502615
      vertex 1.988189 -0.052732 0.502615
      vertex 1.988189 -0.097436 0.532485
    endloop
  endfacet
  facet normal 0 -0.19509032201612866 -0.9807852804032303
    outer loop
      vertex 1.830709 0.000000 0.492126
      vertex 1.988189 0.000000 0.492126
      vertex 1.988189 -0.052732 0.502615
    endloop
  endfacet
  facet normal 0 -0.5555702330196017 -0.8314696123025456
    outer loop
      vertex 2.086614 -0.097436 0.532485
      vertex 2.086614 -0.052732 0.502615
      vertex 2.224409 -0.097436 0.532485
    endloop
  endfacet
  facet normal 0 -0.1950903220161287 -0.9807852804032303
    outer loop
      vertex 2.086614 -0.052732 0.502615
      vertex 2.086614 0.000000 0.492126
      vertex 2.224409 -0.052732 0.502615
    endloop
  endfacet
  facet normal 0 -0.5555702330196017 -0.8314696123025456
    outer loop
      vertex 2.086614 -0.052732 0.502615
      vertex 2.224409 -0.052732 0.502615
      vertex 2.224409 -0.097436 0.532485
    endloop
  endfacet
  facet normal 0 -0.1950903220161287 -0.9807852804032303
    outer loop
      vertex 2.224409 -0.052732 0.502615
      vertex 2.086614 0.000000 0.492126
      vertex 2.224409 0.000000 0.492126
    endloop
  endfacet
  facet normal 0 -0.9807852804032304 -0.19509032201612833
    outer loop
      vertex 1.830709 -0.127306 0.577189
      vertex 1.988189 -0.127306 0.577189
      vertex 1.988189 -0.137795 0.629921
    endloop
  endfacet
  facet normal 0 -0.8314696123025452 -0.5555702330196021
    outer loop
      vertex 1.830709 -0.097436 0.532485
      vertex 1.988189 -0.097436 0.532485
      vertex 1.988189 -0.127306 0.577189
    endloop
  endfacet
  facet normal 0 -0.8314696123025453 -0.5555702330196021
    outer loop
      vertex 2.086614 -0.097436 0.532485
      vertex 2.224409 -0.127306 0.577189
      vertex 2.086614 -0.127306 0.577189
    endloop
  endfacet
  facet normal 0 -0.9807852804032303 -0.19509032201612833
    outer loop
      vertex 2.086614 -0.127306 0.577189
      vertex 2.224409 -0.137795 0.629921
      vertex 2.086614 -0.137795 0.629921
    endloop
  endfacet
  facet normal 0 -0.9807852804032303 -0.19509032201612833
    outer loop
      vertex 2.086614 -0.127306 0.577189
      vertex 2.224409 -0.127306 0.577189
      vertex 2.224409 -0.137795 0.629921
    endloop
  endfacet
  facet normal 0 -0.8314696123025453 -0.5555702330196021
    outer loop
      vertex 2.086614 -0.097436 0.532485
      vertex 2.224409 -0.097436 0.532485
      vertex 2.224409 -0.127306 0.577189
    endloop
  endfacet
  facet normal 0 -0.5555702330196017 -0.8314696123025456
    outer loop
      vertex 2.322835 -0.097436 0.532485
      vertex 2.322835 -0.052732 0.502615
      vertex 2.460630 -0.097436 0.532485
    endloop
  endfacet
  facet normal 0 -0.1950903220161287 -0.9807852804032303
    outer loop
      vertex 2.322835 -0.052732 0.502615
      vertex 2.322835 0.000000 0.492126
      vertex 2.460630 -0.052732 0.502615
    endloop
  endfacet
  facet normal 0 -0.5555702330196017 -0.8314696123025456
    outer loop
      vertex 2.322835 -0.052732 0.502615
      vertex 2.460630 -0.052732 0.502615
      vertex 2.460630 -0.097436 0.532485
    endloop
  endfacet
  facet normal 0 -0.1950903220161287 -0.9807852804032303
    outer loop
      vertex 2.460630 -0.052732 0.502615
      vertex 2.322835 0.000000 0.492126
      vertex 2.460630 0.000000 0.492126
    endloop
  endfacet
  facet normal 0 -0.8314696123025453 -0.5555702330196021
    outer loop
      vertex 2.322835 -0.097436 0.532485
      vertex 2.460630 -0.127306 0.577189
      vertex 2.322835 -0.127306 0.577189
    endloop
  endfacet
  facet normal 0 -0.9807852804032303 -0.19509032201612833
    outer loop
      vertex 2.322835 -0.127306 0.577189
      vertex 2.460630 -0.137795 0.629921
      vertex 2.322835 -0.137795 0.629921
    endloop
  endfacet
  facet normal 0 -0.9807852804032303 -0.19509032201612833
    outer loop
      vertex 2.322835 -0.127306 0.577189
      vertex 2.460630 -0.127306 0.577189
      vertex 2.460630 -0.137795 0.629921
    endloop
  endfacet
  facet normal 0 -0.8314696123025453 -0.5555702330196021
    outer loop
      vertex 2.322835 -0.097436 0.532485
      vertex 2.460630 -0.097436 0.532485
      vertex 2.460630 -0.127306 0.577189
    endloop
  endfacet
  facet normal 0 -0.9807852804032304 0.1950903220161286
    outer loop
      vertex 1.830709 -0.137795 0.629921
      vertex 1.988189 -0.137795 0.629921
      vertex 1.988189 -0.127306 0.682653
    endloop
  endfacet
  facet normal 0 -0.8314696123025452 0.5555702330196021
    outer loop
      vertex 1.830709 -0.127306 0.682653
      vertex 1.988189 -0.127306 0.682653
      vertex 1.988189 -0.097436 0.727357
    endloop
  endfacet
  facet normal 0 -0.5555702330196035 0.8314696123025443
    outer loop
      vertex 1.830709 -0.097436 0.727357
      vertex 1.988189 -0.097436 0.727357
      vertex 1.988189 -0.052732 0.757227
    endloop
  endfacet
  facet normal 0 -0.9807852804032303 0.19509032201612858
    outer loop
      vertex 2.086614 -0.137795 0.629921
      vertex 2.224409 -0.127306 0.682653
      vertex 2.086614 -0.127306 0.682653
    endloop
  endfacet
  facet normal 0 -0.9807852804032303 0.19509032201612858
    outer loop
      vertex 2.086614 -0.137795 0.629921
      vertex 2.224409 -0.137795 0.629921
      vertex 2.224409 -0.127306 0.682653
    endloop
  endfacet
  facet normal 0 -0.8314696123025453 0.5555702330196021
    outer loop
      vertex 2.086614 -0.127306 0.682653
      vertex 2.224409 -0.127306 0.682653
      vertex 2.224409 -0.097436 0.727357
    endloop
  endfacet
  facet normal 0 -0.8314696123025453 0.5555702330196021
    outer loop
      vertex 2.086614 -0.127306 0.682653
      vertex 2.224409 -0.097436 0.727357
      vertex 2.086614 -0.097436 0.727357
    endloop
  endfacet
  facet normal 0 -0.5555702330196035 0.8314696123025443
    outer loop
      vertex 2.086614 -0.097436 0.727357
      vertex 2.224409 -0.052732 0.757227
      vertex 2.086614 -0.052732 0.757227
    endloop
  endfacet
  facet normal 0 -0.5555702330196035 0.8314696123025443
    outer loop
      vertex 2.086614 -0.097436 0.727357
      vertex 2.224409 -0.097436 0.727357
      vertex 2.224409 -0.052732 0.757227
    endloop
  endfacet
  facet normal 0 -0.19509032201612744 0.9807852804032305
    outer loop
      vertex 1.830709 -0.052732 0.757227
      vertex 1.988189 -0.052732 0.757227
      vertex 1.988189 0.000000 0.767717
    endloop
  endfacet
  facet normal 0 -0.19509032201612747 0.9807852804032308
    outer loop
      vertex 2.086614 -0.052732 0.757227
      vertex 2.224409 0.000000 0.767717
      vertex 2.086614 0.000000 0.767717
    endloop
  endfacet
  facet normal 0 -0.19509032201612747 0.9807852804032308
    outer loop
      vertex 2.086614 -0.052732 0.757227
      vertex 2.224409 -0.052732 0.757227
      vertex 2.224409 0.000000 0.767717
    endloop
  endfacet
  facet normal 0 -0.9807852804032303 0.19509032201612858
    outer loop
      vertex 2.322835 -0.137795 0.629921
      vertex 2.460630 -0.127306 0.682653
      vertex 2.322835 -0.127306 0.682653
    endloop
  endfacet
  facet normal 0 -0.8314696123025453 0.5555702330196021
    outer loop
      vertex 2.322835 -0.127306 0.682653
      vertex 2.460630 -0.097436 0.727357
      vertex 2.322835 -0.097436 0.727357
    endloop
  endfacet
  facet normal 0 -0.5555702330196035 0.8314696123025443
    outer loop
      vertex 2.322835 -0.097436 0.727357
      vertex 2.460630 -0.052732 0.757227
      vertex 2.322835 -0.052732 0.757227
    endloop
  endfacet
  facet normal 0 -0.9807852804032303 0.19509032201612858
    outer loop
      vertex 2.322835 -0.137795 0.629921
      vertex 2.460630 -0.137795 0.629921
      vertex 2.460630 -0.127306 0.682653
    endloop
  endfacet
  facet normal 0 -0.8314696123025453 0.5555702330196021
    outer loop
      vertex 2.322835 -0.127306 0.682653
      vertex 2.460630 -0.127306 0.682653
      vertex 2.460630 -0.097436 0.727357
    endloop
  endfacet
  facet normal 0 -0.5555702330196035 0.8314696123025443
    outer loop
      vertex 2.322835 -0.097436 0.727357
      vertex 2.460630 -0.097436 0.727357
      vertex 2.460630 -0.052732 0.757227
    endloop
  endfacet
  facet normal 0 -0.19509032201612747 0.9807852804032308
    outer loop
      vertex 2.322835 -0.052732 0.757227
      vertex 2.460630 0.000000 0.767717
      vertex 2.322835 0.000000 0.767717
    endloop
  endfacet
  facet normal 0 -0.19509032201612747 0.9807852804032308
    outer loop
      vertex 2.322835 -0.052732 0.757227
      vertex 2.460630 -0.052732 0.757227
      vertex 2.460630 0.000000 0.767717
    endloop
  endfacet
  facet normal 0 0.19509032201612866 -0.9807852804032303
    outer loop
      vertex 1.830709 0.052732 0.502615
      vertex 1.988189 0.052732 0.502615
      vertex 1.988189 0.000000 0.492126
    endloop
  endfacet
  facet normal 0 0.5555702330196017 -0.8314696123025456
    outer loop
      vertex 1.830709 0.097436 0.532485
      vertex 1.988189 0.097436 0.532485
      vertex 1.988189 0.052732 0.502615
    endloop
  endfacet
  facet normal 0 0.1950903220161287 -0.9807852804032303
    outer loop
      vertex 2.086614 0.000000 0.492126
      vertex 2.086614 0.052732 0.502615
      vertex 2.224409 0.000000 0.492126
    endloop
  endfacet
  facet normal 0 0.5555702330196017 -0.8314696123025456
    outer loop
      vertex 2.086614 0.052732 0.502615
      vertex 2.086614 0.097436 0.532485
      vertex 2.224409 0.052732 0.502615
    endloop
  endfacet
  facet normal 0 0.1950903220161287 -0.9807852804032303
    outer loop
      vertex 2.086614 0.052732 0.502615
      vertex 2.224409 0.052732 0.502615
      vertex 2.224409 0.000000 0.492126
    endloop
  endfacet
  facet normal 0 0.5555702330196017 -0.8314696123025456
    outer loop
      vertex 2.224409 0.052732 0.502615
      vertex 2.086614 0.097436 0.532485
      vertex 2.224409 0.097436 0.532485
    endloop
  endfacet
  facet normal 0 0.8314696123025452 -0.5555702330196021
    outer loop
      vertex 1.830709 0.127306 0.577189
      vertex 1.988189 0.127306 0.577189
      vertex 1.988189 0.097436 0.532485
    endloop
  endfacet
  facet normal 0 0.9807852804032304 -0.19509032201612833
    outer loop
      vertex 1.830709 0.137795 0.629921
      vertex 1.988189 0.137795 0.629921
      vertex 1.988189 0.127306 0.577189
    endloop
  endfacet
  facet normal 0 0.8314696123025453 -0.5555702330196021
    outer loop
      vertex 2.086614 0.097436 0.532485
      vertex 2.086614 0.127306 0.577189
      vertex 2.224409 0.097436 0.532485
    endloop
  endfacet
  facet normal 0 0.8314696123025453 -0.5555702330196021
    outer loop
      vertex 2.224409 0.097436 0.532485
      vertex 2.086614 0.127306 0.577189
      vertex 2.224409 0.127306 0.577189
    endloop
  endfacet
  facet normal 0 0.9807852804032303 -0.19509032201612833
    outer loop
      vertex 2.086614 0.127306 0.577189
      vertex 2.086614 0.137795 0.629921
      vertex 2.224409 0.127306 0.577189
    endloop
  endfacet
  facet normal 0 0.9807852804032303 -0.19509032201612833
    outer loop
      vertex 2.224409 0.127306 0.577189
      vertex 2.086614 0.137795 0.629921
      vertex 2.224409 0.137795 0.629921
    endloop
  endfacet
  facet normal 0 0.1950903220161287 -0.9807852804032303
    outer loop
      vertex 2.322835 0.000000 0.492126
      vertex 2.322835 0.052732 0.502615
      vertex 2.460630 0.000000 0.492126
    endloop
  endfacet
  facet normal 0 0.5555702330196017 -0.8314696123025456
    outer loop
      vertex 2.322835 0.052732 0.502615
      vertex 2.322835 0.097436 0.532485
      vertex 2.460630 0.052732 0.502615
    endloop
  endfacet
  facet normal 0 0.1950903220161287 -0.9807852804032303
    outer loop
      vertex 2.322835 0.052732 0.502615
      vertex 2.460630 0.052732 0.502615
      vertex 2.460630 0.000000 0.492126
    endloop
  endfacet
  facet normal 0 0.5555702330196017 -0.8314696123025456
    outer loop
      vertex 2.322835 0.097436 0.532485
      vertex 2.460630 0.097436 0.532485
      vertex 2.460630 0.052732 0.502615
    endloop
  endfacet
  facet normal 0 0.8314696123025453 -0.5555702330196021
    outer loop
      vertex 2.322835 0.097436 0.532485
      vertex 2.322835 0.127306 0.577189
      vertex 2.460630 0.097436 0.532485
    endloop
  endfacet
  facet normal 0 0.9807852804032303 -0.19509032201612833
    outer loop
      vertex 2.322835 0.127306 0.577189
      vertex 2.322835 0.137795 0.629921
      vertex 2.460630 0.127306 0.577189
    endloop
  endfacet
  facet normal 0 0.8314696123025453 -0.5555702330196021
    outer loop
      vertex 2.460630 0.097436 0.532485
      vertex 2.322835 0.127306 0.577189
      vertex 2.460630 0.127306 0.577189
    endloop
  endfacet
  facet normal 0 0.9807852804032303 -0.19509032201612833
    outer loop
      vertex 2.322835 0.137795 0.629921
      vertex 2.460630 0.137795 0.629921
      vertex 2.460630 0.127306 0.577189
    endloop
  endfacet
  facet normal 0 0.5555702330196035 0.8314696123025443
    outer loop
      vertex 1.830709 0.052732 0.757227
      vertex 1.988189 0.052732 0.757227
      vertex 1.988189 0.097436 0.727357
    endloop
  endfacet
  facet normal 0 0.9807852804032304 0.1950903220161286
    outer loop
      vertex 1.830709 0.127306 0.682653
      vertex 1.988189 0.127306 0.682653
      vertex 1.988189 0.137795 0.629921
    endloop
  endfacet
  facet normal 0 0.8314696123025452 0.5555702330196021
    outer loop
      vertex 1.830709 0.097436 0.727357
      vertex 1.988189 0.097436 0.727357
      vertex 1.988189 0.127306 0.682653
    endloop
  endfacet
  facet normal 0 0.5555702330196035 0.8314696123025443
    outer loop
      vertex 2.224409 0.097436 0.727357
      vertex 2.086614 0.052732 0.757227
      vertex 2.224409 0.052732 0.757227
    endloop
  endfacet
  facet normal 0 0.9807852804032303 0.19509032201612858
    outer loop
      vertex 2.086614 0.137795 0.629921
      vertex 2.086614 0.127306 0.682653
      vertex 2.224409 0.137795 0.629921
    endloop
  endfacet
  facet normal 0 0.9807852804032303 0.19509032201612858
    outer loop
      vertex 2.224409 0.137795 0.629921
      vertex 2.086614 0.127306 0.682653
      vertex 2.224409 0.127306 0.682653
    endloop
  endfacet
  facet normal 0 0.8314696123025453 0.5555702330196021
    outer loop
      vertex 2.086614 0.127306 0.682653
      vertex 2.086614 0.097436 0.727357
      vertex 2.224409 0.127306 0.682653
    endloop
  endfacet
  facet normal 0 0.5555702330196035 0.8314696123025443
    outer loop
      vertex 2.086614 0.097436 0.727357
      vertex 2.086614 0.052732 0.757227
      vertex 2.224409 0.097436 0.727357
    endloop
  endfacet
  facet normal 0 0.8314696123025453 0.5555702330196021
    outer loop
      vertex 2.224409 0.127306 0.682653
      vertex 2.086614 0.097436 0.727357
      vertex 2.224409 0.097436 0.727357
    endloop
  endfacet
  facet normal 0 0.19509032201612744 0.9807852804032305
    outer loop
      vertex 1.830709 0.000000 0.767717
      vertex 1.988189 0.000000 0.767717
      vertex 1.988189 0.052732 0.757227
    endloop
  endfacet
  facet normal 0 0.19509032201612747 0.9807852804032308
    outer loop
      vertex 2.086614 0.000000 0.767717
      vertex 2.224409 0.052732 0.757227
      vertex 2.086614 0.052732 0.757227
    endloop
  endfacet
  facet normal 0 0.19509032201612747 0.9807852804032308
    outer loop
      vertex 2.086614 0.000000 0.767717
      vertex 2.224409 0.000000 0.767717
      vertex 2.224409 0.052732 0.757227
    endloop
  endfacet
  facet normal 0 0.9807852804032303 0.19509032201612858
    outer loop
      vertex 2.322835 0.137795 0.629921
      vertex 2.322835 0.127306 0.682653
      vertex 2.460630 0.137795 0.629921
    endloop
  endfacet
  facet normal 0 0.8314696123025453 0.5555702330196021
    outer loop
      vertex 2.322835 0.127306 0.682653
      vertex 2.322835 0.097436 0.727357
      vertex 2.460630 0.127306 0.682653
    endloop
  endfacet
  facet normal 0 0.5555702330196035 0.8314696123025443
    outer loop
      vertex 2.322835 0.097436 0.727357
      vertex 2.322835 0.052732 0.757227
      vertex 2.460630 0.097436 0.727357
    endloop
  endfacet
  facet normal 0 0.5555702330196035 0.8314696123025443
    outer loop
      vertex 2.460630 0.097436 0.727357
      vertex 2.322835 0.052732 0.757227
      vertex 2.460630 0.052732 0.757227
    endloop
  endfacet
  facet normal 0 0.9807852804032303 0.19509032201612858
    outer loop
      vertex 2.460630 0.137795 0.629921
      vertex 2.322835 0.127306 0.682653
      vertex 2.460630 0.127306 0.682653
    endloop
  endfacet
  facet normal 0 0.8314696123025453 0.5555702330196021
    outer loop
      vertex 2.322835 0.097436 0.727357
      vertex 2.460630 0.097436 0.727357
      vertex 2.460630 0.127306 0.682653
    endloop
  endfacet
  facet normal 0 0.19509032201612747 0.9807852804032308
    outer loop
      vertex 2.322835 0.000000 0.767717
      vertex 2.460630 0.052732 0.757227
      vertex 2.322835 0.052732 0.757227
    endloop
  endfacet
  facet normal 0 0.19509032201612747 0.9807852804032308
    outer loop
      vertex 2.322835 0.000000 0.767717
      vertex 2.460630 0.000000 0.767717
      vertex 2.460630 0.052732 0.757227
    endloop
  endfacet
  facet normal 0 -0.5 -0.8660254037844386
    outer loop
      vertex 1.830709 -0.289812 0.462598
      vertex 1.633858 -0.289812 0.462598
      vertex 1.633858 0.000000 0.295276
    endloop
  endfacet
  facet normal 0 -0.5 -0.8660254037844386
    outer loop
      vertex 1.830709 0.000000 0.295276
      vertex 1.830709 -0.289812 0.462598
      vertex 1.633858 0.000000 0.295276
    endloop
  endfacet
  facet normal -1 0 0
    outer loop
      vertex 1.633858 -0.289812 0.462598
      vertex 1.633858 0.289812 0.462598
      vertex 1.633858 0.000000 0.295276
    endloop
  endfacet
  facet normal 0 0.5 -0.8660254037844386
    outer loop
      vertex 1.830709 0.000000 0.295276
      vertex 1.633858 0.000000 0.295276
      vertex 1.633858 0.289812 0.462598
    endloop
  endfacet
  facet normal 1 0 0
    outer loop
      vertex 1.830709 0.000000 0.295276
      vertex 1.830709 0.289812 0.462598
      vertex 1.830709 -0.289812 0.462598
    endloop
  endfacet
  facet normal 0 0.5 -0.8660254037844386
    outer loop
      vertex 1.830709 0.000000 0.295276
      vertex 1.633858 0.289812 0.462598
      vertex 1.830709 0.289812 0.462598
    endloop
  endfacet
  facet normal 0 -1 0
    outer loop
      vertex 1.830709 -0.289812 0.462598
      vertex 1.633858 -0.289812 0.797244
      vertex 1.633858 -0.289812 0.462598
    endloop
  endfacet
  facet normal 1 0 0
    outer loop
      vertex 1.830709 -0.289812 0.462598
      vertex 1.830709 -0.137795 0.629921
      vertex 1.830709 -0.289812 0.797244
    endloop
  endfacet
  facet normal 1 0 0
    outer loop
      vertex 1.830709 -0.289812 0.462598
      vertex 1.830709 -0.097436 0.532485
      vertex 1.830709 -0.127306 0.577189
    endloop
  endfacet
  facet normal 1 0 0
    outer loop
      vertex 1.830709 -0.289812 0.462598
      vertex 1.830709 -0.052732 0.502615
      vertex 1.830709 -0.097436 0.532485
    endloop
  endfacet
  facet normal 1 0 0
    outer loop
      vertex 1.830709 -0.289812 0.462598
      vertex 1.830709 0.000000 0.492126
      vertex 1.830709 -0.052732 0.502615
    endloop
  endfacet
  facet normal -1 0 0
    outer loop
      vertex 1.633858 0.289812 0.462598
      vertex 1.633858 -0.289812 0.462598
      vertex 1.633858 -0.289812 0.797244
    endloop
  endfacet
  facet normal 1 0 0
    outer loop
      vertex 1.830709 -0.289812 0.462598
      vertex 1.830709 -0.127306 0.577189
      vertex 1.830709 -0.137795 0.629921
    endloop
  endfacet
  facet normal 0 -1 0
    outer loop
      vertex 1.830709 -0.289812 0.462598
      vertex 1.830709 -0.289812 0.797244
      vertex 1.633858 -0.289812 0.797244
    endloop
  endfacet
  facet normal 1 0 0
    outer loop
      vertex 1.830709 -0.137795 0.629921
      vertex 1.830709 -0.127306 0.682653
      vertex 1.830709 -0.289812 0.797244
    endloop
  endfacet
  facet normal 1 0 0
    outer loop
      vertex 1.830709 -0.289812 0.797244
      vertex 1.830709 -0.127306 0.682653
      vertex 1.830709 -0.097436 0.727357
    endloop
  endfacet
  facet normal 1 0 0
    outer loop
      vertex 1.830709 -0.289812 0.797244
      vertex 1.830709 -0.097436 0.727357
      vertex 1.830709 -0.052732 0.757227
    endloop
  endfacet
  facet normal 1 0 0
    outer loop
      vertex 1.830709 -0.289812 0.797244
      vertex 1.830709 -0.052732 0.757227
      vertex 1.830709 0.000000 0.767717
    endloop
  endfacet
  facet normal 0 -0.5 0.8660254037844386
    outer loop
      vertex 1.830709 -0.289812 0.797244
      vertex 1.830709 0.000000 0.964567
      vertex 1.633858 -0.289812 0.797244
    endloop
  endfacet
  facet normal 1 0 0
    outer loop
      vertex 1.830709 -0.289812 0.462598
      vertex 1.830709 0.289812 0.462598
      vertex 1.830709 0.000000 0.492126
    endloop
  endfacet
  facet normal 1 0 0
    outer loop
      vertex 1.830709 0.000000 0.492126
      vertex 1.830709 0.289812 0.462598
      vertex 1.830709 0.052732 0.502615
    endloop
  endfacet
  facet normal 1 0 0
    outer loop
      vertex 1.830709 0.052732 0.502615
      vertex 1.830709 0.289812 0.462598
      vertex 1.830709 0.097436 0.532485
    endloop
  endfacet
  facet normal 1 0 0
    outer loop
      vertex 1.830709 0.097436 0.532485
      vertex 1.830709 0.289812 0.462598
      vertex 1.830709 0.127306 0.577189
    endloop
  endfacet
  facet normal 1 0 0
    outer loop
      vertex 1.830709 0.127306 0.577189
      vertex 1.830709 0.289812 0.462598
      vertex 1.830709 0.137795 0.629921
    endloop
  endfacet
  facet normal 1 0 0
    outer loop
      vertex 1.830709 0.137795 0.629921
      vertex 1.830709 0.289812 0.462598
      vertex 1.830709 0.289812 0.797244
    endloop
  endfacet
  facet normal 0 1 0
    outer loop
      vertex 1.830709 0.289812 0.462598
      vertex 1.633858 0.289812 0.462598
      vertex 1.830709 0.289812 0.797244
    endloop
  endfacet
  facet normal -1 0 0
    outer loop
      vertex 1.633858 0.289812 0.462598
      vertex 1.633858 -0.289812 0.797244
      vertex 1.633858 0.289812 0.797244
    endloop
  endfacet
  facet normal 1 0 0
    outer loop
      vertex 1.830709 0.127306 0.682653
      vertex 1.830709 0.289812 0.797244
      vertex 1.830709 0.097436 0.727357
    endloop
  endfacet
  facet normal -1 0 0
    outer loop
      vertex 1.633858 -0.289812 0.797244
      vertex 1.633858 0.000000 0.964567
      vertex 1.633858 0.289812 0.797244
    endloop
  endfacet
  facet normal 1 0 0
    outer loop
      vertex 1.830709 -0.289812 0.797244
      vertex 1.830709 0.000000 0.767717
      vertex 1.830709 0.289812 0.797244
    endloop
  endfacet
  facet normal 1 0 0
    outer loop
      vertex 1.830709 -0.289812 0.797244
      vertex 1.830709 0.289812 0.797244
      vertex 1.830709 0.000000 0.964567
    endloop
  endfacet
  facet normal 1 0 0
    outer loop
      vertex 1.830709 0.000000 0.767717
      vertex 1.830709 0.052732 0.757227
      vertex 1.830709 0.289812 0.797244
    endloop
  endfacet
  facet normal 1 0 0
    outer loop
      vertex 1.830709 0.097436 0.727357
      vertex 1.830709 0.289812 0.797244
      vertex 1.830709 0.052732 0.757227
    endloop
  endfacet
  facet normal 0 1 0
    outer loop
      vertex 1.830709 0.289812 0.797244
      vertex 1.633858 0.289812 0.462598
      vertex 1.633858 0.289812 0.797244
    endloop
  endfacet
  facet normal 1 0 0
    outer loop
      vertex 1.830709 0.137795 0.629921
      vertex 1.830709 0.289812 0.797244
      vertex 1.830709 0.127306 0.682653
    endloop
  endfacet
  facet normal 0 0.5 0.8660254037844386
    outer loop
      vertex 1.830709 0.289812 0.797244
      vertex 1.633858 0.289812 0.797244
      vertex 1.633858 0.000000 0.964567
    endloop
  endfacet
  facet normal 0 -0.5 0.8660254037844386
    outer loop
      vertex 1.830709 0.000000 0.964567
      vertex 1.633858 0.000000 0.964567
      vertex 1.633858 -0.289812 0.797244
    endloop
  endfacet
  facet normal 0 0.5 0.8660254037844386
    outer loop
      vertex 1.830709 0.289812 0.797244
      vertex 1.633858 0.000000 0.964567
      vertex 1.830709 0.000000 0.964567
    endloop
  endfacet
  facet normal 0 -0.5 -0.8660254037844386
    outer loop
      vertex -1.830709 0.000000 0.295276
      vertex -1.633858 -0.289812 0.462598
      vertex -1.830709 -0.289812 0.462598
    endloop
  endfacet
  facet normal 0 -0.5 -0.8660254037844386
    outer loop
      vertex -1.830709 0.000000 0.295276
      vertex -1.633858 0.000000 0.295276
      vertex -1.633858 -0.289812 0.462598
    endloop
  endfacet
  facet normal -1 0 0
    outer loop
      vertex -1.830709 0.000000 0.295276
      vertex -1.830709 -0.289812 0.462598
      vertex -1.830709 0.289812 0.462598
    endloop
  endfacet
  facet normal 0 0.5 -0.8660254037844386
    outer loop
      vertex -1.830709 0.000000 0.295276
      vertex -1.830709 0.289812 0.462598
      vertex -1.633858 0.000000 0.295276
    endloop
  endfacet
  facet normal 1 0 0
    outer loop
      vertex -1.633858 -0.289812 0.462598
      vertex -1.633858 0.000000 0.295276
      vertex -1.633858 0.289812 0.462598
    endloop
  endfacet
  facet normal 0 0.5 -0.8660254037844386
    outer loop
      vertex -1.830709 0.289812 0.462598
      vertex -1.633858 0.289812 0.462598
      vertex -1.633858 0.000000 0.295276
    endloop
  endfacet
  facet normal 0 -1 0
    outer loop
      vertex -1.830709 -0.289812 0.462598
      vertex -1.633858 -0.289812 0.462598
      vertex -1.830709 -0.289812 0.797244
    endloop
  endfacet
  facet normal -1 0 0
    outer loop
      vertex -1.830709 -0.289812 0.462598
      vertex -1.830709 -0.289812 0.797244
      vertex -1.830709 -0.137795 0.629921
    endloop
  endfacet
  facet normal -1 0 0
    outer loop
      vertex -1.830709 -0.289812 0.462598
      vertex -1.830709 -0.127306 0.577189
      vertex -1.830709 -0.097436 0.532485
    endloop
  endfacet
  facet normal -1 0 0
    outer loop
      vertex -1.830709 -0.289812 0.462598
      vertex -1.830709 -0.097436 0.532485
      vertex -1.830709 -0.052732 0.502615
    endloop
  endfacet
  facet normal -1 0 0
    outer loop
      vertex -1.830709 -0.289812 0.462598
      vertex -1.830709 -0.052732 0.502615
      vertex -1.830709 0.000000 0.492126
    endloop
  endfacet
  facet normal -1 0 0
    outer loop
      vertex -1.830709 -0.289812 0.462598
      vertex -1.830709 -0.137795 0.629921
      vertex -1.830709 -0.127306 0.577189
    endloop
  endfacet
  facet normal 0 -1 0
    outer loop
      vertex -1.830709 -0.289812 0.797244
      vertex -1.633858 -0.289812 0.462598
      vertex -1.633858 -0.289812 0.797244
    endloop
  endfacet
  facet normal -1 0 0
    outer loop
      vertex -1.830709 -0.137795 0.629921
      vertex -1.830709 -0.289812 0.797244
      vertex -1.830709 -0.127306 0.682653
    endloop
  endfacet
  facet normal -1 0 0
    outer loop
      vertex -1.830709 -0.289812 0.797244
      vertex -1.830709 -0.097436 0.727357
      vertex -1.830709 -0.127306 0.682653
    endloop
  endfacet
  facet normal 1 0 0
    outer loop
      vertex -1.633858 -0.289812 0.462598
      vertex -1.633858 0.289812 0.797244
      vertex -1.633858 -0.289812 0.797244
    endloop
  endfacet
  facet normal -1 0 0
    outer loop
      vertex -1.830709 -0.289812 0.797244
      vertex -1.830709 -0.052732 0.757227
      vertex -1.830709 -0.097436 0.727357
    endloop
  endfacet
  facet normal -1 0 0
    outer loop
      vertex -1.830709 -0.289812 0.797244
      vertex -1.830709 0.000000 0.767717
      vertex -1.830709 -0.052732 0.757227
    endloop
  endfacet
  facet normal 0 -0.5 0.8660254037844386
    outer loop
      vertex -1.830709 -0.289812 0.797244
      vertex -1.633858 -0.289812 0.797244
      vertex -1.633858 0.000000 0.964567
    endloop
  endfacet
  facet normal -1 0 0
    outer loop
      vertex -1.830709 -0.289812 0.462598
      vertex -1.830709 0.000000 0.492126
      vertex -1.830709 0.289812 0.462598
    endloop
  endfacet
  facet normal -1 0 0
    outer loop
      vertex -1.830709 0.000000 0.492126
      vertex -1.830709 0.052732 0.502615
      vertex -1.830709 0.289812 0.462598
    endloop
  endfacet
  facet normal -1 0 0
    outer loop
      vertex -1.830709 0.052732 0.502615
      vertex -1.830709 0.097436 0.532485
      vertex -1.830709 0.289812 0.462598
    endloop
  endfacet
  facet normal -1 0 0
    outer loop
      vertex -1.830709 0.097436 0.532485
      vertex -1.830709 0.127306 0.577189
      vertex -1.830709 0.289812 0.462598
    endloop
  endfacet
  facet normal 1 0 0
    outer loop
      vertex -1.633858 0.289812 0.797244
      vertex -1.633858 -0.289812 0.462598
      vertex -1.633858 0.289812 0.462598
    endloop
  endfacet
  facet normal -1 0 0
    outer loop
      vertex -1.830709 0.127306 0.577189
      vertex -1.830709 0.137795 0.629921
      vertex -1.830709 0.289812 0.462598
    endloop
  endfacet
  facet normal -1 0 0
    outer loop
      vertex -1.830709 0.137795 0.629921
      vertex -1.830709 0.289812 0.797244
      vertex -1.830709 0.289812 0.462598
    endloop
  endfacet
  facet normal 0 1 0
    outer loop
      vertex -1.830709 0.289812 0.462598
      vertex -1.633858 0.289812 0.797244
      vertex -1.633858 0.289812 0.462598
    endloop
  endfacet
  facet normal -1 0 0
    outer loop
      vertex -1.830709 0.127306 0.682653
      vertex -1.830709 0.097436 0.727357
      vertex -1.830709 0.289812 0.797244
    endloop
  endfacet
  facet normal -1 0 0
    outer loop
      vertex -1.830709 -0.289812 0.797244
      vertex -1.830709 0.289812 0.797244
      vertex -1.830709 0.000000 0.767717
    endloop
  endfacet
  facet normal -1 0 0
    outer loop
      vertex -1.830709 -0.289812 0.797244
      vertex -1.830709 0.000000 0.964567
      vertex -1.830709 0.289812 0.797244
    endloop
  endfacet
  facet normal -1 0 0
    outer loop
      vertex -1.830709 0.000000 0.767717
      vertex -1.830709 0.289812 0.797244
      vertex -1.830709 0.052732 0.757227
    endloop
  endfacet
  facet normal -1 0 0
    outer loop
      vertex -1.830709 0.097436 0.727357
      vertex -1.830709 0.052732 0.757227
      vertex -1.830709 0.289812 0.797244
    endloop
  endfacet
  facet normal 1 0 0
    outer loop
      vertex -1.633858 -0.289812 0.797244
      vertex -1.633858 0.289812 0.797244
      vertex -1.633858 0.000000 0.964567
    endloop
  endfacet
  facet normal -1 0 0
    outer loop
      vertex -1.830709 0.137795 0.629921
      vertex -1.830709 0.127306 0.682653
      vertex -1.830709 0.289812 0.797244
    endloop
  endfacet
  facet normal 0 1 0
    outer loop
      vertex -1.830709 0.289812 0.462598
      vertex -1.830709 0.289812 0.797244
      vertex -1.633858 0.289812 0.797244
    endloop
  endfacet
  facet normal 0 0.5 0.8660254037844386
    outer loop
      vertex -1.830709 0.289812 0.797244
      vertex -1.830709 0.000000 0.964567
      vertex -1.633858 0.289812 0.797244
    endloop
  endfacet
  facet normal 0 -0.5 0.8660254037844386
    outer loop
      vertex -1.830709 -0.289812 0.797244
      vertex -1.633858 0.000000 0.964567
      vertex -1.830709 0.000000 0.964567
    endloop
  endfacet
  facet normal 0 0.5 0.8660254037844386
    outer loop
      vertex -1.830709 0.000000 0.964567
      vertex -1.633858 0.000000 0.964567
      vertex -1.633858 0.289812 0.797244
    endloop
  endfacet
  facet normal 0 -1 0
    outer loop
      vertex -0.060830 -1.909449 0.462390
      vertex 0.000000 -1.909449 0.452756
      vertex -0.034449 -1.909449 0.589939
    endloop
  endfacet
  facet normal -0.45399049973954725 0 -0.8910065241883676
    outer loop
      vertex -0.060830 -1.909449 0.462390
      vertex -0.115706 -1.909449 0.490351
      vertex -0.060830 -1.555118 0.462390
    endloop
  endfacet
  facet normal -0.15643446504023067 0 -0.9876883405951378
    outer loop
      vertex -0.060830 -1.909449 0.462390
      vertex 0.000000 -1.555118 0.452756
      vertex 0.000000 -1.909449 0.452756
    endloop
  endfacet
  facet normal -0.707106781186547 0 -0.7071067811865481
    outer loop
      vertex -0.115706 -1.909449 0.490351
      vertex -0.159255 -1.909449 0.533901
      vertex -0.115706 -1.555118 0.490351
    endloop
  endfacet
  facet normal 0 -1 0
    outer loop
      vertex -0.187216 -1.909449 0.588776
      vertex -0.159255 -1.909449 0.533901
      vertex -0.187216 -1.909449 0.710436
    endloop
  endfacet
  facet normal -0.8910065241883683 0 -0.45399049973954597
    outer loop
      vertex -0.187216 -1.909449 0.588776
      vertex -0.159255 -1.555118 0.533901
      vertex -0.159255 -1.909449 0.533901
    endloop
  endfacet
  facet normal -0.9876883405951377 0 -0.15643446504023129
    outer loop
      vertex -0.187216 -1.909449 0.588776
      vertex -0.196850 -1.909449 0.649606
      vertex -0.187216 -1.555118 0.588776
    endloop
  endfacet
  facet normal 0 -1 0
    outer loop
      vertex -0.060830 -1.909449 0.462390
      vertex -0.115706 -1.909449 0.808862
      vertex -0.115706 -1.909449 0.490351
    endloop
  endfacet
  facet normal 0 -1 0
    outer loop
      vertex -0.060830 -1.909449 0.462390
      vertex -0.034449 -1.909449 0.589939
      vertex -0.059667 -1.909449 0.615157
    endloop
  endfacet
  facet normal 0 -1 0
    outer loop
      vertex -0.034449 -1.909449 0.589939
      vertex 0.000000 -1.909449 0.452756
      vertex 0.000000 -1.909449 0.580709
    endloop
  endfacet
  facet normal 0 -1 0
    outer loop
      vertex -0.060830 -1.909449 0.462390
      vertex -0.059667 -1.909449 0.615157
      vertex -0.068898 -1.909449 0.649606
    endloop
  endfacet
  facet normal 0 -1 0
    outer loop
      vertex -0.115706 -1.909449 0.490351
      vertex -0.159255 -1.909449 0.765312
      vertex -0.159255 -1.909449 0.533901
    endloop
  endfacet
  facet normal 0 -1 0
    outer loop
      vertex -0.060830 -1.909449 0.462390
      vertex -0.068898 -1.909449 0.649606
      vertex -0.115706 -1.909449 0.808862
    endloop
  endfacet
  facet normal -0.15643446504023067 0 -0.9876883405951378
    outer loop
      vertex -0.060830 -1.909449 0.462390
      vertex -0.060830 -1.555118 0.462390
      vertex 0.000000 -1.555118 0.452756
    endloop
  endfacet
  facet normal -0.45399049973954725 0 -0.8910065241883676
    outer loop
      vertex -0.115706 -1.909449 0.490351
      vertex -0.115706 -1.555118 0.490351
      vertex -0.060830 -1.555118 0.462390
    endloop
  endfacet
  facet normal -0.707106781186547 0 -0.7071067811865481
    outer loop
      vertex -0.159255 -1.909449 0.533901
      vertex -0.159255 -1.555118 0.533901
      vertex -0.115706 -1.555118 0.490351
    endloop
  endfacet
  facet normal -0.8910065241883683 0 -0.45399049973954597
    outer loop
      vertex -0.187216 -1.909449 0.588776
      vertex -0.187216 -1.555118 0.588776
      vertex -0.159255 -1.555118 0.533901
    endloop
  endfacet
  facet normal -0.9876883405951377 0 -0.15643446504023129
    outer loop
      vertex -0.196850 -1.909449 0.649606
      vertex -0.196850 -1.555118 0.649606
      vertex -0.187216 -1.555118 0.588776
    endloop
  endfacet
  facet normal 0 -1 0
    outer loop
      vertex -0.187216 -1.909449 0.588776
      vertex -0.187216 -1.909449 0.710436
      vertex -0.196850 -1.909449 0.649606
    endloop
  endfacet
  facet normal 0 -1 0
    outer loop
      vertex -0.159255 -1.909449 0.533901
      vertex -0.159255 -1.909449 0.765312
      vertex -0.187216 -1.909449 0.710436
    endloop
  endfacet
  facet normal -0.9876883405951377 0 0.15643446504023129
    outer loop
      vertex -0.196850 -1.909449 0.649606
      vertex -0.187216 -1.909449 0.710436
      vertex -0.196850 -1.555118 0.649606
    endloop
  endfacet
  facet normal -0.8910065241883683 0 0.45399049973954597
    outer loop
      vertex -0.187216 -1.909449 0.710436
      vertex -0.159255 -1.909449 0.765312
      vertex -0.187216 -1.555118 0.710436
    endloop
  endfacet
  facet normal 0 -1 0
    outer loop
      vertex -0.115706 -1.909449 0.490351
      vertex -0.115706 -1.909449 0.808862
      vertex -0.159255 -1.909449 0.765312
    endloop
  endfacet
  facet normal 0 -1 0
    outer loop
      vertex -0.068898 -1.909449 0.649606
      vertex -0.059667 -1.909449 0.684055
      vertex -0.115706 -1.909449 0.808862
    endloop
  endfacet
  facet normal 0 -1 0
    outer loop
      vertex -0.059667 -1.909449 0.684055
      vertex -0.034449 -1.909449 0.709273
      vertex -0.060830 -1.909449 0.836822
    endloop
  endfacet
  facet normal 0 -1 0
    outer loop
      vertex -0.034449 -1.909449 0.709273
      vertex 0.000000 -1.909449 0.718504
      vertex -0.060830 -1.909449 0.836822
    endloop
  endfacet
  facet normal 0 -1 0
    outer loop
      vertex -0.059667 -1.909449 0.684055
      vertex -0.060830 -1.909449 0.836822
      vertex -0.115706 -1.909449 0.808862
    endloop
  endfacet
  facet normal 0 -1 0
    outer loop
      vertex -0.060830 -1.909449 0.836822
      vertex 0.000000 -1.909449 0.718504
      vertex 0.000000 -1.909449 0.846457
    endloop
  endfacet
  facet normal -0.707106781186547 0 0.7071067811865481
    outer loop
      vertex -0.159255 -1.909449 0.765312
      vertex -0.115706 -1.909449 0.808862
      vertex -0.159255 -1.555118 0.765312
    endloop
  endfacet
  facet normal -0.45399049973954725 0 0.8910065241883676
    outer loop
      vertex -0.115706 -1.909449 0.808862
      vertex -0.060830 -1.909449 0.836822
      vertex -0.115706 -1.555118 0.808862
    endloop
  endfacet
  facet normal -0.15643446504023067 0 0.9876883405951378
    outer loop
      vertex -0.060830 -1.909449 0.836822
      vertex 0.000000 -1.909449 0.846457
      vertex -0.060830 -1.555118 0.836822
    endloop
  endfacet
  facet normal -0.9876883405951377 0 0.15643446504023129
    outer loop
      vertex -0.187216 -1.909449 0.710436
      vertex -0.187216 -1.555118 0.710436
      vertex -0.196850 -1.555118 0.649606
    endloop
  endfacet
  facet normal -0.8910065241883683 0 0.45399049973954597
    outer loop
      vertex -0.159255 -1.909449 0.765312
      vertex -0.159255 -1.555118 0.765312
      vertex -0.187216 -1.555118 0.710436
    endloop
  endfacet
  facet normal -0.707106781186547 0 0.7071067811865481
    outer loop
      vertex -0.115706 -1.909449 0.808862
      vertex -0.115706 -1.555118 0.808862
      vertex -0.159255 -1.555118 0.765312
    endloop
  endfacet
  facet normal -0.45399049973954725 0 0.8910065241883676
    outer loop
      vertex -0.060830 -1.909449 0.836822
      vertex -0.060830 -1.555118 0.836822
      vertex -0.115706 -1.555118 0.808862
    endloop
  endfacet
  facet normal -0.15643446504023067 0 0.9876883405951378
    outer loop
      vertex -0.060830 -1.555118 0.836822
      vertex 0.000000 -1.909449 0.846457
      vertex 0.000000 -1.555118 0.846457
    endloop
  endfacet
  facet normal 0 -1 0
    outer loop
      vertex 0.000000 -1.909449 0.452756
      vertex 0.060830 -1.909449 0.462390
      vertex 0.000000 -1.909449 0.580709
    endloop
  endfacet
  facet normal 0 -1 0
    outer loop
      vertex 0.060830 -1.909449 0.462390
      vertex 0.115706 -1.909449 0.490351
      vertex 0.059667 -1.909449 0.615157
    endloop
  endfacet
  facet normal 0.15643446504023067 0 -0.9876883405951378
    outer loop
      vertex 0.000000 -1.909449 0.452756
      vertex 0.060830 -1.555118 0.462390
      vertex 0.060830 -1.909449 0.462390
    endloop
  endfacet
  facet normal 0.45399049973954725 0 -0.8910065241883676
    outer loop
      vertex 0.060830 -1.909449 0.462390
      vertex 0.115706 -1.555118 0.490351
      vertex 0.115706 -1.909449 0.490351
    endloop
  endfacet
  facet normal 0.707106781186547 0 -0.7071067811865481
    outer loop
      vertex 0.115706 -1.909449 0.490351
      vertex 0.159255 -1.555118 0.533901
      vertex 0.159255 -1.909449 0.533901
    endloop
  endfacet
  facet normal 0 -1 0
    outer loop
      vertex 0.060830 -1.909449 0.462390
      vertex 0.034449 -1.909449 0.589939
      vertex 0.000000 -1.909449 0.580709
    endloop
  endfacet
  facet normal 0 -1 0
    outer loop
      vertex 0.060830 -1.909449 0.462390
      vertex 0.059667 -1.909449 0.615157
      vertex 0.034449 -1.909449 0.589939
    endloop
  endfacet
  facet normal 0 -1 0
    outer loop
      vertex 0.115706 -1.909449 0.490351
      vertex 0.068898 -1.909449 0.649606
      vertex 0.059667 -1.909449 0.615157
    endloop
  endfacet
  facet normal 0 -1 0
    outer loop
      vertex 0.115706 -1.909449 0.490351
      vertex 0.159255 -1.909449 0.533901
      vertex 0.115706 -1.909449 0.808862
    endloop
  endfacet
  facet normal 0 -1 0
    outer loop
      vertex 0.159255 -1.909449 0.533901
      vertex 0.187216 -1.909449 0.588776
      vertex 0.159255 -1.909449 0.765312
    endloop
  endfacet
  facet normal 0.8910065241883683 0 -0.45399049973954597
    outer loop
      vertex 0.159255 -1.909449 0.533901
      vertex 0.187216 -1.555118 0.588776
      vertex 0.187216 -1.909449 0.588776
    endloop
  endfacet
  facet normal 0.9876883405951377 0 -0.15643446504023129
    outer loop
      vertex 0.187216 -1.909449 0.588776
      vertex 0.196850 -1.555118 0.649606
      vertex 0.196850 -1.909449 0.649606
    endloop
  endfacet
  facet normal 0.15643446504023067 0 -0.9876883405951378
    outer loop
      vertex 0.000000 -1.909449 0.452756
      vertex 0.000000 -1.555118 0.452756
      vertex 0.060830 -1.555118 0.462390
    endloop
  endfacet
  facet normal 0.45399049973954725 0 -0.8910065241883676
    outer loop
      vertex 0.060830 -1.909449 0.462390
      vertex 0.060830 -1.555118 0.462390
      vertex 0.115706 -1.555118 0.490351
    endloop
  endfacet
  facet normal 0.707106781186547 0 -0.7071067811865481
    outer loop
      vertex 0.115706 -1.909449 0.490351
      vertex 0.115706 -1.555118 0.490351
      vertex 0.159255 -1.555118 0.533901
    endloop
  endfacet
  facet normal 0.8910065241883683 0 -0.45399049973954597
    outer loop
      vertex 0.159255 -1.909449 0.533901
      vertex 0.159255 -1.555118 0.533901
      vertex 0.187216 -1.555118 0.588776
    endloop
  endfacet
  facet normal 0.9876883405951377 0 -0.15643446504023129
    outer loop
      vertex 0.187216 -1.909449 0.588776
      vertex 0.187216 -1.555118 0.588776
      vertex 0.196850 -1.555118 0.649606
    endloop
  endfacet
  facet normal 0 -1 0
    outer loop
      vertex 0.115706 -1.909449 0.490351
      vertex 0.060830 -1.909449 0.836822
      vertex 0.068898 -1.909449 0.649606
    endloop
  endfacet
  facet normal 0 -1 0
    outer loop
      vertex 0.068898 -1.909449 0.649606
      vertex 0.060830 -1.909449 0.836822
      vertex 0.059667 -1.909449 0.684055
    endloop
  endfacet
  facet normal 0 -1 0
    outer loop
      vertex 0.059667 -1.909449 0.684055
      vertex 0.060830 -1.909449 0.836822
      vertex 0.034449 -1.909449 0.709273
    endloop
  endfacet
  facet normal 0 -1 0
    outer loop
      vertex 0.115706 -1.909449 0.490351
      vertex 0.115706 -1.909449 0.808862
      vertex 0.060830 -1.909449 0.836822
    endloop
  endfacet
  facet normal 0 -1 0
    outer loop
      vertex 0.159255 -1.909449 0.533901
      vertex 0.159255 -1.909449 0.765312
      vertex 0.115706 -1.909449 0.808862
    endloop
  endfacet
  facet normal 0 -1 0
    outer loop
      vertex 0.187216 -1.909449 0.588776
      vertex 0.196850 -1.909449 0.649606
      vertex 0.187216 -1.909449 0.710436
    endloop
  endfacet
  facet normal 0 -1 0
    outer loop
      vertex 0.187216 -1.909449 0.588776
      vertex 0.187216 -1.909449 0.710436
      vertex 0.159255 -1.909449 0.765312
    endloop
  endfacet
  facet normal 0.9876883405951377 0 0.15643446504023129
    outer loop
      vertex 0.196850 -1.909449 0.649606
      vertex 0.187216 -1.555118 0.710436
      vertex 0.187216 -1.909449 0.710436
    endloop
  endfacet
  facet normal 0.8910065241883683 0 0.45399049973954597
    outer loop
      vertex 0.187216 -1.909449 0.710436
      vertex 0.159255 -1.555118 0.765312
      vertex 0.159255 -1.909449 0.765312
    endloop
  endfacet
  facet normal 0 -1 0
    outer loop
      vertex 0.000000 -1.909449 0.718504
      vertex 0.034449 -1.909449 0.709273
      vertex 0.000000 -1.909449 0.846457
    endloop
  endfacet
  facet normal 0 -1 0
    outer loop
      vertex 0.034449 -1.909449 0.709273
      vertex 0.060830 -1.909449 0.836822
      vertex 0.000000 -1.909449 0.846457
    endloop
  endfacet
  facet normal 0.707106781186547 0 0.7071067811865481
    outer loop
      vertex 0.159255 -1.909449 0.765312
      vertex 0.115706 -1.555118 0.808862
      vertex 0.115706 -1.909449 0.808862
    endloop
  endfacet
  facet normal 0.45399049973954725 0 0.8910065241883676
    outer loop
      vertex 0.060830 -1.909449 0.836822
      vertex 0.115706 -1.909449 0.808862
      vertex 0.060830 -1.555118 0.836822
    endloop
  endfacet
  facet normal 0.15643446504023067 0 0.9876883405951378
    outer loop
      vertex 0.000000 -1.909449 0.846457
      vertex 0.060830 -1.909449 0.836822
      vertex 0.000000 -1.555118 0.846457
    endloop
  endfacet
  facet normal 0.9876883405951377 0 0.15643446504023129
    outer loop
      vertex 0.196850 -1.909449 0.649606
      vertex 0.196850 -1.555118 0.649606
      vertex 0.187216 -1.555118 0.710436
    endloop
  endfacet
  facet normal 0.8910065241883683 0 0.45399049973954597
    outer loop
      vertex 0.187216 -1.909449 0.710436
      vertex 0.187216 -1.555118 0.710436
      vertex 0.159255 -1.555118 0.765312
    endloop
  endfacet
  facet normal 0.707106781186547 0 0.7071067811865481
    outer loop
      vertex 0.159255 -1.909449 0.765312
      vertex 0.159255 -1.555118 0.765312
      vertex 0.115706 -1.555118 0.808862
    endloop
  endfacet
  facet normal 0.15643446504023067 0 0.9876883405951378
    outer loop
      vertex 0.060830 -1.909449 0.836822
      vertex 0.060830 -1.555118 0.836822
      vertex 0.000000 -1.555118 0.846457
    endloop
  endfacet
  facet normal 0.45399049973954725 0 0.8910065241883676
    outer loop
      vertex 0.115706 -1.909449 0.808862
      vertex 0.115706 -1.555118 0.808862
      vertex 0.060830 -1.555118 0.836822
    endloop
  endfacet
  facet normal -0.4539904997395466 0 -0.891006524188368
    outer loop
      vertex -0.161988 -1.555118 0.426649
      vertex -0.161988 -1.476378 0.426649
      vertex -0.085162 -1.555118 0.387504
    endloop
  endfacet
  facet normal 0 -1 0
    outer loop
      vertex -0.161988 -1.555118 0.426649
      vertex -0.085162 -1.555118 0.387504
      vertex -0.060830 -1.555118 0.462390
    endloop
  endfacet
  facet normal -0.4539904997395466 0 -0.891006524188368
    outer loop
      vertex -0.161988 -1.476378 0.426649
      vertex -0.085162 -1.476378 0.387504
      vertex -0.085162 -1.555118 0.387504
    endloop
  endfacet
  facet normal -0.15643446504023065 0 -0.9876883405951377
    outer loop
      vertex -0.085162 -1.555118 0.387504
      vertex -0.085162 -1.476378 0.387504
      vertex 0.000000 -1.555118 0.374016
    endloop
  endfacet
  facet normal 0 -1 0
    outer loop
      vertex -0.085162 -1.555118 0.387504
      vertex 0.000000 -1.555118 0.374016
      vertex 0.000000 -1.555118 0.452756
    endloop
  endfacet
  facet normal -0.15643446504023065 0 -0.9876883405951377
    outer loop
      vertex -0.085162 -1.476378 0.387504
      vertex 0.000000 -1.476378 0.374016
      vertex 0.000000 -1.555118 0.374016
    endloop
  endfacet
  facet normal -0.7071067811865477 0 -0.7071067811865474
    outer loop
      vertex -0.161988 -1.555118 0.426649
      vertex -0.222957 -1.555118 0.487618
      vertex -0.161988 -1.476378 0.426649
    endloop
  endfacet
  facet normal -0.7071067811865477 0 -0.7071067811865474
    outer loop
      vertex -0.161988 -1.476378 0.426649
      vertex -0.222957 -1.555118 0.487618
      vertex -0.222957 -1.476378 0.487618
    endloop
  endfacet
  facet normal -0.891006524188368 0 -0.45399049973954647
    outer loop
      vertex -0.222957 -1.555118 0.487618
      vertex -0.262102 -1.555118 0.564444
      vertex -0.222957 -1.476378 0.487618
    endloop
  endfacet
  facet normal 0 -1 0
    outer loop
      vertex -0.161988 -1.555118 0.426649
      vertex -0.159255 -1.555118 0.533901
      vertex -0.187216 -1.555118 0.588776
    endloop
  endfacet
  facet normal 0 -1 0
    outer loop
      vertex -0.161988 -1.555118 0.426649
      vertex -0.060830 -1.555118 0.462390
      vertex -0.115706 -1.555118 0.490351
    endloop
  endfacet
  facet normal 0 -1 0
    outer loop
      vertex -0.085162 -1.555118 0.387504
      vertex 0.000000 -1.555118 0.452756
      vertex -0.060830 -1.555118 0.462390
    endloop
  endfacet
  facet normal 0 1 0
    outer loop
      vertex -0.085162 -1.476378 0.387504
      vertex 0.000000 -1.476378 0.580709
      vertex 0.000000 -1.476378 0.374016
    endloop
  endfacet
  facet normal 0 -1 0
    outer loop
      vertex -0.161988 -1.555118 0.426649
      vertex -0.115706 -1.555118 0.490351
      vertex -0.159255 -1.555118 0.533901
    endloop
  endfacet
  facet normal 0 1 0
    outer loop
      vertex -0.085162 -1.476378 0.387504
      vertex -0.059667 -1.476378 0.615157
      vertex -0.034449 -1.476378 0.589939
    endloop
  endfacet
  facet normal 0 1 0
    outer loop
      vertex -0.085162 -1.476378 0.387504
      vertex -0.034449 -1.476378 0.589939
      vertex 0.000000 -1.476378 0.580709
    endloop
  endfacet
  facet normal -0.891006524188368 0 -0.45399049973954647
    outer loop
      vertex -0.222957 -1.476378 0.487618
      vertex -0.262102 -1.555118 0.564444
      vertex -0.262102 -1.476378 0.564444
    endloop
  endfacet
  facet normal 0 -1 0
    outer loop
      vertex -0.161988 -1.555118 0.426649
      vertex -0.222957 -1.555118 0.811594
      vertex -0.222957 -1.555118 0.487618
    endloop
  endfacet
  facet normal 0 -1 0
    outer loop
      vertex -0.222957 -1.555118 0.487618
      vertex -0.262102 -1.555118 0.734768
      vertex -0.262102 -1.555118 0.564444
    endloop
  endfacet
  facet normal -0.9876883405951377 0 -0.1564344650402311
    outer loop
      vertex -0.262102 -1.555118 0.564444
      vertex -0.275591 -1.555118 0.649606
      vertex -0.262102 -1.476378 0.564444
    endloop
  endfacet
  facet normal -0.9876883405951377 0 -0.1564344650402311
    outer loop
      vertex -0.262102 -1.476378 0.564444
      vertex -0.275591 -1.555118 0.649606
      vertex -0.275591 -1.476378 0.649606
    endloop
  endfacet
  facet normal 0 -1 0
    outer loop
      vertex -0.161988 -1.555118 0.426649
      vertex -0.187216 -1.555118 0.588776
      vertex -0.222957 -1.555118 0.811594
    endloop
  endfacet
  facet normal 0 1 0
    outer loop
      vertex -0.161988 -1.476378 0.426649
      vertex -0.222957 -1.476378 0.487618
      vertex -0.161988 -1.476378 0.872564
    endloop
  endfacet
  facet normal 0 1 0
    outer loop
      vertex -0.222957 -1.476378 0.487618
      vertex -0.262102 -1.476378 0.564444
      vertex -0.222957 -1.476378 0.811594
    endloop
  endfacet
  facet normal 0 1 0
    outer loop
      vertex -0.161988 -1.476378 0.426649
      vertex -0.085162 -1.476378 0.911708
      vertex -0.085162 -1.476378 0.387504
    endloop
  endfacet
  facet normal 0 1 0
    outer loop
      vertex -0.085162 -1.476378 0.387504
      vertex -0.068898 -1.476378 0.649606
      vertex -0.059667 -1.476378 0.615157
    endloop
  endfacet
  facet normal 0 -1 0
    outer loop
      vertex -0.262102 -1.555118 0.564444
      vertex -0.262102 -1.555118 0.734768
      vertex -0.275591 -1.555118 0.649606
    endloop
  endfacet
  facet normal -0.9876883405951377 0 0.15643446504023098
    outer loop
      vertex -0.275591 -1.555118 0.649606
      vertex -0.262102 -1.555118 0.734768
      vertex -0.275591 -1.476378 0.649606
    endloop
  endfacet
  facet normal 0 1 0
    outer loop
      vertex -0.262102 -1.476378 0.564444
      vertex -0.275591 -1.476378 0.649606
      vertex -0.262102 -1.476378 0.734768
    endloop
  endfacet
  facet normal 0 -1 0
    outer loop
      vertex -0.222957 -1.555118 0.487618
      vertex -0.222957 -1.555118 0.811594
      vertex -0.262102 -1.555118 0.734768
    endloop
  endfacet
  facet normal 0 -1 0
    outer loop
      vertex -0.187216 -1.555118 0.588776
      vertex -0.196850 -1.555118 0.649606
      vertex -0.222957 -1.555118 0.811594
    endloop
  endfacet
  facet normal -0.9876883405951377 0 0.15643446504023098
    outer loop
      vertex -0.275591 -1.476378 0.649606
      vertex -0.262102 -1.555118 0.734768
      vertex -0.262102 -1.476378 0.734768
    endloop
  endfacet
  facet normal 0 1 0
    outer loop
      vertex -0.262102 -1.476378 0.564444
      vertex -0.262102 -1.476378 0.734768
      vertex -0.222957 -1.476378 0.811594
    endloop
  endfacet
  facet normal 0 -1 0
    outer loop
      vertex -0.196850 -1.555118 0.649606
      vertex -0.187216 -1.555118 0.710436
      vertex -0.222957 -1.555118 0.811594
    endloop
  endfacet
  facet normal 0 1 0
    outer loop
      vertex -0.222957 -1.476378 0.487618
      vertex -0.222957 -1.476378 0.811594
      vertex -0.161988 -1.476378 0.872564
    endloop
  endfacet
  facet normal 0 1 0
    outer loop
      vertex -0.085162 -1.476378 0.387504
      vertex -0.085162 -1.476378 0.911708
      vertex -0.068898 -1.476378 0.649606
    endloop
  endfacet
  facet normal 0 1 0
    outer loop
      vertex -0.161988 -1.476378 0.426649
      vertex -0.161988 -1.476378 0.872564
      vertex -0.085162 -1.476378 0.911708
    endloop
  endfacet
  facet normal -0.8910065241883677 0 0.45399049973954714
    outer loop
      vertex -0.262102 -1.555118 0.734768
      vertex -0.222957 -1.555118 0.811594
      vertex -0.262102 -1.476378 0.734768
    endloop
  endfacet
  facet normal 0 -1 0
    outer loop
      vertex -0.187216 -1.555118 0.710436
      vertex -0.159255 -1.555118 0.765312
      vertex -0.161988 -1.555118 0.872564
    endloop
  endfacet
  facet normal 0 -1 0
    outer loop
      vertex -0.187216 -1.555118 0.710436
      vertex -0.161988 -1.555118 0.872564
      vertex -0.222957 -1.555118 0.811594
    endloop
  endfacet
  facet normal -0.8910065241883677 0 0.45399049973954714
    outer loop
      vertex -0.262102 -1.476378 0.734768
      vertex -0.222957 -1.555118 0.811594
      vertex -0.222957 -1.476378 0.811594
    endloop
  endfacet
  facet normal -0.7071067811865481 0 0.7071067811865469
    outer loop
      vertex -0.222957 -1.555118 0.811594
      vertex -0.161988 -1.555118 0.872564
      vertex -0.222957 -1.476378 0.811594
    endloop
  endfacet
  facet normal -0.7071067811865481 0 0.7071067811865469
    outer loop
      vertex -0.222957 -1.476378 0.811594
      vertex -0.161988 -1.555118 0.872564
      vertex -0.161988 -1.476378 0.872564
    endloop
  endfacet
  facet normal 0 1 0
    outer loop
      vertex -0.068898 -1.476378 0.649606
      vertex -0.085162 -1.476378 0.911708
      vertex -0.059667 -1.476378 0.684055
    endloop
  endfacet
  facet normal 0 1 0
    outer loop
      vertex -0.059667 -1.476378 0.684055
      vertex -0.085162 -1.476378 0.911708
      vertex -0.034449 -1.476378 0.709273
    endloop
  endfacet
  facet normal 0 1 0
    outer loop
      vertex -0.034449 -1.476378 0.709273
      vertex 0.000000 -1.476378 0.925197
      vertex 0.000000 -1.476378 0.718504
    endloop
  endfacet
  facet normal 0 -1 0
    outer loop
      vertex -0.159255 -1.555118 0.765312
      vertex -0.115706 -1.555118 0.808862
      vertex -0.161988 -1.555118 0.872564
    endloop
  endfacet
  facet normal 0 -1 0
    outer loop
      vertex -0.115706 -1.555118 0.808862
      vertex -0.060830 -1.555118 0.836822
      vertex -0.085162 -1.555118 0.911708
    endloop
  endfacet
  facet normal 0 1 0
    outer loop
      vertex -0.034449 -1.476378 0.709273
      vertex -0.085162 -1.476378 0.911708
      vertex 0.000000 -1.476378 0.925197
    endloop
  endfacet
  facet normal 0 -1 0
    outer loop
      vertex -0.115706 -1.555118 0.808862
      vertex -0.085162 -1.555118 0.911708
      vertex -0.161988 -1.555118 0.872564
    endloop
  endfacet
  facet normal -0.4539904997395466 0 0.891006524188368
    outer loop
      vertex -0.161988 -1.555118 0.872564
      vertex -0.085162 -1.555118 0.911708
      vertex -0.085162 -1.476378 0.911708
    endloop
  endfacet
  facet normal -0.4539904997395466 0 0.891006524188368
    outer loop
      vertex -0.161988 -1.555118 0.872564
      vertex -0.085162 -1.476378 0.911708
      vertex -0.161988 -1.476378 0.872564
    endloop
  endfacet
  facet normal 0 -1 0
    outer loop
      vertex -0.060830 -1.555118 0.836822
      vertex 0.000000 -1.555118 0.846457
      vertex 0.000000 -1.555118 0.925197
    endloop
  endfacet
  facet normal 0 -1 0
    outer loop
      vertex -0.060830 -1.555118 0.836822
      vertex 0.000000 -1.555118 0.925197
      vertex -0.085162 -1.555118 0.911708
    endloop
  endfacet
  facet normal -0.15643446504023065 0 0.9876883405951377
    outer loop
      vertex -0.085162 -1.555118 0.911708
      vertex 0.000000 -1.555118 0.925197
      vertex 0.000000 -1.476378 0.925197
    endloop
  endfacet
  facet normal -0.15643446504023065 0 0.9876883405951377
    outer loop
      vertex -0.085162 -1.555118 0.911708
      vertex 0.000000 -1.476378 0.925197
      vertex -0.085162 -1.476378 0.911708
    endloop
  endfacet
  facet normal 0.15643446504023065 0 -0.9876883405951377
    outer loop
      vertex 0.000000 -1.555118 0.374016
      vertex 0.000000 -1.476378 0.374016
      vertex 0.085162 -1.555118 0.387504
    endloop
  endfacet
  facet normal 0 -1 0
    outer loop
      vertex 0.000000 -1.555118 0.374016
      vertex 0.085162 -1.555118 0.387504
      vertex 0.060830 -1.555118 0.462390
    endloop
  endfacet
  facet normal 0.15643446504023065 0 -0.9876883405951377
    outer loop
      vertex 0.000000 -1.476378 0.374016
      vertex 0.085162 -1.476378 0.387504
      vertex 0.085162 -1.555118 0.387504
    endloop
  endfacet
  facet normal 0.4539904997395466 0 -0.891006524188368
    outer loop
      vertex 0.085162 -1.555118 0.387504
      vertex 0.085162 -1.476378 0.387504
      vertex 0.161988 -1.555118 0.426649
    endloop
  endfacet
  facet normal 0.4539904997395466 0 -0.891006524188368
    outer loop
      vertex 0.085162 -1.476378 0.387504
      vertex 0.161988 -1.476378 0.426649
      vertex 0.161988 -1.555118 0.426649
    endloop
  endfacet
  facet normal 0 -1 0
    outer loop
      vertex 0.000000 -1.555118 0.374016
      vertex 0.060830 -1.555118 0.462390
      vertex 0.000000 -1.555118 0.452756
    endloop
  endfacet
  facet normal 0 1 0
    outer loop
      vertex 0.000000 -1.476378 0.374016
      vertex 0.034449 -1.476378 0.589939
      vertex 0.085162 -1.476378 0.387504
    endloop
  endfacet
  facet normal 0 -1 0
    outer loop
      vertex 0.085162 -1.555118 0.387504
      vertex 0.115706 -1.555118 0.490351
      vertex 0.060830 -1.555118 0.462390
    endloop
  endfacet
  facet normal 0 -1 0
    outer loop
      vertex 0.085162 -1.555118 0.387504
      vertex 0.161988 -1.555118 0.426649
      vertex 0.115706 -1.555118 0.490351
    endloop
  endfacet
  facet normal 0 1 0
    outer loop
      vertex 0.000000 -1.476378 0.374016
      vertex 0.000000 -1.476378 0.580709
      vertex 0.034449 -1.476378 0.589939
    endloop
  endfacet
  facet normal 0 1 0
    outer loop
      vertex 0.085162 -1.476378 0.387504
      vertex 0.034449 -1.476378 0.589939
      vertex 0.059667 -1.476378 0.615157
    endloop
  endfacet
  facet normal 0 -1 0
    outer loop
      vertex 0.161988 -1.555118 0.426649
      vertex 0.159255 -1.555118 0.533901
      vertex 0.115706 -1.555118 0.490351
    endloop
  endfacet
  facet normal 0.7071067811865477 0 -0.7071067811865474
    outer loop
      vertex 0.161988 -1.555118 0.426649
      vertex 0.222957 -1.476378 0.487618
      vertex 0.222957 -1.555118 0.487618
    endloop
  endfacet
  facet normal 0.7071067811865477 0 -0.7071067811865474
    outer loop
      vertex 0.161988 -1.555118 0.426649
      vertex 0.161988 -1.476378 0.426649
      vertex 0.222957 -1.476378 0.487618
    endloop
  endfacet
  facet normal 0 -1 0
    outer loop
      vertex 0.161988 -1.555118 0.426649
      vertex 0.222957 -1.555118 0.487618
      vertex 0.187216 -1.555118 0.588776
    endloop
  endfacet
  facet normal 0 -1 0
    outer loop
      vertex 0.161988 -1.555118 0.426649
      vertex 0.187216 -1.555118 0.588776
      vertex 0.159255 -1.555118 0.533901
    endloop
  endfacet
  facet normal 0.891006524188368 0 -0.45399049973954647
    outer loop
      vertex 0.222957 -1.555118 0.487618
      vertex 0.222957 -1.476378 0.487618
      vertex 0.262102 -1.476378 0.564444
    endloop
  endfacet
  facet normal 0 1 0
    outer loop
      vertex 0.085162 -1.476378 0.387504
      vertex 0.059667 -1.476378 0.615157
      vertex 0.068898 -1.476378 0.649606
    endloop
  endfacet
  facet normal 0 1 0
    outer loop
      vertex 0.085162 -1.476378 0.387504
      vertex 0.161988 -1.476378 0.872564
      vertex 0.161988 -1.476378 0.426649
    endloop
  endfacet
  facet normal 0 -1 0
    outer loop
      vertex 0.222957 -1.555118 0.487618
      vertex 0.196850 -1.555118 0.649606
      vertex 0.187216 -1.555118 0.588776
    endloop
  endfacet
  facet normal 0 1 0
    outer loop
      vertex 0.161988 -1.476378 0.426649
      vertex 0.222957 -1.476378 0.811594
      vertex 0.222957 -1.476378 0.487618
    endloop
  endfacet
  facet normal 0.891006524188368 0 -0.45399049973954647
    outer loop
      vertex 0.222957 -1.555118 0.487618
      vertex 0.262102 -1.476378 0.564444
      vertex 0.262102 -1.555118 0.564444
    endloop
  endfacet
  facet normal 0 -1 0
    outer loop
      vertex 0.222957 -1.555118 0.487618
      vertex 0.187216 -1.555118 0.710436
      vertex 0.196850 -1.555118 0.649606
    endloop
  endfacet
  facet normal 0 -1 0
    outer loop
      vertex 0.222957 -1.555118 0.487618
      vertex 0.262102 -1.555118 0.564444
      vertex 0.222957 -1.555118 0.811594
    endloop
  endfacet
  facet normal 0.9876883405951377 0 -0.1564344650402311
    outer loop
      vertex 0.262102 -1.555118 0.564444
      vertex 0.275591 -1.476378 0.649606
      vertex 0.275591 -1.555118 0.649606
    endloop
  endfacet
  facet normal 0.9876883405951377 0 -0.1564344650402311
    outer loop
      vertex 0.262102 -1.555118 0.564444
      vertex 0.262102 -1.476378 0.564444
      vertex 0.275591 -1.476378 0.649606
    endloop
  endfacet
  facet normal 0 1 0
    outer loop
      vertex 0.222957 -1.476378 0.487618
      vertex 0.262102 -1.476378 0.734768
      vertex 0.262102 -1.476378 0.564444
    endloop
  endfacet
  facet normal 0 1 0
    outer loop
      vertex 0.085162 -1.476378 0.387504
      vertex 0.068898 -1.476378 0.649606
      vertex 0.085162 -1.476378 0.911708
    endloop
  endfacet
  facet normal 0 1 0
    outer loop
      vertex 0.085162 -1.476378 0.387504
      vertex 0.085162 -1.476378 0.911708
      vertex 0.161988 -1.476378 0.872564
    endloop
  endfacet
  facet normal 0 -1 0
    outer loop
      vertex 0.222957 -1.555118 0.487618
      vertex 0.161988 -1.555118 0.872564
      vertex 0.187216 -1.555118 0.710436
    endloop
  endfacet
  facet normal 0 1 0
    outer loop
      vertex 0.222957 -1.476378 0.487618
      vertex 0.222957 -1.476378 0.811594
      vertex 0.262102 -1.476378 0.734768
    endloop
  endfacet
  facet normal 0 -1 0
    outer loop
      vertex 0.262102 -1.555118 0.564444
      vertex 0.275591 -1.555118 0.649606
      vertex 0.262102 -1.555118 0.734768
    endloop
  endfacet
  facet normal 0 1 0
    outer loop
      vertex 0.262102 -1.476378 0.564444
      vertex 0.262102 -1.476378 0.734768
      vertex 0.275591 -1.476378 0.649606
    endloop
  endfacet
  facet normal 0.9876883405951377 0 0.15643446504023098
    outer loop
      vertex 0.275591 -1.555118 0.649606
      vertex 0.275591 -1.476378 0.649606
      vertex 0.262102 -1.476378 0.734768
    endloop
  endfacet
  facet normal 0 -1 0
    outer loop
      vertex 0.222957 -1.555118 0.487618
      vertex 0.222957 -1.555118 0.811594
      vertex 0.161988 -1.555118 0.872564
    endloop
  endfacet
  facet normal 0 1 0
    outer loop
      vertex 0.161988 -1.476378 0.426649
      vertex 0.161988 -1.476378 0.872564
      vertex 0.222957 -1.476378 0.811594
    endloop
  endfacet
  facet normal 0 -1 0
    outer loop
      vertex 0.262102 -1.555118 0.564444
      vertex 0.262102 -1.555118 0.734768
      vertex 0.222957 -1.555118 0.811594
    endloop
  endfacet
  facet normal 0.9876883405951377 0 0.15643446504023098
    outer loop
      vertex 0.275591 -1.555118 0.649606
      vertex 0.262102 -1.476378 0.734768
      vertex 0.262102 -1.555118 0.734768
    endloop
  endfacet
  facet normal 0 1 0
    outer loop
      vertex 0.068898 -1.476378 0.649606
      vertex 0.059667 -1.476378 0.684055
      vertex 0.085162 -1.476378 0.911708
    endloop
  endfacet
  facet normal 0 1 0
    outer loop
      vertex 0.059667 -1.476378 0.684055
      vertex 0.034449 -1.476378 0.709273
      vertex 0.085162 -1.476378 0.911708
    endloop
  endfacet
  facet normal 0 1 0
    outer loop
      vertex 0.000000 -1.476378 0.718504
      vertex 0.085162 -1.476378 0.911708
      vertex 0.034449 -1.476378 0.709273
    endloop
  endfacet
  facet normal 0 1 0
    outer loop
      vertex 0.000000 -1.476378 0.718504
      vertex 0.000000 -1.476378 0.925197
      vertex 0.085162 -1.476378 0.911708
    endloop
  endfacet
  facet normal 0 -1 0
    outer loop
      vertex 0.159255 -1.555118 0.765312
      vertex 0.161988 -1.555118 0.872564
      vertex 0.115706 -1.555118 0.808862
    endloop
  endfacet
  facet normal 0 -1 0
    outer loop
      vertex 0.060830 -1.555118 0.836822
      vertex 0.115706 -1.555118 0.808862
      vertex 0.161988 -1.555118 0.872564
    endloop
  endfacet
  facet normal 0 -1 0
    outer loop
      vertex 0.187216 -1.555118 0.710436
      vertex 0.161988 -1.555118 0.872564
      vertex 0.159255 -1.555118 0.765312
    endloop
  endfacet
  facet normal 0.8910065241883677 0 0.45399049973954714
    outer loop
      vertex 0.262102 -1.555118 0.734768
      vertex 0.222957 -1.476378 0.811594
      vertex 0.222957 -1.555118 0.811594
    endloop
  endfacet
  facet normal 0.8910065241883677 0 0.45399049973954714
    outer loop
      vertex 0.262102 -1.555118 0.734768
      vertex 0.262102 -1.476378 0.734768
      vertex 0.222957 -1.476378 0.811594
    endloop
  endfacet
  facet normal 0.7071067811865481 0 0.7071067811865469
    outer loop
      vertex 0.222957 -1.555118 0.811594
      vertex 0.161988 -1.476378 0.872564
      vertex 0.161988 -1.555118 0.872564
    endloop
  endfacet
  facet normal 0.7071067811865481 0 0.7071067811865469
    outer loop
      vertex 0.222957 -1.555118 0.811594
      vertex 0.222957 -1.476378 0.811594
      vertex 0.161988 -1.476378 0.872564
    endloop
  endfacet
  facet normal 0 -1 0
    outer loop
      vertex 0.000000 -1.555118 0.846457
      vertex 0.060830 -1.555118 0.836822
      vertex 0.085162 -1.555118 0.911708
    endloop
  endfacet
  facet normal 0 -1 0
    outer loop
      vertex 0.000000 -1.555118 0.846457
      vertex 0.085162 -1.555118 0.911708
      vertex 0.000000 -1.555118 0.925197
    endloop
  endfacet
  facet normal 0 -1 0
    outer loop
      vertex 0.060830 -1.555118 0.836822
      vertex 0.161988 -1.555118 0.872564
      vertex 0.085162 -1.555118 0.911708
    endloop
  endfacet
  facet normal 0.4539904997395466 0 0.891006524188368
    outer loop
      vertex 0.085162 -1.555118 0.911708
      vertex 0.161988 -1.555118 0.872564
      vertex 0.161988 -1.476378 0.872564
    endloop
  endfacet
  facet normal 0.4539904997395466 0 0.891006524188368
    outer loop
      vertex 0.085162 -1.555118 0.911708
      vertex 0.161988 -1.476378 0.872564
      vertex 0.085162 -1.476378 0.911708
    endloop
  endfacet
  facet normal 0.15643446504023065 0 0.9876883405951377
    outer loop
      vertex 0.000000 -1.555118 0.925197
      vertex 0.085162 -1.555118 0.911708
      vertex 0.085162 -1.476378 0.911708
    endloop
  endfacet
  facet normal 0.15643446504023065 0 0.9876883405951377
    outer loop
      vertex 0.000000 -1.555118 0.925197
      vertex 0.085162 -1.476378 0.911708
      vertex 0.000000 -1.476378 0.925197
    endloop
  endfacet
  facet normal -0.25881904510252013 0 -0.9659258262890685
    outer loop
      vertex -0.034449 -1.948819 0.589939
      vertex -0.034449 -1.909449 0.589939
      vertex 0.000000 -1.948819 0.580709
    endloop
  endfacet
  facet normal -0.25881904510252013 0 -0.9659258262890685
    outer loop
      vertex -0.034449 -1.909449 0.589939
      vertex 0.000000 -1.909449 0.580709
      vertex 0.000000 -1.948819 0.580709
    endloop
  endfacet
  facet normal -0.7071067811865479 0 -0.7071067811865471
    outer loop
      vertex -0.034449 -1.948819 0.589939
      vertex -0.059667 -1.948819 0.615157
      vertex -0.059667 -1.909449 0.615157
    endloop
  endfacet
  facet normal -0.7071067811865479 0 -0.7071067811865471
    outer loop
      vertex -0.034449 -1.948819 0.589939
      vertex -0.059667 -1.909449 0.615157
      vertex -0.034449 -1.909449 0.589939
    endloop
  endfacet
  facet normal -0.9659258262890682 0 -0.2588190451025208
    outer loop
      vertex -0.059667 -1.948819 0.615157
      vertex -0.068898 -1.948819 0.649606
      vertex -0.068898 -1.909449 0.649606
    endloop
  endfacet
  facet normal 0 -1 0
    outer loop
      vertex -0.034449 -1.948819 0.589939
      vertex -0.059667 -1.948819 0.684055
      vertex -0.059667 -1.948819 0.615157
    endloop
  endfacet
  facet normal -0.9659258262890682 0 -0.2588190451025208
    outer loop
      vertex -0.059667 -1.948819 0.615157
      vertex -0.068898 -1.909449 0.649606
      vertex -0.059667 -1.909449 0.615157
    endloop
  endfacet
  facet normal 0 -1 0
    outer loop
      vertex -0.034449 -1.948819 0.589939
      vertex 0.000000 -1.948819 0.580709
      vertex -0.034449 -1.948819 0.709273
    endloop
  endfacet
  facet normal 0 -1 0
    outer loop
      vertex -0.059667 -1.948819 0.615157
      vertex -0.059667 -1.948819 0.684055
      vertex -0.068898 -1.948819 0.649606
    endloop
  endfacet
  facet normal 0 -1 0
    outer loop
      vertex -0.034449 -1.948819 0.589939
      vertex -0.034449 -1.948819 0.709273
      vertex -0.059667 -1.948819 0.684055
    endloop
  endfacet
  facet normal -0.9659258262890682 0 0.2588190451025208
    outer loop
      vertex -0.068898 -1.948819 0.649606
      vertex -0.059667 -1.909449 0.684055
      vertex -0.068898 -1.909449 0.649606
    endloop
  endfacet
  facet normal -0.9659258262890682 0 0.2588190451025208
    outer loop
      vertex -0.068898 -1.948819 0.649606
      vertex -0.059667 -1.948819 0.684055
      vertex -0.059667 -1.909449 0.684055
    endloop
  endfacet
  facet normal -0.7071067811865469 0 0.7071067811865481
    outer loop
      vertex -0.059667 -1.948819 0.684055
      vertex -0.034449 -1.909449 0.709273
      vertex -0.059667 -1.909449 0.684055
    endloop
  endfacet
  facet normal 0 -1 0
    outer loop
      vertex -0.034449 -1.948819 0.709273
      vertex 0.000000 -1.948819 0.580709
      vertex 0.000000 -1.948819 0.718504
    endloop
  endfacet
  facet normal -0.7071067811865469 0 0.7071067811865481
    outer loop
      vertex -0.059667 -1.948819 0.684055
      vertex -0.034449 -1.948819 0.709273
      vertex -0.034449 -1.909449 0.709273
    endloop
  endfacet
  facet normal -0.25881904510252196 0 0.965925826289068
    outer loop
      vertex -0.034449 -1.948819 0.709273
      vertex 0.000000 -1.948819 0.718504
      vertex 0.000000 -1.909449 0.718504
    endloop
  endfacet
  facet normal -0.25881904510252196 0 0.965925826289068
    outer loop
      vertex -0.034449 -1.948819 0.709273
      vertex 0.000000 -1.909449 0.718504
      vertex -0.034449 -1.909449 0.709273
    endloop
  endfacet
  facet normal -0.25881904510252013 0 -0.9659258262890685
    outer loop
      vertex -0.034449 -1.476378 0.589939
      vertex -0.034449 -1.437008 0.589939
      vertex 0.000000 -1.476378 0.580709
    endloop
  endfacet
  facet normal -0.25881904510252013 0 -0.9659258262890685
    outer loop
      vertex -0.034449 -1.437008 0.589939
      vertex 0.000000 -1.437008 0.580709
      vertex 0.000000 -1.476378 0.580709
    endloop
  endfacet
  facet normal -0.7071067811865479 0 -0.7071067811865471
    outer loop
      vertex -0.034449 -1.476378 0.589939
      vertex -0.059667 -1.437008 0.615157
      vertex -0.034449 -1.437008 0.589939
    endloop
  endfacet
  facet normal -0.7071067811865479 0 -0.7071067811865471
    outer loop
      vertex -0.034449 -1.476378 0.589939
      vertex -0.059667 -1.476378 0.615157
      vertex -0.059667 -1.437008 0.615157
    endloop
  endfacet
  facet normal -0.9659258262890682 0 -0.2588190451025208
    outer loop
      vertex -0.059667 -1.476378 0.615157
      vertex -0.068898 -1.437008 0.649606
      vertex -0.059667 -1.437008 0.615157
    endloop
  endfacet
  facet normal -0.9659258262890682 0 -0.2588190451025208
    outer loop
      vertex -0.059667 -1.476378 0.615157
      vertex -0.068898 -1.476378 0.649606
      vertex -0.068898 -1.437008 0.649606
    endloop
  endfacet
  facet normal 0 1 0
    outer loop
      vertex -0.034449 -1.437008 0.589939
      vertex -0.059667 -1.437008 0.615157
      vertex -0.034449 -1.437008 0.709273
    endloop
  endfacet
  facet normal 0 1 0
    outer loop
      vertex -0.034449 -1.437008 0.589939
      vertex 0.000000 -1.437008 0.718504
      vertex 0.000000 -1.437008 0.580709
    endloop
  endfacet
  facet normal -0.9659258262890682 0 0.2588190451025208
    outer loop
      vertex -0.068898 -1.476378 0.649606
      vertex -0.059667 -1.437008 0.684055
      vertex -0.068898 -1.437008 0.649606
    endloop
  endfacet
  facet normal 0 1 0
    outer loop
      vertex -0.059667 -1.437008 0.615157
      vertex -0.068898 -1.437008 0.649606
      vertex -0.059667 -1.437008 0.684055
    endloop
  endfacet
  facet normal -0.9659258262890682 0 0.2588190451025208
    outer loop
      vertex -0.068898 -1.476378 0.649606
      vertex -0.059667 -1.476378 0.684055
      vertex -0.059667 -1.437008 0.684055
    endloop
  endfacet
  facet normal -0.7071067811865469 0 0.7071067811865481
    outer loop
      vertex -0.059667 -1.476378 0.684055
      vertex -0.034449 -1.437008 0.709273
      vertex -0.059667 -1.437008 0.684055
    endloop
  endfacet
  facet normal 0 1 0
    outer loop
      vertex -0.059667 -1.437008 0.615157
      vertex -0.059667 -1.437008 0.684055
      vertex -0.034449 -1.437008 0.709273
    endloop
  endfacet
  facet normal 0 1 0
    outer loop
      vertex -0.034449 -1.437008 0.589939
      vertex -0.034449 -1.437008 0.709273
      vertex 0.000000 -1.437008 0.718504
    endloop
  endfacet
  facet normal -0.7071067811865469 0 0.7071067811865481
    outer loop
      vertex -0.059667 -1.476378 0.684055
      vertex -0.034449 -1.476378 0.709273
      vertex -0.034449 -1.437008 0.709273
    endloop
  endfacet
  facet normal -0.25881904510252196 0 0.965925826289068
    outer loop
      vertex -0.034449 -1.476378 0.709273
      vertex 0.000000 -1.437008 0.718504
      vertex -0.034449 -1.437008 0.709273
    endloop
  endfacet
  facet normal -0.25881904510252196 0 0.965925826289068
    outer loop
      vertex -0.034449 -1.476378 0.709273
      vertex 0.000000 -1.476378 0.718504
      vertex 0.000000 -1.437008 0.718504
    endloop
  endfacet
  facet normal 0.25881904510252013 0 -0.9659258262890685
    outer loop
      vertex 0.000000 -1.948819 0.580709
      vertex 0.000000 -1.909449 0.580709
      vertex 0.034449 -1.948819 0.589939
    endloop
  endfacet
  facet normal 0.25881904510252013 0 -0.9659258262890685
    outer loop
      vertex 0.000000 -1.909449 0.580709
      vertex 0.034449 -1.909449 0.589939
      vertex 0.034449 -1.948819 0.589939
    endloop
  endfacet
  facet normal 0.7071067811865479 0 -0.7071067811865471
    outer loop
      vertex 0.034449 -1.948819 0.589939
      vertex 0.034449 -1.909449 0.589939
      vertex 0.059667 -1.948819 0.615157
    endloop
  endfacet
  facet normal 0.7071067811865479 0 -0.7071067811865471
    outer loop
      vertex 0.034449 -1.909449 0.589939
      vertex 0.059667 -1.909449 0.615157
      vertex 0.059667 -1.948819 0.615157
    endloop
  endfacet
  facet normal 0 -1 0
    outer loop
      vertex 0.000000 -1.948819 0.580709
      vertex 0.034449 -1.948819 0.589939
      vertex 0.000000 -1.948819 0.718504
    endloop
  endfacet
  facet normal 0.9659258262890682 0 -0.2588190451025208
    outer loop
      vertex 0.059667 -1.948819 0.615157
      vertex 0.059667 -1.909449 0.615157
      vertex 0.068898 -1.948819 0.649606
    endloop
  endfacet
  facet normal 0 -1 0
    outer loop
      vertex 0.034449 -1.948819 0.589939
      vertex 0.059667 -1.948819 0.615157
      vertex 0.034449 -1.948819 0.709273
    endloop
  endfacet
  facet normal 0.9659258262890682 0 -0.2588190451025208
    outer loop
      vertex 0.059667 -1.909449 0.615157
      vertex 0.068898 -1.909449 0.649606
      vertex 0.068898 -1.948819 0.649606
    endloop
  endfacet
  facet normal 0 -1 0
    outer loop
      vertex 0.059667 -1.948819 0.615157
      vertex 0.068898 -1.948819 0.649606
      vertex 0.059667 -1.948819 0.684055
    endloop
  endfacet
  facet normal 0.9659258262890682 0 0.2588190451025208
    outer loop
      vertex 0.068898 -1.948819 0.649606
      vertex 0.068898 -1.909449 0.649606
      vertex 0.059667 -1.948819 0.684055
    endloop
  endfacet
  facet normal 0 -1 0
    outer loop
      vertex 0.034449 -1.948819 0.589939
      vertex 0.034449 -1.948819 0.709273
      vertex 0.000000 -1.948819 0.718504
    endloop
  endfacet
  facet normal 0 -1 0
    outer loop
      vertex 0.059667 -1.948819 0.615157
      vertex 0.059667 -1.948819 0.684055
      vertex 0.034449 -1.948819 0.709273
    endloop
  endfacet
  facet normal 0.7071067811865469 0 0.7071067811865481
    outer loop
      vertex 0.059667 -1.948819 0.684055
      vertex 0.059667 -1.909449 0.684055
      vertex 0.034449 -1.948819 0.709273
    endloop
  endfacet
  facet normal 0.9659258262890682 0 0.2588190451025208
    outer loop
      vertex 0.068898 -1.909449 0.649606
      vertex 0.059667 -1.909449 0.684055
      vertex 0.059667 -1.948819 0.684055
    endloop
  endfacet
  facet normal 0.25881904510252196 0 0.965925826289068
    outer loop
      vertex 0.000000 -1.948819 0.718504
      vertex 0.034449 -1.948819 0.709273
      vertex 0.034449 -1.909449 0.709273
    endloop
  endfacet
  facet normal 0.25881904510252196 0 0.965925826289068
    outer loop
      vertex 0.000000 -1.948819 0.718504
      vertex 0.034449 -1.909449 0.709273
      vertex 0.000000 -1.909449 0.718504
    endloop
  endfacet
  facet normal 0.7071067811865469 0 0.7071067811865481
    outer loop
      vertex 0.059667 -1.909449 0.684055
      vertex 0.034449 -1.909449 0.709273
      vertex 0.034449 -1.948819 0.709273
    endloop
  endfacet
  facet normal 0.25881904510252013 0 -0.9659258262890685
    outer loop
      vertex 0.000000 -1.476378 0.580709
      vertex 0.000000 -1.437008 0.580709
      vertex 0.034449 -1.476378 0.589939
    endloop
  endfacet
  facet normal 0.25881904510252013 0 -0.9659258262890685
    outer loop
      vertex 0.034449 -1.476378 0.589939
      vertex 0.000000 -1.437008 0.580709
      vertex 0.034449 -1.437008 0.589939
    endloop
  endfacet
  facet normal 0.7071067811865479 0 -0.7071067811865471
    outer loop
      vertex 0.034449 -1.476378 0.589939
      vertex 0.034449 -1.437008 0.589939
      vertex 0.059667 -1.476378 0.615157
    endloop
  endfacet
  facet normal 0.7071067811865479 0 -0.7071067811865471
    outer loop
      vertex 0.059667 -1.476378 0.615157
      vertex 0.034449 -1.437008 0.589939
      vertex 0.059667 -1.437008 0.615157
    endloop
  endfacet
  facet normal 0 1 0
    outer loop
      vertex 0.000000 -1.437008 0.580709
      vertex 0.034449 -1.437008 0.709273
      vertex 0.034449 -1.437008 0.589939
    endloop
  endfacet
  facet normal 0.9659258262890682 0 -0.2588190451025208
    outer loop
      vertex 0.059667 -1.476378 0.615157
      vertex 0.059667 -1.437008 0.615157
      vertex 0.068898 -1.476378 0.649606
    endloop
  endfacet
  facet normal 0.9659258262890682 0 -0.2588190451025208
    outer loop
      vertex 0.059667 -1.437008 0.615157
      vertex 0.068898 -1.437008 0.649606
      vertex 0.068898 -1.476378 0.649606
    endloop
  endfacet
  facet normal 0 1 0
    outer loop
      vertex 0.034449 -1.437008 0.589939
      vertex 0.059667 -1.437008 0.684055
      vertex 0.059667 -1.437008 0.615157
    endloop
  endfacet
  facet normal 0.9659258262890682 0 0.2588190451025208
    outer loop
      vertex 0.068898 -1.476378 0.649606
      vertex 0.068898 -1.437008 0.649606
      vertex 0.059667 -1.476378 0.684055
    endloop
  endfacet
  facet normal 0 1 0
    outer loop
      vertex 0.059667 -1.437008 0.615157
      vertex 0.059667 -1.437008 0.684055
      vertex 0.068898 -1.437008 0.649606
    endloop
  endfacet
  facet normal 0 1 0
    outer loop
      vertex 0.034449 -1.437008 0.589939
      vertex 0.034449 -1.437008 0.709273
      vertex 0.059667 -1.437008 0.684055
    endloop
  endfacet
  facet normal 0 1 0
    outer loop
      vertex 0.000000 -1.437008 0.580709
      vertex 0.000000 -1.437008 0.718504
      vertex 0.034449 -1.437008 0.709273
    endloop
  endfacet
  facet normal 0.9659258262890682 0 0.2588190451025208
    outer loop
      vertex 0.059667 -1.476378 0.684055
      vertex 0.068898 -1.437008 0.649606
      vertex 0.059667 -1.437008 0.684055
    endloop
  endfacet
  facet normal 0.7071067811865469 0 0.7071067811865481
    outer loop
      vertex 0.059667 -1.476378 0.684055
      vertex 0.059667 -1.437008 0.684055
      vertex 0.034449 -1.476378 0.709273
    endloop
  endfacet
  facet normal 0.25881904510252196 0 0.965925826289068
    outer loop
      vertex 0.000000 -1.476378 0.718504
      vertex 0.034449 -1.437008 0.709273
      vertex 0.000000 -1.437008 0.718504
    endloop
  endfacet
  facet normal 0.25881904510252196 0 0.965925826289068
    outer loop
      vertex 0.000000 -1.476378 0.718504
      vertex 0.034449 -1.476378 0.709273
      vertex 0.034449 -1.437008 0.709273
    endloop
  endfacet
  facet normal 0.7071067811865469 0 0.7071067811865481
    outer loop
      vertex 0.034449 -1.476378 0.709273
      vertex 0.059667 -1.437008 0.684055
      vertex 0.034449 -1.437008 0.709273
    endloop
  endfacet
  facet normal -0.7071067811865475 -0.7071067811865475 0
    outer loop
      vertex -0.686992 -0.757198 1.299213
      vertex -0.639087 -0.805102 1.299213
      vertex -0.686992 -0.757198 1.496063
    endloop
  endfacet
  facet normal -0.8910065241883677 -0.4539904997395469 0
    outer loop
      vertex -0.686992 -0.757198 1.299213
      vertex -0.717748 -0.696834 1.496063
      vertex -0.717748 -0.696834 1.299213
    endloop
  endfacet
  facet normal 0 0 -1
    outer loop
      vertex -0.717748 -0.696834 1.299213
      vertex -0.728346 -0.629921 1.299213
      vertex -0.717748 -0.563008 1.299213
    endloop
  endfacet
  facet normal 0 0 -1
    outer loop
      vertex -0.686992 -0.757198 1.299213
      vertex -0.717748 -0.696834 1.299213
      vertex -0.686992 -0.502645 1.299213
    endloop
  endfacet
  facet normal 0 0 -1
    outer loop
      vertex -0.686992 -0.757198 1.299213
      vertex -0.639087 -0.454740 1.299213
      vertex -0.639087 -0.805102 1.299213
    endloop
  endfacet
  facet normal -0.9876883405951378 -0.1564344650402306 0
    outer loop
      vertex -0.717748 -0.696834 1.299213
      vertex -0.728346 -0.629921 1.496063
      vertex -0.728346 -0.629921 1.299213
    endloop
  endfacet
  facet normal -0.7071067811865475 -0.7071067811865475 0
    outer loop
      vertex -0.686992 -0.757198 1.496063
      vertex -0.639087 -0.805102 1.299213
      vertex -0.639087 -0.805102 1.496063
    endloop
  endfacet
  facet normal -0.8910065241883677 -0.4539904997395469 0
    outer loop
      vertex -0.686992 -0.757198 1.299213
      vertex -0.686992 -0.757198 1.496063
      vertex -0.717748 -0.696834 1.496063
    endloop
  endfacet
  facet normal -0.9876883405951378 -0.1564344650402306 0
    outer loop
      vertex -0.717748 -0.696834 1.299213
      vertex -0.717748 -0.696834 1.496063
      vertex -0.728346 -0.629921 1.496063
    endloop
  endfacet
  facet normal -0.9876883405951378 0.1564344650402306 0
    outer loop
      vertex -0.728346 -0.629921 1.299213
      vertex -0.728346 -0.629921 1.496063
      vertex -0.717748 -0.563008 1.496063
    endloop
  endfacet
  facet normal 0 0 -1
    outer loop
      vertex -0.717748 -0.696834 1.299213
      vertex -0.717748 -0.563008 1.299213
      vertex -0.686992 -0.502645 1.299213
    endloop
  endfacet
  facet normal 0 0 -1
    outer loop
      vertex -0.686992 -0.757198 1.299213
      vertex -0.686992 -0.502645 1.299213
      vertex -0.639087 -0.454740 1.299213
    endloop
  endfacet
  facet normal -0.9876883405951378 0.1564344650402306 0
    outer loop
      vertex -0.728346 -0.629921 1.299213
      vertex -0.717748 -0.563008 1.496063
      vertex -0.717748 -0.563008 1.299213
    endloop
  endfacet
  facet normal -0.8910065241883677 0.4539904997395469 0
    outer loop
      vertex -0.717748 -0.563008 1.299213
      vertex -0.686992 -0.502645 1.496063
      vertex -0.686992 -0.502645 1.299213
    endloop
  endfacet
  facet normal -0.7071067811865475 0.7071067811865475 0
    outer loop
      vertex -0.686992 -0.502645 1.299213
      vertex -0.639087 -0.454740 1.496063
      vertex -0.639087 -0.454740 1.299213
    endloop
  endfacet
  facet normal -0.8910065241883677 0.4539904997395469 0
    outer loop
      vertex -0.717748 -0.563008 1.299213
      vertex -0.717748 -0.563008 1.496063
      vertex -0.686992 -0.502645 1.496063
    endloop
  endfacet
  facet normal -0.7071067811865475 0.7071067811865475 0
    outer loop
      vertex -0.686992 -0.502645 1.299213
      vertex -0.686992 -0.502645 1.496063
      vertex -0.639087 -0.454740 1.496063
    endloop
  endfacet
  facet normal 0 0 1
    outer loop
      vertex -0.686992 -0.757198 1.496063
      vertex -0.661983 -0.780093 1.496063
      vertex -0.708020 -0.711194 1.496063
    endloop
  endfacet
  facet normal 0 0 1
    outer loop
      vertex -0.686992 -0.757198 1.496063
      vertex -0.639087 -0.805102 1.496063
      vertex -0.661983 -0.780093 1.496063
    endloop
  endfacet
  facet normal 0 0 1
    outer loop
      vertex -0.686992 -0.757198 1.496063
      vertex -0.708020 -0.711194 1.496063
      vertex -0.717748 -0.696834 1.496063
    endloop
  endfacet
  facet normal 0 0 1
    outer loop
      vertex -0.717748 -0.696834 1.496063
      vertex -0.724186 -0.629921 1.496063
      vertex -0.728346 -0.629921 1.496063
    endloop
  endfacet
  facet normal 0 0 1
    outer loop
      vertex -0.728346 -0.629921 1.496063
      vertex -0.724186 -0.629921 1.496063
      vertex -0.708020 -0.548649 1.496063
    endloop
  endfacet
  facet normal 0 0 1
    outer loop
      vertex -0.708020 -0.711194 1.496063
      vertex -0.724186 -0.629921 1.496063
      vertex -0.717748 -0.696834 1.496063
    endloop
  endfacet
  facet normal 0 0 1
    outer loop
      vertex -0.728346 -0.629921 1.496063
      vertex -0.708020 -0.548649 1.496063
      vertex -0.717748 -0.563008 1.496063
    endloop
  endfacet
  facet normal 0 0 1
    outer loop
      vertex -0.717748 -0.563008 1.496063
      vertex -0.708020 -0.548649 1.496063
      vertex -0.686992 -0.502645 1.496063
    endloop
  endfacet
  facet normal 0 0 1
    outer loop
      vertex -0.708020 -0.548649 1.496063
      vertex -0.661983 -0.479750 1.496063
      vertex -0.686992 -0.502645 1.496063
    endloop
  endfacet
  facet normal 0 0 1
    outer loop
      vertex -0.686992 -0.502645 1.496063
      vertex -0.661983 -0.479750 1.496063
      vertex -0.639087 -0.454740 1.496063
    endloop
  endfacet
  facet normal 0 0 -1
    outer loop
      vertex -0.578724 -0.835859 1.299213
      vertex -0.511811 -0.709644 1.299213
      vertex -0.511811 -0.846457 1.299213
    endloop
  endfacet
  facet normal -0.4539904997395469 -0.8910065241883677 0
    outer loop
      vertex -0.639087 -0.805102 1.299213
      vertex -0.578724 -0.835859 1.299213
      vertex -0.578724 -0.835859 1.496063
    endloop
  endfacet
  facet normal -0.1564344650402306 -0.9876883405951378 0
    outer loop
      vertex -0.578724 -0.835859 1.299213
      vertex -0.511811 -0.846457 1.299213
      vertex -0.511811 -0.846457 1.496063
    endloop
  endfacet
  facet normal 0 0 -1
    outer loop
      vertex -0.511811 -0.846457 1.299213
      vertex -0.481302 -0.703576 1.299213
      vertex -0.444898 -0.835859 1.299213
    endloop
  endfacet
  facet normal 0.1564344650402306 -0.9876883405951378 0
    outer loop
      vertex -0.511811 -0.846457 1.299213
      vertex -0.444898 -0.835859 1.299213
      vertex -0.444898 -0.835859 1.496063
    endloop
  endfacet
  facet normal 0.4539904997395469 -0.8910065241883677 0
    outer loop
      vertex -0.444898 -0.835859 1.299213
      vertex -0.384535 -0.805102 1.299213
      vertex -0.384535 -0.805102 1.496063
    endloop
  endfacet
  facet normal -0.4539904997395469 -0.8910065241883677 0
    outer loop
      vertex -0.639087 -0.805102 1.299213
      vertex -0.578724 -0.835859 1.496063
      vertex -0.639087 -0.805102 1.496063
    endloop
  endfacet
  facet normal -0.1564344650402306 -0.9876883405951378 0
    outer loop
      vertex -0.578724 -0.835859 1.299213
      vertex -0.511811 -0.846457 1.496063
      vertex -0.578724 -0.835859 1.496063
    endloop
  endfacet
  facet normal 0.1564344650402306 -0.9876883405951378 0
    outer loop
      vertex -0.511811 -0.846457 1.299213
      vertex -0.444898 -0.835859 1.496063
      vertex -0.511811 -0.846457 1.496063
    endloop
  endfacet
  facet normal 0.4539904997395469 -0.8910065241883677 0
    outer loop
      vertex -0.444898 -0.835859 1.299213
      vertex -0.384535 -0.805102 1.496063
      vertex -0.444898 -0.835859 1.496063
    endloop
  endfacet
  facet normal 0 0 1
    outer loop
      vertex -0.639087 -0.805102 1.496063
      vertex -0.578724 -0.835859 1.496063
      vertex -0.593083 -0.826130 1.496063
    endloop
  endfacet
  facet normal 0 0 1
    outer loop
      vertex -0.661983 -0.780093 1.496063
      vertex -0.639087 -0.805102 1.496063
      vertex -0.593083 -0.826130 1.496063
    endloop
  endfacet
  facet normal 0 0 1
    outer loop
      vertex -0.593083 -0.826130 1.496063
      vertex -0.578724 -0.835859 1.496063
      vertex -0.511811 -0.846457 1.496063
    endloop
  endfacet
  facet normal 0 0 1
    outer loop
      vertex -0.593083 -0.826130 1.496063
      vertex -0.511811 -0.846457 1.496063
      vertex -0.511811 -0.842296 1.496063
    endloop
  endfacet
  facet normal 0 0 1
    outer loop
      vertex -0.511811 -0.846457 1.496063
      vertex -0.444898 -0.835859 1.496063
      vertex -0.511811 -0.842296 1.496063
    endloop
  endfacet
  facet normal 0 0 1
    outer loop
      vertex -0.511811 -0.842296 1.496063
      vertex -0.444898 -0.835859 1.496063
      vertex -0.430539 -0.826130 1.496063
    endloop
  endfacet
  facet normal 0 0 1
    outer loop
      vertex -0.444898 -0.835859 1.496063
      vertex -0.384535 -0.805102 1.496063
      vertex -0.430539 -0.826130 1.496063
    endloop
  endfacet
  facet normal 0 0 1
    outer loop
      vertex -0.430539 -0.826130 1.496063
      vertex -0.384535 -0.805102 1.496063
      vertex -0.361639 -0.780093 1.496063
    endloop
  endfacet
  facet normal 0 0 -1
    outer loop
      vertex -0.639087 -0.805102 1.299213
      vertex -0.568184 -0.686294 1.299213
      vertex -0.578724 -0.835859 1.299213
    endloop
  endfacet
  facet normal 0 0 -1
    outer loop
      vertex -0.578724 -0.835859 1.299213
      vertex -0.568184 -0.686294 1.299213
      vertex -0.542320 -0.703576 1.299213
    endloop
  endfacet
  facet normal 0 0 -1
    outer loop
      vertex -0.639087 -0.805102 1.299213
      vertex -0.591534 -0.629921 1.299213
      vertex -0.585466 -0.660430 1.299213
    endloop
  endfacet
  facet normal 0 0 -1
    outer loop
      vertex -0.639087 -0.805102 1.299213
      vertex -0.585466 -0.660430 1.299213
      vertex -0.568184 -0.686294 1.299213
    endloop
  endfacet
  facet normal 0 0 -1
    outer loop
      vertex -0.578724 -0.835859 1.299213
      vertex -0.542320 -0.703576 1.299213
      vertex -0.511811 -0.709644 1.299213
    endloop
  endfacet
  facet normal 0 0 -1
    outer loop
      vertex -0.511811 -0.846457 1.299213
      vertex -0.511811 -0.709644 1.299213
      vertex -0.481302 -0.703576 1.299213
    endloop
  endfacet
  facet normal 0 0 -1
    outer loop
      vertex -0.639087 -0.805102 1.299213
      vertex -0.585466 -0.599413 1.299213
      vertex -0.591534 -0.629921 1.299213
    endloop
  endfacet
  facet normal 0 0 -1
    outer loop
      vertex -0.639087 -0.805102 1.299213
      vertex -0.578724 -0.423984 1.299213
      vertex -0.585466 -0.599413 1.299213
    endloop
  endfacet
  facet normal 0 0 -1
    outer loop
      vertex -0.444898 -0.835859 1.299213
      vertex -0.481302 -0.703576 1.299213
      vertex -0.455438 -0.686294 1.299213
    endloop
  endfacet
  facet normal 0 0 -1
    outer loop
      vertex -0.444898 -0.835859 1.299213
      vertex -0.455438 -0.686294 1.299213
      vertex -0.438156 -0.660430 1.299213
    endloop
  endfacet
  facet normal 0 0 -1
    outer loop
      vertex -0.444898 -0.835859 1.299213
      vertex -0.384535 -0.454740 1.299213
      vertex -0.384535 -0.805102 1.299213
    endloop
  endfacet
  facet normal 0.7071067811865475 -0.7071067811865475 0
    outer loop
      vertex -0.384535 -0.805102 1.299213
      vertex -0.336630 -0.757198 1.299213
      vertex -0.384535 -0.805102 1.496063
    endloop
  endfacet
  facet normal 0.891006524188368 -0.4539904997395466 0
    outer loop
      vertex -0.336630 -0.757198 1.299213
      vertex -0.305874 -0.696834 1.299213
      vertex -0.336630 -0.757198 1.496063
    endloop
  endfacet
  facet normal 0 0 -1
    outer loop
      vertex -0.444898 -0.835859 1.299213
      vertex -0.438156 -0.660430 1.299213
      vertex -0.384535 -0.454740 1.299213
    endloop
  endfacet
  facet normal 0 0 -1
    outer loop
      vertex -0.384535 -0.805102 1.299213
      vertex -0.336630 -0.502645 1.299213
      vertex -0.336630 -0.757198 1.299213
    endloop
  endfacet
  facet normal 0 0 -1
    outer loop
      vertex -0.336630 -0.757198 1.299213
      vertex -0.336630 -0.502645 1.299213
      vertex -0.305874 -0.563008 1.299213
    endloop
  endfacet
  facet normal 0.7071067811865475 -0.7071067811865475 0
    outer loop
      vertex -0.384535 -0.805102 1.496063
      vertex -0.336630 -0.757198 1.299213
      vertex -0.336630 -0.757198 1.496063
    endloop
  endfacet
  facet normal 0 0 -1
    outer loop
      vertex -0.639087 -0.805102 1.299213
      vertex -0.639087 -0.454740 1.299213
      vertex -0.578724 -0.423984 1.299213
    endloop
  endfacet
  facet normal 0 0 -1
    outer loop
      vertex -0.585466 -0.599413 1.299213
      vertex -0.578724 -0.423984 1.299213
      vertex -0.568184 -0.573549 1.299213
    endloop
  endfacet
  facet normal 0 0 -1
    outer loop
      vertex -0.568184 -0.573549 1.299213
      vertex -0.578724 -0.423984 1.299213
      vertex -0.542320 -0.556267 1.299213
    endloop
  endfacet
  facet normal 0 0 -1
    outer loop
      vertex -0.542320 -0.556267 1.299213
      vertex -0.511811 -0.413386 1.299213
      vertex -0.511811 -0.550198 1.299213
    endloop
  endfacet
  facet normal 0 0 -1
    outer loop
      vertex -0.542320 -0.556267 1.299213
      vertex -0.578724 -0.423984 1.299213
      vertex -0.511811 -0.413386 1.299213
    endloop
  endfacet
  facet normal 0 0 -1
    outer loop
      vertex -0.511811 -0.550198 1.299213
      vertex -0.511811 -0.413386 1.299213
      vertex -0.444898 -0.423984 1.299213
    endloop
  endfacet
  facet normal -0.4539904997395469 0.8910065241883677 0
    outer loop
      vertex -0.639087 -0.454740 1.299213
      vertex -0.639087 -0.454740 1.496063
      vertex -0.578724 -0.423984 1.299213
    endloop
  endfacet
  facet normal -0.1564344650402306 0.9876883405951378 0
    outer loop
      vertex -0.578724 -0.423984 1.299213
      vertex -0.578724 -0.423984 1.496063
      vertex -0.511811 -0.413386 1.299213
    endloop
  endfacet
  facet normal 0.1564344650402306 0.9876883405951378 0
    outer loop
      vertex -0.511811 -0.413386 1.299213
      vertex -0.511811 -0.413386 1.496063
      vertex -0.444898 -0.423984 1.299213
    endloop
  endfacet
  facet normal 0 0 -1
    outer loop
      vertex -0.438156 -0.660430 1.299213
      vertex -0.432088 -0.629921 1.299213
      vertex -0.384535 -0.454740 1.299213
    endloop
  endfacet
  facet normal 0 0 -1
    outer loop
      vertex -0.432088 -0.629921 1.299213
      vertex -0.438156 -0.599413 1.299213
      vertex -0.384535 -0.454740 1.299213
    endloop
  endfacet
  facet normal 0 0 -1
    outer loop
      vertex -0.481302 -0.556267 1.299213
      vertex -0.444898 -0.423984 1.299213
      vertex -0.455438 -0.573549 1.299213
    endloop
  endfacet
  facet normal 0 0 -1
    outer loop
      vertex -0.511811 -0.550198 1.299213
      vertex -0.444898 -0.423984 1.299213
      vertex -0.481302 -0.556267 1.299213
    endloop
  endfacet
  facet normal 0 0 -1
    outer loop
      vertex -0.438156 -0.599413 1.299213
      vertex -0.455438 -0.573549 1.299213
      vertex -0.384535 -0.454740 1.299213
    endloop
  endfacet
  facet normal 0 0 -1
    outer loop
      vertex -0.384535 -0.805102 1.299213
      vertex -0.384535 -0.454740 1.299213
      vertex -0.336630 -0.502645 1.299213
    endloop
  endfacet
  facet normal 0 0 -1
    outer loop
      vertex -0.455438 -0.573549 1.299213
      vertex -0.444898 -0.423984 1.299213
      vertex -0.384535 -0.454740 1.299213
    endloop
  endfacet
  facet normal 0.4539904997395469 0.8910065241883677 0
    outer loop
      vertex -0.444898 -0.423984 1.299213
      vertex -0.444898 -0.423984 1.496063
      vertex -0.384535 -0.454740 1.299213
    endloop
  endfacet
  facet normal 0.7071067811865475 0.7071067811865475 0
    outer loop
      vertex -0.336630 -0.502645 1.299213
      vertex -0.384535 -0.454740 1.299213
      vertex -0.336630 -0.502645 1.496063
    endloop
  endfacet
  facet normal -0.4539904997395469 0.8910065241883677 0
    outer loop
      vertex -0.578724 -0.423984 1.299213
      vertex -0.639087 -0.454740 1.496063
      vertex -0.578724 -0.423984 1.496063
    endloop
  endfacet
  facet normal -0.1564344650402306 0.9876883405951378 0
    outer loop
      vertex -0.511811 -0.413386 1.299213
      vertex -0.578724 -0.423984 1.496063
      vertex -0.511811 -0.413386 1.496063
    endloop
  endfacet
  facet normal 0.891006524188368 0.4539904997395466 0
    outer loop
      vertex -0.336630 -0.502645 1.299213
      vertex -0.336630 -0.502645 1.496063
      vertex -0.305874 -0.563008 1.496063
    endloop
  endfacet
  facet normal 0.1564344650402306 0.9876883405951378 0
    outer loop
      vertex -0.444898 -0.423984 1.299213
      vertex -0.511811 -0.413386 1.496063
      vertex -0.444898 -0.423984 1.496063
    endloop
  endfacet
  facet normal 0.4539904997395469 0.8910065241883677 0
    outer loop
      vertex -0.384535 -0.454740 1.299213
      vertex -0.444898 -0.423984 1.496063
      vertex -0.384535 -0.454740 1.496063
    endloop
  endfacet
  facet normal 0.7071067811865475 0.7071067811865475 0
    outer loop
      vertex -0.384535 -0.454740 1.299213
      vertex -0.384535 -0.454740 1.496063
      vertex -0.336630 -0.502645 1.496063
    endloop
  endfacet
  facet normal 0 0 -1
    outer loop
      vertex -0.336630 -0.757198 1.299213
      vertex -0.305874 -0.563008 1.299213
      vertex -0.305874 -0.696834 1.299213
    endloop
  endfacet
  facet normal 0 0 -1
    outer loop
      vertex -0.305874 -0.696834 1.299213
      vertex -0.305874 -0.563008 1.299213
      vertex -0.295276 -0.629921 1.299213
    endloop
  endfacet
  facet normal 0.9876883405951378 -0.15643446504023112 0
    outer loop
      vertex -0.305874 -0.696834 1.299213
      vertex -0.295276 -0.629921 1.299213
      vertex -0.305874 -0.696834 1.496063
    endloop
  endfacet
  facet normal 0.9876883405951378 0.15643446504023112 0
    outer loop
      vertex -0.295276 -0.629921 1.299213
      vertex -0.305874 -0.563008 1.299213
      vertex -0.295276 -0.629921 1.496063
    endloop
  endfacet
  facet normal 0.891006524188368 -0.4539904997395466 0
    outer loop
      vertex -0.305874 -0.696834 1.299213
      vertex -0.305874 -0.696834 1.496063
      vertex -0.336630 -0.757198 1.496063
    endloop
  endfacet
  facet normal 0.9876883405951378 -0.15643446504023112 0
    outer loop
      vertex -0.295276 -0.629921 1.299213
      vertex -0.295276 -0.629921 1.496063
      vertex -0.305874 -0.696834 1.496063
    endloop
  endfacet
  facet normal 0.891006524188368 0.4539904997395466 0
    outer loop
      vertex -0.336630 -0.502645 1.299213
      vertex -0.305874 -0.563008 1.496063
      vertex -0.305874 -0.563008 1.299213
    endloop
  endfacet
  facet normal 0.9876883405951378 0.15643446504023112 0
    outer loop
      vertex -0.305874 -0.563008 1.299213
      vertex -0.305874 -0.563008 1.496063
      vertex -0.295276 -0.629921 1.496063
    endloop
  endfacet
  facet normal 0 0 1
    outer loop
      vertex -0.384535 -0.805102 1.496063
      vertex -0.336630 -0.757198 1.496063
      vertex -0.361639 -0.780093 1.496063
    endloop
  endfacet
  facet normal 0 0 1
    outer loop
      vertex -0.361639 -0.780093 1.496063
      vertex -0.336630 -0.757198 1.496063
      vertex -0.315602 -0.711194 1.496063
    endloop
  endfacet
  facet normal 0 0 1
    outer loop
      vertex -0.661983 -0.479750 1.496063
      vertex -0.593083 -0.433713 1.496063
      vertex -0.639087 -0.454740 1.496063
    endloop
  endfacet
  facet normal 0 0 1
    outer loop
      vertex -0.639087 -0.454740 1.496063
      vertex -0.593083 -0.433713 1.496063
      vertex -0.578724 -0.423984 1.496063
    endloop
  endfacet
  facet normal 0 0 1
    outer loop
      vertex -0.593083 -0.433713 1.496063
      vertex -0.511811 -0.417546 1.496063
      vertex -0.578724 -0.423984 1.496063
    endloop
  endfacet
  facet normal 0 0 1
    outer loop
      vertex -0.578724 -0.423984 1.496063
      vertex -0.511811 -0.417546 1.496063
      vertex -0.511811 -0.413386 1.496063
    endloop
  endfacet
  facet normal 0 0 1
    outer loop
      vertex -0.511811 -0.417546 1.496063
      vertex -0.430539 -0.433713 1.496063
      vertex -0.511811 -0.413386 1.496063
    endloop
  endfacet
  facet normal 0 0 1
    outer loop
      vertex -0.336630 -0.502645 1.496063
      vertex -0.361639 -0.479750 1.496063
      vertex -0.315602 -0.548649 1.496063
    endloop
  endfacet
  facet normal 0 0 1
    outer loop
      vertex -0.511811 -0.413386 1.496063
      vertex -0.430539 -0.433713 1.496063
      vertex -0.444898 -0.423984 1.496063
    endloop
  endfacet
  facet normal 0 0 1
    outer loop
      vertex -0.444898 -0.423984 1.496063
      vertex -0.430539 -0.433713 1.496063
      vertex -0.384535 -0.454740 1.496063
    endloop
  endfacet
  facet normal 0 0 1
    outer loop
      vertex -0.336630 -0.502645 1.496063
      vertex -0.384535 -0.454740 1.496063
      vertex -0.361639 -0.479750 1.496063
    endloop
  endfacet
  facet normal 0 0 1
    outer loop
      vertex -0.430539 -0.433713 1.496063
      vertex -0.361639 -0.479750 1.496063
      vertex -0.384535 -0.454740 1.496063
    endloop
  endfacet
  facet normal 0 0 1
    outer loop
      vertex -0.336630 -0.757198 1.496063
      vertex -0.305874 -0.696834 1.496063
      vertex -0.315602 -0.711194 1.496063
    endloop
  endfacet
  facet normal 0 0 1
    outer loop
      vertex -0.315602 -0.711194 1.496063
      vertex -0.305874 -0.696834 1.496063
      vertex -0.295276 -0.629921 1.496063
    endloop
  endfacet
  facet normal 0 0 1
    outer loop
      vertex -0.315602 -0.711194 1.496063
      vertex -0.295276 -0.629921 1.496063
      vertex -0.299436 -0.629921 1.496063
    endloop
  endfacet
  facet normal 0 0 1
    outer loop
      vertex -0.299436 -0.629921 1.496063
      vertex -0.295276 -0.629921 1.496063
      vertex -0.305874 -0.563008 1.496063
    endloop
  endfacet
  facet normal 0 0 1
    outer loop
      vertex -0.299436 -0.629921 1.496063
      vertex -0.305874 -0.563008 1.496063
      vertex -0.315602 -0.548649 1.496063
    endloop
  endfacet
  facet normal 0 0 1
    outer loop
      vertex -0.336630 -0.502645 1.496063
      vertex -0.315602 -0.548649 1.496063
      vertex -0.305874 -0.563008 1.496063
    endloop
  endfacet
  facet normal -0.8314696123025453 -0.5555702330196022 0
    outer loop
      vertex -0.661983 -0.780093 1.496063
      vertex -0.661983 -0.780093 1.538307
      vertex -0.708020 -0.711194 1.496063
    endloop
  endfacet
  facet normal -0.8314696123025453 -0.5555702330196022 0
    outer loop
      vertex -0.661983 -0.780093 1.538307
      vertex -0.708020 -0.711194 1.538307
      vertex -0.708020 -0.711194 1.496063
    endloop
  endfacet
  facet normal -0.7703275794849852 -0.5147164328119479 0.3763806770786028
    outer loop
      vertex -0.661983 -0.780093 1.538307
      vertex -0.639120 -0.757231 1.616364
      vertex -0.708020 -0.711194 1.538307
    endloop
  endfacet
  facet normal -0.770327579484985 -0.5147164328119483 0.3763806770786022
    outer loop
      vertex -0.708020 -0.711194 1.538307
      vertex -0.639120 -0.757231 1.616364
      vertex -0.678149 -0.698821 1.616364
    endloop
  endfacet
  facet normal -0.9807852804032305 -0.19509032201612822 0
    outer loop
      vertex -0.708020 -0.711194 1.496063
      vertex -0.708020 -0.711194 1.538307
      vertex -0.724186 -0.629921 1.496063
    endloop
  endfacet
  facet normal -0.9807852804032305 -0.19509032201612822 0
    outer loop
      vertex -0.708020 -0.711194 1.538307
      vertex -0.724186 -0.629921 1.538307
      vertex -0.724186 -0.629921 1.496063
    endloop
  endfacet
  facet normal -0.9807852804032305 0.19509032201612805 0
    outer loop
      vertex -0.724186 -0.629921 1.496063
      vertex -0.724186 -0.629921 1.538307
      vertex -0.708020 -0.548649 1.496063
    endloop
  endfacet
  facet normal -0.9086633352183305 -0.18074437515937386 0.3763806770786027
    outer loop
      vertex -0.708020 -0.711194 1.538307
      vertex -0.678149 -0.698821 1.616364
      vertex -0.724186 -0.629921 1.538307
    endloop
  endfacet
  facet normal -0.9086633352183306 -0.18074437515937453 0.3763806770786022
    outer loop
      vertex -0.724186 -0.629921 1.538307
      vertex -0.678149 -0.698821 1.616364
      vertex -0.691854 -0.629921 1.616364
    endloop
  endfacet
  facet normal -0.9086633352183306 0.18074437515937453 0.3763806770786022
    outer loop
      vertex -0.724186 -0.629921 1.538307
      vertex -0.691854 -0.629921 1.616364
      vertex -0.678149 -0.561022 1.616364
    endloop
  endfacet
  facet normal -0.5936131960090993 -0.39663965676028234 0.7002145072825526
    outer loop
      vertex -0.678149 -0.698821 1.616364
      vertex -0.639120 -0.757231 1.616364
      vertex -0.622954 -0.675958 1.676106
    endloop
  endfacet
  facet normal -0.7002145072825534 -0.13928132531715393 0.7002145072825527
    outer loop
      vertex -0.678149 -0.698821 1.616364
      vertex -0.622954 -0.675958 1.676106
      vertex -0.691854 -0.629921 1.616364
    endloop
  endfacet
  facet normal -0.7002145072825532 -0.13928132531715293 0.7002145072825532
    outer loop
      vertex -0.691854 -0.629921 1.616364
      vertex -0.622954 -0.675958 1.676106
      vertex -0.632112 -0.629921 1.676106
    endloop
  endfacet
  facet normal -0.7002145072825532 0.13928132531715293 0.7002145072825532
    outer loop
      vertex -0.691854 -0.629921 1.616364
      vertex -0.632112 -0.629921 1.676106
      vertex -0.622954 -0.583884 1.676106
    endloop
  endfacet
  facet normal -0.9807852804032305 0.19509032201612805 0
    outer loop
      vertex -0.724186 -0.629921 1.538307
      vertex -0.708020 -0.548649 1.538307
      vertex -0.708020 -0.548649 1.496063
    endloop
  endfacet
  facet normal -0.831469612302545 0.5555702330196026 0
    outer loop
      vertex -0.708020 -0.548649 1.496063
      vertex -0.708020 -0.548649 1.538307
      vertex -0.661983 -0.479750 1.496063
    endloop
  endfacet
  facet normal -0.831469612302545 0.5555702330196026 0
    outer loop
      vertex -0.708020 -0.548649 1.538307
      vertex -0.661983 -0.479750 1.538307
      vertex -0.661983 -0.479750 1.496063
    endloop
  endfacet
  facet normal -0.9086633352183306 0.1807443751593737 0.37638067707860273
    outer loop
      vertex -0.724186 -0.629921 1.538307
      vertex -0.678149 -0.561022 1.616364
      vertex -0.708020 -0.548649 1.538307
    endloop
  endfacet
  facet normal -0.7703275794849851 0.5147164328119482 0.3763806770786024
    outer loop
      vertex -0.708020 -0.548649 1.538307
      vertex -0.639120 -0.502612 1.616364
      vertex -0.661983 -0.479750 1.538307
    endloop
  endfacet
  facet normal -0.7703275794849852 0.5147164328119479 0.3763806770786026
    outer loop
      vertex -0.708020 -0.548649 1.538307
      vertex -0.678149 -0.561022 1.616364
      vertex -0.639120 -0.502612 1.616364
    endloop
  endfacet
  facet normal -0.7002145072825534 0.13928132531715393 0.7002145072825527
    outer loop
      vertex -0.691854 -0.629921 1.616364
      vertex -0.622954 -0.583884 1.676106
      vertex -0.678149 -0.561022 1.616364
    endloop
  endfacet
  facet normal -0.5936131960090996 0.396639656760282 0.7002145072825527
    outer loop
      vertex -0.678149 -0.561022 1.616364
      vertex -0.622954 -0.583884 1.676106
      vertex -0.639120 -0.502612 1.616364
    endloop
  endfacet
  facet normal -0.5555702330196026 -0.831469612302545 0
    outer loop
      vertex -0.661983 -0.780093 1.496063
      vertex -0.593083 -0.826130 1.496063
      vertex -0.593083 -0.826130 1.538307
    endloop
  endfacet
  facet normal -0.5555702330196026 -0.831469612302545 0
    outer loop
      vertex -0.661983 -0.780093 1.496063
      vertex -0.593083 -0.826130 1.538307
      vertex -0.661983 -0.780093 1.538307
    endloop
  endfacet
  facet normal -0.19509032201612805 -0.9807852804032305 0
    outer loop
      vertex -0.593083 -0.826130 1.496063
      vertex -0.511811 -0.842296 1.538307
      vertex -0.593083 -0.826130 1.538307
    endloop
  endfacet
  facet normal -0.19509032201612805 -0.9807852804032305 0
    outer loop
      vertex -0.593083 -0.826130 1.496063
      vertex -0.511811 -0.842296 1.496063
      vertex -0.511811 -0.842296 1.538307
    endloop
  endfacet
  facet normal 0.19509032201612805 -0.9807852804032305 0
    outer loop
      vertex -0.511811 -0.842296 1.496063
      vertex -0.430539 -0.826130 1.538307
      vertex -0.511811 -0.842296 1.538307
    endloop
  endfacet
  facet normal -0.1807443751593737 -0.9086633352183306 0.3763806770786028
    outer loop
      vertex -0.593083 -0.826130 1.538307
      vertex -0.511811 -0.842296 1.538307
      vertex -0.580710 -0.796259 1.616364
    endloop
  endfacet
  facet normal -0.5147164328119483 -0.7703275794849849 0.3763806770786026
    outer loop
      vertex -0.593083 -0.826130 1.538307
      vertex -0.580710 -0.796259 1.616364
      vertex -0.639120 -0.757231 1.616364
    endloop
  endfacet
  facet normal -0.18074437515937453 -0.9086633352183306 0.3763806770786022
    outer loop
      vertex -0.511811 -0.842296 1.538307
      vertex -0.511811 -0.809964 1.616364
      vertex -0.580710 -0.796259 1.616364
    endloop
  endfacet
  facet normal 0.18074437515937453 -0.9086633352183306 0.3763806770786022
    outer loop
      vertex -0.511811 -0.842296 1.538307
      vertex -0.442912 -0.796259 1.616364
      vertex -0.511811 -0.809964 1.616364
    endloop
  endfacet
  facet normal 0.19509032201612805 -0.9807852804032305 0
    outer loop
      vertex -0.511811 -0.842296 1.496063
      vertex -0.430539 -0.826130 1.496063
      vertex -0.430539 -0.826130 1.538307
    endloop
  endfacet
  facet normal 0.5555702330196026 -0.831469612302545 0
    outer loop
      vertex -0.430539 -0.826130 1.496063
      vertex -0.361639 -0.780093 1.538307
      vertex -0.430539 -0.826130 1.538307
    endloop
  endfacet
  facet normal 0.5555702330196026 -0.831469612302545 0
    outer loop
      vertex -0.430539 -0.826130 1.496063
      vertex -0.361639 -0.780093 1.496063
      vertex -0.361639 -0.780093 1.538307
    endloop
  endfacet
  facet normal 0.1807443751593737 -0.9086633352183306 0.37638067707860273
    outer loop
      vertex -0.511811 -0.842296 1.538307
      vertex -0.430539 -0.826130 1.538307
      vertex -0.442912 -0.796259 1.616364
    endloop
  endfacet
  facet normal 0.5147164328119479 -0.7703275794849852 0.3763806770786026
    outer loop
      vertex -0.430539 -0.826130 1.538307
      vertex -0.384502 -0.757231 1.616364
      vertex -0.442912 -0.796259 1.616364
    endloop
  endfacet
  facet normal -0.07590088788047215 -0.3815795311289149 -0.9212144791753946
    outer loop
      vertex -0.542320 -0.703576 1.299213
      vertex -0.527977 -0.668950 1.283688
      vertex -0.511811 -0.709644 1.299213
    endloop
  endfacet
  facet normal 0.07590088788047206 -0.38157953112891435 -0.9212144791753947
    outer loop
      vertex -0.511811 -0.709644 1.299213
      vertex -0.511811 -0.672165 1.283688
      vertex -0.481302 -0.703576 1.299213
    endloop
  endfacet
  facet normal -0.32348750654160074 -0.2161474415048775 -0.9212144791753946
    outer loop
      vertex -0.568184 -0.686294 1.299213
      vertex -0.585466 -0.660430 1.299213
      vertex -0.550839 -0.646087 1.283688
    endloop
  endfacet
  facet normal -0.3815795311289148 -0.07590088788047257 -0.9212144791753946
    outer loop
      vertex -0.585466 -0.660430 1.299213
      vertex -0.554055 -0.629921 1.283688
      vertex -0.550839 -0.646087 1.283688
    endloop
  endfacet
  facet normal -0.3815795311289151 -0.0759008878804722 -0.9212144791753945
    outer loop
      vertex -0.585466 -0.660430 1.299213
      vertex -0.591534 -0.629921 1.299213
      vertex -0.554055 -0.629921 1.283688
    endloop
  endfacet
  facet normal -0.38157953112891496 0.07590088788047263 -0.9212144791753945
    outer loop
      vertex -0.591534 -0.629921 1.299213
      vertex -0.550839 -0.613755 1.283688
      vertex -0.554055 -0.629921 1.283688
    endloop
  endfacet
  facet normal -0.3815795311289148 0.07590088788047197 -0.9212144791753946
    outer loop
      vertex -0.591534 -0.629921 1.299213
      vertex -0.585466 -0.599413 1.299213
      vertex -0.550839 -0.613755 1.283688
    endloop
  endfacet
  facet normal -0.21614744150487783 -0.32348750654160124 -0.9212144791753942
    outer loop
      vertex -0.542320 -0.703576 1.299213
      vertex -0.568184 -0.686294 1.299213
      vertex -0.541682 -0.659792 1.283688
    endloop
  endfacet
  facet normal -0.21614744150487603 -0.32348750654160124 -0.9212144791753946
    outer loop
      vertex -0.542320 -0.703576 1.299213
      vertex -0.541682 -0.659792 1.283688
      vertex -0.527977 -0.668950 1.283688
    endloop
  endfacet
  facet normal -0.3234875065416023 -0.21614744150487666 -0.9212144791753942
    outer loop
      vertex -0.568184 -0.686294 1.299213
      vertex -0.550839 -0.646087 1.283688
      vertex -0.541682 -0.659792 1.283688
    endloop
  endfacet
  facet normal -0.07590088788047082 -0.38157953112891446 -0.9212144791753949
    outer loop
      vertex -0.511811 -0.709644 1.299213
      vertex -0.527977 -0.668950 1.283688
      vertex -0.511811 -0.672165 1.283688
    endloop
  endfacet
  facet normal 0.07590088788047097 -0.38157953112891535 -0.9212144791753945
    outer loop
      vertex -0.481302 -0.703576 1.299213
      vertex -0.511811 -0.672165 1.283688
      vertex -0.495645 -0.668950 1.283688
    endloop
  endfacet
  facet normal 0 0 -1
    outer loop
      vertex -0.541682 -0.659792 1.283688
      vertex -0.550839 -0.646087 1.283688
      vertex -0.541682 -0.600050 1.283688
    endloop
  endfacet
  facet normal 0 0 -1
    outer loop
      vertex -0.550839 -0.646087 1.283688
      vertex -0.554055 -0.629921 1.283688
      vertex -0.550839 -0.613755 1.283688
    endloop
  endfacet
  facet normal 0 0 -1
    outer loop
      vertex -0.541682 -0.659792 1.283688
      vertex -0.527977 -0.590893 1.283688
      vertex -0.527977 -0.668950 1.283688
    endloop
  endfacet
  facet normal 0 0 -1
    outer loop
      vertex -0.550839 -0.646087 1.283688
      vertex -0.550839 -0.613755 1.283688
      vertex -0.541682 -0.600050 1.283688
    endloop
  endfacet
  facet normal -0.32348750654160113 0.2161474415048759 -0.9212144791753948
    outer loop
      vertex -0.585466 -0.599413 1.299213
      vertex -0.541682 -0.600050 1.283688
      vertex -0.550839 -0.613755 1.283688
    endloop
  endfacet
  facet normal 0 0 -1
    outer loop
      vertex -0.541682 -0.659792 1.283688
      vertex -0.541682 -0.600050 1.283688
      vertex -0.527977 -0.590893 1.283688
    endloop
  endfacet
  facet normal 0 0 -1
    outer loop
      vertex -0.527977 -0.668950 1.283688
      vertex -0.527977 -0.590893 1.283688
      vertex -0.511811 -0.587677 1.283688
    endloop
  endfacet
  facet normal 0 0 -1
    outer loop
      vertex -0.527977 -0.668950 1.283688
      vertex -0.511811 -0.587677 1.283688
      vertex -0.511811 -0.672165 1.283688
    endloop
  endfacet
  facet normal 0 0 -1
    outer loop
      vertex -0.511811 -0.672165 1.283688
      vertex -0.495645 -0.590893 1.283688
      vertex -0.495645 -0.668950 1.283688
    endloop
  endfacet
  facet normal 0 0 -1
    outer loop
      vertex -0.495645 -0.668950 1.283688
      vertex -0.481940 -0.600050 1.283688
      vertex -0.481940 -0.659792 1.283688
    endloop
  endfacet
  facet normal 0 0 -1
    outer loop
      vertex -0.511811 -0.672165 1.283688
      vertex -0.511811 -0.587677 1.283688
      vertex -0.495645 -0.590893 1.283688
    endloop
  endfacet
  facet normal 0 0 -1
    outer loop
      vertex -0.495645 -0.668950 1.283688
      vertex -0.495645 -0.590893 1.283688
      vertex -0.481940 -0.600050 1.283688
    endloop
  endfacet
  facet normal 0.2161474415048775 -0.32348750654160074 -0.9212144791753946
    outer loop
      vertex -0.481302 -0.703576 1.299213
      vertex -0.495645 -0.668950 1.283688
      vertex -0.455438 -0.686294 1.299213
    endloop
  endfacet
  facet normal 0.21614744150487666 -0.3234875065416023 -0.9212144791753942
    outer loop
      vertex -0.495645 -0.668950 1.283688
      vertex -0.481940 -0.659792 1.283688
      vertex -0.455438 -0.686294 1.299213
    endloop
  endfacet
  facet normal 0.3234875065416014 -0.21614744150487608 -0.9212144791753947
    outer loop
      vertex -0.481940 -0.659792 1.283688
      vertex -0.472783 -0.646087 1.283688
      vertex -0.438156 -0.660430 1.299213
    endloop
  endfacet
  facet normal 0.32348750654160124 -0.21614744150487783 -0.9212144791753942
    outer loop
      vertex -0.481940 -0.659792 1.283688
      vertex -0.438156 -0.660430 1.299213
      vertex -0.455438 -0.686294 1.299213
    endloop
  endfacet
  facet normal 0.3815795311289149 -0.07590088788047215 -0.9212144791753946
    outer loop
      vertex -0.472783 -0.646087 1.283688
      vertex -0.432088 -0.629921 1.299213
      vertex -0.438156 -0.660430 1.299213
    endloop
  endfacet
  facet normal 0 0 -1
    outer loop
      vertex -0.481940 -0.659792 1.283688
      vertex -0.472783 -0.613755 1.283688
      vertex -0.472783 -0.646087 1.283688
    endloop
  endfacet
  facet normal 0 0 -1
    outer loop
      vertex -0.472783 -0.646087 1.283688
      vertex -0.472783 -0.613755 1.283688
      vertex -0.469567 -0.629921 1.283688
    endloop
  endfacet
  facet normal 0 0 -1
    outer loop
      vertex -0.481940 -0.659792 1.283688
      vertex -0.481940 -0.600050 1.283688
      vertex -0.472783 -0.613755 1.283688
    endloop
  endfacet
  facet normal 0.38157953112891496 -0.07590088788047258 -0.9212144791753945
    outer loop
      vertex -0.472783 -0.646087 1.283688
      vertex -0.469567 -0.629921 1.283688
      vertex -0.432088 -0.629921 1.299213
    endloop
  endfacet
  facet normal 0.38157953112891463 0.07590088788047251 -0.9212144791753947
    outer loop
      vertex -0.469567 -0.629921 1.283688
      vertex -0.472783 -0.613755 1.283688
      vertex -0.438156 -0.599413 1.299213
    endloop
  endfacet
  facet normal 0.381579531128915 0.07590088788047201 -0.9212144791753946
    outer loop
      vertex -0.469567 -0.629921 1.283688
      vertex -0.438156 -0.599413 1.299213
      vertex -0.432088 -0.629921 1.299213
    endloop
  endfacet
  facet normal -0.32348750654160086 0.2161474415048782 -0.9212144791753942
    outer loop
      vertex -0.585466 -0.599413 1.299213
      vertex -0.568184 -0.573549 1.299213
      vertex -0.541682 -0.600050 1.283688
    endloop
  endfacet
  facet normal -0.21614744150487666 0.3234875065416023 -0.9212144791753942
    outer loop
      vertex -0.541682 -0.600050 1.283688
      vertex -0.568184 -0.573549 1.299213
      vertex -0.527977 -0.590893 1.283688
    endloop
  endfacet
  facet normal -0.2161474415048775 0.32348750654160074 -0.9212144791753946
    outer loop
      vertex -0.568184 -0.573549 1.299213
      vertex -0.542320 -0.556267 1.299213
      vertex -0.527977 -0.590893 1.283688
    endloop
  endfacet
  facet normal -0.07590088788047254 0.38157953112891474 -0.9212144791753946
    outer loop
      vertex -0.527977 -0.590893 1.283688
      vertex -0.542320 -0.556267 1.299213
      vertex -0.511811 -0.587677 1.283688
    endloop
  endfacet
  facet normal -0.0759008878804722 0.3815795311289151 -0.9212144791753945
    outer loop
      vertex -0.542320 -0.556267 1.299213
      vertex -0.511811 -0.550198 1.299213
      vertex -0.511811 -0.587677 1.283688
    endloop
  endfacet
  facet normal 0.07590088788047258 0.38157953112891496 -0.9212144791753945
    outer loop
      vertex -0.511811 -0.587677 1.283688
      vertex -0.511811 -0.550198 1.299213
      vertex -0.495645 -0.590893 1.283688
    endloop
  endfacet
  facet normal 0.21614744150487608 0.3234875065416014 -0.9212144791753947
    outer loop
      vertex -0.481940 -0.600050 1.283688
      vertex -0.495645 -0.590893 1.283688
      vertex -0.481302 -0.556267 1.299213
    endloop
  endfacet
  facet normal 0.07590088788047215 0.3815795311289149 -0.9212144791753946
    outer loop
      vertex -0.495645 -0.590893 1.283688
      vertex -0.511811 -0.550198 1.299213
      vertex -0.481302 -0.556267 1.299213
    endloop
  endfacet
  facet normal 0.3234875065416023 0.21614744150487666 -0.9212144791753942
    outer loop
      vertex -0.481940 -0.600050 1.283688
      vertex -0.455438 -0.573549 1.299213
      vertex -0.472783 -0.613755 1.283688
    endloop
  endfacet
  facet normal 0.21614744150487783 0.32348750654160124 -0.9212144791753942
    outer loop
      vertex -0.481940 -0.600050 1.283688
      vertex -0.481302 -0.556267 1.299213
      vertex -0.455438 -0.573549 1.299213
    endloop
  endfacet
  facet normal 0.3234875065416002 0.21614744150487772 -0.9212144791753946
    outer loop
      vertex -0.472783 -0.613755 1.283688
      vertex -0.455438 -0.573549 1.299213
      vertex -0.438156 -0.599413 1.299213
    endloop
  endfacet
  facet normal -0.5147164328119481 -0.770327579484985 0.37638067707860284
    outer loop
      vertex -0.661983 -0.780093 1.538307
      vertex -0.593083 -0.826130 1.538307
      vertex -0.639120 -0.757231 1.616364
    endloop
  endfacet
  facet normal 0.8314696123025453 -0.5555702330196022 0
    outer loop
      vertex -0.361639 -0.780093 1.496063
      vertex -0.315602 -0.711194 1.538307
      vertex -0.361639 -0.780093 1.538307
    endloop
  endfacet
  facet normal 0.8314696123025453 -0.5555702330196022 0
    outer loop
      vertex -0.361639 -0.780093 1.496063
      vertex -0.315602 -0.711194 1.496063
      vertex -0.315602 -0.711194 1.538307
    endloop
  endfacet
  facet normal 0.5147164328119482 -0.7703275794849851 0.3763806770786024
    outer loop
      vertex -0.430539 -0.826130 1.538307
      vertex -0.361639 -0.780093 1.538307
      vertex -0.384502 -0.757231 1.616364
    endloop
  endfacet
  facet normal 0.7703275794849855 -0.514716432811948 0.3763806770786023
    outer loop
      vertex -0.361639 -0.780093 1.538307
      vertex -0.315602 -0.711194 1.538307
      vertex -0.384502 -0.757231 1.616364
    endloop
  endfacet
  facet normal 0.7703275794849853 -0.5147164328119478 0.37638067707860223
    outer loop
      vertex -0.384502 -0.757231 1.616364
      vertex -0.315602 -0.711194 1.538307
      vertex -0.345473 -0.698821 1.616364
    endloop
  endfacet
  facet normal 0.9086633352183305 -0.1807443751593742 0.37638067707860273
    outer loop
      vertex -0.345473 -0.698821 1.616364
      vertex -0.315602 -0.711194 1.538307
      vertex -0.299436 -0.629921 1.538307
    endloop
  endfacet
  facet normal 0.9086633352183305 -0.18074437515937447 0.3763806770786025
    outer loop
      vertex -0.345473 -0.698821 1.616364
      vertex -0.299436 -0.629921 1.538307
      vertex -0.331768 -0.629921 1.616364
    endloop
  endfacet
  facet normal 0.9086633352183305 0.18074437515937447 0.3763806770786025
    outer loop
      vertex -0.331768 -0.629921 1.616364
      vertex -0.299436 -0.629921 1.538307
      vertex -0.345473 -0.561022 1.616364
    endloop
  endfacet
  facet normal -0.39663965676028257 -0.5936131960090997 0.7002145072825523
    outer loop
      vertex -0.580710 -0.796259 1.616364
      vertex -0.596876 -0.714987 1.676106
      vertex -0.639120 -0.757231 1.616364
    endloop
  endfacet
  facet normal -0.13928132531715393 -0.7002145072825534 0.7002145072825527
    outer loop
      vertex -0.580710 -0.796259 1.616364
      vertex -0.511811 -0.809964 1.616364
      vertex -0.557848 -0.741065 1.676106
    endloop
  endfacet
  facet normal -0.39663965676028146 -0.5936131960090998 0.7002145072825527
    outer loop
      vertex -0.580710 -0.796259 1.616364
      vertex -0.557848 -0.741065 1.676106
      vertex -0.596876 -0.714987 1.676106
    endloop
  endfacet
  facet normal -0.5936131960091003 -0.3966396567602818 0.7002145072825522
    outer loop
      vertex -0.639120 -0.757231 1.616364
      vertex -0.596876 -0.714987 1.676106
      vertex -0.622954 -0.675958 1.676106
    endloop
  endfacet
  facet normal -0.21614744150487708 -0.32348750654160136 0.9212144791753945
    outer loop
      vertex -0.596876 -0.714987 1.676106
      vertex -0.557848 -0.741065 1.676106
      vertex -0.541682 -0.659792 1.708438
    endloop
  endfacet
  facet normal -0.13928132531715293 -0.7002145072825532 0.7002145072825532
    outer loop
      vertex -0.511811 -0.809964 1.616364
      vertex -0.511811 -0.750222 1.676106
      vertex -0.557848 -0.741065 1.676106
    endloop
  endfacet
  facet normal 0.13928132531715293 -0.7002145072825532 0.7002145072825532
    outer loop
      vertex -0.511811 -0.809964 1.616364
      vertex -0.465774 -0.741065 1.676106
      vertex -0.511811 -0.750222 1.676106
    endloop
  endfacet
  facet normal -0.0759008878804722 -0.38157953112891535 0.9212144791753945
    outer loop
      vertex -0.511811 -0.750222 1.676106
      vertex -0.527977 -0.668950 1.708438
      vertex -0.557848 -0.741065 1.676106
    endloop
  endfacet
  facet normal 0.07590088788047214 -0.3815795311289151 0.9212144791753946
    outer loop
      vertex -0.511811 -0.750222 1.676106
      vertex -0.465774 -0.741065 1.676106
      vertex -0.511811 -0.672165 1.708438
    endloop
  endfacet
  facet normal -0.07590088788047097 -0.3815795311289151 0.9212144791753946
    outer loop
      vertex -0.511811 -0.750222 1.676106
      vertex -0.511811 -0.672165 1.708438
      vertex -0.527977 -0.668950 1.708438
    endloop
  endfacet
  facet normal 0.07590088788047109 -0.3815795311289157 0.9212144791753943
    outer loop
      vertex -0.511811 -0.672165 1.708438
      vertex -0.465774 -0.741065 1.676106
      vertex -0.495645 -0.668950 1.708438
    endloop
  endfacet
  facet normal -0.38157953112891535 -0.0759008878804722 0.9212144791753943
    outer loop
      vertex -0.622954 -0.675958 1.676106
      vertex -0.554055 -0.629921 1.708438
      vertex -0.632112 -0.629921 1.676106
    endloop
  endfacet
  facet normal -0.3234875065416012 -0.21614744150487697 0.9212144791753945
    outer loop
      vertex -0.596876 -0.714987 1.676106
      vertex -0.550839 -0.646087 1.708438
      vertex -0.622954 -0.675958 1.676106
    endloop
  endfacet
  facet normal -0.32348750654160185 -0.21614744150487653 0.9212144791753945
    outer loop
      vertex -0.596876 -0.714987 1.676106
      vertex -0.541682 -0.659792 1.708438
      vertex -0.550839 -0.646087 1.708438
    endloop
  endfacet
  facet normal -0.38157953112891513 -0.07590088788047249 0.9212144791753945
    outer loop
      vertex -0.622954 -0.675958 1.676106
      vertex -0.550839 -0.646087 1.708438
      vertex -0.554055 -0.629921 1.708438
    endloop
  endfacet
  facet normal -0.38157953112891535 0.0759008878804722 0.9212144791753943
    outer loop
      vertex -0.632112 -0.629921 1.676106
      vertex -0.554055 -0.629921 1.708438
      vertex -0.622954 -0.583884 1.676106
    endloop
  endfacet
  facet normal -0.38157953112891513 0.07590088788047261 0.9212144791753945
    outer loop
      vertex -0.554055 -0.629921 1.708438
      vertex -0.550839 -0.613755 1.708438
      vertex -0.622954 -0.583884 1.676106
    endloop
  endfacet
  facet normal -0.21614744150487636 -0.3234875065416016 0.9212144791753945
    outer loop
      vertex -0.557848 -0.741065 1.676106
      vertex -0.527977 -0.668950 1.708438
      vertex -0.541682 -0.659792 1.708438
    endloop
  endfacet
  facet normal 0.21614744150487616 -0.3234875065416016 0.9212144791753945
    outer loop
      vertex -0.495645 -0.668950 1.708438
      vertex -0.465774 -0.741065 1.676106
      vertex -0.481940 -0.659792 1.708438
    endloop
  endfacet
  facet normal 0 0 1
    outer loop
      vertex -0.541682 -0.659792 1.708438
      vertex -0.550839 -0.613755 1.708438
      vertex -0.550839 -0.646087 1.708438
    endloop
  endfacet
  facet normal 0 0 1
    outer loop
      vertex -0.550839 -0.646087 1.708438
      vertex -0.550839 -0.613755 1.708438
      vertex -0.554055 -0.629921 1.708438
    endloop
  endfacet
  facet normal 0 0 1
    outer loop
      vertex -0.541682 -0.659792 1.708438
      vertex -0.541682 -0.600050 1.708438
      vertex -0.550839 -0.613755 1.708438
    endloop
  endfacet
  facet normal 0 0 1
    outer loop
      vertex -0.541682 -0.659792 1.708438
      vertex -0.527977 -0.668950 1.708438
      vertex -0.541682 -0.600050 1.708438
    endloop
  endfacet
  facet normal 0 0 1
    outer loop
      vertex -0.527977 -0.668950 1.708438
      vertex -0.511811 -0.672165 1.708438
      vertex -0.527977 -0.590893 1.708438
    endloop
  endfacet
  facet normal 0 0 1
    outer loop
      vertex -0.527977 -0.668950 1.708438
      vertex -0.527977 -0.590893 1.708438
      vertex -0.541682 -0.600050 1.708438
    endloop
  endfacet
  facet normal 0 0 1
    outer loop
      vertex -0.511811 -0.672165 1.708438
      vertex -0.495645 -0.668950 1.708438
      vertex -0.511811 -0.587677 1.708438
    endloop
  endfacet
  facet normal 0 0 1
    outer loop
      vertex -0.495645 -0.668950 1.708438
      vertex -0.481940 -0.659792 1.708438
      vertex -0.495645 -0.590893 1.708438
    endloop
  endfacet
  facet normal 0 0 1
    outer loop
      vertex -0.511811 -0.672165 1.708438
      vertex -0.511811 -0.587677 1.708438
      vertex -0.527977 -0.590893 1.708438
    endloop
  endfacet
  facet normal 0 0 1
    outer loop
      vertex -0.495645 -0.668950 1.708438
      vertex -0.495645 -0.590893 1.708438
      vertex -0.511811 -0.587677 1.708438
    endloop
  endfacet
  facet normal 0 0 1
    outer loop
      vertex -0.481940 -0.659792 1.708438
      vertex -0.481940 -0.600050 1.708438
      vertex -0.495645 -0.590893 1.708438
    endloop
  endfacet
  facet normal 0.13928132531715393 -0.7002145072825534 0.7002145072825527
    outer loop
      vertex -0.511811 -0.809964 1.616364
      vertex -0.442912 -0.796259 1.616364
      vertex -0.465774 -0.741065 1.676106
    endloop
  endfacet
  facet normal 0.3966396567602822 -0.5936131960090997 0.7002145072825524
    outer loop
      vertex -0.442912 -0.796259 1.616364
      vertex -0.384502 -0.757231 1.616364
      vertex -0.426746 -0.714987 1.676106
    endloop
  endfacet
  facet normal 0.5936131960090996 -0.39663965676028184 0.7002145072825527
    outer loop
      vertex -0.384502 -0.757231 1.616364
      vertex -0.345473 -0.698821 1.616364
      vertex -0.400668 -0.675958 1.676106
    endloop
  endfacet
  facet normal 0.39663965676028146 -0.5936131960090998 0.7002145072825527
    outer loop
      vertex -0.442912 -0.796259 1.616364
      vertex -0.426746 -0.714987 1.676106
      vertex -0.465774 -0.741065 1.676106
    endloop
  endfacet
  facet normal 0.5936131960091001 -0.3966396567602817 0.7002145072825525
    outer loop
      vertex -0.384502 -0.757231 1.616364
      vertex -0.400668 -0.675958 1.676106
      vertex -0.426746 -0.714987 1.676106
    endloop
  endfacet
  facet normal 0.21614744150487714 -0.32348750654160136 0.9212144791753942
    outer loop
      vertex -0.481940 -0.659792 1.708438
      vertex -0.465774 -0.741065 1.676106
      vertex -0.426746 -0.714987 1.676106
    endloop
  endfacet
  facet normal 0.7002145072825534 -0.13928132531715393 0.7002145072825527
    outer loop
      vertex -0.345473 -0.698821 1.616364
      vertex -0.331768 -0.629921 1.616364
      vertex -0.400668 -0.675958 1.676106
    endloop
  endfacet
  facet normal 0.32348750654160197 -0.21614744150487644 0.9212144791753943
    outer loop
      vertex -0.481940 -0.659792 1.708438
      vertex -0.426746 -0.714987 1.676106
      vertex -0.472783 -0.646087 1.708438
    endloop
  endfacet
  facet normal 0.38157953112891513 -0.07590088788047249 0.9212144791753945
    outer loop
      vertex -0.400668 -0.675958 1.676106
      vertex -0.469567 -0.629921 1.708438
      vertex -0.472783 -0.646087 1.708438
    endloop
  endfacet
  facet normal 0.3234875065416012 -0.21614744150487697 0.9212144791753945
    outer loop
      vertex -0.426746 -0.714987 1.676106
      vertex -0.400668 -0.675958 1.676106
      vertex -0.472783 -0.646087 1.708438
    endloop
  endfacet
  facet normal 0.38157953112891513 -0.07590088788047274 0.9212144791753945
    outer loop
      vertex -0.400668 -0.675958 1.676106
      vertex -0.391510 -0.629921 1.676106
      vertex -0.469567 -0.629921 1.708438
    endloop
  endfacet
  facet normal 0 0 1
    outer loop
      vertex -0.481940 -0.659792 1.708438
      vertex -0.472783 -0.646087 1.708438
      vertex -0.481940 -0.600050 1.708438
    endloop
  endfacet
  facet normal 0 0 1
    outer loop
      vertex -0.472783 -0.646087 1.708438
      vertex -0.469567 -0.629921 1.708438
      vertex -0.472783 -0.613755 1.708438
    endloop
  endfacet
  facet normal 0 0 1
    outer loop
      vertex -0.481940 -0.600050 1.708438
      vertex -0.472783 -0.646087 1.708438
      vertex -0.472783 -0.613755 1.708438
    endloop
  endfacet
  facet normal 0.38157953112891513 0.07590088788047261 0.9212144791753945
    outer loop
      vertex -0.469567 -0.629921 1.708438
      vertex -0.400668 -0.583884 1.676106
      vertex -0.472783 -0.613755 1.708438
    endloop
  endfacet
  facet normal 0.3815795311289151 0.07590088788047274 0.9212144791753946
    outer loop
      vertex -0.469567 -0.629921 1.708438
      vertex -0.391510 -0.629921 1.676106
      vertex -0.400668 -0.583884 1.676106
    endloop
  endfacet
  facet normal 0.7002145072825534 -0.13928132531715404 0.7002145072825526
    outer loop
      vertex -0.331768 -0.629921 1.616364
      vertex -0.391510 -0.629921 1.676106
      vertex -0.400668 -0.675958 1.676106
    endloop
  endfacet
  facet normal 0.7002145072825534 0.13928132531715404 0.7002145072825526
    outer loop
      vertex -0.331768 -0.629921 1.616364
      vertex -0.400668 -0.583884 1.676106
      vertex -0.391510 -0.629921 1.676106
    endloop
  endfacet
  facet normal -0.5555702330196026 0.831469612302545 0
    outer loop
      vertex -0.661983 -0.479750 1.496063
      vertex -0.661983 -0.479750 1.538307
      vertex -0.593083 -0.433713 1.496063
    endloop
  endfacet
  facet normal -0.19509032201612805 0.9807852804032305 0
    outer loop
      vertex -0.593083 -0.433713 1.496063
      vertex -0.593083 -0.433713 1.538307
      vertex -0.511811 -0.417546 1.496063
    endloop
  endfacet
  facet normal -0.5555702330196026 0.831469612302545 0
    outer loop
      vertex -0.661983 -0.479750 1.538307
      vertex -0.593083 -0.433713 1.538307
      vertex -0.593083 -0.433713 1.496063
    endloop
  endfacet
  facet normal 0.19509032201612805 0.9807852804032305 0
    outer loop
      vertex -0.511811 -0.417546 1.496063
      vertex -0.511811 -0.417546 1.538307
      vertex -0.430539 -0.433713 1.496063
    endloop
  endfacet
  facet normal -0.19509032201612805 0.9807852804032305 0
    outer loop
      vertex -0.593083 -0.433713 1.538307
      vertex -0.511811 -0.417546 1.538307
      vertex -0.511811 -0.417546 1.496063
    endloop
  endfacet
  facet normal -0.5147164328119483 0.7703275794849852 0.3763806770786023
    outer loop
      vertex -0.661983 -0.479750 1.538307
      vertex -0.639120 -0.502612 1.616364
      vertex -0.593083 -0.433713 1.538307
    endloop
  endfacet
  facet normal -0.5147164328119478 0.7703275794849853 0.3763806770786026
    outer loop
      vertex -0.593083 -0.433713 1.538307
      vertex -0.639120 -0.502612 1.616364
      vertex -0.580710 -0.463584 1.616364
    endloop
  endfacet
  facet normal -0.1807443751593737 0.9086633352183306 0.3763806770786028
    outer loop
      vertex -0.593083 -0.433713 1.538307
      vertex -0.580710 -0.463584 1.616364
      vertex -0.511811 -0.417546 1.538307
    endloop
  endfacet
  facet normal -0.18074437515937453 0.9086633352183306 0.3763806770786022
    outer loop
      vertex -0.511811 -0.417546 1.538307
      vertex -0.580710 -0.463584 1.616364
      vertex -0.511811 -0.449879 1.616364
    endloop
  endfacet
  facet normal 0.18074437515937453 0.9086633352183306 0.3763806770786022
    outer loop
      vertex -0.511811 -0.417546 1.538307
      vertex -0.511811 -0.449879 1.616364
      vertex -0.442912 -0.463584 1.616364
    endloop
  endfacet
  facet normal 0.831469612302545 0.5555702330196026 0
    outer loop
      vertex -0.361639 -0.479750 1.496063
      vertex -0.361639 -0.479750 1.538307
      vertex -0.315602 -0.548649 1.496063
    endloop
  endfacet
  facet normal 0.831469612302545 0.5555702330196026 0
    outer loop
      vertex -0.361639 -0.479750 1.538307
      vertex -0.315602 -0.548649 1.538307
      vertex -0.315602 -0.548649 1.496063
    endloop
  endfacet
  facet normal 0.9086633352183304 0.18074437515937403 0.3763806770786028
    outer loop
      vertex -0.345473 -0.561022 1.616364
      vertex -0.299436 -0.629921 1.538307
      vertex -0.315602 -0.548649 1.538307
    endloop
  endfacet
  facet normal 0.7703275794849854 0.5147164328119485 0.3763806770786019
    outer loop
      vertex -0.361639 -0.479750 1.538307
      vertex -0.384502 -0.502612 1.616364
      vertex -0.315602 -0.548649 1.538307
    endloop
  endfacet
  facet normal 0.7703275794849855 0.5147164328119473 0.3763806770786027
    outer loop
      vertex -0.345473 -0.561022 1.616364
      vertex -0.315602 -0.548649 1.538307
      vertex -0.384502 -0.502612 1.616364
    endloop
  endfacet
  facet normal 0.5555702330196026 0.831469612302545 0
    outer loop
      vertex -0.430539 -0.433713 1.496063
      vertex -0.430539 -0.433713 1.538307
      vertex -0.361639 -0.479750 1.496063
    endloop
  endfacet
  facet normal 0.19509032201612805 0.9807852804032305 0
    outer loop
      vertex -0.511811 -0.417546 1.538307
      vertex -0.430539 -0.433713 1.538307
      vertex -0.430539 -0.433713 1.496063
    endloop
  endfacet
  facet normal 0.5555702330196026 0.831469612302545 0
    outer loop
      vertex -0.430539 -0.433713 1.538307
      vertex -0.361639 -0.479750 1.538307
      vertex -0.361639 -0.479750 1.496063
    endloop
  endfacet
  facet normal 0.5147164328119473 0.7703275794849855 0.3763806770786026
    outer loop
      vertex -0.430539 -0.433713 1.538307
      vertex -0.442912 -0.463584 1.616364
      vertex -0.384502 -0.502612 1.616364
    endloop
  endfacet
  facet normal 0.1807443751593737 0.9086633352183306 0.37638067707860273
    outer loop
      vertex -0.511811 -0.417546 1.538307
      vertex -0.442912 -0.463584 1.616364
      vertex -0.430539 -0.433713 1.538307
    endloop
  endfacet
  facet normal 0.5147164328119485 0.7703275794849854 0.3763806770786019
    outer loop
      vertex -0.430539 -0.433713 1.538307
      vertex -0.384502 -0.502612 1.616364
      vertex -0.361639 -0.479750 1.538307
    endloop
  endfacet
  facet normal -0.39663965676028196 0.5936131960090998 0.7002145072825525
    outer loop
      vertex -0.639120 -0.502612 1.616364
      vertex -0.596876 -0.544856 1.676106
      vertex -0.580710 -0.463584 1.616364
    endloop
  endfacet
  facet normal -0.3234875065416012 0.216147441504877 0.9212144791753945
    outer loop
      vertex -0.550839 -0.613755 1.708438
      vertex -0.596876 -0.544856 1.676106
      vertex -0.622954 -0.583884 1.676106
    endloop
  endfacet
  facet normal -0.32348750654160197 0.21614744150487644 0.9212144791753943
    outer loop
      vertex -0.550839 -0.613755 1.708438
      vertex -0.541682 -0.600050 1.708438
      vertex -0.596876 -0.544856 1.676106
    endloop
  endfacet
  facet normal -0.21614744150487714 0.32348750654160136 0.9212144791753942
    outer loop
      vertex -0.541682 -0.600050 1.708438
      vertex -0.557848 -0.518778 1.676106
      vertex -0.596876 -0.544856 1.676106
    endloop
  endfacet
  facet normal -0.5936131960091002 0.39663965676028173 0.7002145072825525
    outer loop
      vertex -0.639120 -0.502612 1.616364
      vertex -0.622954 -0.583884 1.676106
      vertex -0.596876 -0.544856 1.676106
    endloop
  endfacet
  facet normal -0.39663965676028134 0.5936131960090998 0.7002145072825527
    outer loop
      vertex -0.596876 -0.544856 1.676106
      vertex -0.557848 -0.518778 1.676106
      vertex -0.580710 -0.463584 1.616364
    endloop
  endfacet
  facet normal -0.21614744150487616 0.3234875065416016 0.9212144791753945
    outer loop
      vertex -0.541682 -0.600050 1.708438
      vertex -0.527977 -0.590893 1.708438
      vertex -0.557848 -0.518778 1.676106
    endloop
  endfacet
  facet normal -0.0759008878804726 0.381579531128915 0.9212144791753945
    outer loop
      vertex -0.527977 -0.590893 1.708438
      vertex -0.511811 -0.587677 1.708438
      vertex -0.511811 -0.509621 1.676106
    endloop
  endfacet
  facet normal 0.0759008878804726 0.381579531128915 0.9212144791753945
    outer loop
      vertex -0.511811 -0.587677 1.708438
      vertex -0.495645 -0.590893 1.708438
      vertex -0.511811 -0.509621 1.676106
    endloop
  endfacet
  facet normal 0.21614744150487616 0.3234875065416016 0.9212144791753945
    outer loop
      vertex -0.481940 -0.600050 1.708438
      vertex -0.465774 -0.518778 1.676106
      vertex -0.495645 -0.590893 1.708438
    endloop
  endfacet
  facet normal -0.07590088788047275 0.38157953112891513 0.9212144791753945
    outer loop
      vertex -0.527977 -0.590893 1.708438
      vertex -0.511811 -0.509621 1.676106
      vertex -0.557848 -0.518778 1.676106
    endloop
  endfacet
  facet normal 0.07590088788047275 0.38157953112891513 0.9212144791753945
    outer loop
      vertex -0.495645 -0.590893 1.708438
      vertex -0.465774 -0.518778 1.676106
      vertex -0.511811 -0.509621 1.676106
    endloop
  endfacet
  facet normal -0.13928132531715395 0.7002145072825534 0.7002145072825527
    outer loop
      vertex -0.557848 -0.518778 1.676106
      vertex -0.511811 -0.449879 1.616364
      vertex -0.580710 -0.463584 1.616364
    endloop
  endfacet
  facet normal -0.13928132531715406 0.7002145072825534 0.7002145072825526
    outer loop
      vertex -0.557848 -0.518778 1.676106
      vertex -0.511811 -0.509621 1.676106
      vertex -0.511811 -0.449879 1.616364
    endloop
  endfacet
  facet normal 0.13928132531715406 0.7002145072825534 0.7002145072825526
    outer loop
      vertex -0.511811 -0.509621 1.676106
      vertex -0.465774 -0.518778 1.676106
      vertex -0.511811 -0.449879 1.616364
    endloop
  endfacet
  facet normal 0.3966396567602815 0.5936131960090998 0.7002145072825527
    outer loop
      vertex -0.384502 -0.502612 1.616364
      vertex -0.442912 -0.463584 1.616364
      vertex -0.426746 -0.544856 1.676106
    endloop
  endfacet
  facet normal 0.5936131960090998 0.3966396567602815 0.7002145072825527
    outer loop
      vertex -0.345473 -0.561022 1.616364
      vertex -0.384502 -0.502612 1.616364
      vertex -0.400668 -0.583884 1.676106
    endloop
  endfacet
  facet normal 0.7002145072825534 0.13928132531715393 0.7002145072825527
    outer loop
      vertex -0.331768 -0.629921 1.616364
      vertex -0.345473 -0.561022 1.616364
      vertex -0.400668 -0.583884 1.676106
    endloop
  endfacet
  facet normal 0.32348750654160197 0.21614744150487644 0.9212144791753943
    outer loop
      vertex -0.481940 -0.600050 1.708438
      vertex -0.472783 -0.613755 1.708438
      vertex -0.426746 -0.544856 1.676106
    endloop
  endfacet
  facet normal 0.21614744150487714 0.32348750654160136 0.9212144791753942
    outer loop
      vertex -0.481940 -0.600050 1.708438
      vertex -0.426746 -0.544856 1.676106
      vertex -0.465774 -0.518778 1.676106
    endloop
  endfacet
  facet normal 0.3234875065416012 0.216147441504877 0.9212144791753945
    outer loop
      vertex -0.472783 -0.613755 1.708438
      vertex -0.400668 -0.583884 1.676106
      vertex -0.426746 -0.544856 1.676106
    endloop
  endfacet
  facet normal 0.39663965676028134 0.5936131960090998 0.7002145072825527
    outer loop
      vertex -0.465774 -0.518778 1.676106
      vertex -0.426746 -0.544856 1.676106
      vertex -0.442912 -0.463584 1.616364
    endloop
  endfacet
  facet normal 0.5936131960090999 0.3966396567602815 0.7002145072825527
    outer loop
      vertex -0.384502 -0.502612 1.616364
      vertex -0.426746 -0.544856 1.676106
      vertex -0.400668 -0.583884 1.676106
    endloop
  endfacet
  facet normal 0.13928132531715393 0.7002145072825534 0.7002145072825527
    outer loop
      vertex -0.511811 -0.449879 1.616364
      vertex -0.465774 -0.518778 1.676106
      vertex -0.442912 -0.463584 1.616364
    endloop
  endfacet
  facet normal 0.9807852804032303 -0.19509032201612858 0
    outer loop
      vertex -0.315602 -0.711194 1.496063
      vertex -0.299436 -0.629921 1.496063
      vertex -0.299436 -0.629921 1.538307
    endloop
  endfacet
  facet normal 0.9807852804032303 -0.19509032201612858 0
    outer loop
      vertex -0.315602 -0.711194 1.496063
      vertex -0.299436 -0.629921 1.538307
      vertex -0.315602 -0.711194 1.538307
    endloop
  endfacet
  facet normal 0.9807852804032305 0.19509032201612847 0
    outer loop
      vertex -0.299436 -0.629921 1.496063
      vertex -0.315602 -0.548649 1.538307
      vertex -0.299436 -0.629921 1.538307
    endloop
  endfacet
  facet normal 0.9807852804032305 0.19509032201612847 0
    outer loop
      vertex -0.299436 -0.629921 1.496063
      vertex -0.315602 -0.548649 1.496063
      vertex -0.315602 -0.548649 1.538307
    endloop
  endfacet
  facet normal 0 0 -1
    outer loop
      vertex 0.314961 -0.846457 1.299213
      vertex 0.248048 -0.835859 1.299213
      vertex 0.314961 -0.709644 1.299213
    endloop
  endfacet
  facet normal -0.45399049973954675 -0.8910065241883678 0
    outer loop
      vertex 0.187684 -0.805102 1.299213
      vertex 0.248048 -0.835859 1.299213
      vertex 0.248048 -0.835859 1.496063
    endloop
  endfacet
  facet normal -0.15643446504023067 -0.9876883405951378 0
    outer loop
      vertex 0.314961 -0.846457 1.299213
      vertex 0.314961 -0.846457 1.496063
      vertex 0.248048 -0.835859 1.299213
    endloop
  endfacet
  facet normal -0.45399049973954675 -0.8910065241883678 0
    outer loop
      vertex 0.187684 -0.805102 1.299213
      vertex 0.248048 -0.835859 1.496063
      vertex 0.187684 -0.805102 1.496063
    endloop
  endfacet
  facet normal -0.15643446504023067 -0.9876883405951378 0
    outer loop
      vertex 0.248048 -0.835859 1.299213
      vertex 0.314961 -0.846457 1.496063
      vertex 0.248048 -0.835859 1.496063
    endloop
  endfacet
  facet normal 0 0 -1
    outer loop
      vertex 0.314961 -0.846457 1.299213
      vertex 0.345469 -0.703576 1.299213
      vertex 0.381874 -0.835859 1.299213
    endloop
  endfacet
  facet normal 0.1564344650402306 -0.9876883405951378 0
    outer loop
      vertex 0.314961 -0.846457 1.299213
      vertex 0.381874 -0.835859 1.299213
      vertex 0.381874 -0.835859 1.496063
    endloop
  endfacet
  facet normal 0.4539904997395469 -0.8910065241883677 0
    outer loop
      vertex 0.381874 -0.835859 1.299213
      vertex 0.442237 -0.805102 1.299213
      vertex 0.442237 -0.805102 1.496063
    endloop
  endfacet
  facet normal 0.1564344650402306 -0.9876883405951378 0
    outer loop
      vertex 0.314961 -0.846457 1.299213
      vertex 0.381874 -0.835859 1.496063
      vertex 0.314961 -0.846457 1.496063
    endloop
  endfacet
  facet normal 0.4539904997395469 -0.8910065241883677 0
    outer loop
      vertex 0.381874 -0.835859 1.299213
      vertex 0.442237 -0.805102 1.496063
      vertex 0.381874 -0.835859 1.496063
    endloop
  endfacet
  facet normal 0 0 1
    outer loop
      vertex 0.187684 -0.805102 1.496063
      vertex 0.233688 -0.826130 1.496063
      vertex 0.164789 -0.780093 1.496063
    endloop
  endfacet
  facet normal 0 0 1
    outer loop
      vertex 0.187684 -0.805102 1.496063
      vertex 0.248048 -0.835859 1.496063
      vertex 0.233688 -0.826130 1.496063
    endloop
  endfacet
  facet normal 0 0 1
    outer loop
      vertex 0.233688 -0.826130 1.496063
      vertex 0.314961 -0.846457 1.496063
      vertex 0.314961 -0.842296 1.496063
    endloop
  endfacet
  facet normal 0 0 1
    outer loop
      vertex 0.233688 -0.826130 1.496063
      vertex 0.248048 -0.835859 1.496063
      vertex 0.314961 -0.846457 1.496063
    endloop
  endfacet
  facet normal 0 0 1
    outer loop
      vertex 0.314961 -0.846457 1.496063
      vertex 0.381874 -0.835859 1.496063
      vertex 0.314961 -0.842296 1.496063
    endloop
  endfacet
  facet normal 0 0 1
    outer loop
      vertex 0.314961 -0.842296 1.496063
      vertex 0.381874 -0.835859 1.496063
      vertex 0.396233 -0.826130 1.496063
    endloop
  endfacet
  facet normal 0 0 1
    outer loop
      vertex 0.381874 -0.835859 1.496063
      vertex 0.442237 -0.805102 1.496063
      vertex 0.396233 -0.826130 1.496063
    endloop
  endfacet
  facet normal 0 0 1
    outer loop
      vertex 0.396233 -0.826130 1.496063
      vertex 0.442237 -0.805102 1.496063
      vertex 0.465132 -0.780093 1.496063
    endloop
  endfacet
  facet normal -0.7071067811865475 -0.7071067811865475 0
    outer loop
      vertex 0.187684 -0.805102 1.299213
      vertex 0.139780 -0.757198 1.496063
      vertex 0.139780 -0.757198 1.299213
    endloop
  endfacet
  facet normal -0.891006524188368 -0.4539904997395466 0
    outer loop
      vertex 0.139780 -0.757198 1.299213
      vertex 0.109023 -0.696834 1.496063
      vertex 0.109023 -0.696834 1.299213
    endloop
  endfacet
  facet normal 0 0 -1
    outer loop
      vertex 0.139780 -0.757198 1.299213
      vertex 0.109023 -0.696834 1.299213
      vertex 0.139780 -0.502645 1.299213
    endloop
  endfacet
  facet normal 0 0 -1
    outer loop
      vertex 0.109023 -0.696834 1.299213
      vertex 0.098425 -0.629921 1.299213
      vertex 0.109023 -0.563008 1.299213
    endloop
  endfacet
  facet normal -0.9876883405951378 -0.15643446504023112 0
    outer loop
      vertex 0.109023 -0.696834 1.299213
      vertex 0.098425 -0.629921 1.496063
      vertex 0.098425 -0.629921 1.299213
    endloop
  endfacet
  facet normal 0 0 -1
    outer loop
      vertex 0.187684 -0.805102 1.299213
      vertex 0.258588 -0.686294 1.299213
      vertex 0.248048 -0.835859 1.299213
    endloop
  endfacet
  facet normal 0 0 -1
    outer loop
      vertex 0.187684 -0.805102 1.299213
      vertex 0.241306 -0.660430 1.299213
      vertex 0.258588 -0.686294 1.299213
    endloop
  endfacet
  facet normal 0 0 -1
    outer loop
      vertex 0.187684 -0.805102 1.299213
      vertex 0.235238 -0.629921 1.299213
      vertex 0.241306 -0.660430 1.299213
    endloop
  endfacet
  facet normal 0 0 -1
    outer loop
      vertex 0.248048 -0.835859 1.299213
      vertex 0.258588 -0.686294 1.299213
      vertex 0.284452 -0.703576 1.299213
    endloop
  endfacet
  facet normal 0 0 -1
    outer loop
      vertex 0.248048 -0.835859 1.299213
      vertex 0.284452 -0.703576 1.299213
      vertex 0.314961 -0.709644 1.299213
    endloop
  endfacet
  facet normal 0 0 -1
    outer loop
      vertex 0.187684 -0.805102 1.299213
      vertex 0.139780 -0.757198 1.299213
      vertex 0.187684 -0.454740 1.299213
    endloop
  endfacet
  facet normal 0 0 -1
    outer loop
      vertex 0.187684 -0.805102 1.299213
      vertex 0.241306 -0.599413 1.299213
      vertex 0.235238 -0.629921 1.299213
    endloop
  endfacet
  facet normal 0 0 -1
    outer loop
      vertex 0.187684 -0.805102 1.299213
      vertex 0.248048 -0.423984 1.299213
      vertex 0.241306 -0.599413 1.299213
    endloop
  endfacet
  facet normal -0.891006524188368 -0.4539904997395466 0
    outer loop
      vertex 0.139780 -0.757198 1.299213
      vertex 0.139780 -0.757198 1.496063
      vertex 0.109023 -0.696834 1.496063
    endloop
  endfacet
  facet normal -0.9876883405951378 -0.15643446504023112 0
    outer loop
      vertex 0.109023 -0.696834 1.299213
      vertex 0.109023 -0.696834 1.496063
      vertex 0.098425 -0.629921 1.496063
    endloop
  endfacet
  facet normal -0.9876883405951378 0.15643446504023112 0
    outer loop
      vertex 0.098425 -0.629921 1.299213
      vertex 0.098425 -0.629921 1.496063
      vertex 0.109023 -0.563008 1.496063
    endloop
  endfacet
  facet normal -0.7071067811865475 -0.7071067811865475 0
    outer loop
      vertex 0.187684 -0.805102 1.299213
      vertex 0.187684 -0.805102 1.496063
      vertex 0.139780 -0.757198 1.496063
    endloop
  endfacet
  facet normal 0 0 -1
    outer loop
      vertex 0.109023 -0.696834 1.299213
      vertex 0.109023 -0.563008 1.299213
      vertex 0.139780 -0.502645 1.299213
    endloop
  endfacet
  facet normal 0 0 -1
    outer loop
      vertex 0.139780 -0.757198 1.299213
      vertex 0.139780 -0.502645 1.299213
      vertex 0.187684 -0.454740 1.299213
    endloop
  endfacet
  facet normal -0.9876883405951378 0.15643446504023112 0
    outer loop
      vertex 0.098425 -0.629921 1.299213
      vertex 0.109023 -0.563008 1.496063
      vertex 0.109023 -0.563008 1.299213
    endloop
  endfacet
  facet normal -0.891006524188368 0.4539904997395466 0
    outer loop
      vertex 0.109023 -0.563008 1.299213
      vertex 0.139780 -0.502645 1.496063
      vertex 0.139780 -0.502645 1.299213
    endloop
  endfacet
  facet normal 0 0 -1
    outer loop
      vertex 0.187684 -0.805102 1.299213
      vertex 0.187684 -0.454740 1.299213
      vertex 0.248048 -0.423984 1.299213
    endloop
  endfacet
  facet normal 0 0 -1
    outer loop
      vertex 0.241306 -0.599413 1.299213
      vertex 0.248048 -0.423984 1.299213
      vertex 0.258588 -0.573549 1.299213
    endloop
  endfacet
  facet normal 0 0 -1
    outer loop
      vertex 0.258588 -0.573549 1.299213
      vertex 0.248048 -0.423984 1.299213
      vertex 0.284452 -0.556267 1.299213
    endloop
  endfacet
  facet normal 0 0 -1
    outer loop
      vertex 0.284452 -0.556267 1.299213
      vertex 0.314961 -0.413386 1.299213
      vertex 0.314961 -0.550198 1.299213
    endloop
  endfacet
  facet normal 0 0 -1
    outer loop
      vertex 0.284452 -0.556267 1.299213
      vertex 0.248048 -0.423984 1.299213
      vertex 0.314961 -0.413386 1.299213
    endloop
  endfacet
  facet normal -0.7071067811865475 0.7071067811865475 0
    outer loop
      vertex 0.139780 -0.502645 1.299213
      vertex 0.187684 -0.454740 1.496063
      vertex 0.187684 -0.454740 1.299213
    endloop
  endfacet
  facet normal -0.45399049973954675 0.8910065241883678 0
    outer loop
      vertex 0.187684 -0.454740 1.299213
      vertex 0.187684 -0.454740 1.496063
      vertex 0.248048 -0.423984 1.299213
    endloop
  endfacet
  facet normal -0.15643446504023067 0.9876883405951378 0
    outer loop
      vertex 0.248048 -0.423984 1.299213
      vertex 0.248048 -0.423984 1.496063
      vertex 0.314961 -0.413386 1.299213
    endloop
  endfacet
  facet normal -0.891006524188368 0.4539904997395466 0
    outer loop
      vertex 0.109023 -0.563008 1.299213
      vertex 0.109023 -0.563008 1.496063
      vertex 0.139780 -0.502645 1.496063
    endloop
  endfacet
  facet normal -0.7071067811865475 0.7071067811865475 0
    outer loop
      vertex 0.139780 -0.502645 1.299213
      vertex 0.139780 -0.502645 1.496063
      vertex 0.187684 -0.454740 1.496063
    endloop
  endfacet
  facet normal -0.45399049973954675 0.8910065241883678 0
    outer loop
      vertex 0.248048 -0.423984 1.299213
      vertex 0.187684 -0.454740 1.496063
      vertex 0.248048 -0.423984 1.496063
    endloop
  endfacet
  facet normal -0.15643446504023067 0.9876883405951378 0
    outer loop
      vertex 0.314961 -0.413386 1.299213
      vertex 0.248048 -0.423984 1.496063
      vertex 0.314961 -0.413386 1.496063
    endloop
  endfacet
  facet normal 0 0 -1
    outer loop
      vertex 0.314961 -0.846457 1.299213
      vertex 0.314961 -0.709644 1.299213
      vertex 0.345469 -0.703576 1.299213
    endloop
  endfacet
  facet normal 0 0 -1
    outer loop
      vertex 0.381874 -0.835859 1.299213
      vertex 0.345469 -0.703576 1.299213
      vertex 0.371333 -0.686294 1.299213
    endloop
  endfacet
  facet normal 0 0 -1
    outer loop
      vertex 0.381874 -0.835859 1.299213
      vertex 0.371333 -0.686294 1.299213
      vertex 0.388615 -0.660430 1.299213
    endloop
  endfacet
  facet normal 0 0 -1
    outer loop
      vertex 0.381874 -0.835859 1.299213
      vertex 0.442237 -0.454740 1.299213
      vertex 0.442237 -0.805102 1.299213
    endloop
  endfacet
  facet normal 0.7071067811865475 -0.7071067811865475 0
    outer loop
      vertex 0.442237 -0.805102 1.299213
      vertex 0.490141 -0.757198 1.299213
      vertex 0.442237 -0.805102 1.496063
    endloop
  endfacet
  facet normal 0 0 -1
    outer loop
      vertex 0.381874 -0.835859 1.299213
      vertex 0.388615 -0.660430 1.299213
      vertex 0.442237 -0.454740 1.299213
    endloop
  endfacet
  facet normal 0 0 -1
    outer loop
      vertex 0.442237 -0.805102 1.299213
      vertex 0.490141 -0.502645 1.299213
      vertex 0.490141 -0.757198 1.299213
    endloop
  endfacet
  facet normal 0.8910065241883677 -0.4539904997395469 0
    outer loop
      vertex 0.490141 -0.757198 1.299213
      vertex 0.520898 -0.696834 1.299213
      vertex 0.490141 -0.757198 1.496063
    endloop
  endfacet
  facet normal 0 0 -1
    outer loop
      vertex 0.490141 -0.757198 1.299213
      vertex 0.520898 -0.563008 1.299213
      vertex 0.520898 -0.696834 1.299213
    endloop
  endfacet
  facet normal 0 0 -1
    outer loop
      vertex 0.490141 -0.757198 1.299213
      vertex 0.490141 -0.502645 1.299213
      vertex 0.520898 -0.563008 1.299213
    endloop
  endfacet
  facet normal 0 0 -1
    outer loop
      vertex 0.520898 -0.696834 1.299213
      vertex 0.520898 -0.563008 1.299213
      vertex 0.531496 -0.629921 1.299213
    endloop
  endfacet
  facet normal 0.9876883405951378 -0.1564344650402306 0
    outer loop
      vertex 0.520898 -0.696834 1.299213
      vertex 0.531496 -0.629921 1.299213
      vertex 0.520898 -0.696834 1.496063
    endloop
  endfacet
  facet normal 0.9876883405951378 0.1564344650402306 0
    outer loop
      vertex 0.531496 -0.629921 1.299213
      vertex 0.520898 -0.563008 1.299213
      vertex 0.531496 -0.629921 1.496063
    endloop
  endfacet
  facet normal 0.7071067811865475 -0.7071067811865475 0
    outer loop
      vertex 0.442237 -0.805102 1.496063
      vertex 0.490141 -0.757198 1.299213
      vertex 0.490141 -0.757198 1.496063
    endloop
  endfacet
  facet normal 0.8910065241883677 -0.4539904997395469 0
    outer loop
      vertex 0.520898 -0.696834 1.299213
      vertex 0.520898 -0.696834 1.496063
      vertex 0.490141 -0.757198 1.496063
    endloop
  endfacet
  facet normal 0.9876883405951378 -0.1564344650402306 0
    outer loop
      vertex 0.531496 -0.629921 1.299213
      vertex 0.531496 -0.629921 1.496063
      vertex 0.520898 -0.696834 1.496063
    endloop
  endfacet
  facet normal 0 0 -1
    outer loop
      vertex 0.314961 -0.550198 1.299213
      vertex 0.381874 -0.423984 1.299213
      vertex 0.345469 -0.556267 1.299213
    endloop
  endfacet
  facet normal 0 0 -1
    outer loop
      vertex 0.345469 -0.556267 1.299213
      vertex 0.381874 -0.423984 1.299213
      vertex 0.371333 -0.573549 1.299213
    endloop
  endfacet
  facet normal 0 0 -1
    outer loop
      vertex 0.388615 -0.660430 1.299213
      vertex 0.394684 -0.629921 1.299213
      vertex 0.442237 -0.454740 1.299213
    endloop
  endfacet
  facet normal 0 0 -1
    outer loop
      vertex 0.394684 -0.629921 1.299213
      vertex 0.388615 -0.599413 1.299213
      vertex 0.442237 -0.454740 1.299213
    endloop
  endfacet
  facet normal 0 0 -1
    outer loop
      vertex 0.442237 -0.805102 1.299213
      vertex 0.442237 -0.454740 1.299213
      vertex 0.490141 -0.502645 1.299213
    endloop
  endfacet
  facet normal 0 0 -1
    outer loop
      vertex 0.388615 -0.599413 1.299213
      vertex 0.371333 -0.573549 1.299213
      vertex 0.442237 -0.454740 1.299213
    endloop
  endfacet
  facet normal 0 0 -1
    outer loop
      vertex 0.314961 -0.550198 1.299213
      vertex 0.314961 -0.413386 1.299213
      vertex 0.381874 -0.423984 1.299213
    endloop
  endfacet
  facet normal 0 0 -1
    outer loop
      vertex 0.371333 -0.573549 1.299213
      vertex 0.381874 -0.423984 1.299213
      vertex 0.442237 -0.454740 1.299213
    endloop
  endfacet
  facet normal 0.1564344650402306 0.9876883405951378 0
    outer loop
      vertex 0.314961 -0.413386 1.299213
      vertex 0.314961 -0.413386 1.496063
      vertex 0.381874 -0.423984 1.299213
    endloop
  endfacet
  facet normal 0.7071067811865475 0.7071067811865475 0
    outer loop
      vertex 0.442237 -0.454740 1.299213
      vertex 0.490141 -0.502645 1.496063
      vertex 0.490141 -0.502645 1.299213
    endloop
  endfacet
  facet normal 0.4539904997395469 0.8910065241883677 0
    outer loop
      vertex 0.381874 -0.423984 1.299213
      vertex 0.381874 -0.423984 1.496063
      vertex 0.442237 -0.454740 1.299213
    endloop
  endfacet
  facet normal 0.8910065241883677 0.4539904997395469 0
    outer loop
      vertex 0.520898 -0.563008 1.299213
      vertex 0.490141 -0.502645 1.299213
      vertex 0.520898 -0.563008 1.496063
    endloop
  endfacet
  facet normal 0.1564344650402306 0.9876883405951378 0
    outer loop
      vertex 0.381874 -0.423984 1.299213
      vertex 0.314961 -0.413386 1.496063
      vertex 0.381874 -0.423984 1.496063
    endloop
  endfacet
  facet normal 0.7071067811865475 0.7071067811865475 0
    outer loop
      vertex 0.442237 -0.454740 1.299213
      vertex 0.442237 -0.454740 1.496063
      vertex 0.490141 -0.502645 1.496063
    endloop
  endfacet
  facet normal 0.4539904997395469 0.8910065241883677 0
    outer loop
      vertex 0.442237 -0.454740 1.299213
      vertex 0.381874 -0.423984 1.496063
      vertex 0.442237 -0.454740 1.496063
    endloop
  endfacet
  facet normal 0.9876883405951378 0.1564344650402306 0
    outer loop
      vertex 0.520898 -0.563008 1.299213
      vertex 0.520898 -0.563008 1.496063
      vertex 0.531496 -0.629921 1.496063
    endloop
  endfacet
  facet normal 0.8910065241883677 0.4539904997395469 0
    outer loop
      vertex 0.490141 -0.502645 1.299213
      vertex 0.490141 -0.502645 1.496063
      vertex 0.520898 -0.563008 1.496063
    endloop
  endfacet
  facet normal 0 0 1
    outer loop
      vertex 0.139780 -0.757198 1.496063
      vertex 0.164789 -0.780093 1.496063
      vertex 0.118752 -0.711194 1.496063
    endloop
  endfacet
  facet normal 0 0 1
    outer loop
      vertex 0.139780 -0.757198 1.496063
      vertex 0.118752 -0.711194 1.496063
      vertex 0.109023 -0.696834 1.496063
    endloop
  endfacet
  facet normal 0 0 1
    outer loop
      vertex 0.118752 -0.711194 1.496063
      vertex 0.102586 -0.629921 1.496063
      vertex 0.109023 -0.696834 1.496063
    endloop
  endfacet
  facet normal 0 0 1
    outer loop
      vertex 0.109023 -0.696834 1.496063
      vertex 0.102586 -0.629921 1.496063
      vertex 0.098425 -0.629921 1.496063
    endloop
  endfacet
  facet normal 0 0 1
    outer loop
      vertex 0.098425 -0.629921 1.496063
      vertex 0.102586 -0.629921 1.496063
      vertex 0.118752 -0.548649 1.496063
    endloop
  endfacet
  facet normal 0 0 1
    outer loop
      vertex 0.187684 -0.805102 1.496063
      vertex 0.164789 -0.780093 1.496063
      vertex 0.139780 -0.757198 1.496063
    endloop
  endfacet
  facet normal 0 0 1
    outer loop
      vertex 0.098425 -0.629921 1.496063
      vertex 0.118752 -0.548649 1.496063
      vertex 0.109023 -0.563008 1.496063
    endloop
  endfacet
  facet normal 0 0 1
    outer loop
      vertex 0.109023 -0.563008 1.496063
      vertex 0.118752 -0.548649 1.496063
      vertex 0.139780 -0.502645 1.496063
    endloop
  endfacet
  facet normal 0 0 1
    outer loop
      vertex 0.118752 -0.548649 1.496063
      vertex 0.164789 -0.479750 1.496063
      vertex 0.139780 -0.502645 1.496063
    endloop
  endfacet
  facet normal 0 0 1
    outer loop
      vertex 0.139780 -0.502645 1.496063
      vertex 0.164789 -0.479750 1.496063
      vertex 0.187684 -0.454740 1.496063
    endloop
  endfacet
  facet normal 0 0 1
    outer loop
      vertex 0.164789 -0.479750 1.496063
      vertex 0.233688 -0.433713 1.496063
      vertex 0.187684 -0.454740 1.496063
    endloop
  endfacet
  facet normal 0 0 1
    outer loop
      vertex 0.187684 -0.454740 1.496063
      vertex 0.233688 -0.433713 1.496063
      vertex 0.248048 -0.423984 1.496063
    endloop
  endfacet
  facet normal 0 0 1
    outer loop
      vertex 0.233688 -0.433713 1.496063
      vertex 0.314961 -0.417546 1.496063
      vertex 0.248048 -0.423984 1.496063
    endloop
  endfacet
  facet normal 0 0 1
    outer loop
      vertex 0.248048 -0.423984 1.496063
      vertex 0.314961 -0.417546 1.496063
      vertex 0.314961 -0.413386 1.496063
    endloop
  endfacet
  facet normal 0 0 1
    outer loop
      vertex 0.442237 -0.805102 1.496063
      vertex 0.490141 -0.757198 1.496063
      vertex 0.465132 -0.780093 1.496063
    endloop
  endfacet
  facet normal 0 0 1
    outer loop
      vertex 0.465132 -0.780093 1.496063
      vertex 0.490141 -0.757198 1.496063
      vertex 0.511169 -0.711194 1.496063
    endloop
  endfacet
  facet normal 0 0 1
    outer loop
      vertex 0.490141 -0.757198 1.496063
      vertex 0.520898 -0.696834 1.496063
      vertex 0.511169 -0.711194 1.496063
    endloop
  endfacet
  facet normal 0 0 1
    outer loop
      vertex 0.511169 -0.711194 1.496063
      vertex 0.520898 -0.696834 1.496063
      vertex 0.531496 -0.629921 1.496063
    endloop
  endfacet
  facet normal 0 0 1
    outer loop
      vertex 0.511169 -0.711194 1.496063
      vertex 0.531496 -0.629921 1.496063
      vertex 0.527335 -0.629921 1.496063
    endloop
  endfacet
  facet normal 0 0 1
    outer loop
      vertex 0.527335 -0.629921 1.496063
      vertex 0.531496 -0.629921 1.496063
      vertex 0.520898 -0.563008 1.496063
    endloop
  endfacet
  facet normal 0 0 1
    outer loop
      vertex 0.314961 -0.417546 1.496063
      vertex 0.396233 -0.433713 1.496063
      vertex 0.314961 -0.413386 1.496063
    endloop
  endfacet
  facet normal 0 0 1
    outer loop
      vertex 0.314961 -0.413386 1.496063
      vertex 0.396233 -0.433713 1.496063
      vertex 0.381874 -0.423984 1.496063
    endloop
  endfacet
  facet normal 0 0 1
    outer loop
      vertex 0.396233 -0.433713 1.496063
      vertex 0.465132 -0.479750 1.496063
      vertex 0.442237 -0.454740 1.496063
    endloop
  endfacet
  facet normal 0 0 1
    outer loop
      vertex 0.465132 -0.479750 1.496063
      vertex 0.490141 -0.502645 1.496063
      vertex 0.442237 -0.454740 1.496063
    endloop
  endfacet
  facet normal 0 0 1
    outer loop
      vertex 0.396233 -0.433713 1.496063
      vertex 0.442237 -0.454740 1.496063
      vertex 0.381874 -0.423984 1.496063
    endloop
  endfacet
  facet normal 0 0 1
    outer loop
      vertex 0.527335 -0.629921 1.496063
      vertex 0.520898 -0.563008 1.496063
      vertex 0.511169 -0.548649 1.496063
    endloop
  endfacet
  facet normal 0 0 1
    outer loop
      vertex 0.511169 -0.548649 1.496063
      vertex 0.520898 -0.563008 1.496063
      vertex 0.490141 -0.502645 1.496063
    endloop
  endfacet
  facet normal 0 0 1
    outer loop
      vertex 0.465132 -0.479750 1.496063
      vertex 0.511169 -0.548649 1.496063
      vertex 0.490141 -0.502645 1.496063
    endloop
  endfacet
  facet normal -0.5555702330196024 -0.8314696123025452 0
    outer loop
      vertex 0.233688 -0.826130 1.496063
      vertex 0.233688 -0.826130 1.538307
      vertex 0.164789 -0.780093 1.496063
    endloop
  endfacet
  facet normal -0.5555702330196024 -0.8314696123025452 0
    outer loop
      vertex 0.233688 -0.826130 1.538307
      vertex 0.164789 -0.780093 1.538307
      vertex 0.164789 -0.780093 1.496063
    endloop
  endfacet
  facet normal -0.19509032201612805 -0.9807852804032305 0
    outer loop
      vertex 0.233688 -0.826130 1.496063
      vertex 0.314961 -0.842296 1.496063
      vertex 0.314961 -0.842296 1.538307
    endloop
  endfacet
  facet normal -0.19509032201612805 -0.9807852804032305 0
    outer loop
      vertex 0.233688 -0.826130 1.496063
      vertex 0.314961 -0.842296 1.538307
      vertex 0.233688 -0.826130 1.538307
    endloop
  endfacet
  facet normal -0.5147164328119477 -0.7703275794849853 0.3763806770786029
    outer loop
      vertex 0.233688 -0.826130 1.538307
      vertex 0.246061 -0.796259 1.616364
      vertex 0.187651 -0.757231 1.616364
    endloop
  endfacet
  facet normal -0.1807443751593737 -0.9086633352183306 0.37638067707860284
    outer loop
      vertex 0.233688 -0.826130 1.538307
      vertex 0.314961 -0.842296 1.538307
      vertex 0.246061 -0.796259 1.616364
    endloop
  endfacet
  facet normal -0.1807443751593746 -0.9086633352183306 0.3763806770786022
    outer loop
      vertex 0.314961 -0.842296 1.538307
      vertex 0.314961 -0.809964 1.616364
      vertex 0.246061 -0.796259 1.616364
    endloop
  endfacet
  facet normal 0.19509032201612805 -0.9807852804032305 0
    outer loop
      vertex 0.314961 -0.842296 1.496063
      vertex 0.396233 -0.826130 1.496063
      vertex 0.396233 -0.826130 1.538307
    endloop
  endfacet
  facet normal 0.19509032201612805 -0.9807852804032305 0
    outer loop
      vertex 0.314961 -0.842296 1.496063
      vertex 0.396233 -0.826130 1.538307
      vertex 0.314961 -0.842296 1.538307
    endloop
  endfacet
  facet normal 0.5555702330196026 -0.831469612302545 0
    outer loop
      vertex 0.396233 -0.826130 1.496063
      vertex 0.465132 -0.780093 1.496063
      vertex 0.465132 -0.780093 1.538307
    endloop
  endfacet
  facet normal 0.5555702330196026 -0.831469612302545 0
    outer loop
      vertex 0.396233 -0.826130 1.496063
      vertex 0.465132 -0.780093 1.538307
      vertex 0.396233 -0.826130 1.538307
    endloop
  endfacet
  facet normal 0.1807443751593737 -0.9086633352183306 0.37638067707860273
    outer loop
      vertex 0.314961 -0.842296 1.538307
      vertex 0.396233 -0.826130 1.538307
      vertex 0.383860 -0.796259 1.616364
    endloop
  endfacet
  facet normal 0.18074437515937453 -0.9086633352183306 0.3763806770786022
    outer loop
      vertex 0.314961 -0.842296 1.538307
      vertex 0.383860 -0.796259 1.616364
      vertex 0.314961 -0.809964 1.616364
    endloop
  endfacet
  facet normal 0.5147164328119479 -0.7703275794849852 0.3763806770786026
    outer loop
      vertex 0.396233 -0.826130 1.538307
      vertex 0.442270 -0.757231 1.616364
      vertex 0.383860 -0.796259 1.616364
    endloop
  endfacet
  facet normal -0.07590088788047207 -0.38157953112891485 -0.9212144791753947
    outer loop
      vertex 0.284452 -0.703576 1.299213
      vertex 0.298795 -0.668950 1.283688
      vertex 0.314961 -0.709644 1.299213
    endloop
  endfacet
  facet normal -0.21614744150487764 -0.32348750654160097 -0.9212144791753945
    outer loop
      vertex 0.284452 -0.703576 1.299213
      vertex 0.258588 -0.686294 1.299213
      vertex 0.285090 -0.659792 1.283688
    endloop
  endfacet
  facet normal -0.3234875065416009 -0.21614744150487716 -0.9212144791753945
    outer loop
      vertex 0.258588 -0.686294 1.299213
      vertex 0.241306 -0.660430 1.299213
      vertex 0.275932 -0.646087 1.283688
    endloop
  endfacet
  facet normal -0.32348750654160136 -0.21614744150487683 -0.9212144791753945
    outer loop
      vertex 0.258588 -0.686294 1.299213
      vertex 0.275932 -0.646087 1.283688
      vertex 0.285090 -0.659792 1.283688
    endloop
  endfacet
  facet normal -0.38157953112891474 -0.07590088788047254 -0.9212144791753946
    outer loop
      vertex 0.275932 -0.646087 1.283688
      vertex 0.241306 -0.660430 1.299213
      vertex 0.272717 -0.629921 1.283688
    endloop
  endfacet
  facet normal -0.2161474415048764 -0.323487506541601 -0.9212144791753947
    outer loop
      vertex 0.284452 -0.703576 1.299213
      vertex 0.285090 -0.659792 1.283688
      vertex 0.298795 -0.668950 1.283688
    endloop
  endfacet
  facet normal -0.07590088788047082 -0.38157953112891446 -0.9212144791753949
    outer loop
      vertex 0.314961 -0.709644 1.299213
      vertex 0.298795 -0.668950 1.283688
      vertex 0.314961 -0.672165 1.283688
    endloop
  endfacet
  facet normal -0.3815795311289151 -0.0759008878804722 -0.9212144791753945
    outer loop
      vertex 0.235238 -0.629921 1.299213
      vertex 0.272717 -0.629921 1.283688
      vertex 0.241306 -0.660430 1.299213
    endloop
  endfacet
  facet normal 0 0 -1
    outer loop
      vertex 0.275932 -0.646087 1.283688
      vertex 0.272717 -0.629921 1.283688
      vertex 0.275932 -0.613755 1.283688
    endloop
  endfacet
  facet normal -0.38157953112891496 0.07590088788047263 -0.9212144791753945
    outer loop
      vertex 0.235238 -0.629921 1.299213
      vertex 0.275932 -0.613755 1.283688
      vertex 0.272717 -0.629921 1.283688
    endloop
  endfacet
  facet normal -0.3815795311289148 0.07590088788047197 -0.9212144791753946
    outer loop
      vertex 0.235238 -0.629921 1.299213
      vertex 0.241306 -0.599413 1.299213
      vertex 0.275932 -0.613755 1.283688
    endloop
  endfacet
  facet normal 0 0 -1
    outer loop
      vertex 0.275932 -0.646087 1.283688
      vertex 0.275932 -0.613755 1.283688
      vertex 0.285090 -0.600050 1.283688
    endloop
  endfacet
  facet normal -0.32348750654160086 0.21614744150487653 -0.9212144791753948
    outer loop
      vertex 0.275932 -0.613755 1.283688
      vertex 0.241306 -0.599413 1.299213
      vertex 0.285090 -0.600050 1.283688
    endloop
  endfacet
  facet normal 0 0 -1
    outer loop
      vertex 0.275932 -0.646087 1.283688
      vertex 0.285090 -0.600050 1.283688
      vertex 0.285090 -0.659792 1.283688
    endloop
  endfacet
  facet normal 0 0 -1
    outer loop
      vertex 0.285090 -0.659792 1.283688
      vertex 0.298795 -0.590893 1.283688
      vertex 0.298795 -0.668950 1.283688
    endloop
  endfacet
  facet normal 0 0 -1
    outer loop
      vertex 0.314961 -0.672165 1.283688
      vertex 0.298795 -0.668950 1.283688
      vertex 0.314961 -0.587677 1.283688
    endloop
  endfacet
  facet normal 0 0 -1
    outer loop
      vertex 0.285090 -0.659792 1.283688
      vertex 0.285090 -0.600050 1.283688
      vertex 0.298795 -0.590893 1.283688
    endloop
  endfacet
  facet normal 0 0 -1
    outer loop
      vertex 0.298795 -0.668950 1.283688
      vertex 0.298795 -0.590893 1.283688
      vertex 0.314961 -0.587677 1.283688
    endloop
  endfacet
  facet normal -0.3234875065416007 0.21614744150487764 -0.9212144791753945
    outer loop
      vertex 0.241306 -0.599413 1.299213
      vertex 0.258588 -0.573549 1.299213
      vertex 0.285090 -0.600050 1.283688
    endloop
  endfacet
  facet normal -0.21614744150487683 0.3234875065416017 -0.9212144791753945
    outer loop
      vertex 0.285090 -0.600050 1.283688
      vertex 0.258588 -0.573549 1.299213
      vertex 0.298795 -0.590893 1.283688
    endloop
  endfacet
  facet normal -0.2161474415048774 0.32348750654160063 -0.9212144791753946
    outer loop
      vertex 0.258588 -0.573549 1.299213
      vertex 0.284452 -0.556267 1.299213
      vertex 0.298795 -0.590893 1.283688
    endloop
  endfacet
  facet normal -0.07590088788047253 0.3815795311289147 -0.9212144791753947
    outer loop
      vertex 0.298795 -0.590893 1.283688
      vertex 0.284452 -0.556267 1.299213
      vertex 0.314961 -0.587677 1.283688
    endloop
  endfacet
  facet normal -0.0759008878804721 0.3815795311289151 -0.9212144791753946
    outer loop
      vertex 0.314961 -0.587677 1.283688
      vertex 0.284452 -0.556267 1.299213
      vertex 0.314961 -0.550198 1.299213
    endloop
  endfacet
  facet normal 0.07590088788047206 -0.38157953112891435 -0.9212144791753947
    outer loop
      vertex 0.314961 -0.709644 1.299213
      vertex 0.314961 -0.672165 1.283688
      vertex 0.345469 -0.703576 1.299213
    endloop
  endfacet
  facet normal 0.075900887880471 -0.38157953112891535 -0.9212144791753945
    outer loop
      vertex 0.314961 -0.672165 1.283688
      vertex 0.331127 -0.668950 1.283688
      vertex 0.345469 -0.703576 1.299213
    endloop
  endfacet
  facet normal 0.2161474415048775 -0.32348750654160074 -0.9212144791753946
    outer loop
      vertex 0.345469 -0.703576 1.299213
      vertex 0.331127 -0.668950 1.283688
      vertex 0.371333 -0.686294 1.299213
    endloop
  endfacet
  facet normal 0.21614744150487666 -0.3234875065416023 -0.9212144791753942
    outer loop
      vertex 0.331127 -0.668950 1.283688
      vertex 0.344832 -0.659792 1.283688
      vertex 0.371333 -0.686294 1.299213
    endloop
  endfacet
  facet normal 0.32348750654160124 -0.21614744150487783 -0.9212144791753942
    outer loop
      vertex 0.344832 -0.659792 1.283688
      vertex 0.388615 -0.660430 1.299213
      vertex 0.371333 -0.686294 1.299213
    endloop
  endfacet
  facet normal 0.3234875065416014 -0.21614744150487608 -0.9212144791753947
    outer loop
      vertex 0.344832 -0.659792 1.283688
      vertex 0.353989 -0.646087 1.283688
      vertex 0.388615 -0.660430 1.299213
    endloop
  endfacet
  facet normal 0.3815795311289149 -0.07590088788047215 -0.9212144791753946
    outer loop
      vertex 0.353989 -0.646087 1.283688
      vertex 0.394684 -0.629921 1.299213
      vertex 0.388615 -0.660430 1.299213
    endloop
  endfacet
  facet normal 0 0 -1
    outer loop
      vertex 0.314961 -0.672165 1.283688
      vertex 0.331127 -0.590893 1.283688
      vertex 0.331127 -0.668950 1.283688
    endloop
  endfacet
  facet normal 0 0 -1
    outer loop
      vertex 0.331127 -0.668950 1.283688
      vertex 0.344832 -0.600050 1.283688
      vertex 0.344832 -0.659792 1.283688
    endloop
  endfacet
  facet normal 0 0 -1
    outer loop
      vertex 0.344832 -0.659792 1.283688
      vertex 0.353989 -0.613755 1.283688
      vertex 0.353989 -0.646087 1.283688
    endloop
  endfacet
  facet normal 0 0 -1
    outer loop
      vertex 0.344832 -0.659792 1.283688
      vertex 0.344832 -0.600050 1.283688
      vertex 0.353989 -0.613755 1.283688
    endloop
  endfacet
  facet normal 0 0 -1
    outer loop
      vertex 0.353989 -0.646087 1.283688
      vertex 0.353989 -0.613755 1.283688
      vertex 0.357205 -0.629921 1.283688
    endloop
  endfacet
  facet normal 0 0 -1
    outer loop
      vertex 0.314961 -0.672165 1.283688
      vertex 0.314961 -0.587677 1.283688
      vertex 0.331127 -0.590893 1.283688
    endloop
  endfacet
  facet normal 0 0 -1
    outer loop
      vertex 0.331127 -0.668950 1.283688
      vertex 0.331127 -0.590893 1.283688
      vertex 0.344832 -0.600050 1.283688
    endloop
  endfacet
  facet normal 0.38157953112891496 -0.07590088788047258 -0.9212144791753945
    outer loop
      vertex 0.353989 -0.646087 1.283688
      vertex 0.357205 -0.629921 1.283688
      vertex 0.394684 -0.629921 1.299213
    endloop
  endfacet
  facet normal 0.38157953112891463 0.07590088788047251 -0.9212144791753947
    outer loop
      vertex 0.357205 -0.629921 1.283688
      vertex 0.353989 -0.613755 1.283688
      vertex 0.388615 -0.599413 1.299213
    endloop
  endfacet
  facet normal 0.381579531128915 0.07590088788047201 -0.9212144791753946
    outer loop
      vertex 0.357205 -0.629921 1.283688
      vertex 0.388615 -0.599413 1.299213
      vertex 0.394684 -0.629921 1.299213
    endloop
  endfacet
  facet normal 0.07590088788047258 0.38157953112891496 -0.9212144791753945
    outer loop
      vertex 0.314961 -0.587677 1.283688
      vertex 0.314961 -0.550198 1.299213
      vertex 0.331127 -0.590893 1.283688
    endloop
  endfacet
  facet normal 0.3234875065416023 0.21614744150487666 -0.9212144791753942
    outer loop
      vertex 0.353989 -0.613755 1.283688
      vertex 0.344832 -0.600050 1.283688
      vertex 0.371333 -0.573549 1.299213
    endloop
  endfacet
  facet normal 0.21614744150487608 0.3234875065416014 -0.9212144791753947
    outer loop
      vertex 0.344832 -0.600050 1.283688
      vertex 0.331127 -0.590893 1.283688
      vertex 0.345469 -0.556267 1.299213
    endloop
  endfacet
  facet normal 0.21614744150487783 0.32348750654160124 -0.9212144791753942
    outer loop
      vertex 0.344832 -0.600050 1.283688
      vertex 0.345469 -0.556267 1.299213
      vertex 0.371333 -0.573549 1.299213
    endloop
  endfacet
  facet normal 0.07590088788047215 0.3815795311289149 -0.9212144791753946
    outer loop
      vertex 0.314961 -0.550198 1.299213
      vertex 0.345469 -0.556267 1.299213
      vertex 0.331127 -0.590893 1.283688
    endloop
  endfacet
  facet normal 0.3234875065416002 0.21614744150487772 -0.9212144791753946
    outer loop
      vertex 0.353989 -0.613755 1.283688
      vertex 0.371333 -0.573549 1.299213
      vertex 0.388615 -0.599413 1.299213
    endloop
  endfacet
  facet normal -0.8314696123025455 -0.5555702330196018 0
    outer loop
      vertex 0.118752 -0.711194 1.496063
      vertex 0.164789 -0.780093 1.496063
      vertex 0.164789 -0.780093 1.538307
    endloop
  endfacet
  facet normal -0.8314696123025455 -0.5555702330196018 0
    outer loop
      vertex 0.118752 -0.711194 1.496063
      vertex 0.164789 -0.780093 1.538307
      vertex 0.118752 -0.711194 1.538307
    endloop
  endfacet
  facet normal -0.7703275794849855 -0.5147164328119477 0.3763806770786025
    outer loop
      vertex 0.118752 -0.711194 1.538307
      vertex 0.164789 -0.780093 1.538307
      vertex 0.187651 -0.757231 1.616364
    endloop
  endfacet
  facet normal -0.7703275794849853 -0.5147164328119482 0.3763806770786019
    outer loop
      vertex 0.118752 -0.711194 1.538307
      vertex 0.187651 -0.757231 1.616364
      vertex 0.148623 -0.698821 1.616364
    endloop
  endfacet
  facet normal -0.9807852804032303 -0.19509032201612858 0
    outer loop
      vertex 0.118752 -0.711194 1.496063
      vertex 0.118752 -0.711194 1.538307
      vertex 0.102586 -0.629921 1.496063
    endloop
  endfacet
  facet normal -0.9807852804032303 -0.19509032201612858 0
    outer loop
      vertex 0.118752 -0.711194 1.538307
      vertex 0.102586 -0.629921 1.538307
      vertex 0.102586 -0.629921 1.496063
    endloop
  endfacet
  facet normal -0.9807852804032305 0.19509032201612847 0
    outer loop
      vertex 0.102586 -0.629921 1.496063
      vertex 0.102586 -0.629921 1.538307
      vertex 0.118752 -0.548649 1.496063
    endloop
  endfacet
  facet normal -0.9086633352183305 -0.18074437515937425 0.37638067707860234
    outer loop
      vertex 0.118752 -0.711194 1.538307
      vertex 0.148623 -0.698821 1.616364
      vertex 0.102586 -0.629921 1.538307
    endloop
  endfacet
  facet normal -0.9086633352183306 -0.18074437515937405 0.3763806770786025
    outer loop
      vertex 0.102586 -0.629921 1.538307
      vertex 0.148623 -0.698821 1.616364
      vertex 0.134918 -0.629921 1.616364
    endloop
  endfacet
  facet normal -0.9086633352183306 0.18074437515937405 0.3763806770786025
    outer loop
      vertex 0.102586 -0.629921 1.538307
      vertex 0.134918 -0.629921 1.616364
      vertex 0.148623 -0.561022 1.616364
    endloop
  endfacet
  facet normal -0.514716432811948 -0.7703275794849851 0.3763806770786027
    outer loop
      vertex 0.233688 -0.826130 1.538307
      vertex 0.187651 -0.757231 1.616364
      vertex 0.164789 -0.780093 1.538307
    endloop
  endfacet
  facet normal -0.396639656760282 -0.5936131960090999 0.7002145072825524
    outer loop
      vertex 0.246061 -0.796259 1.616364
      vertex 0.229895 -0.714987 1.676106
      vertex 0.187651 -0.757231 1.616364
    endloop
  endfacet
  facet normal -0.5936131960090993 -0.396639656760282 0.7002145072825529
    outer loop
      vertex 0.148623 -0.698821 1.616364
      vertex 0.187651 -0.757231 1.616364
      vertex 0.203817 -0.675958 1.676106
    endloop
  endfacet
  facet normal -0.139281325317154 -0.7002145072825535 0.7002145072825527
    outer loop
      vertex 0.246061 -0.796259 1.616364
      vertex 0.314961 -0.809964 1.616364
      vertex 0.268924 -0.741065 1.676106
    endloop
  endfacet
  facet normal -0.5936131960091001 -0.3966396567602817 0.7002145072825525
    outer loop
      vertex 0.187651 -0.757231 1.616364
      vertex 0.229895 -0.714987 1.676106
      vertex 0.203817 -0.675958 1.676106
    endloop
  endfacet
  facet normal -0.3966396567602815 -0.5936131960090999 0.7002145072825526
    outer loop
      vertex 0.246061 -0.796259 1.616364
      vertex 0.268924 -0.741065 1.676106
      vertex 0.229895 -0.714987 1.676106
    endloop
  endfacet
  facet normal -0.13928132531715293 -0.7002145072825532 0.7002145072825532
    outer loop
      vertex 0.314961 -0.809964 1.616364
      vertex 0.314961 -0.750222 1.676106
      vertex 0.268924 -0.741065 1.676106
    endloop
  endfacet
  facet normal -0.21614744150487705 -0.3234875065416013 0.9212144791753945
    outer loop
      vertex 0.229895 -0.714987 1.676106
      vertex 0.268924 -0.741065 1.676106
      vertex 0.285090 -0.659792 1.708438
    endloop
  endfacet
  facet normal -0.0759008878804722 -0.38157953112891535 0.9212144791753945
    outer loop
      vertex 0.314961 -0.750222 1.676106
      vertex 0.298795 -0.668950 1.708438
      vertex 0.268924 -0.741065 1.676106
    endloop
  endfacet
  facet normal -0.07590088788047097 -0.3815795311289151 0.9212144791753946
    outer loop
      vertex 0.314961 -0.750222 1.676106
      vertex 0.314961 -0.672165 1.708438
      vertex 0.298795 -0.668950 1.708438
    endloop
  endfacet
  facet normal -0.7002145072825532 -0.1392813253171535 0.7002145072825529
    outer loop
      vertex 0.148623 -0.698821 1.616364
      vertex 0.203817 -0.675958 1.676106
      vertex 0.134918 -0.629921 1.616364
    endloop
  endfacet
  facet normal -0.7002145072825534 -0.13928132531715404 0.7002145072825526
    outer loop
      vertex 0.134918 -0.629921 1.616364
      vertex 0.203817 -0.675958 1.676106
      vertex 0.194660 -0.629921 1.676106
    endloop
  endfacet
  facet normal -0.3234875065416012 -0.21614744150487697 0.9212144791753945
    outer loop
      vertex 0.229895 -0.714987 1.676106
      vertex 0.275932 -0.646087 1.708438
      vertex 0.203817 -0.675958 1.676106
    endloop
  endfacet
  facet normal -0.38157953112891513 -0.07590088788047274 0.9212144791753945
    outer loop
      vertex 0.203817 -0.675958 1.676106
      vertex 0.272717 -0.629921 1.708438
      vertex 0.194660 -0.629921 1.676106
    endloop
  endfacet
  facet normal -0.7002145072825534 0.13928132531715404 0.7002145072825526
    outer loop
      vertex 0.134918 -0.629921 1.616364
      vertex 0.194660 -0.629921 1.676106
      vertex 0.203817 -0.583884 1.676106
    endloop
  endfacet
  facet normal -0.3815795311289151 0.07590088788047272 0.9212144791753946
    outer loop
      vertex 0.194660 -0.629921 1.676106
      vertex 0.272717 -0.629921 1.708438
      vertex 0.203817 -0.583884 1.676106
    endloop
  endfacet
  facet normal -0.3234875065416012 -0.21614744150487683 0.9212144791753945
    outer loop
      vertex 0.229895 -0.714987 1.676106
      vertex 0.285090 -0.659792 1.708438
      vertex 0.275932 -0.646087 1.708438
    endloop
  endfacet
  facet normal -0.38157953112891513 -0.07590088788047249 0.9212144791753945
    outer loop
      vertex 0.203817 -0.675958 1.676106
      vertex 0.275932 -0.646087 1.708438
      vertex 0.272717 -0.629921 1.708438
    endloop
  endfacet
  facet normal -0.2161474415048768 -0.32348750654160136 0.9212144791753946
    outer loop
      vertex 0.268924 -0.741065 1.676106
      vertex 0.298795 -0.668950 1.708438
      vertex 0.285090 -0.659792 1.708438
    endloop
  endfacet
  facet normal 0 0 1
    outer loop
      vertex 0.275932 -0.646087 1.708438
      vertex 0.285090 -0.659792 1.708438
      vertex 0.275932 -0.613755 1.708438
    endloop
  endfacet
  facet normal 0 0 1
    outer loop
      vertex 0.275932 -0.646087 1.708438
      vertex 0.275932 -0.613755 1.708438
      vertex 0.272717 -0.629921 1.708438
    endloop
  endfacet
  facet normal -0.38157953112891513 0.07590088788047261 0.9212144791753945
    outer loop
      vertex 0.272717 -0.629921 1.708438
      vertex 0.275932 -0.613755 1.708438
      vertex 0.203817 -0.583884 1.676106
    endloop
  endfacet
  facet normal 0 0 1
    outer loop
      vertex 0.285090 -0.659792 1.708438
      vertex 0.298795 -0.668950 1.708438
      vertex 0.285090 -0.600050 1.708438
    endloop
  endfacet
  facet normal 0 0 1
    outer loop
      vertex 0.285090 -0.659792 1.708438
      vertex 0.285090 -0.600050 1.708438
      vertex 0.275932 -0.613755 1.708438
    endloop
  endfacet
  facet normal 0 0 1
    outer loop
      vertex 0.314961 -0.672165 1.708438
      vertex 0.298795 -0.590893 1.708438
      vertex 0.298795 -0.668950 1.708438
    endloop
  endfacet
  facet normal 0 0 1
    outer loop
      vertex 0.298795 -0.668950 1.708438
      vertex 0.298795 -0.590893 1.708438
      vertex 0.285090 -0.600050 1.708438
    endloop
  endfacet
  facet normal 0 0 1
    outer loop
      vertex 0.314961 -0.672165 1.708438
      vertex 0.314961 -0.587677 1.708438
      vertex 0.298795 -0.590893 1.708438
    endloop
  endfacet
  facet normal -0.9807852804032305 0.19509032201612847 0
    outer loop
      vertex 0.102586 -0.629921 1.538307
      vertex 0.118752 -0.548649 1.538307
      vertex 0.118752 -0.548649 1.496063
    endloop
  endfacet
  facet normal -0.8314696123025452 0.5555702330196023 0
    outer loop
      vertex 0.118752 -0.548649 1.496063
      vertex 0.118752 -0.548649 1.538307
      vertex 0.164789 -0.479750 1.496063
    endloop
  endfacet
  facet normal -0.8314696123025452 0.5555702330196023 0
    outer loop
      vertex 0.118752 -0.548649 1.538307
      vertex 0.164789 -0.479750 1.538307
      vertex 0.164789 -0.479750 1.496063
    endloop
  endfacet
  facet normal -0.9086633352183306 0.1807443751593741 0.37638067707860245
    outer loop
      vertex 0.102586 -0.629921 1.538307
      vertex 0.148623 -0.561022 1.616364
      vertex 0.118752 -0.548649 1.538307
    endloop
  endfacet
  facet normal -0.7703275794849854 0.5147164328119481 0.3763806770786021
    outer loop
      vertex 0.118752 -0.548649 1.538307
      vertex 0.187651 -0.502612 1.616364
      vertex 0.164789 -0.479750 1.538307
    endloop
  endfacet
  facet normal -0.7703275794849854 0.5147164328119477 0.37638067707860234
    outer loop
      vertex 0.118752 -0.548649 1.538307
      vertex 0.148623 -0.561022 1.616364
      vertex 0.187651 -0.502612 1.616364
    endloop
  endfacet
  facet normal -0.5555702330196024 0.8314696123025452 0
    outer loop
      vertex 0.164789 -0.479750 1.496063
      vertex 0.164789 -0.479750 1.538307
      vertex 0.233688 -0.433713 1.496063
    endloop
  endfacet
  facet normal -0.5555702330196024 0.8314696123025452 0
    outer loop
      vertex 0.164789 -0.479750 1.538307
      vertex 0.233688 -0.433713 1.538307
      vertex 0.233688 -0.433713 1.496063
    endloop
  endfacet
  facet normal -0.19509032201612805 0.9807852804032305 0
    outer loop
      vertex 0.233688 -0.433713 1.496063
      vertex 0.233688 -0.433713 1.538307
      vertex 0.314961 -0.417546 1.496063
    endloop
  endfacet
  facet normal -0.19509032201612805 0.9807852804032305 0
    outer loop
      vertex 0.233688 -0.433713 1.538307
      vertex 0.314961 -0.417546 1.538307
      vertex 0.314961 -0.417546 1.496063
    endloop
  endfacet
  facet normal -0.5147164328119481 0.7703275794849852 0.376380677078602
    outer loop
      vertex 0.164789 -0.479750 1.538307
      vertex 0.187651 -0.502612 1.616364
      vertex 0.233688 -0.433713 1.538307
    endloop
  endfacet
  facet normal -0.514716432811947 0.7703275794849856 0.3763806770786029
    outer loop
      vertex 0.233688 -0.433713 1.538307
      vertex 0.187651 -0.502612 1.616364
      vertex 0.246061 -0.463584 1.616364
    endloop
  endfacet
  facet normal -0.1807443751593737 0.9086633352183306 0.37638067707860284
    outer loop
      vertex 0.233688 -0.433713 1.538307
      vertex 0.246061 -0.463584 1.616364
      vertex 0.314961 -0.417546 1.538307
    endloop
  endfacet
  facet normal -0.1807443751593746 0.9086633352183306 0.3763806770786022
    outer loop
      vertex 0.314961 -0.417546 1.538307
      vertex 0.246061 -0.463584 1.616364
      vertex 0.314961 -0.449879 1.616364
    endloop
  endfacet
  facet normal -0.7002145072825533 0.1392813253171535 0.7002145072825529
    outer loop
      vertex 0.134918 -0.629921 1.616364
      vertex 0.203817 -0.583884 1.676106
      vertex 0.148623 -0.561022 1.616364
    endloop
  endfacet
  facet normal -0.5936131960090996 0.3966396567602817 0.700214507282553
    outer loop
      vertex 0.148623 -0.561022 1.616364
      vertex 0.203817 -0.583884 1.676106
      vertex 0.187651 -0.502612 1.616364
    endloop
  endfacet
  facet normal -0.3966396567602814 0.5936131960090999 0.7002145072825527
    outer loop
      vertex 0.187651 -0.502612 1.616364
      vertex 0.229895 -0.544856 1.676106
      vertex 0.246061 -0.463584 1.616364
    endloop
  endfacet
  facet normal -0.3234875065416012 0.216147441504877 0.9212144791753945
    outer loop
      vertex 0.275932 -0.613755 1.708438
      vertex 0.229895 -0.544856 1.676106
      vertex 0.203817 -0.583884 1.676106
    endloop
  endfacet
  facet normal -0.5936131960090999 0.3966396567602815 0.7002145072825527
    outer loop
      vertex 0.187651 -0.502612 1.616364
      vertex 0.203817 -0.583884 1.676106
      vertex 0.229895 -0.544856 1.676106
    endloop
  endfacet
  facet normal -0.3234875065416014 0.21614744150487689 0.9212144791753945
    outer loop
      vertex 0.275932 -0.613755 1.708438
      vertex 0.285090 -0.600050 1.708438
      vertex 0.229895 -0.544856 1.676106
    endloop
  endfacet
  facet normal -0.21614744150487708 0.32348750654160124 0.9212144791753945
    outer loop
      vertex 0.285090 -0.600050 1.708438
      vertex 0.268924 -0.518778 1.676106
      vertex 0.229895 -0.544856 1.676106
    endloop
  endfacet
  facet normal -0.21614744150487664 0.3234875065416014 0.9212144791753946
    outer loop
      vertex 0.285090 -0.600050 1.708438
      vertex 0.298795 -0.590893 1.708438
      vertex 0.268924 -0.518778 1.676106
    endloop
  endfacet
  facet normal -0.0759008878804726 0.381579531128915 0.9212144791753945
    outer loop
      vertex 0.298795 -0.590893 1.708438
      vertex 0.314961 -0.587677 1.708438
      vertex 0.314961 -0.509621 1.676106
    endloop
  endfacet
  facet normal -0.3966396567602814 0.5936131960090999 0.7002145072825526
    outer loop
      vertex 0.229895 -0.544856 1.676106
      vertex 0.268924 -0.518778 1.676106
      vertex 0.246061 -0.463584 1.616364
    endloop
  endfacet
  facet normal -0.07590088788047275 0.38157953112891513 0.9212144791753945
    outer loop
      vertex 0.298795 -0.590893 1.708438
      vertex 0.314961 -0.509621 1.676106
      vertex 0.268924 -0.518778 1.676106
    endloop
  endfacet
  facet normal -0.13928132531715404 0.7002145072825535 0.7002145072825527
    outer loop
      vertex 0.268924 -0.518778 1.676106
      vertex 0.314961 -0.449879 1.616364
      vertex 0.246061 -0.463584 1.616364
    endloop
  endfacet
  facet normal -0.13928132531715406 0.7002145072825534 0.7002145072825526
    outer loop
      vertex 0.268924 -0.518778 1.676106
      vertex 0.314961 -0.509621 1.676106
      vertex 0.314961 -0.449879 1.616364
    endloop
  endfacet
  facet normal 0.5147164328119482 -0.7703275794849851 0.3763806770786024
    outer loop
      vertex 0.396233 -0.826130 1.538307
      vertex 0.465132 -0.780093 1.538307
      vertex 0.442270 -0.757231 1.616364
    endloop
  endfacet
  facet normal 0.7703275794849855 -0.514716432811948 0.3763806770786023
    outer loop
      vertex 0.465132 -0.780093 1.538307
      vertex 0.511169 -0.711194 1.538307
      vertex 0.442270 -0.757231 1.616364
    endloop
  endfacet
  facet normal 0.7703275794849853 -0.5147164328119478 0.3763806770786022
    outer loop
      vertex 0.511169 -0.711194 1.538307
      vertex 0.481298 -0.698821 1.616364
      vertex 0.442270 -0.757231 1.616364
    endloop
  endfacet
  facet normal 0.8314696123025453 -0.5555702330196022 0
    outer loop
      vertex 0.465132 -0.780093 1.496063
      vertex 0.511169 -0.711194 1.538307
      vertex 0.465132 -0.780093 1.538307
    endloop
  endfacet
  facet normal 0.8314696123025453 -0.5555702330196022 0
    outer loop
      vertex 0.465132 -0.780093 1.496063
      vertex 0.511169 -0.711194 1.496063
      vertex 0.511169 -0.711194 1.538307
    endloop
  endfacet
  facet normal 0.9807852804032305 -0.19509032201612822 0
    outer loop
      vertex 0.511169 -0.711194 1.496063
      vertex 0.527335 -0.629921 1.496063
      vertex 0.527335 -0.629921 1.538307
    endloop
  endfacet
  facet normal 0.9807852804032305 -0.19509032201612822 0
    outer loop
      vertex 0.511169 -0.711194 1.496063
      vertex 0.527335 -0.629921 1.538307
      vertex 0.511169 -0.711194 1.538307
    endloop
  endfacet
  facet normal 0.9807852804032305 0.19509032201612805 0
    outer loop
      vertex 0.527335 -0.629921 1.496063
      vertex 0.511169 -0.548649 1.538307
      vertex 0.527335 -0.629921 1.538307
    endloop
  endfacet
  facet normal 0.9086633352183305 -0.18074437515937386 0.3763806770786027
    outer loop
      vertex 0.511169 -0.711194 1.538307
      vertex 0.527335 -0.629921 1.538307
      vertex 0.481298 -0.698821 1.616364
    endloop
  endfacet
  facet normal 0.9086633352183306 -0.18074437515937453 0.3763806770786022
    outer loop
      vertex 0.527335 -0.629921 1.538307
      vertex 0.495003 -0.629921 1.616364
      vertex 0.481298 -0.698821 1.616364
    endloop
  endfacet
  facet normal 0.9086633352183306 0.18074437515937453 0.3763806770786022
    outer loop
      vertex 0.527335 -0.629921 1.538307
      vertex 0.481298 -0.561022 1.616364
      vertex 0.495003 -0.629921 1.616364
    endloop
  endfacet
  facet normal 0.13928132531715393 -0.7002145072825534 0.7002145072825527
    outer loop
      vertex 0.314961 -0.809964 1.616364
      vertex 0.383860 -0.796259 1.616364
      vertex 0.360998 -0.741065 1.676106
    endloop
  endfacet
  facet normal 0.3966396567602822 -0.5936131960090997 0.7002145072825524
    outer loop
      vertex 0.383860 -0.796259 1.616364
      vertex 0.442270 -0.757231 1.616364
      vertex 0.400026 -0.714987 1.676106
    endloop
  endfacet
  facet normal 0.5936131960090996 -0.39663965676028184 0.7002145072825527
    outer loop
      vertex 0.442270 -0.757231 1.616364
      vertex 0.481298 -0.698821 1.616364
      vertex 0.426104 -0.675958 1.676106
    endloop
  endfacet
  facet normal 0.13928132531715293 -0.7002145072825532 0.7002145072825532
    outer loop
      vertex 0.314961 -0.809964 1.616364
      vertex 0.360998 -0.741065 1.676106
      vertex 0.314961 -0.750222 1.676106
    endloop
  endfacet
  facet normal 0.39663965676028146 -0.5936131960090998 0.7002145072825527
    outer loop
      vertex 0.383860 -0.796259 1.616364
      vertex 0.400026 -0.714987 1.676106
      vertex 0.360998 -0.741065 1.676106
    endloop
  endfacet
  facet normal 0.07590088788047214 -0.3815795311289151 0.9212144791753946
    outer loop
      vertex 0.314961 -0.750222 1.676106
      vertex 0.360998 -0.741065 1.676106
      vertex 0.314961 -0.672165 1.708438
    endloop
  endfacet
  facet normal 0.07590088788047109 -0.3815795311289157 0.9212144791753943
    outer loop
      vertex 0.314961 -0.672165 1.708438
      vertex 0.360998 -0.741065 1.676106
      vertex 0.331127 -0.668950 1.708438
    endloop
  endfacet
  facet normal 0.21614744150487708 -0.32348750654160136 0.9212144791753945
    outer loop
      vertex 0.360998 -0.741065 1.676106
      vertex 0.400026 -0.714987 1.676106
      vertex 0.344832 -0.659792 1.708438
    endloop
  endfacet
  facet normal 0.5936131960091001 -0.3966396567602817 0.7002145072825525
    outer loop
      vertex 0.442270 -0.757231 1.616364
      vertex 0.426104 -0.675958 1.676106
      vertex 0.400026 -0.714987 1.676106
    endloop
  endfacet
  facet normal 0.7002145072825534 -0.13928132531715395 0.7002145072825527
    outer loop
      vertex 0.426104 -0.675958 1.676106
      vertex 0.481298 -0.698821 1.616364
      vertex 0.495003 -0.629921 1.616364
    endloop
  endfacet
  facet normal 0.21614744150487636 -0.3234875065416016 0.9212144791753945
    outer loop
      vertex 0.360998 -0.741065 1.676106
      vertex 0.344832 -0.659792 1.708438
      vertex 0.331127 -0.668950 1.708438
    endloop
  endfacet
  facet normal 0.3234875065416012 -0.21614744150487697 0.9212144791753945
    outer loop
      vertex 0.400026 -0.714987 1.676106
      vertex 0.426104 -0.675958 1.676106
      vertex 0.353989 -0.646087 1.708438
    endloop
  endfacet
  facet normal 0.32348750654160185 -0.21614744150487653 0.9212144791753945
    outer loop
      vertex 0.400026 -0.714987 1.676106
      vertex 0.353989 -0.646087 1.708438
      vertex 0.344832 -0.659792 1.708438
    endloop
  endfacet
  facet normal 0.38157953112891513 -0.07590088788047261 0.9212144791753945
    outer loop
      vertex 0.353989 -0.646087 1.708438
      vertex 0.426104 -0.675958 1.676106
      vertex 0.357205 -0.629921 1.708438
    endloop
  endfacet
  facet normal 0 0 1
    outer loop
      vertex 0.314961 -0.672165 1.708438
      vertex 0.331127 -0.668950 1.708438
      vertex 0.314961 -0.587677 1.708438
    endloop
  endfacet
  facet normal 0 0 1
    outer loop
      vertex 0.331127 -0.668950 1.708438
      vertex 0.344832 -0.659792 1.708438
      vertex 0.331127 -0.590893 1.708438
    endloop
  endfacet
  facet normal 0 0 1
    outer loop
      vertex 0.344832 -0.659792 1.708438
      vertex 0.353989 -0.646087 1.708438
      vertex 0.344832 -0.600050 1.708438
    endloop
  endfacet
  facet normal 0 0 1
    outer loop
      vertex 0.353989 -0.646087 1.708438
      vertex 0.357205 -0.629921 1.708438
      vertex 0.353989 -0.613755 1.708438
    endloop
  endfacet
  facet normal 0 0 1
    outer loop
      vertex 0.314961 -0.587677 1.708438
      vertex 0.331127 -0.668950 1.708438
      vertex 0.331127 -0.590893 1.708438
    endloop
  endfacet
  facet normal 0 0 1
    outer loop
      vertex 0.344832 -0.659792 1.708438
      vertex 0.344832 -0.600050 1.708438
      vertex 0.331127 -0.590893 1.708438
    endloop
  endfacet
  facet normal 0 0 1
    outer loop
      vertex 0.353989 -0.646087 1.708438
      vertex 0.353989 -0.613755 1.708438
      vertex 0.344832 -0.600050 1.708438
    endloop
  endfacet
  facet normal 0.38157953112891513 0.07590088788047261 0.9212144791753945
    outer loop
      vertex 0.357205 -0.629921 1.708438
      vertex 0.426104 -0.583884 1.676106
      vertex 0.353989 -0.613755 1.708438
    endloop
  endfacet
  facet normal 0.7002145072825534 -0.13928132531715406 0.7002145072825526
    outer loop
      vertex 0.426104 -0.675958 1.676106
      vertex 0.495003 -0.629921 1.616364
      vertex 0.435261 -0.629921 1.676106
    endloop
  endfacet
  facet normal 0.3815795311289151 -0.07590088788047274 0.9212144791753946
    outer loop
      vertex 0.357205 -0.629921 1.708438
      vertex 0.426104 -0.675958 1.676106
      vertex 0.435261 -0.629921 1.676106
    endloop
  endfacet
  facet normal 0.7002145072825534 0.13928132531715406 0.7002145072825526
    outer loop
      vertex 0.435261 -0.629921 1.676106
      vertex 0.495003 -0.629921 1.616364
      vertex 0.426104 -0.583884 1.676106
    endloop
  endfacet
  facet normal 0.3815795311289151 0.07590088788047274 0.9212144791753946
    outer loop
      vertex 0.357205 -0.629921 1.708438
      vertex 0.435261 -0.629921 1.676106
      vertex 0.426104 -0.583884 1.676106
    endloop
  endfacet
  facet normal 0.7703275794849854 0.5147164328119485 0.3763806770786019
    outer loop
      vertex 0.465132 -0.479750 1.538307
      vertex 0.442270 -0.502612 1.616364
      vertex 0.511169 -0.548649 1.538307
    endloop
  endfacet
  facet normal 0.7703275794849855 0.5147164328119473 0.3763806770786026
    outer loop
      vertex 0.511169 -0.548649 1.538307
      vertex 0.442270 -0.502612 1.616364
      vertex 0.481298 -0.561022 1.616364
    endloop
  endfacet
  facet normal 0.19509032201612805 0.9807852804032305 0
    outer loop
      vertex 0.314961 -0.417546 1.496063
      vertex 0.314961 -0.417546 1.538307
      vertex 0.396233 -0.433713 1.496063
    endloop
  endfacet
  facet normal 0.19509032201612805 0.9807852804032305 0
    outer loop
      vertex 0.314961 -0.417546 1.538307
      vertex 0.396233 -0.433713 1.538307
      vertex 0.396233 -0.433713 1.496063
    endloop
  endfacet
  facet normal 0.5555702330196026 0.831469612302545 0
    outer loop
      vertex 0.396233 -0.433713 1.538307
      vertex 0.465132 -0.479750 1.538307
      vertex 0.465132 -0.479750 1.496063
    endloop
  endfacet
  facet normal 0.5555702330196026 0.831469612302545 0
    outer loop
      vertex 0.396233 -0.433713 1.496063
      vertex 0.396233 -0.433713 1.538307
      vertex 0.465132 -0.479750 1.496063
    endloop
  endfacet
  facet normal 0.1807443751593737 0.9086633352183306 0.37638067707860273
    outer loop
      vertex 0.314961 -0.417546 1.538307
      vertex 0.383860 -0.463584 1.616364
      vertex 0.396233 -0.433713 1.538307
    endloop
  endfacet
  facet normal 0.18074437515937453 0.9086633352183306 0.3763806770786022
    outer loop
      vertex 0.314961 -0.417546 1.538307
      vertex 0.314961 -0.449879 1.616364
      vertex 0.383860 -0.463584 1.616364
    endloop
  endfacet
  facet normal 0.5147164328119485 0.7703275794849854 0.3763806770786019
    outer loop
      vertex 0.396233 -0.433713 1.538307
      vertex 0.442270 -0.502612 1.616364
      vertex 0.465132 -0.479750 1.538307
    endloop
  endfacet
  facet normal 0.5147164328119473 0.7703275794849855 0.3763806770786026
    outer loop
      vertex 0.396233 -0.433713 1.538307
      vertex 0.383860 -0.463584 1.616364
      vertex 0.442270 -0.502612 1.616364
    endloop
  endfacet
  facet normal 0.9807852804032305 0.19509032201612805 0
    outer loop
      vertex 0.527335 -0.629921 1.496063
      vertex 0.511169 -0.548649 1.496063
      vertex 0.511169 -0.548649 1.538307
    endloop
  endfacet
  facet normal 0.831469612302545 0.5555702330196026 0
    outer loop
      vertex 0.465132 -0.479750 1.496063
      vertex 0.465132 -0.479750 1.538307
      vertex 0.511169 -0.548649 1.496063
    endloop
  endfacet
  facet normal 0.831469612302545 0.5555702330196026 0
    outer loop
      vertex 0.465132 -0.479750 1.538307
      vertex 0.511169 -0.548649 1.538307
      vertex 0.511169 -0.548649 1.496063
    endloop
  endfacet
  facet normal 0.9086633352183306 0.1807443751593737 0.37638067707860273
    outer loop
      vertex 0.527335 -0.629921 1.538307
      vertex 0.511169 -0.548649 1.538307
      vertex 0.481298 -0.561022 1.616364
    endloop
  endfacet
  facet normal 0.7002145072825534 0.13928132531715393 0.7002145072825527
    outer loop
      vertex 0.495003 -0.629921 1.616364
      vertex 0.481298 -0.561022 1.616364
      vertex 0.426104 -0.583884 1.676106
    endloop
  endfacet
  facet normal 0.5936131960090997 0.39663965676028146 0.7002145072825529
    outer loop
      vertex 0.442270 -0.502612 1.616364
      vertex 0.426104 -0.583884 1.676106
      vertex 0.481298 -0.561022 1.616364
    endloop
  endfacet
  facet normal 0.3966396567602815 0.5936131960090998 0.7002145072825527
    outer loop
      vertex 0.442270 -0.502612 1.616364
      vertex 0.383860 -0.463584 1.616364
      vertex 0.400026 -0.544856 1.676106
    endloop
  endfacet
  facet normal 0.0759008878804726 0.381579531128915 0.9212144791753945
    outer loop
      vertex 0.314961 -0.587677 1.708438
      vertex 0.331127 -0.590893 1.708438
      vertex 0.314961 -0.509621 1.676106
    endloop
  endfacet
  facet normal 0.21614744150487616 0.3234875065416016 0.9212144791753945
    outer loop
      vertex 0.344832 -0.600050 1.708438
      vertex 0.360998 -0.518778 1.676106
      vertex 0.331127 -0.590893 1.708438
    endloop
  endfacet
  facet normal 0.3234875065416012 0.216147441504877 0.9212144791753945
    outer loop
      vertex 0.353989 -0.613755 1.708438
      vertex 0.426104 -0.583884 1.676106
      vertex 0.400026 -0.544856 1.676106
    endloop
  endfacet
  facet normal 0.32348750654160197 0.21614744150487644 0.9212144791753943
    outer loop
      vertex 0.353989 -0.613755 1.708438
      vertex 0.400026 -0.544856 1.676106
      vertex 0.344832 -0.600050 1.708438
    endloop
  endfacet
  facet normal 0.21614744150487714 0.32348750654160136 0.9212144791753942
    outer loop
      vertex 0.344832 -0.600050 1.708438
      vertex 0.400026 -0.544856 1.676106
      vertex 0.360998 -0.518778 1.676106
    endloop
  endfacet
  facet normal 0.39663965676028134 0.5936131960090998 0.7002145072825527
    outer loop
      vertex 0.360998 -0.518778 1.676106
      vertex 0.400026 -0.544856 1.676106
      vertex 0.383860 -0.463584 1.616364
    endloop
  endfacet
  facet normal 0.07590088788047274 0.38157953112891513 0.9212144791753945
    outer loop
      vertex 0.314961 -0.509621 1.676106
      vertex 0.331127 -0.590893 1.708438
      vertex 0.360998 -0.518778 1.676106
    endloop
  endfacet
  facet normal 0.5936131960090999 0.3966396567602815 0.7002145072825527
    outer loop
      vertex 0.442270 -0.502612 1.616364
      vertex 0.400026 -0.544856 1.676106
      vertex 0.426104 -0.583884 1.676106
    endloop
  endfacet
  facet normal 0.13928132531715393 0.7002145072825534 0.7002145072825527
    outer loop
      vertex 0.314961 -0.449879 1.616364
      vertex 0.360998 -0.518778 1.676106
      vertex 0.383860 -0.463584 1.616364
    endloop
  endfacet
  facet normal 0.13928132531715406 0.7002145072825534 0.7002145072825526
    outer loop
      vertex 0.314961 -0.509621 1.676106
      vertex 0.360998 -0.518778 1.676106
      vertex 0.314961 -0.449879 1.616364
    endloop
  endfacet
  facet normal 0 0 -1
    outer loop
      vertex -0.846457 0.019685 1.200787
      vertex -0.787402 0.629921 1.200787
      vertex -0.787402 0.078740 1.200787
    endloop
  endfacet
  facet normal -1 0 0
    outer loop
      vertex -0.846457 0.019685 1.200787
      vertex -0.846457 0.019685 1.299213
      vertex -0.846457 0.688976 1.299213
    endloop
  endfacet
  facet normal 0 0 -1
    outer loop
      vertex -0.846457 0.019685 1.200787
      vertex -0.787402 0.078740 1.200787
      vertex 0.787402 0.078740 1.200787
    endloop
  endfacet
  facet normal 0 -1 0
    outer loop
      vertex -0.846457 0.019685 1.200787
      vertex 0.846457 0.019685 1.299213
      vertex -0.846457 0.019685 1.299213
    endloop
  endfacet
  facet normal 0 0 1
    outer loop
      vertex -0.846457 0.019685 1.299213
      vertex -0.787402 0.078740 1.299213
      vertex -0.846457 0.688976 1.299213
    endloop
  endfacet
  facet normal 0 0 1
    outer loop
      vertex -0.846457 0.019685 1.299213
      vertex 0.846457 0.019685 1.299213
      vertex -0.787402 0.078740 1.299213
    endloop
  endfacet
  facet normal 0 0 -1
    outer loop
      vertex -0.846457 0.019685 1.200787
      vertex -0.846457 0.688976 1.200787
      vertex -0.787402 0.629921 1.200787
    endloop
  endfacet
  facet normal -1 0 0
    outer loop
      vertex -0.846457 0.019685 1.200787
      vertex -0.846457 0.688976 1.299213
      vertex -0.846457 0.688976 1.200787
    endloop
  endfacet
  facet normal 0 0 -1
    outer loop
      vertex -0.846457 0.688976 1.200787
      vertex 0.846457 0.688976 1.200787
      vertex -0.787402 0.629921 1.200787
    endloop
  endfacet
  facet normal 0 1 0
    outer loop
      vertex -0.846457 0.688976 1.200787
      vertex -0.846457 0.688976 1.299213
      vertex 0.846457 0.688976 1.200787
    endloop
  endfacet
  facet normal 0 0 1
    outer loop
      vertex -0.787402 0.078740 1.299213
      vertex -0.787402 0.629921 1.299213
      vertex -0.846457 0.688976 1.299213
    endloop
  endfacet
  facet normal 0 0 1
    outer loop
      vertex -0.846457 0.688976 1.299213
      vertex -0.787402 0.629921 1.299213
      vertex 0.787402 0.629921 1.299213
    endloop
  endfacet
  facet normal 0 0 -1
    outer loop
      vertex -0.846457 0.019685 1.200787
      vertex 0.787402 0.078740 1.200787
      vertex 0.846457 0.019685 1.200787
    endloop
  endfacet
  facet normal 0 -1 0
    outer loop
      vertex -0.846457 0.019685 1.200787
      vertex 0.846457 0.019685 1.200787
      vertex 0.846457 0.019685 1.299213
    endloop
  endfacet
  facet normal 0 0 -1
    outer loop
      vertex 0.787402 0.078740 1.200787
      vertex 0.846457 0.688976 1.200787
      vertex 0.846457 0.019685 1.200787
    endloop
  endfacet
  facet normal 1 0 0
    outer loop
      vertex 0.846457 0.019685 1.200787
      vertex 0.846457 0.688976 1.200787
      vertex 0.846457 0.019685 1.299213
    endloop
  endfacet
  facet normal 0 0 1
    outer loop
      vertex -0.787402 0.078740 1.299213
      vertex 0.846457 0.019685 1.299213
      vertex 0.787402 0.078740 1.299213
    endloop
  endfacet
  facet normal 0 0 1
    outer loop
      vertex 0.787402 0.078740 1.299213
      vertex 0.846457 0.019685 1.299213
      vertex 0.787402 0.629921 1.299213
    endloop
  endfacet
  facet normal 0 0 -1
    outer loop
      vertex -0.787402 0.629921 1.200787
      vertex 0.846457 0.688976 1.200787
      vertex 0.787402 0.629921 1.200787
    endloop
  endfacet
  facet normal 0 1 0
    outer loop
      vertex -0.846457 0.688976 1.299213
      vertex 0.846457 0.688976 1.299213
      vertex 0.846457 0.688976 1.200787
    endloop
  endfacet
  facet normal 0 0 -1
    outer loop
      vertex 0.787402 0.078740 1.200787
      vertex 0.787402 0.629921 1.200787
      vertex 0.846457 0.688976 1.200787
    endloop
  endfacet
  facet normal 1 0 0
    outer loop
      vertex 0.846457 0.019685 1.299213
      vertex 0.846457 0.688976 1.200787
      vertex 0.846457 0.688976 1.299213
    endloop
  endfacet
  facet normal 0 0 1
    outer loop
      vertex -0.846457 0.688976 1.299213
      vertex 0.787402 0.629921 1.299213
      vertex 0.846457 0.688976 1.299213
    endloop
  endfacet
  facet normal 0 0 1
    outer loop
      vertex 0.846457 0.019685 1.299213
      vertex 0.846457 0.688976 1.299213
      vertex 0.787402 0.629921 1.299213
    endloop
  endfacet
  facet normal 1 0 0
    outer loop
      vertex -0.787402 0.078740 1.200787
      vertex -0.787402 0.629921 1.299213
      vertex -0.787402 0.078740 1.299213
    endloop
  endfacet
  facet normal 0 1 0
    outer loop
      vertex -0.787402 0.078740 1.200787
      vertex -0.787402 0.078740 1.299213
      vertex 0.787402 0.078740 1.200787
    endloop
  endfacet
  facet normal 1 0 0
    outer loop
      vertex -0.787402 0.078740 1.200787
      vertex -0.787402 0.629921 1.200787
      vertex -0.787402 0.629921 1.299213
    endloop
  endfacet
  facet normal 0 -1 0
    outer loop
      vertex -0.787402 0.629921 1.200787
      vertex 0.787402 0.629921 1.299213
      vertex -0.787402 0.629921 1.299213
    endloop
  endfacet
  facet normal 0 1 0
    outer loop
      vertex -0.787402 0.078740 1.299213
      vertex 0.787402 0.078740 1.299213
      vertex 0.787402 0.078740 1.200787
    endloop
  endfacet
  facet normal -1 0 0
    outer loop
      vertex 0.787402 0.078740 1.200787
      vertex 0.787402 0.078740 1.299213
      vertex 0.787402 0.629921 1.200787
    endloop
  endfacet
  facet normal 0 -1 0
    outer loop
      vertex -0.787402 0.629921 1.200787
      vertex 0.787402 0.629921 1.200787
      vertex 0.787402 0.629921 1.299213
    endloop
  endfacet
  facet normal -1 0 0
    outer loop
      vertex 0.787402 0.078740 1.299213
      vertex 0.787402 0.629921 1.299213
      vertex 0.787402 0.629921 1.200787
    endloop
  endfacet
  facet normal -1 0 0
    outer loop
      vertex -0.708661 0.137795 1.208661
      vertex -0.708661 0.137795 1.291339
      vertex -0.708661 0.570866 1.291339
    endloop
  endfacet
  facet normal 0 -1 0
    outer loop
      vertex -0.708661 0.137795 1.208661
      vertex 0.708661 0.137795 1.291339
      vertex -0.708661 0.137795 1.291339
    endloop
  endfacet
  facet normal 0 0 1
    outer loop
      vertex -0.708661 0.137795 1.291339
      vertex 0.708661 0.137795 1.291339
      vertex -0.708661 0.570866 1.291339
    endloop
  endfacet
  facet normal -1 0 0
    outer loop
      vertex -0.708661 0.137795 1.208661
      vertex -0.708661 0.570866 1.291339
      vertex -0.708661 0.570866 1.208661
    endloop
  endfacet
  facet normal 0 0 -1
    outer loop
      vertex -0.708661 0.137795 1.208661
      vertex -0.708661 0.570866 1.208661
      vertex 0.708661 0.570866 1.208661
    endloop
  endfacet
  facet normal 0 1 0
    outer loop
      vertex -0.708661 0.570866 1.208661
      vertex -0.708661 0.570866 1.291339
      vertex 0.708661 0.570866 1.208661
    endloop
  endfacet
  facet normal 0 -1 0
    outer loop
      vertex -0.708661 0.137795 1.208661
      vertex 0.708661 0.137795 1.208661
      vertex 0.708661 0.137795 1.291339
    endloop
  endfacet
  facet normal 0 0 -1
    outer loop
      vertex -0.708661 0.137795 1.208661
      vertex 0.708661 0.570866 1.208661
      vertex 0.708661 0.137795 1.208661
    endloop
  endfacet
  facet normal 1 0 0
    outer loop
      vertex 0.708661 0.137795 1.208661
      vertex 0.708661 0.570866 1.208661
      vertex 0.708661 0.137795 1.291339
    endloop
  endfacet
  facet normal 0 1 0
    outer loop
      vertex -0.708661 0.570866 1.291339
      vertex 0.708661 0.570866 1.291339
      vertex 0.708661 0.570866 1.208661
    endloop
  endfacet
  facet normal 1 0 0
    outer loop
      vertex 0.708661 0.137795 1.291339
      vertex 0.708661 0.570866 1.208661
      vertex 0.708661 0.570866 1.291339
    endloop
  endfacet
  facet normal 0 0 1
    outer loop
      vertex -0.708661 0.570866 1.291339
      vertex 0.708661 0.137795 1.291339
      vertex 0.708661 0.570866 1.291339
    endloop
  endfacet
endsolid OpenSCAD_Model
