solid OpenSCAD_Model
  facet normal -0.6087614290087179 -0.7933533402912373 0
    outer loop
      vertex -1.924149 -1.301289 1.692913
      vertex -1.899606 -1.320122 1.692913
      vertex -1.899606 -1.320122 1.740157
    endloop
  endfacet
  facet normal -0.1305261922200542 -0.99144486137381 0
    outer loop
      vertex -1.830709 -1.338583 1.740157
      vertex -1.862134 -1.334445 1.734542
      vertex -1.830709 -1.338583 1.692913
    endloop
  endfacet
  facet normal -0.608761429008722 -0.7933533402912342 3.4041724185138297e-15
    outer loop
      vertex -1.924149 -1.301289 1.692913
      vertex -1.899606 -1.320122 1.740157
      vertex -1.924834 -1.300764 1.740157
    endloop
  endfacet
  facet normal -0.1305261922200532 -0.9914448613738103 -5.694141516427977e-15
    outer loop
      vertex -1.862236 -1.334432 1.740157
      vertex -1.862134 -1.334445 1.734542
      vertex -1.830709 -1.338583 1.740157
    endloop
  endfacet
  facet normal -1 0 0
    outer loop
      vertex -1.968504 1.200787 1.740157
      vertex -1.968504 -0.871159 1.692913
      vertex -1.968504 -0.927667 1.740157
    endloop
  endfacet
  facet normal -1 0 0
    outer loop
      vertex -1.968504 1.200787 1.692913
      vertex -1.968504 -0.871159 1.692913
      vertex -1.968504 1.200787 1.740157
    endloop
  endfacet
  facet normal -0.13052619222005482 0.9914448613738099 0
    outer loop
      vertex -1.830709 1.338583 1.692913
      vertex -1.861380 1.334545 1.692913
      vertex -1.830709 1.338583 1.734542
    endloop
  endfacet
  facet normal 0.13052619222005482 -0.9914448613738099 0
    outer loop
      vertex 1.830709 -1.338583 1.692913
      vertex 1.861380 -1.334545 1.692913
      vertex 1.830709 -1.338583 1.734542
    endloop
  endfacet
  facet normal 1 0 0
    outer loop
      vertex 1.968504 -1.200787 1.692913
      vertex 1.968504 -0.986440 1.692913
      vertex 1.968504 -1.023185 1.740157
    endloop
  endfacet
  facet normal 1 0 0
    outer loop
      vertex 1.968504 -1.200787 1.692913
      vertex 1.968504 -1.023185 1.740157
      vertex 1.968504 -1.200787 1.740157
    endloop
  endfacet
  facet normal 1 0 0
    outer loop
      vertex 1.968504 1.200787 1.740157
      vertex 1.968504 -0.910183 1.740157
      vertex 1.968504 -0.850058 1.692913
    endloop
  endfacet
  facet normal 1 0 0
    outer loop
      vertex 1.968504 1.200787 1.692913
      vertex 1.968504 1.200787 1.740157
      vertex 1.968504 -0.850058 1.692913
    endloop
  endfacet
  facet normal 0.13052619222005257 0.9914448613738102 0
    outer loop
      vertex 1.866373 1.333887 1.740157
      vertex 1.830709 1.338583 1.692913
      vertex 1.830709 1.338583 1.740157
    endloop
  endfacet
  facet normal 0 0 -1
    outer loop
      vertex -1.928145 -1.298223 0.000000
      vertex -1.950043 -1.269685 0.000000
      vertex -1.899606 -1.320122 0.000000
    endloop
  endfacet
  facet normal 0 0 -1
    outer loop
      vertex -1.899606 -1.320122 0.000000
      vertex -1.830709 -1.338583 0.000000
      vertex -1.866373 -1.333887 0.000000
    endloop
  endfacet
  facet normal -0.6087614290087207 -0.793353340291235 -6.358117998490746e-17
    outer loop
      vertex -1.928145 -1.298223 0.000000
      vertex -1.899606 -1.320122 0.000000
      vertex -1.924149 -1.301289 1.692913
    endloop
  endfacet
  facet normal -0.13052619222005257 -0.9914448613738103 3.0165737615061584e-17
    outer loop
      vertex -1.866373 -1.333887 0.000000
      vertex -1.830709 -1.338583 0.000000
      vertex -1.862134 -1.334445 1.734542
    endloop
  endfacet
  facet normal -0.793353340291235 -0.6087614290087207 0
    outer loop
      vertex -1.928145 -1.298223 0.000000
      vertex -1.928145 -1.298223 1.968504
      vertex -1.950043 -1.269685 0.000000
    endloop
  endfacet
  facet normal -0.38268343236509117 -0.9238795325112863 0
    outer loop
      vertex -1.899606 -1.320122 0.000000
      vertex -1.866373 -1.333887 0.000000
      vertex -1.866373 -1.333887 1.968504
    endloop
  endfacet
  facet normal -0.608761429008718 -0.7933533402912373 0
    outer loop
      vertex -1.899606 -1.320122 0.000000
      vertex -1.899606 -1.320122 1.692913
      vertex -1.924149 -1.301289 1.692913
    endloop
  endfacet
  facet normal -0.6087614290088513 -0.7933533402911349 4.2639496774021076e-16
    outer loop
      vertex -1.928145 -1.298223 0.000000
      vertex -1.924149 -1.301289 1.692913
      vertex -1.924834 -1.300764 1.740157
    endloop
  endfacet
  facet normal -0.13052619221977935 -0.9914448613738465 -6.489627203980473e-16
    outer loop
      vertex -1.866373 -1.333887 0.000000
      vertex -1.862134 -1.334445 1.734542
      vertex -1.862236 -1.334432 1.740157
    endloop
  endfacet
  facet normal -0.1305261922200542 -0.99144486137381 0
    outer loop
      vertex -1.830709 -1.338583 0.000000
      vertex -1.830709 -1.338583 1.692913
      vertex -1.862134 -1.334445 1.734542
    endloop
  endfacet
  facet normal 0 0 -1
    outer loop
      vertex -1.950043 -1.269685 0.000000
      vertex -1.963809 -1.236451 0.000000
      vertex -1.968504 -1.200787 0.000000
    endloop
  endfacet
  facet normal 0 0 -1
    outer loop
      vertex -1.950043 -1.269685 0.000000
      vertex -1.968504 -1.200787 0.000000
      vertex -1.899606 -1.320122 0.000000
    endloop
  endfacet
  facet normal 0 0 -1
    outer loop
      vertex -1.899606 -1.320122 0.000000
      vertex -1.968504 -1.200787 0.000000
      vertex -1.968504 1.200787 0.000000
    endloop
  endfacet
  facet normal -1 0 0
    outer loop
      vertex -1.968504 -1.200787 0.000000
      vertex -1.968504 -0.289812 0.462598
      vertex -1.968504 0.000000 0.295276
    endloop
  endfacet
  facet normal -1 0 0
    outer loop
      vertex -1.968504 -1.200787 0.000000
      vertex -1.968504 -0.289812 0.797244
      vertex -1.968504 -0.289812 0.462598
    endloop
  endfacet
  facet normal -0.9238795325112863 -0.38268343236509117 0
    outer loop
      vertex -1.950043 -1.269685 0.000000
      vertex -1.963809 -1.236451 1.968504
      vertex -1.963809 -1.236451 0.000000
    endloop
  endfacet
  facet normal -0.9914448613738104 -0.1305261922200526 0
    outer loop
      vertex -1.963809 -1.236451 0.000000
      vertex -1.963809 -1.236451 1.968504
      vertex -1.968504 -1.200787 0.000000
    endloop
  endfacet
  facet normal -1 0 0
    outer loop
      vertex -1.968504 -1.200787 0.000000
      vertex -1.968504 -1.200787 1.968504
      vertex -1.968504 -0.289812 0.797244
    endloop
  endfacet
  facet normal 0 0 -1
    outer loop
      vertex -1.899606 -1.320122 0.000000
      vertex 1.899606 -1.320122 0.000000
      vertex -1.830709 -1.338583 0.000000
    endloop
  endfacet
  facet normal -0.6087614290087103 -0.793353340291243 0
    outer loop
      vertex -1.928145 -1.298223 0.000000
      vertex -1.924834 -1.300764 1.740157
      vertex -1.928145 -1.298223 1.968504
    endloop
  endfacet
  facet normal -0.13052619222004772 -0.9914448613738108 0
    outer loop
      vertex -1.866373 -1.333887 0.000000
      vertex -1.862236 -1.334432 1.740157
      vertex -1.866373 -1.333887 1.968504
    endloop
  endfacet
  facet normal -0.38268343236509117 -0.9238795325112863 0
    outer loop
      vertex -1.899606 -1.320122 0.000000
      vertex -1.866373 -1.333887 1.968504
      vertex -1.899606 -1.320122 1.692913
    endloop
  endfacet
  facet normal -0.793353340291235 -0.6087614290087207 0
    outer loop
      vertex -1.950043 -1.269685 0.000000
      vertex -1.928145 -1.298223 1.968504
      vertex -1.950043 -1.269685 1.968504
    endloop
  endfacet
  facet normal -0.608761429008722 -0.793353340291234 0
    outer loop
      vertex -1.899606 -1.320122 1.968504
      vertex -1.924834 -1.300764 1.740157
      vertex -1.899606 -1.320122 1.740157
    endloop
  endfacet
  facet normal -0.13052619222005324 -0.9914448613738103 0
    outer loop
      vertex -1.830709 -1.338583 1.968504
      vertex -1.862236 -1.334432 1.740157
      vertex -1.830709 -1.338583 1.740157
    endloop
  endfacet
  facet normal -0.3826834323650911 -0.9238795325112862 0
    outer loop
      vertex -1.866373 -1.333887 1.968504
      vertex -1.899606 -1.320122 1.740157
      vertex -1.899606 -1.320122 1.692913
    endloop
  endfacet
  facet normal -0.6087614290087208 -0.7933533402912352 -2.383076219166121e-16
    outer loop
      vertex -1.928145 -1.298223 1.968504
      vertex -1.924834 -1.300764 1.740157
      vertex -1.899606 -1.320122 1.968504
    endloop
  endfacet
  facet normal -0.1305261922200526 -0.9914448613738104 -8.90380125842285e-17
    outer loop
      vertex -1.866373 -1.333887 1.968504
      vertex -1.862236 -1.334432 1.740157
      vertex -1.830709 -1.338583 1.968504
    endloop
  endfacet
  facet normal -0.38268343236509117 -0.9238795325112863 0
    outer loop
      vertex -1.899606 -1.320122 1.968504
      vertex -1.899606 -1.320122 1.740157
      vertex -1.866373 -1.333887 1.968504
    endloop
  endfacet
  facet normal 0 0 1
    outer loop
      vertex -1.928145 -1.298223 1.968504
      vertex -1.899606 -1.320122 1.968504
      vertex -1.950043 -1.269685 1.968504
    endloop
  endfacet
  facet normal 0 0 1
    outer loop
      vertex -1.899606 -1.320122 1.968504
      vertex -1.866373 -1.333887 1.968504
      vertex -1.830709 -1.338583 1.968504
    endloop
  endfacet
  facet normal -0.9238795325112863 -0.38268343236509117 0
    outer loop
      vertex -1.950043 -1.269685 0.000000
      vertex -1.950043 -1.269685 1.968504
      vertex -1.963809 -1.236451 1.968504
    endloop
  endfacet
  facet normal -0.9914448613738104 -0.1305261922200526 0
    outer loop
      vertex -1.968504 -1.200787 0.000000
      vertex -1.963809 -1.236451 1.968504
      vertex -1.968504 -1.200787 1.968504
    endloop
  endfacet
  facet normal -1 0 0
    outer loop
      vertex -1.968504 -0.927667 1.740157
      vertex -1.968504 -0.871159 1.692913
      vertex -1.968504 -0.289812 0.797244
    endloop
  endfacet
  facet normal -1 0 0
    outer loop
      vertex -1.968504 -1.200787 1.968504
      vertex -1.968504 -0.927667 1.740157
      vertex -1.968504 -0.289812 0.797244
    endloop
  endfacet
  facet normal 0 0 1
    outer loop
      vertex -1.950043 -1.269685 1.968504
      vertex -1.968504 -1.200787 1.968504
      vertex -1.963809 -1.236451 1.968504
    endloop
  endfacet
  facet normal 0 0 1
    outer loop
      vertex -1.950043 -1.269685 1.968504
      vertex -1.899606 -1.320122 1.968504
      vertex -1.968504 -1.200787 1.968504
    endloop
  endfacet
  facet normal 0 0 1
    outer loop
      vertex -1.899606 -1.320122 1.968504
      vertex -1.830214 -1.200293 1.968504
      vertex -1.845149 -1.177941 1.968504
    endloop
  endfacet
  facet normal 0 0 1
    outer loop
      vertex -1.899606 -1.320122 1.968504
      vertex -1.781496 -1.220472 1.968504
      vertex -1.807862 -1.215228 1.968504
    endloop
  endfacet
  facet normal 0 0 1
    outer loop
      vertex -1.899606 -1.320122 1.968504
      vertex -1.807862 -1.215228 1.968504
      vertex -1.830214 -1.200293 1.968504
    endloop
  endfacet
  facet normal 0 0 1
    outer loop
      vertex -1.899606 -1.320122 1.968504
      vertex -1.845149 -1.177941 1.968504
      vertex -1.850394 -1.151575 1.968504
    endloop
  endfacet
  facet normal 0 -1 0
    outer loop
      vertex -1.830709 -1.338583 0.000000
      vertex 1.830709 -1.338583 1.968504
      vertex -1.830709 -1.338583 1.692913
    endloop
  endfacet
  facet normal 0 -1 0
    outer loop
      vertex 1.830709 -1.338583 1.968504
      vertex -1.830709 -1.338583 1.740157
      vertex -1.830709 -1.338583 1.692913
    endloop
  endfacet
  facet normal 0 -1 0
    outer loop
      vertex -1.830709 -1.338583 1.968504
      vertex -1.830709 -1.338583 1.740157
      vertex 1.830709 -1.338583 1.968504
    endloop
  endfacet
  facet normal 0 0 1
    outer loop
      vertex -1.899606 -1.320122 1.968504
      vertex -1.830709 -1.338583 1.968504
      vertex 1.899606 -1.320122 1.968504
    endloop
  endfacet
  facet normal 0 0 1
    outer loop
      vertex -1.899606 -1.320122 1.968504
      vertex 1.899606 -1.320122 1.968504
      vertex -1.781496 -1.220472 1.968504
    endloop
  endfacet
  facet normal -1 0 0
    outer loop
      vertex -1.968504 -1.200787 0.000000
      vertex -1.968504 0.000000 0.295276
      vertex -1.968504 1.200787 0.000000
    endloop
  endfacet
  facet normal 0 0 -1
    outer loop
      vertex -1.899606 -1.320122 0.000000
      vertex -1.968504 1.200787 0.000000
      vertex -1.830709 1.338583 0.000000
    endloop
  endfacet
  facet normal -1 0 0
    outer loop
      vertex -1.968504 -0.871159 1.692913
      vertex -1.968504 0.000000 0.964567
      vertex -1.968504 -0.289812 0.797244
    endloop
  endfacet
  facet normal -1 0 0
    outer loop
      vertex -1.968504 0.289812 0.797244
      vertex -1.968504 0.000000 0.964567
      vertex -1.968504 -0.871159 1.692913
    endloop
  endfacet
  facet normal -1 0 0
    outer loop
      vertex -1.968504 1.200787 0.000000
      vertex -1.968504 0.000000 0.295276
      vertex -1.968504 0.289812 0.462598
    endloop
  endfacet
  facet normal -1 0 0
    outer loop
      vertex -1.968504 1.200787 0.000000
      vertex -1.968504 0.289812 0.462598
      vertex -1.968504 0.289812 0.797244
    endloop
  endfacet
  facet normal 0 0 -1
    outer loop
      vertex -1.968504 1.200787 0.000000
      vertex -1.963809 1.236451 0.000000
      vertex -1.950043 1.269685 0.000000
    endloop
  endfacet
  facet normal 0 0 -1
    outer loop
      vertex -1.968504 1.200787 0.000000
      vertex -1.950043 1.269685 0.000000
      vertex -1.928145 1.298223 0.000000
    endloop
  endfacet
  facet normal 0 0 -1
    outer loop
      vertex -1.968504 1.200787 0.000000
      vertex -1.928145 1.298223 0.000000
      vertex -1.830709 1.338583 0.000000
    endloop
  endfacet
  facet normal 0 0 -1
    outer loop
      vertex -1.928145 1.298223 0.000000
      vertex -1.899606 1.320122 0.000000
      vertex -1.830709 1.338583 0.000000
    endloop
  endfacet
  facet normal 0 0 -1
    outer loop
      vertex -1.899606 1.320122 0.000000
      vertex -1.866373 1.333887 0.000000
      vertex -1.830709 1.338583 0.000000
    endloop
  endfacet
  facet normal -0.9914448613738104 0.13052619222005257 0
    outer loop
      vertex -1.968504 1.200787 0.000000
      vertex -1.968504 1.200787 1.692913
      vertex -1.963809 1.236451 0.000000
    endloop
  endfacet
  facet normal -0.13052619222005257 0.9914448613738104 4.172514936509543e-17
    outer loop
      vertex -1.866373 1.333887 0.000000
      vertex -1.861380 1.334545 1.692913
      vertex -1.830709 1.338583 0.000000
    endloop
  endfacet
  facet normal -1 0 0
    outer loop
      vertex -1.968504 1.200787 0.000000
      vertex -1.968504 0.289812 0.797244
      vertex -1.968504 1.200787 1.692913
    endloop
  endfacet
  facet normal -0.9238795325112863 0.38268343236509117 0
    outer loop
      vertex -1.963809 1.236451 0.000000
      vertex -1.963809 1.236451 1.968504
      vertex -1.950043 1.269685 0.000000
    endloop
  endfacet
  facet normal -0.793353340291235 0.6087614290087207 0
    outer loop
      vertex -1.950043 1.269685 0.000000
      vertex -1.928145 1.298223 1.968504
      vertex -1.928145 1.298223 0.000000
    endloop
  endfacet
  facet normal -0.6087614290087207 0.793353340291235 0
    outer loop
      vertex -1.928145 1.298223 0.000000
      vertex -1.928145 1.298223 1.968504
      vertex -1.899606 1.320122 0.000000
    endloop
  endfacet
  facet normal -0.38268343236509117 0.9238795325112863 0
    outer loop
      vertex -1.899606 1.320122 0.000000
      vertex -1.866373 1.333887 1.968504
      vertex -1.866373 1.333887 0.000000
    endloop
  endfacet
  facet normal -0.9914448613738104 0.1305261922200524 0
    outer loop
      vertex -1.963809 1.236451 0.000000
      vertex -1.968504 1.200787 1.692913
      vertex -1.968504 1.200787 1.740157
    endloop
  endfacet
  facet normal -0.13052619222005485 0.9914448613738099 0
    outer loop
      vertex -1.830709 1.338583 0.000000
      vertex -1.861380 1.334545 1.692913
      vertex -1.830709 1.338583 1.692913
    endloop
  endfacet
  facet normal 0 0 -1
    outer loop
      vertex -1.899606 -1.320122 0.000000
      vertex -1.830709 1.338583 0.000000
      vertex 1.968504 -1.200787 0.000000
    endloop
  endfacet
  facet normal 0 1 0
    outer loop
      vertex -1.830709 1.338583 0.000000
      vertex -1.830709 1.338583 1.692913
      vertex 1.830709 1.338583 0.000000
    endloop
  endfacet
  facet normal 0 1 0
    outer loop
      vertex 1.830709 1.338583 0.000000
      vertex -1.830709 1.338583 1.692913
      vertex -1.830709 1.338583 1.734542
    endloop
  endfacet
  facet normal -1 0 0
    outer loop
      vertex -1.968504 0.289812 0.797244
      vertex -1.968504 -0.871159 1.692913
      vertex -1.968504 1.200787 1.692913
    endloop
  endfacet
  facet normal -1 0 0
    outer loop
      vertex -1.968504 -1.200787 1.968504
      vertex -1.968504 1.200787 1.968504
      vertex -1.968504 -0.927667 1.740157
    endloop
  endfacet
  facet normal 0 0 1
    outer loop
      vertex -1.899606 -1.320122 1.968504
      vertex -1.899606 1.320122 1.968504
      vertex -1.968504 -1.200787 1.968504
    endloop
  endfacet
  facet normal 0 0 1
    outer loop
      vertex -1.899606 -1.320122 1.968504
      vertex -1.850394 -1.151575 1.968504
      vertex -1.899606 1.320122 1.968504
    endloop
  endfacet
  facet normal 0 0 1
    outer loop
      vertex -1.968504 -1.200787 1.968504
      vertex -1.928145 1.298223 1.968504
      vertex -1.968504 1.200787 1.968504
    endloop
  endfacet
  facet normal 0 0 1
    outer loop
      vertex -1.850394 -1.151575 1.968504
      vertex -1.850394 1.151575 1.968504
      vertex -1.899606 1.320122 1.968504
    endloop
  endfacet
  facet normal -0.9914448613738103 0.1305261922200526 0
    outer loop
      vertex -1.963809 1.236451 0.000000
      vertex -1.968504 1.200787 1.740157
      vertex -1.968504 1.200787 1.968504
    endloop
  endfacet
  facet normal -0.9914448613738104 0.1305261922200526 0
    outer loop
      vertex -1.963809 1.236451 0.000000
      vertex -1.968504 1.200787 1.968504
      vertex -1.963809 1.236451 1.968504
    endloop
  endfacet
  facet normal -0.13052619222003867 0.991444861373812 0
    outer loop
      vertex -1.866373 1.333887 0.000000
      vertex -1.866373 1.333887 1.968504
      vertex -1.861380 1.334545 1.692913
    endloop
  endfacet
  facet normal -0.9238795325112863 0.38268343236509117 0
    outer loop
      vertex -1.963809 1.236451 1.968504
      vertex -1.950043 1.269685 1.968504
      vertex -1.950043 1.269685 0.000000
    endloop
  endfacet
  facet normal -0.793353340291235 0.6087614290087207 0
    outer loop
      vertex -1.928145 1.298223 1.968504
      vertex -1.950043 1.269685 0.000000
      vertex -1.950043 1.269685 1.968504
    endloop
  endfacet
  facet normal -0.6087614290087207 0.793353340291235 0
    outer loop
      vertex -1.928145 1.298223 1.968504
      vertex -1.899606 1.320122 1.968504
      vertex -1.899606 1.320122 0.000000
    endloop
  endfacet
  facet normal -0.38268343236509117 0.9238795325112863 0
    outer loop
      vertex -1.899606 1.320122 1.968504
      vertex -1.866373 1.333887 1.968504
      vertex -1.899606 1.320122 0.000000
    endloop
  endfacet
  facet normal -1 0 0
    outer loop
      vertex -1.968504 1.200787 1.968504
      vertex -1.968504 1.200787 1.740157
      vertex -1.968504 -0.927667 1.740157
    endloop
  endfacet
  facet normal 0 0 1
    outer loop
      vertex -1.968504 -1.200787 1.968504
      vertex -1.899606 1.320122 1.968504
      vertex -1.928145 1.298223 1.968504
    endloop
  endfacet
  facet normal -0.13052619222005446 0.99144486137381 -2.908838984309508e-16
    outer loop
      vertex -1.866373 1.333887 1.968504
      vertex -1.830709 1.338583 1.734542
      vertex -1.861380 1.334545 1.692913
    endloop
  endfacet
  facet normal -0.13052619222005257 0.9914448613738103 0
    outer loop
      vertex -1.866373 1.333887 1.968504
      vertex -1.830709 1.338583 1.968504
      vertex -1.830709 1.338583 1.734542
    endloop
  endfacet
  facet normal 0 0 1
    outer loop
      vertex -1.850394 1.151575 1.968504
      vertex -1.845149 1.177941 1.968504
      vertex -1.899606 1.320122 1.968504
    endloop
  endfacet
  facet normal 0 0 1
    outer loop
      vertex -1.968504 1.200787 1.968504
      vertex -1.950043 1.269685 1.968504
      vertex -1.963809 1.236451 1.968504
    endloop
  endfacet
  facet normal 0 0 1
    outer loop
      vertex -1.968504 1.200787 1.968504
      vertex -1.928145 1.298223 1.968504
      vertex -1.950043 1.269685 1.968504
    endloop
  endfacet
  facet normal 0 0 1
    outer loop
      vertex -1.899606 1.320122 1.968504
      vertex -1.845149 1.177941 1.968504
      vertex -1.830214 1.200293 1.968504
    endloop
  endfacet
  facet normal 0 0 1
    outer loop
      vertex -1.899606 1.320122 1.968504
      vertex -1.830214 1.200293 1.968504
      vertex -1.807862 1.215228 1.968504
    endloop
  endfacet
  facet normal 0 0 1
    outer loop
      vertex -1.899606 1.320122 1.968504
      vertex -1.807862 1.215228 1.968504
      vertex -1.781496 1.220472 1.968504
    endloop
  endfacet
  facet normal 0 0 1
    outer loop
      vertex -1.899606 1.320122 1.968504
      vertex -1.830709 1.338583 1.968504
      vertex -1.866373 1.333887 1.968504
    endloop
  endfacet
  facet normal 0 1 0
    outer loop
      vertex -1.830709 1.338583 1.968504
      vertex 1.830709 1.338583 0.000000
      vertex -1.830709 1.338583 1.734542
    endloop
  endfacet
  facet normal 0 0 1
    outer loop
      vertex -1.899606 1.320122 1.968504
      vertex -1.781496 1.220472 1.968504
      vertex 1.781496 1.220472 1.968504
    endloop
  endfacet
  facet normal 0 0 1
    outer loop
      vertex -1.899606 1.320122 1.968504
      vertex 1.899606 1.320122 1.968504
      vertex -1.830709 1.338583 1.968504
    endloop
  endfacet
  facet normal 0 0 -1
    outer loop
      vertex -1.830709 -1.338583 0.000000
      vertex 1.899606 -1.320122 0.000000
      vertex 1.830709 -1.338583 0.000000
    endloop
  endfacet
  facet normal 0 0 -1
    outer loop
      vertex -1.899606 -1.320122 0.000000
      vertex 1.968504 -1.200787 0.000000
      vertex 1.899606 -1.320122 0.000000
    endloop
  endfacet
  facet normal 0 -1 0
    outer loop
      vertex -1.830709 -1.338583 0.000000
      vertex 1.830709 -1.338583 0.000000
      vertex 1.830709 -1.338583 1.692913
    endloop
  endfacet
  facet normal 0 -1 0
    outer loop
      vertex -1.830709 -1.338583 0.000000
      vertex 1.830709 -1.338583 1.692913
      vertex 1.830709 -1.338583 1.734542
    endloop
  endfacet
  facet normal 0 0 -1
    outer loop
      vertex 1.830709 -1.338583 0.000000
      vertex 1.899606 -1.320122 0.000000
      vertex 1.866373 -1.333887 0.000000
    endloop
  endfacet
  facet normal 0 0 -1
    outer loop
      vertex 1.899606 -1.320122 0.000000
      vertex 1.950043 -1.269685 0.000000
      vertex 1.928145 -1.298223 0.000000
    endloop
  endfacet
  facet normal 0.13052619222005257 -0.9914448613738104 0
    outer loop
      vertex 1.830709 -1.338583 0.000000
      vertex 1.866373 -1.333887 0.000000
      vertex 1.866373 -1.333887 1.692913
    endloop
  endfacet
  facet normal 0.38268343236509117 -0.9238795325112863 0
    outer loop
      vertex 1.866373 -1.333887 0.000000
      vertex 1.899606 -1.320122 0.000000
      vertex 1.866373 -1.333887 1.692913
    endloop
  endfacet
  facet normal 0.6087614290087207 -0.793353340291235 0
    outer loop
      vertex 1.899606 -1.320122 0.000000
      vertex 1.928145 -1.298223 0.000000
      vertex 1.928145 -1.298223 1.968504
    endloop
  endfacet
  facet normal 0.793353340291235 -0.6087614290087207 0
    outer loop
      vertex 1.928145 -1.298223 0.000000
      vertex 1.950043 -1.269685 0.000000
      vertex 1.928145 -1.298223 1.968504
    endloop
  endfacet
  facet normal 0.13052619222005485 -0.9914448613738099 0
    outer loop
      vertex 1.830709 -1.338583 0.000000
      vertex 1.861380 -1.334545 1.692913
      vertex 1.830709 -1.338583 1.692913
    endloop
  endfacet
  facet normal 0.13052619222003867 -0.991444861373812 2.977213983420276e-16
    outer loop
      vertex 1.830709 -1.338583 0.000000
      vertex 1.866373 -1.333887 1.692913
      vertex 1.861380 -1.334545 1.692913
    endloop
  endfacet
  facet normal 0 0 -1
    outer loop
      vertex 1.899606 -1.320122 0.000000
      vertex 1.968504 -1.200787 0.000000
      vertex 1.950043 -1.269685 0.000000
    endloop
  endfacet
  facet normal 0 0 -1
    outer loop
      vertex 1.950043 -1.269685 0.000000
      vertex 1.968504 -1.200787 0.000000
      vertex 1.963809 -1.236451 0.000000
    endloop
  endfacet
  facet normal 1 0 0
    outer loop
      vertex 1.968504 -1.200787 0.000000
      vertex 1.968504 0.000000 0.295276
      vertex 1.968504 -0.289812 0.462598
    endloop
  endfacet
  facet normal 1 0 0
    outer loop
      vertex 1.968504 -1.200787 0.000000
      vertex 1.968504 -0.289812 0.462598
      vertex 1.968504 -0.289812 0.797244
    endloop
  endfacet
  facet normal 0.9238795325112863 -0.38268343236509117 0
    outer loop
      vertex 1.950043 -1.269685 0.000000
      vertex 1.963809 -1.236451 0.000000
      vertex 1.963809 -1.236451 1.968504
    endloop
  endfacet
  facet normal 0.9914448613738104 -0.1305261922200526 0
    outer loop
      vertex 1.963809 -1.236451 0.000000
      vertex 1.968504 -1.200787 0.000000
      vertex 1.963809 -1.236451 1.968504
    endloop
  endfacet
  facet normal 1 0 0
    outer loop
      vertex 1.968504 -1.200787 0.000000
      vertex 1.968504 -0.986440 1.692913
      vertex 1.968504 -1.200787 1.692913
    endloop
  endfacet
  facet normal 1 0 0
    outer loop
      vertex 1.968504 -1.200787 0.000000
      vertex 1.968504 -0.289812 0.797244
      vertex 1.968504 -0.986440 1.692913
    endloop
  endfacet
  facet normal 1 0 0
    outer loop
      vertex 1.968504 -0.289812 0.797244
      vertex 1.968504 0.000000 0.964567
      vertex 1.968504 -0.986440 1.692913
    endloop
  endfacet
  facet normal 0 -1 0
    outer loop
      vertex -1.830709 -1.338583 0.000000
      vertex 1.830709 -1.338583 1.734542
      vertex 1.830709 -1.338583 1.968504
    endloop
  endfacet
  facet normal 0 0 1
    outer loop
      vertex -1.830709 -1.338583 1.968504
      vertex 1.830709 -1.338583 1.968504
      vertex 1.899606 -1.320122 1.968504
    endloop
  endfacet
  facet normal 0 0 1
    outer loop
      vertex -1.781496 -1.220472 1.968504
      vertex 1.899606 -1.320122 1.968504
      vertex 1.781496 -1.220472 1.968504
    endloop
  endfacet
  facet normal 0.3826834323650911 -0.9238795325112862 0
    outer loop
      vertex 1.899606 -1.320122 0.000000
      vertex 1.866373 -1.333887 1.968504
      vertex 1.866373 -1.333887 1.692913
    endloop
  endfacet
  facet normal 0.38268343236509117 -0.9238795325112863 0
    outer loop
      vertex 1.899606 -1.320122 0.000000
      vertex 1.899606 -1.320122 1.968504
      vertex 1.866373 -1.333887 1.968504
    endloop
  endfacet
  facet normal 0.6087614290087207 -0.793353340291235 0
    outer loop
      vertex 1.899606 -1.320122 0.000000
      vertex 1.928145 -1.298223 1.968504
      vertex 1.899606 -1.320122 1.968504
    endloop
  endfacet
  facet normal 0.793353340291235 -0.6087614290087207 0
    outer loop
      vertex 1.950043 -1.269685 0.000000
      vertex 1.950043 -1.269685 1.968504
      vertex 1.928145 -1.298223 1.968504
    endloop
  endfacet
  facet normal 0.13052619222003867 -0.9914448613738122 0
    outer loop
      vertex 1.866373 -1.333887 1.692913
      vertex 1.866373 -1.333887 1.968504
      vertex 1.861380 -1.334545 1.692913
    endloop
  endfacet
  facet normal 0.13052619222005446 -0.99144486137381 -2.908838984309508e-16
    outer loop
      vertex 1.866373 -1.333887 1.968504
      vertex 1.830709 -1.338583 1.734542
      vertex 1.861380 -1.334545 1.692913
    endloop
  endfacet
  facet normal 0.13052619222005257 -0.9914448613738103 0
    outer loop
      vertex 1.830709 -1.338583 1.968504
      vertex 1.830709 -1.338583 1.734542
      vertex 1.866373 -1.333887 1.968504
    endloop
  endfacet
  facet normal 0 0 1
    outer loop
      vertex 1.830709 -1.338583 1.968504
      vertex 1.866373 -1.333887 1.968504
      vertex 1.899606 -1.320122 1.968504
    endloop
  endfacet
  facet normal 0 0 1
    outer loop
      vertex 1.899606 -1.320122 1.968504
      vertex 1.928145 -1.298223 1.968504
      vertex 1.950043 -1.269685 1.968504
    endloop
  endfacet
  facet normal 0.9914448613738104 -0.13052619222005257 0
    outer loop
      vertex 1.968504 -1.200787 0.000000
      vertex 1.968504 -1.200787 1.692913
      vertex 1.963809 -1.236451 1.968504
    endloop
  endfacet
  facet normal 0.9238795325112863 -0.38268343236509117 0
    outer loop
      vertex 1.950043 -1.269685 0.000000
      vertex 1.963809 -1.236451 1.968504
      vertex 1.950043 -1.269685 1.968504
    endloop
  endfacet
  facet normal 1 0 0
    outer loop
      vertex 1.968504 -1.023185 1.740157
      vertex 1.968504 -0.986440 1.692913
      vertex 1.968504 0.000000 0.964567
    endloop
  endfacet
  facet normal 1 0 0
    outer loop
      vertex 1.968504 0.000000 0.964567
      vertex 1.968504 -0.850058 1.692913
      vertex 1.968504 -0.910183 1.740157
    endloop
  endfacet
  facet normal 1 0 0
    outer loop
      vertex 1.968504 -1.200787 1.968504
      vertex 1.968504 -1.023185 1.740157
      vertex 1.968504 0.000000 0.964567
    endloop
  endfacet
  facet normal 1 0 0
    outer loop
      vertex 1.968504 -1.200787 1.968504
      vertex 1.968504 0.000000 0.964567
      vertex 1.968504 -0.910183 1.740157
    endloop
  endfacet
  facet normal 0.9914448613738102 -0.1305261922200526 0
    outer loop
      vertex 1.963809 -1.236451 1.968504
      vertex 1.968504 -1.200787 1.692913
      vertex 1.968504 -1.200787 1.740157
    endloop
  endfacet
  facet normal 0.9914448613738104 -0.1305261922200526 0
    outer loop
      vertex 1.963809 -1.236451 1.968504
      vertex 1.968504 -1.200787 1.740157
      vertex 1.968504 -1.200787 1.968504
    endloop
  endfacet
  facet normal 1 0 0
    outer loop
      vertex 1.968504 -1.200787 1.968504
      vertex 1.968504 -1.200787 1.740157
      vertex 1.968504 -1.023185 1.740157
    endloop
  endfacet
  facet normal 0 0 1
    outer loop
      vertex 1.781496 -1.220472 1.968504
      vertex 1.899606 -1.320122 1.968504
      vertex 1.807862 -1.215228 1.968504
    endloop
  endfacet
  facet normal 0 0 1
    outer loop
      vertex 1.807862 -1.215228 1.968504
      vertex 1.899606 -1.320122 1.968504
      vertex 1.830214 -1.200293 1.968504
    endloop
  endfacet
  facet normal 0 0 1
    outer loop
      vertex 1.830214 -1.200293 1.968504
      vertex 1.899606 -1.320122 1.968504
      vertex 1.845149 -1.177941 1.968504
    endloop
  endfacet
  facet normal 0 0 1
    outer loop
      vertex 1.845149 -1.177941 1.968504
      vertex 1.899606 -1.320122 1.968504
      vertex 1.850394 -1.151575 1.968504
    endloop
  endfacet
  facet normal 0 0 1
    outer loop
      vertex 1.899606 -1.320122 1.968504
      vertex 1.950043 -1.269685 1.968504
      vertex 1.968504 -1.200787 1.968504
    endloop
  endfacet
  facet normal 0 0 1
    outer loop
      vertex 1.950043 -1.269685 1.968504
      vertex 1.963809 -1.236451 1.968504
      vertex 1.968504 -1.200787 1.968504
    endloop
  endfacet
  facet normal 0 0 -1
    outer loop
      vertex -1.830709 1.338583 0.000000
      vertex 1.899606 1.320122 0.000000
      vertex 1.968504 -1.200787 0.000000
    endloop
  endfacet
  facet normal 0 0 -1
    outer loop
      vertex -1.830709 1.338583 0.000000
      vertex 1.830709 1.338583 0.000000
      vertex 1.899606 1.320122 0.000000
    endloop
  endfacet
  facet normal 1 0 0
    outer loop
      vertex 1.968504 -1.200787 0.000000
      vertex 1.968504 1.200787 0.000000
      vertex 1.968504 0.000000 0.295276
    endloop
  endfacet
  facet normal 0 0 -1
    outer loop
      vertex 1.968504 -1.200787 0.000000
      vertex 1.899606 1.320122 0.000000
      vertex 1.968504 1.200787 0.000000
    endloop
  endfacet
  facet normal 1 0 0
    outer loop
      vertex 1.968504 0.000000 0.964567
      vertex 1.968504 0.289812 0.797244
      vertex 1.968504 -0.850058 1.692913
    endloop
  endfacet
  facet normal 1 0 0
    outer loop
      vertex 1.968504 1.200787 0.000000
      vertex 1.968504 0.289812 0.462598
      vertex 1.968504 0.000000 0.295276
    endloop
  endfacet
  facet normal 0 0 -1
    outer loop
      vertex 1.830709 1.338583 0.000000
      vertex 1.866373 1.333887 0.000000
      vertex 1.899606 1.320122 0.000000
    endloop
  endfacet
  facet normal 0 0 -1
    outer loop
      vertex 1.968504 1.200787 0.000000
      vertex 1.899606 1.320122 0.000000
      vertex 1.950043 1.269685 0.000000
    endloop
  endfacet
  facet normal 0 0 -1
    outer loop
      vertex 1.968504 1.200787 0.000000
      vertex 1.950043 1.269685 0.000000
      vertex 1.963809 1.236451 0.000000
    endloop
  endfacet
  facet normal 0 0 -1
    outer loop
      vertex 1.899606 1.320122 0.000000
      vertex 1.928145 1.298223 0.000000
      vertex 1.950043 1.269685 0.000000
    endloop
  endfacet
  facet normal 0.13052619222005257 0.9914448613738104 0
    outer loop
      vertex 1.830709 1.338583 0.000000
      vertex 1.830709 1.338583 1.692913
      vertex 1.866373 1.333887 0.000000
    endloop
  endfacet
  facet normal 1 0 0
    outer loop
      vertex 1.968504 1.200787 0.000000
      vertex 1.968504 1.200787 1.692913
      vertex 1.968504 0.289812 0.462598
    endloop
  endfacet
  facet normal 1 0 0
    outer loop
      vertex 1.968504 0.289812 0.462598
      vertex 1.968504 1.200787 1.692913
      vertex 1.968504 0.289812 0.797244
    endloop
  endfacet
  facet normal 0.9914448613738104 0.1305261922200526 0
    outer loop
      vertex 1.968504 1.200787 0.000000
      vertex 1.963809 1.236451 0.000000
      vertex 1.963809 1.236451 1.968504
    endloop
  endfacet
  facet normal 0.38268343236509117 0.9238795325112863 0
    outer loop
      vertex 1.866373 1.333887 0.000000
      vertex 1.899606 1.320122 1.968504
      vertex 1.899606 1.320122 0.000000
    endloop
  endfacet
  facet normal 0.793353340291235 0.6087614290087207 0
    outer loop
      vertex 1.928145 1.298223 0.000000
      vertex 1.950043 1.269685 1.968504
      vertex 1.950043 1.269685 0.000000
    endloop
  endfacet
  facet normal 0.9238795325112863 0.38268343236509117 0
    outer loop
      vertex 1.963809 1.236451 0.000000
      vertex 1.950043 1.269685 0.000000
      vertex 1.963809 1.236451 1.968504
    endloop
  endfacet
  facet normal 0.6087614290087207 0.793353340291235 0
    outer loop
      vertex 1.928145 1.298223 0.000000
      vertex 1.899606 1.320122 0.000000
      vertex 1.899606 1.320122 1.968504
    endloop
  endfacet
  facet normal 0.13052619222005257 0.9914448613738102 0
    outer loop
      vertex 1.866373 1.333887 1.740157
      vertex 1.866373 1.333887 0.000000
      vertex 1.830709 1.338583 1.692913
    endloop
  endfacet
  facet normal 0 1 0
    outer loop
      vertex -1.830709 1.338583 1.968504
      vertex 1.830709 1.338583 1.692913
      vertex 1.830709 1.338583 0.000000
    endloop
  endfacet
  facet normal 0 1 0
    outer loop
      vertex -1.830709 1.338583 1.968504
      vertex 1.830709 1.338583 1.740157
      vertex 1.830709 1.338583 1.692913
    endloop
  endfacet
  facet normal 0 1 0
    outer loop
      vertex -1.830709 1.338583 1.968504
      vertex 1.830709 1.338583 1.968504
      vertex 1.830709 1.338583 1.740157
    endloop
  endfacet
  facet normal 0 0 1
    outer loop
      vertex -1.899606 1.320122 1.968504
      vertex 1.781496 1.220472 1.968504
      vertex 1.899606 1.320122 1.968504
    endloop
  endfacet
  facet normal 0 0 1
    outer loop
      vertex -1.830709 1.338583 1.968504
      vertex 1.899606 1.320122 1.968504
      vertex 1.830709 1.338583 1.968504
    endloop
  endfacet
  facet normal 1 0 0
    outer loop
      vertex 1.968504 -0.850058 1.692913
      vertex 1.968504 0.289812 0.797244
      vertex 1.968504 1.200787 1.692913
    endloop
  endfacet
  facet normal 1 0 0
    outer loop
      vertex 1.968504 -1.200787 1.968504
      vertex 1.968504 -0.910183 1.740157
      vertex 1.968504 1.200787 1.968504
    endloop
  endfacet
  facet normal 0 0 1
    outer loop
      vertex 1.899606 -1.320122 1.968504
      vertex 1.899606 1.320122 1.968504
      vertex 1.850394 -1.151575 1.968504
    endloop
  endfacet
  facet normal 0 0 1
    outer loop
      vertex 1.899606 -1.320122 1.968504
      vertex 1.968504 -1.200787 1.968504
      vertex 1.899606 1.320122 1.968504
    endloop
  endfacet
  facet normal 0 0 1
    outer loop
      vertex 1.850394 -1.151575 1.968504
      vertex 1.899606 1.320122 1.968504
      vertex 1.850394 1.151575 1.968504
    endloop
  endfacet
  facet normal 0 0 1
    outer loop
      vertex 1.968504 -1.200787 1.968504
      vertex 1.968504 1.200787 1.968504
      vertex 1.899606 1.320122 1.968504
    endloop
  endfacet
  facet normal 0.9914448613738104 0.13052619222005257 0
    outer loop
      vertex 1.968504 1.200787 0.000000
      vertex 1.963809 1.236451 1.968504
      vertex 1.968504 1.200787 1.692913
    endloop
  endfacet
  facet normal 0.38268343236509117 0.9238795325112862 0
    outer loop
      vertex 1.899606 1.320122 1.968504
      vertex 1.866373 1.333887 0.000000
      vertex 1.866373 1.333887 1.740157
    endloop
  endfacet
  facet normal 0.9238795325112863 0.38268343236509117 0
    outer loop
      vertex 1.963809 1.236451 1.968504
      vertex 1.950043 1.269685 0.000000
      vertex 1.950043 1.269685 1.968504
    endloop
  endfacet
  facet normal 0.6087614290087207 0.793353340291235 0
    outer loop
      vertex 1.928145 1.298223 0.000000
      vertex 1.899606 1.320122 1.968504
      vertex 1.928145 1.298223 1.968504
    endloop
  endfacet
  facet normal 0.793353340291235 0.6087614290087207 0
    outer loop
      vertex 1.928145 1.298223 0.000000
      vertex 1.928145 1.298223 1.968504
      vertex 1.950043 1.269685 1.968504
    endloop
  endfacet
  facet normal 1 0 0
    outer loop
      vertex 1.968504 1.200787 1.968504
      vertex 1.968504 -0.910183 1.740157
      vertex 1.968504 1.200787 1.740157
    endloop
  endfacet
  facet normal 0.9914448613738102 0.1305261922200526 0
    outer loop
      vertex 1.963809 1.236451 1.968504
      vertex 1.968504 1.200787 1.740157
      vertex 1.968504 1.200787 1.692913
    endloop
  endfacet
  facet normal 0.9914448613738104 0.1305261922200526 0
    outer loop
      vertex 1.968504 1.200787 1.968504
      vertex 1.968504 1.200787 1.740157
      vertex 1.963809 1.236451 1.968504
    endloop
  endfacet
  facet normal 0.1305261922200526 0.9914448613738104 0
    outer loop
      vertex 1.830709 1.338583 1.968504
      vertex 1.866373 1.333887 1.740157
      vertex 1.830709 1.338583 1.740157
    endloop
  endfacet
  facet normal 0.1305261922200526 0.9914448613738104 0
    outer loop
      vertex 1.830709 1.338583 1.968504
      vertex 1.866373 1.333887 1.968504
      vertex 1.866373 1.333887 1.740157
    endloop
  endfacet
  facet normal 0.38268343236509117 0.9238795325112863 0
    outer loop
      vertex 1.866373 1.333887 1.968504
      vertex 1.899606 1.320122 1.968504
      vertex 1.866373 1.333887 1.740157
    endloop
  endfacet
  facet normal 0 0 1
    outer loop
      vertex 1.850394 1.151575 1.968504
      vertex 1.899606 1.320122 1.968504
      vertex 1.845149 1.177941 1.968504
    endloop
  endfacet
  facet normal 0 0 1
    outer loop
      vertex 1.781496 1.220472 1.968504
      vertex 1.807862 1.215228 1.968504
      vertex 1.899606 1.320122 1.968504
    endloop
  endfacet
  facet normal 0 0 1
    outer loop
      vertex 1.830214 1.200293 1.968504
      vertex 1.899606 1.320122 1.968504
      vertex 1.807862 1.215228 1.968504
    endloop
  endfacet
  facet normal 0 0 1
    outer loop
      vertex 1.845149 1.177941 1.968504
      vertex 1.899606 1.320122 1.968504
      vertex 1.830214 1.200293 1.968504
    endloop
  endfacet
  facet normal 0 0 1
    outer loop
      vertex 1.830709 1.338583 1.968504
      vertex 1.899606 1.320122 1.968504
      vertex 1.866373 1.333887 1.968504
    endloop
  endfacet
  facet normal 0 0 1
    outer loop
      vertex 1.968504 1.200787 1.968504
      vertex 1.963809 1.236451 1.968504
      vertex 1.899606 1.320122 1.968504
    endloop
  endfacet
  facet normal 0 0 1
    outer loop
      vertex 1.963809 1.236451 1.968504
      vertex 1.950043 1.269685 1.968504
      vertex 1.928145 1.298223 1.968504
    endloop
  endfacet
  facet normal 0 0 1
    outer loop
      vertex 1.963809 1.236451 1.968504
      vertex 1.928145 1.298223 1.968504
      vertex 1.899606 1.320122 1.968504
    endloop
  endfacet
  facet normal 0 0 1
    outer loop
      vertex -1.807862 -1.215228 0.118504
      vertex -1.845149 -1.177941 0.118504
      vertex -1.830214 -1.200293 0.118504
    endloop
  endfacet
  facet normal 0 0 1
    outer loop
      vertex -1.807862 -1.215228 0.118504
      vertex -1.850394 -1.151575 0.118504
      vertex -1.845149 -1.177941 0.118504
    endloop
  endfacet
  facet normal 0 0 1
    outer loop
      vertex -1.807862 -1.215228 0.118504
      vertex -1.850394 1.151575 0.118504
      vertex -1.850394 -1.151575 0.118504
    endloop
  endfacet
  facet normal 1 0 0
    outer loop
      vertex -1.850394 -1.151575 0.118504
      vertex -1.850394 0.000000 0.295276
      vertex -1.850394 -0.289812 0.462598
    endloop
  endfacet
  facet normal 1 0 0
    outer loop
      vertex -1.850394 -1.151575 0.118504
      vertex -1.850394 -0.289812 0.462598
      vertex -1.850394 -0.289812 0.797244
    endloop
  endfacet
  facet normal 0.5555702330196023 0.8314696123025453 0
    outer loop
      vertex -1.807862 -1.215228 0.118504
      vertex -1.830214 -1.200293 0.118504
      vertex -1.830214 -1.200293 1.968504
    endloop
  endfacet
  facet normal 0.831469612302546 0.5555702330196011 0
    outer loop
      vertex -1.830214 -1.200293 0.118504
      vertex -1.845149 -1.177941 0.118504
      vertex -1.845149 -1.177941 1.968504
    endloop
  endfacet
  facet normal 0.9807852804032305 0.19509032201612714 0
    outer loop
      vertex -1.845149 -1.177941 0.118504
      vertex -1.850394 -1.151575 0.118504
      vertex -1.850394 -1.151575 1.968504
    endloop
  endfacet
  facet normal 0.19509032201612714 0.9807852804032305 0
    outer loop
      vertex -1.807862 -1.215228 0.118504
      vertex -1.807862 -1.215228 1.968504
      vertex -1.781496 -1.220472 0.118504
    endloop
  endfacet
  facet normal 1 0 0
    outer loop
      vertex -1.850394 -1.151575 0.118504
      vertex -1.850394 -0.289812 0.797244
      vertex -1.850394 -1.151575 1.968504
    endloop
  endfacet
  facet normal 0 0 1
    outer loop
      vertex -1.807862 -1.215228 0.118504
      vertex -1.781496 -1.220472 0.118504
      vertex 1.781496 -1.220472 0.118504
    endloop
  endfacet
  facet normal 0 1 0
    outer loop
      vertex -1.781496 -1.220472 0.118504
      vertex -1.781496 -1.220472 1.968504
      vertex 1.781496 -1.220472 0.118504
    endloop
  endfacet
  facet normal 0.5555702330196023 0.8314696123025453 0
    outer loop
      vertex -1.807862 -1.215228 0.118504
      vertex -1.830214 -1.200293 1.968504
      vertex -1.807862 -1.215228 1.968504
    endloop
  endfacet
  facet normal 0.831469612302546 0.5555702330196011 0
    outer loop
      vertex -1.830214 -1.200293 0.118504
      vertex -1.845149 -1.177941 1.968504
      vertex -1.830214 -1.200293 1.968504
    endloop
  endfacet
  facet normal 0.9807852804032305 0.19509032201612714 0
    outer loop
      vertex -1.845149 -1.177941 0.118504
      vertex -1.850394 -1.151575 1.968504
      vertex -1.845149 -1.177941 1.968504
    endloop
  endfacet
  facet normal 0.19509032201612714 0.9807852804032305 0
    outer loop
      vertex -1.781496 -1.220472 0.118504
      vertex -1.807862 -1.215228 1.968504
      vertex -1.781496 -1.220472 1.968504
    endloop
  endfacet
  facet normal 1 0 0
    outer loop
      vertex -1.850394 -1.151575 0.118504
      vertex -1.850394 1.151575 0.118504
      vertex -1.850394 0.000000 0.295276
    endloop
  endfacet
  facet normal 0 0 1
    outer loop
      vertex -1.807862 -1.215228 0.118504
      vertex -1.781496 1.220472 0.118504
      vertex -1.850394 1.151575 0.118504
    endloop
  endfacet
  facet normal 1 0 0
    outer loop
      vertex -1.850394 0.000000 0.295276
      vertex -1.850394 1.151575 0.118504
      vertex -1.850394 0.289812 0.462598
    endloop
  endfacet
  facet normal 1 0 0
    outer loop
      vertex -1.850394 0.289812 0.462598
      vertex -1.850394 1.151575 0.118504
      vertex -1.850394 0.289812 0.797244
    endloop
  endfacet
  facet normal 0 0 1
    outer loop
      vertex -1.850394 1.151575 0.118504
      vertex -1.830214 1.200293 0.118504
      vertex -1.845149 1.177941 0.118504
    endloop
  endfacet
  facet normal 0 0 1
    outer loop
      vertex -1.850394 1.151575 0.118504
      vertex -1.781496 1.220472 0.118504
      vertex -1.830214 1.200293 0.118504
    endloop
  endfacet
  facet normal 0 0 1
    outer loop
      vertex -1.830214 1.200293 0.118504
      vertex -1.781496 1.220472 0.118504
      vertex -1.807862 1.215228 0.118504
    endloop
  endfacet
  facet normal 1 0 0
    outer loop
      vertex -1.850394 0.289812 0.797244
      vertex -1.850394 1.151575 0.118504
      vertex -1.850394 1.151575 1.968504
    endloop
  endfacet
  facet normal 0.9807852804032305 -0.19509032201612714 0
    outer loop
      vertex -1.850394 1.151575 0.118504
      vertex -1.845149 1.177941 0.118504
      vertex -1.845149 1.177941 1.968504
    endloop
  endfacet
  facet normal 0.831469612302546 -0.5555702330196011 0
    outer loop
      vertex -1.845149 1.177941 0.118504
      vertex -1.830214 1.200293 0.118504
      vertex -1.830214 1.200293 1.968504
    endloop
  endfacet
  facet normal 0.5555702330196023 -0.8314696123025453 0
    outer loop
      vertex -1.830214 1.200293 0.118504
      vertex -1.807862 1.215228 0.118504
      vertex -1.807862 1.215228 1.968504
    endloop
  endfacet
  facet normal 0.19509032201612714 -0.9807852804032305 0
    outer loop
      vertex -1.807862 1.215228 0.118504
      vertex -1.781496 1.220472 0.118504
      vertex -1.781496 1.220472 1.968504
    endloop
  endfacet
  facet normal 0 0 1
    outer loop
      vertex -1.807862 -1.215228 0.118504
      vertex 1.850394 -1.151575 0.118504
      vertex -1.781496 1.220472 0.118504
    endloop
  endfacet
  facet normal 1 0 0
    outer loop
      vertex -1.850394 -0.289812 0.797244
      vertex -1.850394 1.151575 1.968504
      vertex -1.850394 -1.151575 1.968504
    endloop
  endfacet
  facet normal 1 0 0
    outer loop
      vertex -1.850394 -0.289812 0.797244
      vertex -1.850394 0.000000 0.964567
      vertex -1.850394 1.151575 1.968504
    endloop
  endfacet
  facet normal 1 0 0
    outer loop
      vertex -1.850394 0.000000 0.964567
      vertex -1.850394 0.289812 0.797244
      vertex -1.850394 1.151575 1.968504
    endloop
  endfacet
  facet normal 0.9807852804032305 -0.19509032201612714 0
    outer loop
      vertex -1.850394 1.151575 0.118504
      vertex -1.845149 1.177941 1.968504
      vertex -1.850394 1.151575 1.968504
    endloop
  endfacet
  facet normal 0.831469612302546 -0.5555702330196011 0
    outer loop
      vertex -1.845149 1.177941 0.118504
      vertex -1.830214 1.200293 1.968504
      vertex -1.845149 1.177941 1.968504
    endloop
  endfacet
  facet normal 0.5555702330196023 -0.8314696123025453 0
    outer loop
      vertex -1.830214 1.200293 0.118504
      vertex -1.807862 1.215228 1.968504
      vertex -1.830214 1.200293 1.968504
    endloop
  endfacet
  facet normal 0.19509032201612714 -0.9807852804032305 0
    outer loop
      vertex -1.807862 1.215228 0.118504
      vertex -1.781496 1.220472 1.968504
      vertex -1.807862 1.215228 1.968504
    endloop
  endfacet
  facet normal 0 -1 0
    outer loop
      vertex -1.781496 1.220472 0.118504
      vertex 1.781496 1.220472 1.968504
      vertex -1.781496 1.220472 1.968504
    endloop
  endfacet
  facet normal 0 0 1
    outer loop
      vertex -1.807862 -1.215228 0.118504
      vertex 1.781496 -1.220472 0.118504
      vertex 1.850394 -1.151575 0.118504
    endloop
  endfacet
  facet normal 0 0 1
    outer loop
      vertex 1.781496 -1.220472 0.118504
      vertex 1.807862 -1.215228 0.118504
      vertex 1.830214 -1.200293 0.118504
    endloop
  endfacet
  facet normal 0 0 1
    outer loop
      vertex 1.781496 -1.220472 0.118504
      vertex 1.830214 -1.200293 0.118504
      vertex 1.850394 -1.151575 0.118504
    endloop
  endfacet
  facet normal 0 0 1
    outer loop
      vertex 1.830214 -1.200293 0.118504
      vertex 1.845149 -1.177941 0.118504
      vertex 1.850394 -1.151575 0.118504
    endloop
  endfacet
  facet normal -1 0 0
    outer loop
      vertex 1.850394 -1.151575 0.118504
      vertex 1.850394 -0.289812 0.462598
      vertex 1.850394 0.000000 0.295276
    endloop
  endfacet
  facet normal -1 0 0
    outer loop
      vertex 1.850394 -1.151575 0.118504
      vertex 1.850394 -0.289812 0.797244
      vertex 1.850394 -0.289812 0.462598
    endloop
  endfacet
  facet normal -0.19509032201612714 0.9807852804032305 0
    outer loop
      vertex 1.781496 -1.220472 0.118504
      vertex 1.781496 -1.220472 1.968504
      vertex 1.807862 -1.215228 0.118504
    endloop
  endfacet
  facet normal -0.5555702330196023 0.8314696123025453 0
    outer loop
      vertex 1.807862 -1.215228 0.118504
      vertex 1.807862 -1.215228 1.968504
      vertex 1.830214 -1.200293 0.118504
    endloop
  endfacet
  facet normal -0.831469612302546 0.5555702330196011 0
    outer loop
      vertex 1.830214 -1.200293 0.118504
      vertex 1.830214 -1.200293 1.968504
      vertex 1.845149 -1.177941 0.118504
    endloop
  endfacet
  facet normal -0.9807852804032305 0.19509032201612714 0
    outer loop
      vertex 1.845149 -1.177941 0.118504
      vertex 1.845149 -1.177941 1.968504
      vertex 1.850394 -1.151575 0.118504
    endloop
  endfacet
  facet normal -1 0 0
    outer loop
      vertex 1.850394 -1.151575 0.118504
      vertex 1.850394 -1.151575 1.968504
      vertex 1.850394 -0.289812 0.797244
    endloop
  endfacet
  facet normal 0 1 0
    outer loop
      vertex -1.781496 -1.220472 1.968504
      vertex 1.781496 -1.220472 1.968504
      vertex 1.781496 -1.220472 0.118504
    endloop
  endfacet
  facet normal -0.19509032201612714 0.9807852804032305 0
    outer loop
      vertex 1.807862 -1.215228 0.118504
      vertex 1.781496 -1.220472 1.968504
      vertex 1.807862 -1.215228 1.968504
    endloop
  endfacet
  facet normal -0.5555702330196023 0.8314696123025453 0
    outer loop
      vertex 1.830214 -1.200293 0.118504
      vertex 1.807862 -1.215228 1.968504
      vertex 1.830214 -1.200293 1.968504
    endloop
  endfacet
  facet normal -0.831469612302546 0.5555702330196011 0
    outer loop
      vertex 1.845149 -1.177941 0.118504
      vertex 1.830214 -1.200293 1.968504
      vertex 1.845149 -1.177941 1.968504
    endloop
  endfacet
  facet normal -0.9807852804032305 0.19509032201612714 0
    outer loop
      vertex 1.850394 -1.151575 0.118504
      vertex 1.845149 -1.177941 1.968504
      vertex 1.850394 -1.151575 1.968504
    endloop
  endfacet
  facet normal -1 0 0
    outer loop
      vertex 1.850394 -0.289812 0.797244
      vertex 1.850394 -1.151575 1.968504
      vertex 1.850394 0.000000 0.964567
    endloop
  endfacet
  facet normal 0 0 1
    outer loop
      vertex -1.781496 1.220472 0.118504
      vertex 1.850394 -1.151575 0.118504
      vertex 1.807862 1.215228 0.118504
    endloop
  endfacet
  facet normal 0 0 1
    outer loop
      vertex -1.781496 1.220472 0.118504
      vertex 1.807862 1.215228 0.118504
      vertex 1.781496 1.220472 0.118504
    endloop
  endfacet
  facet normal 0 -1 0
    outer loop
      vertex -1.781496 1.220472 0.118504
      vertex 1.781496 1.220472 0.118504
      vertex 1.781496 1.220472 1.968504
    endloop
  endfacet
  facet normal -1 0 0
    outer loop
      vertex 1.850394 -1.151575 0.118504
      vertex 1.850394 0.000000 0.295276
      vertex 1.850394 1.151575 0.118504
    endloop
  endfacet
  facet normal 0 0 1
    outer loop
      vertex 1.850394 -1.151575 0.118504
      vertex 1.850394 1.151575 0.118504
      vertex 1.807862 1.215228 0.118504
    endloop
  endfacet
  facet normal -1 0 0
    outer loop
      vertex 1.850394 0.000000 0.295276
      vertex 1.850394 0.289812 0.462598
      vertex 1.850394 1.151575 0.118504
    endloop
  endfacet
  facet normal -1 0 0
    outer loop
      vertex 1.850394 0.289812 0.462598
      vertex 1.850394 0.289812 0.797244
      vertex 1.850394 1.151575 0.118504
    endloop
  endfacet
  facet normal 0 0 1
    outer loop
      vertex 1.845149 1.177941 0.118504
      vertex 1.830214 1.200293 0.118504
      vertex 1.807862 1.215228 0.118504
    endloop
  endfacet
  facet normal 0 0 1
    outer loop
      vertex 1.850394 1.151575 0.118504
      vertex 1.845149 1.177941 0.118504
      vertex 1.807862 1.215228 0.118504
    endloop
  endfacet
  facet normal -1 0 0
    outer loop
      vertex 1.850394 0.289812 0.797244
      vertex 1.850394 1.151575 1.968504
      vertex 1.850394 1.151575 0.118504
    endloop
  endfacet
  facet normal -0.19509032201612714 -0.9807852804032305 0
    outer loop
      vertex 1.781496 1.220472 0.118504
      vertex 1.807862 1.215228 0.118504
      vertex 1.807862 1.215228 1.968504
    endloop
  endfacet
  facet normal -0.9807852804032305 -0.19509032201612714 0
    outer loop
      vertex 1.850394 1.151575 0.118504
      vertex 1.850394 1.151575 1.968504
      vertex 1.845149 1.177941 0.118504
    endloop
  endfacet
  facet normal -0.831469612302546 -0.5555702330196011 0
    outer loop
      vertex 1.845149 1.177941 0.118504
      vertex 1.845149 1.177941 1.968504
      vertex 1.830214 1.200293 0.118504
    endloop
  endfacet
  facet normal -0.5555702330196023 -0.8314696123025453 0
    outer loop
      vertex 1.830214 1.200293 0.118504
      vertex 1.830214 1.200293 1.968504
      vertex 1.807862 1.215228 0.118504
    endloop
  endfacet
  facet normal -1 0 0
    outer loop
      vertex 1.850394 -1.151575 1.968504
      vertex 1.850394 0.289812 0.797244
      vertex 1.850394 0.000000 0.964567
    endloop
  endfacet
  facet normal -1 0 0
    outer loop
      vertex 1.850394 -1.151575 1.968504
      vertex 1.850394 1.151575 1.968504
      vertex 1.850394 0.289812 0.797244
    endloop
  endfacet
  facet normal -0.19509032201612714 -0.9807852804032305 0
    outer loop
      vertex 1.781496 1.220472 0.118504
      vertex 1.807862 1.215228 1.968504
      vertex 1.781496 1.220472 1.968504
    endloop
  endfacet
  facet normal -0.9807852804032305 -0.19509032201612714 0
    outer loop
      vertex 1.845149 1.177941 0.118504
      vertex 1.850394 1.151575 1.968504
      vertex 1.845149 1.177941 1.968504
    endloop
  endfacet
  facet normal -0.831469612302546 -0.5555702330196011 0
    outer loop
      vertex 1.830214 1.200293 0.118504
      vertex 1.845149 1.177941 1.968504
      vertex 1.830214 1.200293 1.968504
    endloop
  endfacet
  facet normal -0.5555702330196023 -0.8314696123025453 0
    outer loop
      vertex 1.807862 1.215228 0.118504
      vertex 1.830214 1.200293 1.968504
      vertex 1.807862 1.215228 1.968504
    endloop
  endfacet
  facet normal 0 0.5 0.8660254037844387
    outer loop
      vertex -1.850394 -0.289812 0.462598
      vertex -1.968504 0.000000 0.295276
      vertex -1.968504 -0.289812 0.462598
    endloop
  endfacet
  facet normal 0 1 0
    outer loop
      vertex -1.850394 -0.289812 0.462598
      vertex -1.968504 -0.289812 0.462598
      vertex -1.850394 -0.289812 0.797244
    endloop
  endfacet
  facet normal 0 0.5 0.8660254037844387
    outer loop
      vertex -1.850394 -0.289812 0.462598
      vertex -1.850394 0.000000 0.295276
      vertex -1.968504 0.000000 0.295276
    endloop
  endfacet
  facet normal 0 -0.5 0.8660254037844387
    outer loop
      vertex -1.850394 0.000000 0.295276
      vertex -1.968504 0.289812 0.462598
      vertex -1.968504 0.000000 0.295276
    endloop
  endfacet
  facet normal 0 -0.5 0.8660254037844387
    outer loop
      vertex -1.850394 0.000000 0.295276
      vertex -1.850394 0.289812 0.462598
      vertex -1.968504 0.289812 0.462598
    endloop
  endfacet
  facet normal 0 -1 0
    outer loop
      vertex -1.850394 0.289812 0.462598
      vertex -1.968504 0.289812 0.797244
      vertex -1.968504 0.289812 0.462598
    endloop
  endfacet
  facet normal 0 1 0
    outer loop
      vertex -1.850394 -0.289812 0.797244
      vertex -1.968504 -0.289812 0.462598
      vertex -1.968504 -0.289812 0.797244
    endloop
  endfacet
  facet normal 0 0.5 -0.8660254037844387
    outer loop
      vertex -1.850394 -0.289812 0.797244
      vertex -1.968504 -0.289812 0.797244
      vertex -1.850394 0.000000 0.964567
    endloop
  endfacet
  facet normal 0 0.5 -0.8660254037844387
    outer loop
      vertex -1.850394 0.000000 0.964567
      vertex -1.968504 -0.289812 0.797244
      vertex -1.968504 0.000000 0.964567
    endloop
  endfacet
  facet normal 0 -0.5 -0.8660254037844387
    outer loop
      vertex -1.850394 0.289812 0.797244
      vertex -1.968504 0.000000 0.964567
      vertex -1.968504 0.289812 0.797244
    endloop
  endfacet
  facet normal 0 -1 0
    outer loop
      vertex -1.850394 0.289812 0.462598
      vertex -1.850394 0.289812 0.797244
      vertex -1.968504 0.289812 0.797244
    endloop
  endfacet
  facet normal 0 -0.5 -0.8660254037844387
    outer loop
      vertex -1.850394 0.000000 0.964567
      vertex -1.968504 0.000000 0.964567
      vertex -1.850394 0.289812 0.797244
    endloop
  endfacet
  facet normal 0 0.5 0.8660254037844387
    outer loop
      vertex 1.850394 -0.289812 0.462598
      vertex 1.968504 -0.289812 0.462598
      vertex 1.850394 0.000000 0.295276
    endloop
  endfacet
  facet normal 0 1 0
    outer loop
      vertex 1.850394 -0.289812 0.462598
      vertex 1.968504 -0.289812 0.797244
      vertex 1.968504 -0.289812 0.462598
    endloop
  endfacet
  facet normal 0 0.5 0.8660254037844387
    outer loop
      vertex 1.850394 0.000000 0.295276
      vertex 1.968504 -0.289812 0.462598
      vertex 1.968504 0.000000 0.295276
    endloop
  endfacet
  facet normal 0 -0.5 0.8660254037844387
    outer loop
      vertex 1.850394 0.000000 0.295276
      vertex 1.968504 0.000000 0.295276
      vertex 1.850394 0.289812 0.462598
    endloop
  endfacet
  facet normal 0 -0.5 0.8660254037844387
    outer loop
      vertex 1.850394 0.289812 0.462598
      vertex 1.968504 0.000000 0.295276
      vertex 1.968504 0.289812 0.462598
    endloop
  endfacet
  facet normal 0 -1 0
    outer loop
      vertex 1.850394 0.289812 0.462598
      vertex 1.968504 0.289812 0.462598
      vertex 1.850394 0.289812 0.797244
    endloop
  endfacet
  facet normal 0 1 0
    outer loop
      vertex 1.850394 -0.289812 0.462598
      vertex 1.850394 -0.289812 0.797244
      vertex 1.968504 -0.289812 0.797244
    endloop
  endfacet
  facet normal 0 0.5 -0.8660254037844387
    outer loop
      vertex 1.850394 -0.289812 0.797244
      vertex 1.968504 0.000000 0.964567
      vertex 1.968504 -0.289812 0.797244
    endloop
  endfacet
  facet normal 0 0.5 -0.8660254037844387
    outer loop
      vertex 1.850394 -0.289812 0.797244
      vertex 1.850394 0.000000 0.964567
      vertex 1.968504 0.000000 0.964567
    endloop
  endfacet
  facet normal 0 -0.5 -0.8660254037844387
    outer loop
      vertex 1.850394 0.000000 0.964567
      vertex 1.850394 0.289812 0.797244
      vertex 1.968504 0.289812 0.797244
    endloop
  endfacet
  facet normal 0 -1 0
    outer loop
      vertex 1.850394 0.289812 0.797244
      vertex 1.968504 0.289812 0.462598
      vertex 1.968504 0.289812 0.797244
    endloop
  endfacet
  facet normal 0 -0.5 -0.8660254037844387
    outer loop
      vertex 1.850394 0.000000 0.964567
      vertex 1.968504 0.289812 0.797244
      vertex 1.968504 0.000000 0.964567
    endloop
  endfacet
  facet normal -1 0 0
    outer loop
      vertex -2.421260 -0.075331 0.448055
      vertex -2.421260 0.075331 0.448055
      vertex -2.421260 0.000000 0.433071
    endloop
  endfacet
  facet normal -1 0 0
    outer loop
      vertex -2.421260 -0.139194 0.490727
      vertex -2.421260 -0.097436 0.532485
      vertex -2.421260 -0.052732 0.502615
    endloop
  endfacet
  facet normal 0.5071711469260751 -0.47881562850449566 -0.716598228874126
    outer loop
      vertex -2.421260 -0.075331 0.448055
      vertex -2.322835 -0.097436 0.532485
      vertex -2.421260 -0.139194 0.490727
    endloop
  endfacet
  facet normal -1 0 0
    outer loop
      vertex -2.421260 -0.139194 0.490727
      vertex -2.421260 -0.181866 0.554590
      vertex -2.421260 -0.127306 0.577189
    endloop
  endfacet
  facet normal 0.5071711469260751 -0.716598228874126 -0.47881562850449577
    outer loop
      vertex -2.421260 -0.139194 0.490727
      vertex -2.322835 -0.097436 0.532485
      vertex -2.421260 -0.181866 0.554590
    endloop
  endfacet
  facet normal 0.5071711469260752 -0.716598228874126 -0.4788156285044953
    outer loop
      vertex -2.421260 -0.181866 0.554590
      vertex -2.322835 -0.097436 0.532485
      vertex -2.322835 -0.127306 0.577189
    endloop
  endfacet
  facet normal -1 0 0
    outer loop
      vertex -2.421260 -0.181866 0.554590
      vertex -2.421260 -0.137795 0.629921
      vertex -2.421260 -0.127306 0.577189
    endloop
  endfacet
  facet normal 0.5071711469260751 -0.8452852448767918 -0.16813768916953645
    outer loop
      vertex -2.421260 -0.181866 0.554590
      vertex -2.322835 -0.127306 0.577189
      vertex -2.421260 -0.196850 0.629921
    endloop
  endfacet
  facet normal -1 0 0
    outer loop
      vertex -2.421260 -0.139194 0.490727
      vertex -2.421260 -0.127306 0.577189
      vertex -2.421260 -0.097436 0.532485
    endloop
  endfacet
  facet normal -1 0 0
    outer loop
      vertex -2.421260 -0.075331 0.448055
      vertex -2.421260 -0.139194 0.490727
      vertex -2.421260 0.075331 0.448055
    endloop
  endfacet
  facet normal 0.5071711469260752 -0.1681376891695365 -0.8452852448767917
    outer loop
      vertex -2.421260 -0.075331 0.448055
      vertex -2.421260 0.000000 0.433071
      vertex -2.322835 -0.052732 0.502615
    endloop
  endfacet
  facet normal -1 0 0
    outer loop
      vertex -2.421260 -0.139194 0.490727
      vertex -2.421260 -0.052732 0.502615
      vertex -2.421260 0.000000 0.492126
    endloop
  endfacet
  facet normal 0.5071711469260753 -0.47881562850449516 -0.7165982288741263
    outer loop
      vertex -2.421260 -0.075331 0.448055
      vertex -2.322835 -0.052732 0.502615
      vertex -2.322835 -0.097436 0.532485
    endloop
  endfacet
  facet normal -1 0 0
    outer loop
      vertex -2.421260 -0.139194 0.490727
      vertex -2.421260 0.139194 0.490727
      vertex -2.421260 0.075331 0.448055
    endloop
  endfacet
  facet normal 0.507171146926075 -0.16813768916953695 -0.8452852448767917
    outer loop
      vertex -2.421260 0.000000 0.433071
      vertex -2.322835 0.000000 0.492126
      vertex -2.322835 -0.052732 0.502615
    endloop
  endfacet
  facet normal 0.507171146926075 0.16813768916953695 -0.8452852448767917
    outer loop
      vertex -2.421260 0.000000 0.433071
      vertex -2.322835 0.052732 0.502615
      vertex -2.322835 0.000000 0.492126
    endloop
  endfacet
  facet normal -1 0 0
    outer loop
      vertex -2.421260 -0.139194 0.490727
      vertex -2.421260 0.000000 0.492126
      vertex -2.421260 0.139194 0.490727
    endloop
  endfacet
  facet normal 0.5071711469260752 0.1681376891695365 -0.8452852448767917
    outer loop
      vertex -2.421260 0.000000 0.433071
      vertex -2.421260 0.075331 0.448055
      vertex -2.322835 0.052732 0.502615
    endloop
  endfacet
  facet normal -1 0 0
    outer loop
      vertex -2.421260 0.000000 0.492126
      vertex -2.421260 0.052732 0.502615
      vertex -2.421260 0.139194 0.490727
    endloop
  endfacet
  facet normal 0.5071711469260753 0.47881562850449516 -0.7165982288741263
    outer loop
      vertex -2.421260 0.075331 0.448055
      vertex -2.322835 0.097436 0.532485
      vertex -2.322835 0.052732 0.502615
    endloop
  endfacet
  facet normal -1 0 0
    outer loop
      vertex -2.421260 0.052732 0.502615
      vertex -2.421260 0.097436 0.532485
      vertex -2.421260 0.139194 0.490727
    endloop
  endfacet
  facet normal 0.5071711469260751 0.47881562850449566 -0.716598228874126
    outer loop
      vertex -2.421260 0.075331 0.448055
      vertex -2.421260 0.139194 0.490727
      vertex -2.322835 0.097436 0.532485
    endloop
  endfacet
  facet normal -1 0 0
    outer loop
      vertex -2.421260 0.139194 0.490727
      vertex -2.421260 0.097436 0.532485
      vertex -2.421260 0.181866 0.554590
    endloop
  endfacet
  facet normal -1 0 0
    outer loop
      vertex -2.421260 0.097436 0.532485
      vertex -2.421260 0.127306 0.577189
      vertex -2.421260 0.181866 0.554590
    endloop
  endfacet
  facet normal 0.5071711469260751 0.716598228874126 -0.47881562850449577
    outer loop
      vertex -2.421260 0.139194 0.490727
      vertex -2.421260 0.181866 0.554590
      vertex -2.322835 0.097436 0.532485
    endloop
  endfacet
  facet normal 0.5071711469260752 0.716598228874126 -0.4788156285044953
    outer loop
      vertex -2.421260 0.181866 0.554590
      vertex -2.322835 0.127306 0.577189
      vertex -2.322835 0.097436 0.532485
    endloop
  endfacet
  facet normal -1 0 0
    outer loop
      vertex -2.421260 0.127306 0.577189
      vertex -2.421260 0.196850 0.629921
      vertex -2.421260 0.181866 0.554590
    endloop
  endfacet
  facet normal 0.5071711469260751 0.8452852448767918 -0.16813768916953645
    outer loop
      vertex -2.421260 0.181866 0.554590
      vertex -2.421260 0.196850 0.629921
      vertex -2.322835 0.127306 0.577189
    endloop
  endfacet
  facet normal -1 0 0
    outer loop
      vertex -2.421260 -0.181866 0.554590
      vertex -2.421260 -0.196850 0.629921
      vertex -2.421260 -0.137795 0.629921
    endloop
  endfacet
  facet normal 0.507171146926075 -0.8452852448767917 -0.16813768916953664
    outer loop
      vertex -2.322835 -0.127306 0.577189
      vertex -2.322835 -0.137795 0.629921
      vertex -2.421260 -0.196850 0.629921
    endloop
  endfacet
  facet normal -1 0 0
    outer loop
      vertex -2.421260 -0.196850 0.629921
      vertex -2.421260 -0.181866 0.705253
      vertex -2.421260 -0.127306 0.682653
    endloop
  endfacet
  facet normal -1 0 0
    outer loop
      vertex -2.421260 -0.196850 0.629921
      vertex -2.421260 -0.127306 0.682653
      vertex -2.421260 -0.137795 0.629921
    endloop
  endfacet
  facet normal 0.5071711469260752 -0.8452852448767917 0.16813768916953642
    outer loop
      vertex -2.421260 -0.196850 0.629921
      vertex -2.322835 -0.127306 0.682653
      vertex -2.421260 -0.181866 0.705253
    endloop
  endfacet
  facet normal 0.507171146926075 -0.8452852448767917 0.16813768916953692
    outer loop
      vertex -2.421260 -0.196850 0.629921
      vertex -2.322835 -0.137795 0.629921
      vertex -2.322835 -0.127306 0.682653
    endloop
  endfacet
  facet normal -1 0 0
    outer loop
      vertex -2.421260 -0.181866 0.705253
      vertex -2.421260 -0.097436 0.727357
      vertex -2.421260 -0.127306 0.682653
    endloop
  endfacet
  facet normal 0.5071711469260755 -0.7165982288741259 0.4788156285044952
    outer loop
      vertex -2.421260 -0.181866 0.705253
      vertex -2.322835 -0.127306 0.682653
      vertex -2.322835 -0.097436 0.727357
    endloop
  endfacet
  facet normal -1 0 0
    outer loop
      vertex -2.421260 -0.181866 0.705253
      vertex -2.421260 -0.139194 0.769116
      vertex -2.421260 -0.097436 0.727357
    endloop
  endfacet
  facet normal 0.5071711469260753 -0.7165982288741259 0.4788156285044957
    outer loop
      vertex -2.421260 -0.181866 0.705253
      vertex -2.322835 -0.097436 0.727357
      vertex -2.421260 -0.139194 0.769116
    endloop
  endfacet
  facet normal -1 0 0
    outer loop
      vertex -2.421260 -0.097436 0.727357
      vertex -2.421260 -0.139194 0.769116
      vertex -2.421260 -0.052732 0.757227
    endloop
  endfacet
  facet normal 0.5071711469260755 -0.47881562850449555 0.7165982288741259
    outer loop
      vertex -2.322835 -0.097436 0.727357
      vertex -2.421260 -0.075331 0.811787
      vertex -2.421260 -0.139194 0.769116
    endloop
  endfacet
  facet normal -1 0 0
    outer loop
      vertex -2.421260 -0.139194 0.769116
      vertex -2.421260 0.000000 0.767717
      vertex -2.421260 -0.052732 0.757227
    endloop
  endfacet
  facet normal -1 0 0
    outer loop
      vertex -2.421260 -0.139194 0.769116
      vertex -2.421260 -0.075331 0.811787
      vertex -2.421260 0.139194 0.769116
    endloop
  endfacet
  facet normal 0.5071711469260747 -0.4788156285044968 0.7165982288741255
    outer loop
      vertex -2.322835 -0.097436 0.727357
      vertex -2.322835 -0.052732 0.757227
      vertex -2.421260 -0.075331 0.811787
    endloop
  endfacet
  facet normal 0.5071711469260748 -0.16813768916953656 0.845285244876792
    outer loop
      vertex -2.421260 -0.075331 0.811787
      vertex -2.322835 -0.052732 0.757227
      vertex -2.421260 0.000000 0.826772
    endloop
  endfacet
  facet normal -1 0 0
    outer loop
      vertex -2.421260 -0.139194 0.769116
      vertex -2.421260 0.139194 0.769116
      vertex -2.421260 0.000000 0.767717
    endloop
  endfacet
  facet normal 0.5071711469260751 -0.16813768916953586 0.8452852448767919
    outer loop
      vertex -2.421260 0.000000 0.826772
      vertex -2.322835 -0.052732 0.757227
      vertex -2.322835 0.000000 0.767717
    endloop
  endfacet
  facet normal 0.5071711469260751 0.16813768916953586 0.8452852448767919
    outer loop
      vertex -2.421260 0.000000 0.826772
      vertex -2.322835 0.000000 0.767717
      vertex -2.322835 0.052732 0.757227
    endloop
  endfacet
  facet normal -1 0 0
    outer loop
      vertex -2.421260 -0.075331 0.811787
      vertex -2.421260 0.000000 0.826772
      vertex -2.421260 0.075331 0.811787
    endloop
  endfacet
  facet normal 0.5071711469260755 0.7165982288741259 0.4788156285044952
    outer loop
      vertex -2.421260 0.181866 0.705253
      vertex -2.322835 0.097436 0.727357
      vertex -2.322835 0.127306 0.682653
    endloop
  endfacet
  facet normal -1 0 0
    outer loop
      vertex -2.421260 0.127306 0.682653
      vertex -2.421260 0.097436 0.727357
      vertex -2.421260 0.139194 0.769116
    endloop
  endfacet
  facet normal 0.5071711469260753 0.7165982288741259 0.4788156285044957
    outer loop
      vertex -2.421260 0.181866 0.705253
      vertex -2.421260 0.139194 0.769116
      vertex -2.322835 0.097436 0.727357
    endloop
  endfacet
  facet normal -1 0 0
    outer loop
      vertex -2.421260 0.127306 0.577189
      vertex -2.421260 0.137795 0.629921
      vertex -2.421260 0.196850 0.629921
    endloop
  endfacet
  facet normal 0.507171146926075 0.8452852448767917 -0.16813768916953664
    outer loop
      vertex -2.322835 0.127306 0.577189
      vertex -2.421260 0.196850 0.629921
      vertex -2.322835 0.137795 0.629921
    endloop
  endfacet
  facet normal -1 0 0
    outer loop
      vertex -2.421260 0.137795 0.629921
      vertex -2.421260 0.127306 0.682653
      vertex -2.421260 0.181866 0.705253
    endloop
  endfacet
  facet normal -1 0 0
    outer loop
      vertex -2.421260 0.137795 0.629921
      vertex -2.421260 0.181866 0.705253
      vertex -2.421260 0.196850 0.629921
    endloop
  endfacet
  facet normal 0.507171146926075 0.8452852448767917 0.16813768916953692
    outer loop
      vertex -2.421260 0.196850 0.629921
      vertex -2.322835 0.127306 0.682653
      vertex -2.322835 0.137795 0.629921
    endloop
  endfacet
  facet normal 0.5071711469260752 0.8452852448767917 0.16813768916953642
    outer loop
      vertex -2.421260 0.196850 0.629921
      vertex -2.421260 0.181866 0.705253
      vertex -2.322835 0.127306 0.682653
    endloop
  endfacet
  facet normal -1 0 0
    outer loop
      vertex -2.421260 0.127306 0.682653
      vertex -2.421260 0.139194 0.769116
      vertex -2.421260 0.181866 0.705253
    endloop
  endfacet
  facet normal -1 0 0
    outer loop
      vertex -2.421260 0.000000 0.767717
      vertex -2.421260 0.139194 0.769116
      vertex -2.421260 0.052732 0.757227
    endloop
  endfacet
  facet normal 0.5071711469260747 0.4788156285044968 0.7165982288741255
    outer loop
      vertex -2.322835 0.097436 0.727357
      vertex -2.421260 0.075331 0.811787
      vertex -2.322835 0.052732 0.757227
    endloop
  endfacet
  facet normal -1 0 0
    outer loop
      vertex -2.421260 -0.075331 0.811787
      vertex -2.421260 0.075331 0.811787
      vertex -2.421260 0.139194 0.769116
    endloop
  endfacet
  facet normal 0.5071711469260748 0.16813768916953656 0.845285244876792
    outer loop
      vertex -2.421260 0.000000 0.826772
      vertex -2.322835 0.052732 0.757227
      vertex -2.421260 0.075331 0.811787
    endloop
  endfacet
  facet normal -1 0 0
    outer loop
      vertex -2.421260 0.097436 0.727357
      vertex -2.421260 0.052732 0.757227
      vertex -2.421260 0.139194 0.769116
    endloop
  endfacet
  facet normal 0.5071711469260755 0.47881562850449555 0.7165982288741259
    outer loop
      vertex -2.322835 0.097436 0.727357
      vertex -2.421260 0.139194 0.769116
      vertex -2.421260 0.075331 0.811787
    endloop
  endfacet
  facet normal 1 0 0
    outer loop
      vertex 2.421260 -0.075331 0.448055
      vertex 2.421260 0.000000 0.433071
      vertex 2.421260 0.075331 0.448055
    endloop
  endfacet
  facet normal -0.5071711469260751 -0.47881562850449566 -0.716598228874126
    outer loop
      vertex 2.421260 -0.075331 0.448055
      vertex 2.421260 -0.139194 0.490727
      vertex 2.322835 -0.097436 0.532485
    endloop
  endfacet
  facet normal 1 0 0
    outer loop
      vertex 2.421260 -0.139194 0.490727
      vertex 2.421260 -0.052732 0.502615
      vertex 2.421260 -0.097436 0.532485
    endloop
  endfacet
  facet normal -0.5071711469260751 -0.716598228874126 -0.47881562850449577
    outer loop
      vertex 2.322835 -0.097436 0.532485
      vertex 2.421260 -0.139194 0.490727
      vertex 2.421260 -0.181866 0.554590
    endloop
  endfacet
  facet normal -0.5071711469260752 -0.716598228874126 -0.47881562850449544
    outer loop
      vertex 2.322835 -0.097436 0.532485
      vertex 2.421260 -0.181866 0.554590
      vertex 2.322835 -0.127306 0.577189
    endloop
  endfacet
  facet normal 1 0 0
    outer loop
      vertex 2.421260 -0.139194 0.490727
      vertex 2.421260 -0.097436 0.532485
      vertex 2.421260 -0.181866 0.554590
    endloop
  endfacet
  facet normal 1 0 0
    outer loop
      vertex 2.421260 -0.181866 0.554590
      vertex 2.421260 -0.097436 0.532485
      vertex 2.421260 -0.127306 0.577189
    endloop
  endfacet
  facet normal -0.5071711469260751 -0.8452852448767918 -0.16813768916953645
    outer loop
      vertex 2.322835 -0.127306 0.577189
      vertex 2.421260 -0.181866 0.554590
      vertex 2.421260 -0.196850 0.629921
    endloop
  endfacet
  facet normal 1 0 0
    outer loop
      vertex 2.421260 -0.181866 0.554590
      vertex 2.421260 -0.127306 0.577189
      vertex 2.421260 -0.196850 0.629921
    endloop
  endfacet
  facet normal -0.5071711469260752 -0.1681376891695365 -0.8452852448767917
    outer loop
      vertex 2.421260 -0.075331 0.448055
      vertex 2.322835 -0.052732 0.502615
      vertex 2.421260 0.000000 0.433071
    endloop
  endfacet
  facet normal 1 0 0
    outer loop
      vertex 2.421260 -0.075331 0.448055
      vertex 2.421260 0.139194 0.490727
      vertex 2.421260 -0.139194 0.490727
    endloop
  endfacet
  facet normal -0.5071711469260753 -0.47881562850449516 -0.7165982288741263
    outer loop
      vertex 2.421260 -0.075331 0.448055
      vertex 2.322835 -0.097436 0.532485
      vertex 2.322835 -0.052732 0.502615
    endloop
  endfacet
  facet normal 1 0 0
    outer loop
      vertex 2.421260 -0.139194 0.490727
      vertex 2.421260 0.000000 0.492126
      vertex 2.421260 -0.052732 0.502615
    endloop
  endfacet
  facet normal -0.507171146926075 -0.16813768916953695 -0.8452852448767917
    outer loop
      vertex 2.421260 0.000000 0.433071
      vertex 2.322835 -0.052732 0.502615
      vertex 2.322835 0.000000 0.492126
    endloop
  endfacet
  facet normal -0.507171146926075 0.16813768916953695 -0.8452852448767917
    outer loop
      vertex 2.421260 0.000000 0.433071
      vertex 2.322835 0.000000 0.492126
      vertex 2.322835 0.052732 0.502615
    endloop
  endfacet
  facet normal 1 0 0
    outer loop
      vertex 2.421260 -0.139194 0.490727
      vertex 2.421260 0.139194 0.490727
      vertex 2.421260 0.000000 0.492126
    endloop
  endfacet
  facet normal -0.5071711469260752 0.1681376891695365 -0.8452852448767917
    outer loop
      vertex 2.421260 0.000000 0.433071
      vertex 2.322835 0.052732 0.502615
      vertex 2.421260 0.075331 0.448055
    endloop
  endfacet
  facet normal 1 0 0
    outer loop
      vertex 2.421260 -0.075331 0.448055
      vertex 2.421260 0.075331 0.448055
      vertex 2.421260 0.139194 0.490727
    endloop
  endfacet
  facet normal -0.5071711469260753 0.47881562850449516 -0.7165982288741263
    outer loop
      vertex 2.421260 0.075331 0.448055
      vertex 2.322835 0.052732 0.502615
      vertex 2.322835 0.097436 0.532485
    endloop
  endfacet
  facet normal 1 0 0
    outer loop
      vertex 2.421260 0.000000 0.492126
      vertex 2.421260 0.139194 0.490727
      vertex 2.421260 0.052732 0.502615
    endloop
  endfacet
  facet normal -0.5071711469260751 0.47881562850449566 -0.716598228874126
    outer loop
      vertex 2.421260 0.075331 0.448055
      vertex 2.322835 0.097436 0.532485
      vertex 2.421260 0.139194 0.490727
    endloop
  endfacet
  facet normal 1 0 0
    outer loop
      vertex 2.421260 0.052732 0.502615
      vertex 2.421260 0.139194 0.490727
      vertex 2.421260 0.097436 0.532485
    endloop
  endfacet
  facet normal -0.5071711469260751 0.716598228874126 -0.47881562850449577
    outer loop
      vertex 2.322835 0.097436 0.532485
      vertex 2.421260 0.181866 0.554590
      vertex 2.421260 0.139194 0.490727
    endloop
  endfacet
  facet normal -0.5071711469260752 0.716598228874126 -0.47881562850449544
    outer loop
      vertex 2.322835 0.097436 0.532485
      vertex 2.322835 0.127306 0.577189
      vertex 2.421260 0.181866 0.554590
    endloop
  endfacet
  facet normal 1 0 0
    outer loop
      vertex 2.421260 0.139194 0.490727
      vertex 2.421260 0.127306 0.577189
      vertex 2.421260 0.097436 0.532485
    endloop
  endfacet
  facet normal 1 0 0
    outer loop
      vertex 2.421260 0.139194 0.490727
      vertex 2.421260 0.181866 0.554590
      vertex 2.421260 0.127306 0.577189
    endloop
  endfacet
  facet normal -0.5071711469260751 0.8452852448767918 -0.16813768916953645
    outer loop
      vertex 2.322835 0.127306 0.577189
      vertex 2.421260 0.196850 0.629921
      vertex 2.421260 0.181866 0.554590
    endloop
  endfacet
  facet normal 1 0 0
    outer loop
      vertex 2.421260 0.127306 0.577189
      vertex 2.421260 0.181866 0.554590
      vertex 2.421260 0.137795 0.629921
    endloop
  endfacet
  facet normal -0.507171146926075 -0.8452852448767917 -0.16813768916953664
    outer loop
      vertex 2.322835 -0.127306 0.577189
      vertex 2.421260 -0.196850 0.629921
      vertex 2.322835 -0.137795 0.629921
    endloop
  endfacet
  facet normal 1 0 0
    outer loop
      vertex 2.421260 -0.127306 0.577189
      vertex 2.421260 -0.137795 0.629921
      vertex 2.421260 -0.196850 0.629921
    endloop
  endfacet
  facet normal -0.5071711469260752 -0.8452852448767917 0.16813768916953642
    outer loop
      vertex 2.421260 -0.196850 0.629921
      vertex 2.421260 -0.181866 0.705253
      vertex 2.322835 -0.127306 0.682653
    endloop
  endfacet
  facet normal -0.507171146926075 -0.8452852448767917 0.16813768916953692
    outer loop
      vertex 2.421260 -0.196850 0.629921
      vertex 2.322835 -0.127306 0.682653
      vertex 2.322835 -0.137795 0.629921
    endloop
  endfacet
  facet normal 1 0 0
    outer loop
      vertex 2.421260 -0.196850 0.629921
      vertex 2.421260 -0.137795 0.629921
      vertex 2.421260 -0.181866 0.705253
    endloop
  endfacet
  facet normal 1 0 0
    outer loop
      vertex 2.421260 -0.137795 0.629921
      vertex 2.421260 -0.127306 0.682653
      vertex 2.421260 -0.181866 0.705253
    endloop
  endfacet
  facet normal -0.5071711469260755 -0.7165982288741259 0.4788156285044953
    outer loop
      vertex 2.322835 -0.127306 0.682653
      vertex 2.421260 -0.181866 0.705253
      vertex 2.322835 -0.097436 0.727357
    endloop
  endfacet
  facet normal -0.5071711469260753 -0.7165982288741259 0.4788156285044957
    outer loop
      vertex 2.322835 -0.097436 0.727357
      vertex 2.421260 -0.181866 0.705253
      vertex 2.421260 -0.139194 0.769116
    endloop
  endfacet
  facet normal 1 0 0
    outer loop
      vertex 2.421260 -0.181866 0.705253
      vertex 2.421260 -0.127306 0.682653
      vertex 2.421260 -0.139194 0.769116
    endloop
  endfacet
  facet normal 1 0 0
    outer loop
      vertex 2.421260 -0.127306 0.682653
      vertex 2.421260 -0.097436 0.727357
      vertex 2.421260 -0.139194 0.769116
    endloop
  endfacet
  facet normal -0.5071711469260755 -0.47881562850449555 0.7165982288741259
    outer loop
      vertex 2.322835 -0.097436 0.727357
      vertex 2.421260 -0.139194 0.769116
      vertex 2.421260 -0.075331 0.811787
    endloop
  endfacet
  facet normal 1 0 0
    outer loop
      vertex 2.421260 -0.097436 0.727357
      vertex 2.421260 -0.052732 0.757227
      vertex 2.421260 -0.139194 0.769116
    endloop
  endfacet
  facet normal -0.5071711469260747 -0.4788156285044968 0.7165982288741255
    outer loop
      vertex 2.322835 -0.097436 0.727357
      vertex 2.421260 -0.075331 0.811787
      vertex 2.322835 -0.052732 0.757227
    endloop
  endfacet
  facet normal 1 0 0
    outer loop
      vertex 2.421260 -0.139194 0.769116
      vertex 2.421260 -0.052732 0.757227
      vertex 2.421260 0.000000 0.767717
    endloop
  endfacet
  facet normal -0.5071711469260748 -0.16813768916953656 0.845285244876792
    outer loop
      vertex 2.322835 -0.052732 0.757227
      vertex 2.421260 -0.075331 0.811787
      vertex 2.421260 0.000000 0.826772
    endloop
  endfacet
  facet normal 1 0 0
    outer loop
      vertex 2.421260 -0.139194 0.769116
      vertex 2.421260 0.075331 0.811787
      vertex 2.421260 -0.075331 0.811787
    endloop
  endfacet
  facet normal -0.5071711469260751 -0.16813768916953586 0.8452852448767919
    outer loop
      vertex 2.322835 -0.052732 0.757227
      vertex 2.421260 0.000000 0.826772
      vertex 2.322835 0.000000 0.767717
    endloop
  endfacet
  facet normal -0.5071711469260751 0.16813768916953586 0.8452852448767919
    outer loop
      vertex 2.322835 0.000000 0.767717
      vertex 2.421260 0.000000 0.826772
      vertex 2.322835 0.052732 0.757227
    endloop
  endfacet
  facet normal 1 0 0
    outer loop
      vertex 2.421260 -0.139194 0.769116
      vertex 2.421260 0.000000 0.767717
      vertex 2.421260 0.139194 0.769116
    endloop
  endfacet
  facet normal 1 0 0
    outer loop
      vertex 2.421260 -0.139194 0.769116
      vertex 2.421260 0.139194 0.769116
      vertex 2.421260 0.075331 0.811787
    endloop
  endfacet
  facet normal 1 0 0
    outer loop
      vertex 2.421260 -0.075331 0.811787
      vertex 2.421260 0.075331 0.811787
      vertex 2.421260 0.000000 0.826772
    endloop
  endfacet
  facet normal -0.5071711469260755 0.7165982288741259 0.4788156285044953
    outer loop
      vertex 2.322835 0.127306 0.682653
      vertex 2.322835 0.097436 0.727357
      vertex 2.421260 0.181866 0.705253
    endloop
  endfacet
  facet normal 1 0 0
    outer loop
      vertex 2.421260 0.127306 0.682653
      vertex 2.421260 0.181866 0.705253
      vertex 2.421260 0.097436 0.727357
    endloop
  endfacet
  facet normal -0.5071711469260753 0.7165982288741259 0.4788156285044957
    outer loop
      vertex 2.322835 0.097436 0.727357
      vertex 2.421260 0.139194 0.769116
      vertex 2.421260 0.181866 0.705253
    endloop
  endfacet
  facet normal 1 0 0
    outer loop
      vertex 2.421260 0.097436 0.727357
      vertex 2.421260 0.181866 0.705253
      vertex 2.421260 0.139194 0.769116
    endloop
  endfacet
  facet normal -0.507171146926075 0.8452852448767917 -0.16813768916953664
    outer loop
      vertex 2.322835 0.127306 0.577189
      vertex 2.322835 0.137795 0.629921
      vertex 2.421260 0.196850 0.629921
    endloop
  endfacet
  facet normal 1 0 0
    outer loop
      vertex 2.421260 0.181866 0.554590
      vertex 2.421260 0.196850 0.629921
      vertex 2.421260 0.137795 0.629921
    endloop
  endfacet
  facet normal -0.507171146926075 0.8452852448767917 0.16813768916953686
    outer loop
      vertex 2.322835 0.137795 0.629921
      vertex 2.322835 0.127306 0.682653
      vertex 2.421260 0.196850 0.629921
    endloop
  endfacet
  facet normal -0.5071711469260752 0.8452852448767917 0.16813768916953642
    outer loop
      vertex 2.322835 0.127306 0.682653
      vertex 2.421260 0.181866 0.705253
      vertex 2.421260 0.196850 0.629921
    endloop
  endfacet
  facet normal 1 0 0
    outer loop
      vertex 2.421260 0.137795 0.629921
      vertex 2.421260 0.196850 0.629921
      vertex 2.421260 0.127306 0.682653
    endloop
  endfacet
  facet normal 1 0 0
    outer loop
      vertex 2.421260 0.127306 0.682653
      vertex 2.421260 0.196850 0.629921
      vertex 2.421260 0.181866 0.705253
    endloop
  endfacet
  facet normal -0.5071711469260747 0.4788156285044968 0.7165982288741255
    outer loop
      vertex 2.322835 0.097436 0.727357
      vertex 2.322835 0.052732 0.757227
      vertex 2.421260 0.075331 0.811787
    endloop
  endfacet
  facet normal 1 0 0
    outer loop
      vertex 2.421260 0.000000 0.767717
      vertex 2.421260 0.052732 0.757227
      vertex 2.421260 0.139194 0.769116
    endloop
  endfacet
  facet normal -0.5071711469260748 0.16813768916953656 0.845285244876792
    outer loop
      vertex 2.421260 0.000000 0.826772
      vertex 2.421260 0.075331 0.811787
      vertex 2.322835 0.052732 0.757227
    endloop
  endfacet
  facet normal -0.5071711469260755 0.47881562850449555 0.7165982288741259
    outer loop
      vertex 2.322835 0.097436 0.727357
      vertex 2.421260 0.075331 0.811787
      vertex 2.421260 0.139194 0.769116
    endloop
  endfacet
  facet normal 1 0 0
    outer loop
      vertex 2.421260 0.097436 0.727357
      vertex 2.421260 0.139194 0.769116
      vertex 2.421260 0.052732 0.757227
    endloop
  endfacet
  facet normal -1 0 0
    outer loop
      vertex -2.657480 -0.075331 0.448055
      vertex -2.657480 0.075331 0.448055
      vertex -2.657480 0.000000 0.433071
    endloop
  endfacet
  facet normal 0.5071711469260751 -0.47881562850449566 -0.716598228874126
    outer loop
      vertex -2.657480 -0.075331 0.448055
      vertex -2.559055 -0.097436 0.532485
      vertex -2.657480 -0.139194 0.490727
    endloop
  endfacet
  facet normal -1 0 0
    outer loop
      vertex -2.657480 -0.139194 0.490727
      vertex -2.657480 -0.097436 0.532485
      vertex -2.657480 -0.052732 0.502615
    endloop
  endfacet
  facet normal -1 0 0
    outer loop
      vertex -2.657480 -0.139194 0.490727
      vertex -2.657480 -0.181866 0.554590
      vertex -2.657480 -0.127306 0.577189
    endloop
  endfacet
  facet normal 0.5071711469260751 -0.716598228874126 -0.47881562850449577
    outer loop
      vertex -2.657480 -0.139194 0.490727
      vertex -2.559055 -0.097436 0.532485
      vertex -2.657480 -0.181866 0.554590
    endloop
  endfacet
  facet normal 0.5071711469260751 -0.8452852448767918 -0.16813768916953645
    outer loop
      vertex -2.657480 -0.181866 0.554590
      vertex -2.559055 -0.127306 0.577189
      vertex -2.657480 -0.196850 0.629921
    endloop
  endfacet
  facet normal -1 0 0
    outer loop
      vertex -2.657480 -0.181866 0.554590
      vertex -2.657480 -0.137795 0.629921
      vertex -2.657480 -0.127306 0.577189
    endloop
  endfacet
  facet normal -1 0 0
    outer loop
      vertex -2.657480 -0.139194 0.490727
      vertex -2.657480 -0.127306 0.577189
      vertex -2.657480 -0.097436 0.532485
    endloop
  endfacet
  facet normal 0.5071711469260752 -0.716598228874126 -0.4788156285044953
    outer loop
      vertex -2.657480 -0.181866 0.554590
      vertex -2.559055 -0.097436 0.532485
      vertex -2.559055 -0.127306 0.577189
    endloop
  endfacet
  facet normal -1 0 0
    outer loop
      vertex -2.657480 -0.075331 0.448055
      vertex -2.657480 -0.139194 0.490727
      vertex -2.657480 0.075331 0.448055
    endloop
  endfacet
  facet normal 0.5071711469260752 -0.1681376891695365 -0.8452852448767917
    outer loop
      vertex -2.657480 -0.075331 0.448055
      vertex -2.657480 0.000000 0.433071
      vertex -2.559055 -0.052732 0.502615
    endloop
  endfacet
  facet normal -1 0 0
    outer loop
      vertex -2.657480 -0.139194 0.490727
      vertex -2.657480 -0.052732 0.502615
      vertex -2.657480 0.000000 0.492126
    endloop
  endfacet
  facet normal -1 0 0
    outer loop
      vertex -2.657480 -0.139194 0.490727
      vertex -2.657480 0.139194 0.490727
      vertex -2.657480 0.075331 0.448055
    endloop
  endfacet
  facet normal -1 0 0
    outer loop
      vertex -2.657480 -0.139194 0.490727
      vertex -2.657480 0.000000 0.492126
      vertex -2.657480 0.139194 0.490727
    endloop
  endfacet
  facet normal 0.5071711469260753 -0.47881562850449516 -0.7165982288741263
    outer loop
      vertex -2.657480 -0.075331 0.448055
      vertex -2.559055 -0.052732 0.502615
      vertex -2.559055 -0.097436 0.532485
    endloop
  endfacet
  facet normal 0.507171146926075 -0.16813768916953695 -0.8452852448767917
    outer loop
      vertex -2.657480 0.000000 0.433071
      vertex -2.559055 0.000000 0.492126
      vertex -2.559055 -0.052732 0.502615
    endloop
  endfacet
  facet normal 0.507171146926075 0.16813768916953695 -0.8452852448767917
    outer loop
      vertex -2.657480 0.000000 0.433071
      vertex -2.559055 0.052732 0.502615
      vertex -2.559055 0.000000 0.492126
    endloop
  endfacet
  facet normal 0.5071711469260752 0.1681376891695365 -0.8452852448767917
    outer loop
      vertex -2.657480 0.000000 0.433071
      vertex -2.657480 0.075331 0.448055
      vertex -2.559055 0.052732 0.502615
    endloop
  endfacet
  facet normal -1 0 0
    outer loop
      vertex -2.657480 0.000000 0.492126
      vertex -2.657480 0.052732 0.502615
      vertex -2.657480 0.139194 0.490727
    endloop
  endfacet
  facet normal 0.5071711469260751 0.47881562850449566 -0.716598228874126
    outer loop
      vertex -2.657480 0.075331 0.448055
      vertex -2.657480 0.139194 0.490727
      vertex -2.559055 0.097436 0.532485
    endloop
  endfacet
  facet normal -1 0 0
    outer loop
      vertex -2.657480 0.052732 0.502615
      vertex -2.657480 0.097436 0.532485
      vertex -2.657480 0.139194 0.490727
    endloop
  endfacet
  facet normal 0.5071711469260753 0.47881562850449516 -0.7165982288741263
    outer loop
      vertex -2.657480 0.075331 0.448055
      vertex -2.559055 0.097436 0.532485
      vertex -2.559055 0.052732 0.502615
    endloop
  endfacet
  facet normal -1 0 0
    outer loop
      vertex -2.657480 0.139194 0.490727
      vertex -2.657480 0.097436 0.532485
      vertex -2.657480 0.181866 0.554590
    endloop
  endfacet
  facet normal 0.5071711469260751 0.716598228874126 -0.47881562850449577
    outer loop
      vertex -2.657480 0.139194 0.490727
      vertex -2.657480 0.181866 0.554590
      vertex -2.559055 0.097436 0.532485
    endloop
  endfacet
  facet normal -1 0 0
    outer loop
      vertex -2.657480 0.097436 0.532485
      vertex -2.657480 0.127306 0.577189
      vertex -2.657480 0.181866 0.554590
    endloop
  endfacet
  facet normal 0.5071711469260752 0.716598228874126 -0.47881562850449544
    outer loop
      vertex -2.559055 0.097436 0.532485
      vertex -2.657480 0.181866 0.554590
      vertex -2.559055 0.127306 0.577189
    endloop
  endfacet
  facet normal -1 0 0
    outer loop
      vertex -2.657480 0.127306 0.577189
      vertex -2.657480 0.196850 0.629921
      vertex -2.657480 0.181866 0.554590
    endloop
  endfacet
  facet normal 0.5071711469260751 0.8452852448767918 -0.16813768916953645
    outer loop
      vertex -2.559055 0.127306 0.577189
      vertex -2.657480 0.181866 0.554590
      vertex -2.657480 0.196850 0.629921
    endloop
  endfacet
  facet normal -1 0 0
    outer loop
      vertex -2.657480 -0.181866 0.554590
      vertex -2.657480 -0.196850 0.629921
      vertex -2.657480 -0.137795 0.629921
    endloop
  endfacet
  facet normal -1 0 0
    outer loop
      vertex -2.657480 -0.196850 0.629921
      vertex -2.657480 -0.181866 0.705253
      vertex -2.657480 -0.127306 0.682653
    endloop
  endfacet
  facet normal 0.5071711469260752 -0.8452852448767917 0.16813768916953642
    outer loop
      vertex -2.657480 -0.196850 0.629921
      vertex -2.559055 -0.127306 0.682653
      vertex -2.657480 -0.181866 0.705253
    endloop
  endfacet
  facet normal -1 0 0
    outer loop
      vertex -2.657480 -0.196850 0.629921
      vertex -2.657480 -0.127306 0.682653
      vertex -2.657480 -0.137795 0.629921
    endloop
  endfacet
  facet normal 0.507171146926075 -0.8452852448767917 -0.16813768916953664
    outer loop
      vertex -2.559055 -0.127306 0.577189
      vertex -2.559055 -0.137795 0.629921
      vertex -2.657480 -0.196850 0.629921
    endloop
  endfacet
  facet normal 0.507171146926075 -0.8452852448767917 0.16813768916953692
    outer loop
      vertex -2.657480 -0.196850 0.629921
      vertex -2.559055 -0.137795 0.629921
      vertex -2.559055 -0.127306 0.682653
    endloop
  endfacet
  facet normal -1 0 0
    outer loop
      vertex -2.657480 -0.181866 0.705253
      vertex -2.657480 -0.097436 0.727357
      vertex -2.657480 -0.127306 0.682653
    endloop
  endfacet
  facet normal -1 0 0
    outer loop
      vertex -2.657480 -0.181866 0.705253
      vertex -2.657480 -0.139194 0.769116
      vertex -2.657480 -0.097436 0.727357
    endloop
  endfacet
  facet normal 0.5071711469260753 -0.7165982288741259 0.4788156285044957
    outer loop
      vertex -2.657480 -0.181866 0.705253
      vertex -2.559055 -0.097436 0.727357
      vertex -2.657480 -0.139194 0.769116
    endloop
  endfacet
  facet normal 0.5071711469260755 -0.7165982288741259 0.4788156285044952
    outer loop
      vertex -2.657480 -0.181866 0.705253
      vertex -2.559055 -0.127306 0.682653
      vertex -2.559055 -0.097436 0.727357
    endloop
  endfacet
  facet normal -1 0 0
    outer loop
      vertex -2.657480 -0.097436 0.727357
      vertex -2.657480 -0.139194 0.769116
      vertex -2.657480 -0.052732 0.757227
    endloop
  endfacet
  facet normal 0.5071711469260755 -0.47881562850449555 0.7165982288741259
    outer loop
      vertex -2.559055 -0.097436 0.727357
      vertex -2.657480 -0.075331 0.811787
      vertex -2.657480 -0.139194 0.769116
    endloop
  endfacet
  facet normal -1 0 0
    outer loop
      vertex -2.657480 -0.139194 0.769116
      vertex -2.657480 0.000000 0.767717
      vertex -2.657480 -0.052732 0.757227
    endloop
  endfacet
  facet normal -1 0 0
    outer loop
      vertex -2.657480 -0.139194 0.769116
      vertex -2.657480 -0.075331 0.811787
      vertex -2.657480 0.139194 0.769116
    endloop
  endfacet
  facet normal 0.5071711469260748 -0.16813768916953656 0.845285244876792
    outer loop
      vertex -2.657480 -0.075331 0.811787
      vertex -2.559055 -0.052732 0.757227
      vertex -2.657480 0.000000 0.826772
    endloop
  endfacet
  facet normal -1 0 0
    outer loop
      vertex -2.657480 -0.139194 0.769116
      vertex -2.657480 0.139194 0.769116
      vertex -2.657480 0.000000 0.767717
    endloop
  endfacet
  facet normal -1 0 0
    outer loop
      vertex -2.657480 -0.075331 0.811787
      vertex -2.657480 0.000000 0.826772
      vertex -2.657480 0.075331 0.811787
    endloop
  endfacet
  facet normal 0.5071711469260747 -0.4788156285044968 0.7165982288741255
    outer loop
      vertex -2.559055 -0.097436 0.727357
      vertex -2.559055 -0.052732 0.757227
      vertex -2.657480 -0.075331 0.811787
    endloop
  endfacet
  facet normal 0.5071711469260751 -0.16813768916953586 0.8452852448767919
    outer loop
      vertex -2.559055 -0.052732 0.757227
      vertex -2.559055 0.000000 0.767717
      vertex -2.657480 0.000000 0.826772
    endloop
  endfacet
  facet normal 0.5071711469260751 0.16813768916953586 0.8452852448767919
    outer loop
      vertex -2.559055 0.000000 0.767717
      vertex -2.559055 0.052732 0.757227
      vertex -2.657480 0.000000 0.826772
    endloop
  endfacet
  facet normal -1 0 0
    outer loop
      vertex -2.657480 0.127306 0.682653
      vertex -2.657480 0.097436 0.727357
      vertex -2.657480 0.139194 0.769116
    endloop
  endfacet
  facet normal 0.5071711469260753 0.7165982288741259 0.4788156285044957
    outer loop
      vertex -2.559055 0.097436 0.727357
      vertex -2.657480 0.181866 0.705253
      vertex -2.657480 0.139194 0.769116
    endloop
  endfacet
  facet normal 0.5071711469260755 0.7165982288741259 0.4788156285044953
    outer loop
      vertex -2.559055 0.127306 0.682653
      vertex -2.657480 0.181866 0.705253
      vertex -2.559055 0.097436 0.727357
    endloop
  endfacet
  facet normal -1 0 0
    outer loop
      vertex -2.657480 0.127306 0.577189
      vertex -2.657480 0.137795 0.629921
      vertex -2.657480 0.196850 0.629921
    endloop
  endfacet
  facet normal -1 0 0
    outer loop
      vertex -2.657480 0.137795 0.629921
      vertex -2.657480 0.127306 0.682653
      vertex -2.657480 0.181866 0.705253
    endloop
  endfacet
  facet normal -1 0 0
    outer loop
      vertex -2.657480 0.137795 0.629921
      vertex -2.657480 0.181866 0.705253
      vertex -2.657480 0.196850 0.629921
    endloop
  endfacet
  facet normal 0.5071711469260752 0.8452852448767917 0.16813768916953642
    outer loop
      vertex -2.559055 0.127306 0.682653
      vertex -2.657480 0.196850 0.629921
      vertex -2.657480 0.181866 0.705253
    endloop
  endfacet
  facet normal 0.507171146926075 0.8452852448767917 -0.16813768916953664
    outer loop
      vertex -2.559055 0.127306 0.577189
      vertex -2.657480 0.196850 0.629921
      vertex -2.559055 0.137795 0.629921
    endloop
  endfacet
  facet normal 0.507171146926075 0.8452852448767917 0.16813768916953686
    outer loop
      vertex -2.559055 0.137795 0.629921
      vertex -2.657480 0.196850 0.629921
      vertex -2.559055 0.127306 0.682653
    endloop
  endfacet
  facet normal -1 0 0
    outer loop
      vertex -2.657480 0.127306 0.682653
      vertex -2.657480 0.139194 0.769116
      vertex -2.657480 0.181866 0.705253
    endloop
  endfacet
  facet normal -1 0 0
    outer loop
      vertex -2.657480 0.000000 0.767717
      vertex -2.657480 0.139194 0.769116
      vertex -2.657480 0.052732 0.757227
    endloop
  endfacet
  facet normal -1 0 0
    outer loop
      vertex -2.657480 -0.075331 0.811787
      vertex -2.657480 0.075331 0.811787
      vertex -2.657480 0.139194 0.769116
    endloop
  endfacet
  facet normal 0.5071711469260748 0.16813768916953656 0.845285244876792
    outer loop
      vertex -2.657480 0.000000 0.826772
      vertex -2.559055 0.052732 0.757227
      vertex -2.657480 0.075331 0.811787
    endloop
  endfacet
  facet normal -1 0 0
    outer loop
      vertex -2.657480 0.097436 0.727357
      vertex -2.657480 0.052732 0.757227
      vertex -2.657480 0.139194 0.769116
    endloop
  endfacet
  facet normal 0.5071711469260755 0.47881562850449555 0.7165982288741259
    outer loop
      vertex -2.559055 0.097436 0.727357
      vertex -2.657480 0.139194 0.769116
      vertex -2.657480 0.075331 0.811787
    endloop
  endfacet
  facet normal 0.5071711469260747 0.4788156285044968 0.7165982288741255
    outer loop
      vertex -2.559055 0.097436 0.727357
      vertex -2.657480 0.075331 0.811787
      vertex -2.559055 0.052732 0.757227
    endloop
  endfacet
  facet normal 1 0 0
    outer loop
      vertex 2.657480 -0.075331 0.448055
      vertex 2.657480 0.000000 0.433071
      vertex 2.657480 0.075331 0.448055
    endloop
  endfacet
  facet normal -0.5071711469260751 -0.47881562850449566 -0.716598228874126
    outer loop
      vertex 2.657480 -0.075331 0.448055
      vertex 2.657480 -0.139194 0.490727
      vertex 2.559055 -0.097436 0.532485
    endloop
  endfacet
  facet normal 1 0 0
    outer loop
      vertex 2.657480 -0.139194 0.490727
      vertex 2.657480 -0.052732 0.502615
      vertex 2.657480 -0.097436 0.532485
    endloop
  endfacet
  facet normal -0.5071711469260752 -0.716598228874126 -0.47881562850449544
    outer loop
      vertex 2.559055 -0.097436 0.532485
      vertex 2.657480 -0.181866 0.554590
      vertex 2.559055 -0.127306 0.577189
    endloop
  endfacet
  facet normal -0.5071711469260751 -0.716598228874126 -0.47881562850449577
    outer loop
      vertex 2.657480 -0.139194 0.490727
      vertex 2.657480 -0.181866 0.554590
      vertex 2.559055 -0.097436 0.532485
    endloop
  endfacet
  facet normal 1 0 0
    outer loop
      vertex 2.657480 -0.139194 0.490727
      vertex 2.657480 -0.097436 0.532485
      vertex 2.657480 -0.181866 0.554590
    endloop
  endfacet
  facet normal 1 0 0
    outer loop
      vertex 2.657480 -0.181866 0.554590
      vertex 2.657480 -0.097436 0.532485
      vertex 2.657480 -0.127306 0.577189
    endloop
  endfacet
  facet normal -0.5071711469260751 -0.8452852448767918 -0.16813768916953645
    outer loop
      vertex 2.559055 -0.127306 0.577189
      vertex 2.657480 -0.181866 0.554590
      vertex 2.657480 -0.196850 0.629921
    endloop
  endfacet
  facet normal 1 0 0
    outer loop
      vertex 2.657480 -0.181866 0.554590
      vertex 2.657480 -0.127306 0.577189
      vertex 2.657480 -0.196850 0.629921
    endloop
  endfacet
  facet normal -0.5071711469260753 -0.47881562850449516 -0.7165982288741263
    outer loop
      vertex 2.657480 -0.075331 0.448055
      vertex 2.559055 -0.097436 0.532485
      vertex 2.559055 -0.052732 0.502615
    endloop
  endfacet
  facet normal -0.507171146926075 -0.16813768916953695 -0.8452852448767917
    outer loop
      vertex 2.657480 0.000000 0.433071
      vertex 2.559055 -0.052732 0.502615
      vertex 2.559055 0.000000 0.492126
    endloop
  endfacet
  facet normal -0.507171146926075 0.16813768916953695 -0.8452852448767917
    outer loop
      vertex 2.657480 0.000000 0.433071
      vertex 2.559055 0.000000 0.492126
      vertex 2.559055 0.052732 0.502615
    endloop
  endfacet
  facet normal -0.5071711469260752 -0.1681376891695365 -0.8452852448767917
    outer loop
      vertex 2.657480 -0.075331 0.448055
      vertex 2.559055 -0.052732 0.502615
      vertex 2.657480 0.000000 0.433071
    endloop
  endfacet
  facet normal 1 0 0
    outer loop
      vertex 2.657480 -0.075331 0.448055
      vertex 2.657480 0.139194 0.490727
      vertex 2.657480 -0.139194 0.490727
    endloop
  endfacet
  facet normal 1 0 0
    outer loop
      vertex 2.657480 -0.139194 0.490727
      vertex 2.657480 0.000000 0.492126
      vertex 2.657480 -0.052732 0.502615
    endloop
  endfacet
  facet normal 1 0 0
    outer loop
      vertex 2.657480 -0.139194 0.490727
      vertex 2.657480 0.139194 0.490727
      vertex 2.657480 0.000000 0.492126
    endloop
  endfacet
  facet normal -0.5071711469260753 0.47881562850449516 -0.7165982288741263
    outer loop
      vertex 2.657480 0.075331 0.448055
      vertex 2.559055 0.052732 0.502615
      vertex 2.559055 0.097436 0.532485
    endloop
  endfacet
  facet normal -0.5071711469260752 0.1681376891695365 -0.8452852448767917
    outer loop
      vertex 2.657480 0.000000 0.433071
      vertex 2.559055 0.052732 0.502615
      vertex 2.657480 0.075331 0.448055
    endloop
  endfacet
  facet normal 1 0 0
    outer loop
      vertex 2.657480 -0.075331 0.448055
      vertex 2.657480 0.075331 0.448055
      vertex 2.657480 0.139194 0.490727
    endloop
  endfacet
  facet normal 1 0 0
    outer loop
      vertex 2.657480 0.000000 0.492126
      vertex 2.657480 0.139194 0.490727
      vertex 2.657480 0.052732 0.502615
    endloop
  endfacet
  facet normal -0.5071711469260751 0.47881562850449566 -0.716598228874126
    outer loop
      vertex 2.657480 0.075331 0.448055
      vertex 2.559055 0.097436 0.532485
      vertex 2.657480 0.139194 0.490727
    endloop
  endfacet
  facet normal 1 0 0
    outer loop
      vertex 2.657480 0.052732 0.502615
      vertex 2.657480 0.139194 0.490727
      vertex 2.657480 0.097436 0.532485
    endloop
  endfacet
  facet normal -0.5071711469260752 0.716598228874126 -0.47881562850449544
    outer loop
      vertex 2.559055 0.097436 0.532485
      vertex 2.559055 0.127306 0.577189
      vertex 2.657480 0.181866 0.554590
    endloop
  endfacet
  facet normal -0.5071711469260751 0.716598228874126 -0.47881562850449577
    outer loop
      vertex 2.657480 0.139194 0.490727
      vertex 2.559055 0.097436 0.532485
      vertex 2.657480 0.181866 0.554590
    endloop
  endfacet
  facet normal 1 0 0
    outer loop
      vertex 2.657480 0.139194 0.490727
      vertex 2.657480 0.127306 0.577189
      vertex 2.657480 0.097436 0.532485
    endloop
  endfacet
  facet normal 1 0 0
    outer loop
      vertex 2.657480 0.139194 0.490727
      vertex 2.657480 0.181866 0.554590
      vertex 2.657480 0.127306 0.577189
    endloop
  endfacet
  facet normal 1 0 0
    outer loop
      vertex 2.657480 0.127306 0.577189
      vertex 2.657480 0.181866 0.554590
      vertex 2.657480 0.137795 0.629921
    endloop
  endfacet
  facet normal -0.5071711469260751 0.8452852448767918 -0.16813768916953645
    outer loop
      vertex 2.559055 0.127306 0.577189
      vertex 2.657480 0.196850 0.629921
      vertex 2.657480 0.181866 0.554590
    endloop
  endfacet
  facet normal -0.507171146926075 -0.8452852448767917 -0.16813768916953664
    outer loop
      vertex 2.559055 -0.127306 0.577189
      vertex 2.657480 -0.196850 0.629921
      vertex 2.559055 -0.137795 0.629921
    endloop
  endfacet
  facet normal -0.507171146926075 -0.8452852448767917 0.16813768916953692
    outer loop
      vertex 2.657480 -0.196850 0.629921
      vertex 2.559055 -0.127306 0.682653
      vertex 2.559055 -0.137795 0.629921
    endloop
  endfacet
  facet normal 1 0 0
    outer loop
      vertex 2.657480 -0.127306 0.577189
      vertex 2.657480 -0.137795 0.629921
      vertex 2.657480 -0.196850 0.629921
    endloop
  endfacet
  facet normal 1 0 0
    outer loop
      vertex 2.657480 -0.196850 0.629921
      vertex 2.657480 -0.137795 0.629921
      vertex 2.657480 -0.181866 0.705253
    endloop
  endfacet
  facet normal -0.5071711469260752 -0.8452852448767917 0.16813768916953642
    outer loop
      vertex 2.657480 -0.196850 0.629921
      vertex 2.657480 -0.181866 0.705253
      vertex 2.559055 -0.127306 0.682653
    endloop
  endfacet
  facet normal 1 0 0
    outer loop
      vertex 2.657480 -0.137795 0.629921
      vertex 2.657480 -0.127306 0.682653
      vertex 2.657480 -0.181866 0.705253
    endloop
  endfacet
  facet normal -0.5071711469260755 -0.7165982288741259 0.4788156285044953
    outer loop
      vertex 2.559055 -0.127306 0.682653
      vertex 2.657480 -0.181866 0.705253
      vertex 2.559055 -0.097436 0.727357
    endloop
  endfacet
  facet normal 1 0 0
    outer loop
      vertex 2.657480 -0.181866 0.705253
      vertex 2.657480 -0.127306 0.682653
      vertex 2.657480 -0.139194 0.769116
    endloop
  endfacet
  facet normal -0.5071711469260753 -0.7165982288741259 0.4788156285044957
    outer loop
      vertex 2.559055 -0.097436 0.727357
      vertex 2.657480 -0.181866 0.705253
      vertex 2.657480 -0.139194 0.769116
    endloop
  endfacet
  facet normal 1 0 0
    outer loop
      vertex 2.657480 -0.127306 0.682653
      vertex 2.657480 -0.097436 0.727357
      vertex 2.657480 -0.139194 0.769116
    endloop
  endfacet
  facet normal 1 0 0
    outer loop
      vertex 2.657480 -0.097436 0.727357
      vertex 2.657480 -0.052732 0.757227
      vertex 2.657480 -0.139194 0.769116
    endloop
  endfacet
  facet normal -0.5071711469260755 -0.47881562850449555 0.7165982288741259
    outer loop
      vertex 2.559055 -0.097436 0.727357
      vertex 2.657480 -0.139194 0.769116
      vertex 2.657480 -0.075331 0.811787
    endloop
  endfacet
  facet normal -0.5071711469260747 -0.4788156285044968 0.7165982288741255
    outer loop
      vertex 2.559055 -0.097436 0.727357
      vertex 2.657480 -0.075331 0.811787
      vertex 2.559055 -0.052732 0.757227
    endloop
  endfacet
  facet normal -0.5071711469260751 -0.16813768916953586 0.8452852448767919
    outer loop
      vertex 2.559055 -0.052732 0.757227
      vertex 2.657480 0.000000 0.826772
      vertex 2.559055 0.000000 0.767717
    endloop
  endfacet
  facet normal -0.5071711469260751 0.16813768916953586 0.8452852448767919
    outer loop
      vertex 2.559055 0.000000 0.767717
      vertex 2.657480 0.000000 0.826772
      vertex 2.559055 0.052732 0.757227
    endloop
  endfacet
  facet normal 1 0 0
    outer loop
      vertex 2.657480 -0.139194 0.769116
      vertex 2.657480 -0.052732 0.757227
      vertex 2.657480 0.000000 0.767717
    endloop
  endfacet
  facet normal -0.5071711469260748 -0.16813768916953656 0.845285244876792
    outer loop
      vertex 2.559055 -0.052732 0.757227
      vertex 2.657480 -0.075331 0.811787
      vertex 2.657480 0.000000 0.826772
    endloop
  endfacet
  facet normal 1 0 0
    outer loop
      vertex 2.657480 -0.139194 0.769116
      vertex 2.657480 0.075331 0.811787
      vertex 2.657480 -0.075331 0.811787
    endloop
  endfacet
  facet normal 1 0 0
    outer loop
      vertex 2.657480 -0.139194 0.769116
      vertex 2.657480 0.000000 0.767717
      vertex 2.657480 0.139194 0.769116
    endloop
  endfacet
  facet normal 1 0 0
    outer loop
      vertex 2.657480 -0.139194 0.769116
      vertex 2.657480 0.139194 0.769116
      vertex 2.657480 0.075331 0.811787
    endloop
  endfacet
  facet normal 1 0 0
    outer loop
      vertex 2.657480 -0.075331 0.811787
      vertex 2.657480 0.075331 0.811787
      vertex 2.657480 0.000000 0.826772
    endloop
  endfacet
  facet normal -0.5071711469260755 0.7165982288741259 0.4788156285044953
    outer loop
      vertex 2.559055 0.127306 0.682653
      vertex 2.559055 0.097436 0.727357
      vertex 2.657480 0.181866 0.705253
    endloop
  endfacet
  facet normal 1 0 0
    outer loop
      vertex 2.657480 0.127306 0.682653
      vertex 2.657480 0.181866 0.705253
      vertex 2.657480 0.097436 0.727357
    endloop
  endfacet
  facet normal -0.5071711469260753 0.7165982288741259 0.4788156285044957
    outer loop
      vertex 2.559055 0.097436 0.727357
      vertex 2.657480 0.139194 0.769116
      vertex 2.657480 0.181866 0.705253
    endloop
  endfacet
  facet normal 1 0 0
    outer loop
      vertex 2.657480 0.097436 0.727357
      vertex 2.657480 0.181866 0.705253
      vertex 2.657480 0.139194 0.769116
    endloop
  endfacet
  facet normal -0.507171146926075 0.8452852448767917 -0.16813768916953664
    outer loop
      vertex 2.559055 0.127306 0.577189
      vertex 2.559055 0.137795 0.629921
      vertex 2.657480 0.196850 0.629921
    endloop
  endfacet
  facet normal -0.507171146926075 0.8452852448767917 0.16813768916953686
    outer loop
      vertex 2.559055 0.137795 0.629921
      vertex 2.559055 0.127306 0.682653
      vertex 2.657480 0.196850 0.629921
    endloop
  endfacet
  facet normal 1 0 0
    outer loop
      vertex 2.657480 0.181866 0.554590
      vertex 2.657480 0.196850 0.629921
      vertex 2.657480 0.137795 0.629921
    endloop
  endfacet
  facet normal 1 0 0
    outer loop
      vertex 2.657480 0.137795 0.629921
      vertex 2.657480 0.196850 0.629921
      vertex 2.657480 0.127306 0.682653
    endloop
  endfacet
  facet normal -0.5071711469260752 0.8452852448767917 0.16813768916953642
    outer loop
      vertex 2.559055 0.127306 0.682653
      vertex 2.657480 0.181866 0.705253
      vertex 2.657480 0.196850 0.629921
    endloop
  endfacet
  facet normal 1 0 0
    outer loop
      vertex 2.657480 0.127306 0.682653
      vertex 2.657480 0.196850 0.629921
      vertex 2.657480 0.181866 0.705253
    endloop
  endfacet
  facet normal -0.5071711469260747 0.4788156285044968 0.7165982288741255
    outer loop
      vertex 2.559055 0.097436 0.727357
      vertex 2.559055 0.052732 0.757227
      vertex 2.657480 0.075331 0.811787
    endloop
  endfacet
  facet normal 1 0 0
    outer loop
      vertex 2.657480 0.000000 0.767717
      vertex 2.657480 0.052732 0.757227
      vertex 2.657480 0.139194 0.769116
    endloop
  endfacet
  facet normal -0.5071711469260748 0.16813768916953656 0.845285244876792
    outer loop
      vertex 2.657480 0.000000 0.826772
      vertex 2.657480 0.075331 0.811787
      vertex 2.559055 0.052732 0.757227
    endloop
  endfacet
  facet normal 1 0 0
    outer loop
      vertex 2.657480 0.097436 0.727357
      vertex 2.657480 0.139194 0.769116
      vertex 2.657480 0.052732 0.757227
    endloop
  endfacet
  facet normal -0.5071711469260755 0.47881562850449555 0.7165982288741259
    outer loop
      vertex 2.559055 0.097436 0.727357
      vertex 2.657480 0.075331 0.811787
      vertex 2.657480 0.139194 0.769116
    endloop
  endfacet
  facet normal -1 0 0
    outer loop
      vertex -2.893701 -0.075331 0.448055
      vertex -2.893701 0.075331 0.448055
      vertex -2.893701 0.000000 0.433071
    endloop
  endfacet
  facet normal 0.5071711469260751 -0.47881562850449566 -0.716598228874126
    outer loop
      vertex -2.893701 -0.075331 0.448055
      vertex -2.795276 -0.097436 0.532485
      vertex -2.893701 -0.139194 0.490727
    endloop
  endfacet
  facet normal 0.5071711469260751 -0.716598228874126 -0.47881562850449577
    outer loop
      vertex -2.893701 -0.139194 0.490727
      vertex -2.795276 -0.097436 0.532485
      vertex -2.893701 -0.181866 0.554590
    endloop
  endfacet
  facet normal 0.5071711469260752 -0.716598228874126 -0.4788156285044953
    outer loop
      vertex -2.893701 -0.181866 0.554590
      vertex -2.795276 -0.097436 0.532485
      vertex -2.795276 -0.127306 0.577189
    endloop
  endfacet
  facet normal 0.5071711469260751 -0.8452852448767918 -0.16813768916953645
    outer loop
      vertex -2.893701 -0.181866 0.554590
      vertex -2.795276 -0.127306 0.577189
      vertex -2.893701 -0.196850 0.629921
    endloop
  endfacet
  facet normal -1 0 0
    outer loop
      vertex -2.893701 -0.075331 0.448055
      vertex -2.893701 -0.139194 0.490727
      vertex -2.893701 0.075331 0.448055
    endloop
  endfacet
  facet normal 0.5071711469260752 -0.1681376891695365 -0.8452852448767917
    outer loop
      vertex -2.893701 -0.075331 0.448055
      vertex -2.893701 0.000000 0.433071
      vertex -2.795276 -0.052732 0.502615
    endloop
  endfacet
  facet normal -1 0 0
    outer loop
      vertex -2.893701 -0.139194 0.490727
      vertex -2.893701 -0.181866 0.554590
      vertex -2.893701 0.139194 0.490727
    endloop
  endfacet
  facet normal 0.5071711469260753 -0.47881562850449516 -0.7165982288741263
    outer loop
      vertex -2.893701 -0.075331 0.448055
      vertex -2.795276 -0.052732 0.502615
      vertex -2.795276 -0.097436 0.532485
    endloop
  endfacet
  facet normal -1 0 0
    outer loop
      vertex -2.893701 -0.139194 0.490727
      vertex -2.893701 0.139194 0.490727
      vertex -2.893701 0.075331 0.448055
    endloop
  endfacet
  facet normal 0.507171146926075 -0.16813768916953695 -0.8452852448767917
    outer loop
      vertex -2.893701 0.000000 0.433071
      vertex -2.795276 0.000000 0.492126
      vertex -2.795276 -0.052732 0.502615
    endloop
  endfacet
  facet normal 0.507171146926075 0.16813768916953695 -0.8452852448767917
    outer loop
      vertex -2.893701 0.000000 0.433071
      vertex -2.795276 0.052732 0.502615
      vertex -2.795276 0.000000 0.492126
    endloop
  endfacet
  facet normal -1 0 0
    outer loop
      vertex -2.893701 -0.181866 0.554590
      vertex -2.893701 -0.196850 0.629921
      vertex -2.893701 0.181866 0.554590
    endloop
  endfacet
  facet normal 0.5071711469260752 0.1681376891695365 -0.8452852448767917
    outer loop
      vertex -2.893701 0.000000 0.433071
      vertex -2.893701 0.075331 0.448055
      vertex -2.795276 0.052732 0.502615
    endloop
  endfacet
  facet normal 0.5071711469260753 0.47881562850449516 -0.7165982288741263
    outer loop
      vertex -2.893701 0.075331 0.448055
      vertex -2.795276 0.097436 0.532485
      vertex -2.795276 0.052732 0.502615
    endloop
  endfacet
  facet normal 0.5071711469260751 0.47881562850449566 -0.716598228874126
    outer loop
      vertex -2.893701 0.075331 0.448055
      vertex -2.893701 0.139194 0.490727
      vertex -2.795276 0.097436 0.532485
    endloop
  endfacet
  facet normal -1 0 0
    outer loop
      vertex -2.893701 -0.181866 0.554590
      vertex -2.893701 0.181866 0.554590
      vertex -2.893701 0.139194 0.490727
    endloop
  endfacet
  facet normal 0.5071711469260751 0.716598228874126 -0.47881562850449577
    outer loop
      vertex -2.893701 0.139194 0.490727
      vertex -2.893701 0.181866 0.554590
      vertex -2.795276 0.097436 0.532485
    endloop
  endfacet
  facet normal 0.5071711469260752 0.716598228874126 -0.47881562850449544
    outer loop
      vertex -2.795276 0.097436 0.532485
      vertex -2.893701 0.181866 0.554590
      vertex -2.795276 0.127306 0.577189
    endloop
  endfacet
  facet normal 0.5071711469260751 0.8452852448767918 -0.16813768916953645
    outer loop
      vertex -2.795276 0.127306 0.577189
      vertex -2.893701 0.181866 0.554590
      vertex -2.893701 0.196850 0.629921
    endloop
  endfacet
  facet normal 0.507171146926075 -0.8452852448767917 -0.16813768916953664
    outer loop
      vertex -2.795276 -0.127306 0.577189
      vertex -2.795276 -0.137795 0.629921
      vertex -2.893701 -0.196850 0.629921
    endloop
  endfacet
  facet normal 0.5071711469260752 -0.8452852448767917 0.16813768916953642
    outer loop
      vertex -2.893701 -0.196850 0.629921
      vertex -2.795276 -0.127306 0.682653
      vertex -2.893701 -0.181866 0.705253
    endloop
  endfacet
  facet normal 0.507171146926075 -0.8452852448767917 0.16813768916953692
    outer loop
      vertex -2.893701 -0.196850 0.629921
      vertex -2.795276 -0.137795 0.629921
      vertex -2.795276 -0.127306 0.682653
    endloop
  endfacet
  facet normal 0.5071711469260755 -0.7165982288741259 0.4788156285044952
    outer loop
      vertex -2.893701 -0.181866 0.705253
      vertex -2.795276 -0.127306 0.682653
      vertex -2.795276 -0.097436 0.727357
    endloop
  endfacet
  facet normal 0.5071711469260753 -0.7165982288741259 0.4788156285044957
    outer loop
      vertex -2.893701 -0.181866 0.705253
      vertex -2.795276 -0.097436 0.727357
      vertex -2.893701 -0.139194 0.769116
    endloop
  endfacet
  facet normal -1 0 0
    outer loop
      vertex -2.893701 -0.196850 0.629921
      vertex -2.893701 -0.181866 0.705253
      vertex -2.893701 0.196850 0.629921
    endloop
  endfacet
  facet normal -1 0 0
    outer loop
      vertex -2.893701 -0.181866 0.705253
      vertex -2.893701 -0.139194 0.769116
      vertex -2.893701 0.181866 0.705253
    endloop
  endfacet
  facet normal 0.5071711469260755 -0.47881562850449555 0.7165982288741259
    outer loop
      vertex -2.795276 -0.097436 0.727357
      vertex -2.893701 -0.075331 0.811787
      vertex -2.893701 -0.139194 0.769116
    endloop
  endfacet
  facet normal -1 0 0
    outer loop
      vertex -2.893701 -0.139194 0.769116
      vertex -2.893701 -0.075331 0.811787
      vertex -2.893701 0.139194 0.769116
    endloop
  endfacet
  facet normal 0.5071711469260747 -0.4788156285044968 0.7165982288741255
    outer loop
      vertex -2.795276 -0.097436 0.727357
      vertex -2.795276 -0.052732 0.757227
      vertex -2.893701 -0.075331 0.811787
    endloop
  endfacet
  facet normal 0.5071711469260748 -0.16813768916953656 0.845285244876792
    outer loop
      vertex -2.893701 -0.075331 0.811787
      vertex -2.795276 -0.052732 0.757227
      vertex -2.893701 0.000000 0.826772
    endloop
  endfacet
  facet normal 0.5071711469260751 -0.16813768916953586 0.8452852448767919
    outer loop
      vertex -2.795276 -0.052732 0.757227
      vertex -2.795276 0.000000 0.767717
      vertex -2.893701 0.000000 0.826772
    endloop
  endfacet
  facet normal 0.5071711469260751 0.16813768916953586 0.8452852448767919
    outer loop
      vertex -2.795276 0.000000 0.767717
      vertex -2.795276 0.052732 0.757227
      vertex -2.893701 0.000000 0.826772
    endloop
  endfacet
  facet normal -1 0 0
    outer loop
      vertex -2.893701 -0.075331 0.811787
      vertex -2.893701 0.000000 0.826772
      vertex -2.893701 0.075331 0.811787
    endloop
  endfacet
  facet normal -1 0 0
    outer loop
      vertex -2.893701 0.181866 0.554590
      vertex -2.893701 -0.196850 0.629921
      vertex -2.893701 0.196850 0.629921
    endloop
  endfacet
  facet normal -1 0 0
    outer loop
      vertex -2.893701 -0.181866 0.705253
      vertex -2.893701 0.181866 0.705253
      vertex -2.893701 0.196850 0.629921
    endloop
  endfacet
  facet normal -1 0 0
    outer loop
      vertex -2.893701 -0.139194 0.769116
      vertex -2.893701 0.139194 0.769116
      vertex -2.893701 0.181866 0.705253
    endloop
  endfacet
  facet normal 0.5071711469260755 0.7165982288741259 0.4788156285044953
    outer loop
      vertex -2.795276 0.127306 0.682653
      vertex -2.893701 0.181866 0.705253
      vertex -2.795276 0.097436 0.727357
    endloop
  endfacet
  facet normal 0.5071711469260753 0.7165982288741259 0.4788156285044957
    outer loop
      vertex -2.795276 0.097436 0.727357
      vertex -2.893701 0.181866 0.705253
      vertex -2.893701 0.139194 0.769116
    endloop
  endfacet
  facet normal 0.507171146926075 0.8452852448767917 -0.16813768916953664
    outer loop
      vertex -2.795276 0.127306 0.577189
      vertex -2.893701 0.196850 0.629921
      vertex -2.795276 0.137795 0.629921
    endloop
  endfacet
  facet normal 0.5071711469260752 0.8452852448767917 0.16813768916953642
    outer loop
      vertex -2.795276 0.127306 0.682653
      vertex -2.893701 0.196850 0.629921
      vertex -2.893701 0.181866 0.705253
    endloop
  endfacet
  facet normal 0.507171146926075 0.8452852448767917 0.16813768916953686
    outer loop
      vertex -2.795276 0.137795 0.629921
      vertex -2.893701 0.196850 0.629921
      vertex -2.795276 0.127306 0.682653
    endloop
  endfacet
  facet normal 0.5071711469260747 0.4788156285044968 0.7165982288741255
    outer loop
      vertex -2.795276 0.097436 0.727357
      vertex -2.893701 0.075331 0.811787
      vertex -2.795276 0.052732 0.757227
    endloop
  endfacet
  facet normal -1 0 0
    outer loop
      vertex -2.893701 -0.075331 0.811787
      vertex -2.893701 0.075331 0.811787
      vertex -2.893701 0.139194 0.769116
    endloop
  endfacet
  facet normal 0.5071711469260748 0.16813768916953656 0.845285244876792
    outer loop
      vertex -2.893701 0.000000 0.826772
      vertex -2.795276 0.052732 0.757227
      vertex -2.893701 0.075331 0.811787
    endloop
  endfacet
  facet normal 0.5071711469260755 0.47881562850449555 0.7165982288741259
    outer loop
      vertex -2.795276 0.097436 0.727357
      vertex -2.893701 0.139194 0.769116
      vertex -2.893701 0.075331 0.811787
    endloop
  endfacet
  facet normal 1 0 0
    outer loop
      vertex 2.893701 -0.075331 0.448055
      vertex 2.893701 0.000000 0.433071
      vertex 2.893701 0.075331 0.448055
    endloop
  endfacet
  facet normal -0.5071711469260751 -0.47881562850449566 -0.716598228874126
    outer loop
      vertex 2.893701 -0.075331 0.448055
      vertex 2.893701 -0.139194 0.490727
      vertex 2.795276 -0.097436 0.532485
    endloop
  endfacet
  facet normal -0.5071711469260752 -0.716598228874126 -0.47881562850449544
    outer loop
      vertex 2.795276 -0.097436 0.532485
      vertex 2.893701 -0.181866 0.554590
      vertex 2.795276 -0.127306 0.577189
    endloop
  endfacet
  facet normal -0.5071711469260751 -0.716598228874126 -0.47881562850449577
    outer loop
      vertex 2.893701 -0.139194 0.490727
      vertex 2.893701 -0.181866 0.554590
      vertex 2.795276 -0.097436 0.532485
    endloop
  endfacet
  facet normal -0.5071711469260751 -0.8452852448767918 -0.16813768916953645
    outer loop
      vertex 2.795276 -0.127306 0.577189
      vertex 2.893701 -0.181866 0.554590
      vertex 2.893701 -0.196850 0.629921
    endloop
  endfacet
  facet normal -0.5071711469260752 -0.1681376891695365 -0.8452852448767917
    outer loop
      vertex 2.893701 -0.075331 0.448055
      vertex 2.795276 -0.052732 0.502615
      vertex 2.893701 0.000000 0.433071
    endloop
  endfacet
  facet normal 1 0 0
    outer loop
      vertex 2.893701 -0.075331 0.448055
      vertex 2.893701 0.139194 0.490727
      vertex 2.893701 -0.139194 0.490727
    endloop
  endfacet
  facet normal -0.5071711469260753 -0.47881562850449516 -0.7165982288741263
    outer loop
      vertex 2.893701 -0.075331 0.448055
      vertex 2.795276 -0.097436 0.532485
      vertex 2.795276 -0.052732 0.502615
    endloop
  endfacet
  facet normal -0.507171146926075 -0.16813768916953695 -0.8452852448767917
    outer loop
      vertex 2.893701 0.000000 0.433071
      vertex 2.795276 -0.052732 0.502615
      vertex 2.795276 0.000000 0.492126
    endloop
  endfacet
  facet normal -0.507171146926075 0.16813768916953695 -0.8452852448767917
    outer loop
      vertex 2.893701 0.000000 0.433071
      vertex 2.795276 0.000000 0.492126
      vertex 2.795276 0.052732 0.502615
    endloop
  endfacet
  facet normal 1 0 0
    outer loop
      vertex 2.893701 -0.139194 0.490727
      vertex 2.893701 0.181866 0.554590
      vertex 2.893701 -0.181866 0.554590
    endloop
  endfacet
  facet normal -0.5071711469260752 0.1681376891695365 -0.8452852448767917
    outer loop
      vertex 2.893701 0.000000 0.433071
      vertex 2.795276 0.052732 0.502615
      vertex 2.893701 0.075331 0.448055
    endloop
  endfacet
  facet normal 1 0 0
    outer loop
      vertex 2.893701 -0.075331 0.448055
      vertex 2.893701 0.075331 0.448055
      vertex 2.893701 0.139194 0.490727
    endloop
  endfacet
  facet normal -0.5071711469260753 0.47881562850449516 -0.7165982288741263
    outer loop
      vertex 2.893701 0.075331 0.448055
      vertex 2.795276 0.052732 0.502615
      vertex 2.795276 0.097436 0.532485
    endloop
  endfacet
  facet normal 1 0 0
    outer loop
      vertex 2.893701 -0.139194 0.490727
      vertex 2.893701 0.139194 0.490727
      vertex 2.893701 0.181866 0.554590
    endloop
  endfacet
  facet normal -0.5071711469260751 0.47881562850449566 -0.716598228874126
    outer loop
      vertex 2.893701 0.075331 0.448055
      vertex 2.795276 0.097436 0.532485
      vertex 2.893701 0.139194 0.490727
    endloop
  endfacet
  facet normal 1 0 0
    outer loop
      vertex 2.893701 -0.181866 0.554590
      vertex 2.893701 0.181866 0.554590
      vertex 2.893701 0.196850 0.629921
    endloop
  endfacet
  facet normal -0.5071711469260752 0.716598228874126 -0.47881562850449544
    outer loop
      vertex 2.795276 0.097436 0.532485
      vertex 2.795276 0.127306 0.577189
      vertex 2.893701 0.181866 0.554590
    endloop
  endfacet
  facet normal -0.5071711469260751 0.716598228874126 -0.47881562850449577
    outer loop
      vertex 2.893701 0.139194 0.490727
      vertex 2.795276 0.097436 0.532485
      vertex 2.893701 0.181866 0.554590
    endloop
  endfacet
  facet normal -0.5071711469260751 0.8452852448767918 -0.16813768916953645
    outer loop
      vertex 2.795276 0.127306 0.577189
      vertex 2.893701 0.196850 0.629921
      vertex 2.893701 0.181866 0.554590
    endloop
  endfacet
  facet normal -0.507171146926075 -0.8452852448767917 -0.16813768916953664
    outer loop
      vertex 2.795276 -0.127306 0.577189
      vertex 2.893701 -0.196850 0.629921
      vertex 2.795276 -0.137795 0.629921
    endloop
  endfacet
  facet normal -0.507171146926075 -0.8452852448767917 0.16813768916953692
    outer loop
      vertex 2.893701 -0.196850 0.629921
      vertex 2.795276 -0.127306 0.682653
      vertex 2.795276 -0.137795 0.629921
    endloop
  endfacet
  facet normal -0.5071711469260752 -0.8452852448767917 0.16813768916953642
    outer loop
      vertex 2.893701 -0.196850 0.629921
      vertex 2.893701 -0.181866 0.705253
      vertex 2.795276 -0.127306 0.682653
    endloop
  endfacet
  facet normal -0.5071711469260755 -0.7165982288741259 0.4788156285044953
    outer loop
      vertex 2.795276 -0.127306 0.682653
      vertex 2.893701 -0.181866 0.705253
      vertex 2.795276 -0.097436 0.727357
    endloop
  endfacet
  facet normal -0.5071711469260753 -0.7165982288741259 0.4788156285044957
    outer loop
      vertex 2.795276 -0.097436 0.727357
      vertex 2.893701 -0.181866 0.705253
      vertex 2.893701 -0.139194 0.769116
    endloop
  endfacet
  facet normal 1 0 0
    outer loop
      vertex 2.893701 -0.181866 0.554590
      vertex 2.893701 0.196850 0.629921
      vertex 2.893701 -0.196850 0.629921
    endloop
  endfacet
  facet normal 1 0 0
    outer loop
      vertex 2.893701 -0.196850 0.629921
      vertex 2.893701 0.181866 0.705253
      vertex 2.893701 -0.181866 0.705253
    endloop
  endfacet
  facet normal 1 0 0
    outer loop
      vertex 2.893701 -0.181866 0.705253
      vertex 2.893701 0.139194 0.769116
      vertex 2.893701 -0.139194 0.769116
    endloop
  endfacet
  facet normal -0.5071711469260755 -0.47881562850449555 0.7165982288741259
    outer loop
      vertex 2.795276 -0.097436 0.727357
      vertex 2.893701 -0.139194 0.769116
      vertex 2.893701 -0.075331 0.811787
    endloop
  endfacet
  facet normal -0.5071711469260747 -0.4788156285044968 0.7165982288741255
    outer loop
      vertex 2.795276 -0.097436 0.727357
      vertex 2.893701 -0.075331 0.811787
      vertex 2.795276 -0.052732 0.757227
    endloop
  endfacet
  facet normal -0.5071711469260748 -0.16813768916953656 0.845285244876792
    outer loop
      vertex 2.795276 -0.052732 0.757227
      vertex 2.893701 -0.075331 0.811787
      vertex 2.893701 0.000000 0.826772
    endloop
  endfacet
  facet normal 1 0 0
    outer loop
      vertex 2.893701 -0.139194 0.769116
      vertex 2.893701 0.075331 0.811787
      vertex 2.893701 -0.075331 0.811787
    endloop
  endfacet
  facet normal -0.5071711469260751 -0.16813768916953586 0.8452852448767919
    outer loop
      vertex 2.795276 -0.052732 0.757227
      vertex 2.893701 0.000000 0.826772
      vertex 2.795276 0.000000 0.767717
    endloop
  endfacet
  facet normal -0.5071711469260751 0.16813768916953586 0.8452852448767919
    outer loop
      vertex 2.795276 0.000000 0.767717
      vertex 2.893701 0.000000 0.826772
      vertex 2.795276 0.052732 0.757227
    endloop
  endfacet
  facet normal 1 0 0
    outer loop
      vertex 2.893701 -0.139194 0.769116
      vertex 2.893701 0.139194 0.769116
      vertex 2.893701 0.075331 0.811787
    endloop
  endfacet
  facet normal 1 0 0
    outer loop
      vertex 2.893701 -0.075331 0.811787
      vertex 2.893701 0.075331 0.811787
      vertex 2.893701 0.000000 0.826772
    endloop
  endfacet
  facet normal 1 0 0
    outer loop
      vertex 2.893701 -0.196850 0.629921
      vertex 2.893701 0.196850 0.629921
      vertex 2.893701 0.181866 0.705253
    endloop
  endfacet
  facet normal 1 0 0
    outer loop
      vertex 2.893701 -0.181866 0.705253
      vertex 2.893701 0.181866 0.705253
      vertex 2.893701 0.139194 0.769116
    endloop
  endfacet
  facet normal -0.5071711469260755 0.7165982288741259 0.4788156285044953
    outer loop
      vertex 2.795276 0.127306 0.682653
      vertex 2.795276 0.097436 0.727357
      vertex 2.893701 0.181866 0.705253
    endloop
  endfacet
  facet normal -0.5071711469260753 0.7165982288741259 0.4788156285044957
    outer loop
      vertex 2.795276 0.097436 0.727357
      vertex 2.893701 0.139194 0.769116
      vertex 2.893701 0.181866 0.705253
    endloop
  endfacet
  facet normal -0.507171146926075 0.8452852448767917 -0.16813768916953664
    outer loop
      vertex 2.795276 0.127306 0.577189
      vertex 2.795276 0.137795 0.629921
      vertex 2.893701 0.196850 0.629921
    endloop
  endfacet
  facet normal -0.507171146926075 0.8452852448767917 0.16813768916953686
    outer loop
      vertex 2.795276 0.137795 0.629921
      vertex 2.795276 0.127306 0.682653
      vertex 2.893701 0.196850 0.629921
    endloop
  endfacet
  facet normal -0.5071711469260752 0.8452852448767917 0.16813768916953642
    outer loop
      vertex 2.795276 0.127306 0.682653
      vertex 2.893701 0.181866 0.705253
      vertex 2.893701 0.196850 0.629921
    endloop
  endfacet
  facet normal -0.5071711469260747 0.4788156285044968 0.7165982288741255
    outer loop
      vertex 2.795276 0.097436 0.727357
      vertex 2.795276 0.052732 0.757227
      vertex 2.893701 0.075331 0.811787
    endloop
  endfacet
  facet normal -0.5071711469260748 0.16813768916953656 0.845285244876792
    outer loop
      vertex 2.893701 0.000000 0.826772
      vertex 2.893701 0.075331 0.811787
      vertex 2.795276 0.052732 0.757227
    endloop
  endfacet
  facet normal -0.5071711469260755 0.47881562850449555 0.7165982288741259
    outer loop
      vertex 2.795276 0.097436 0.727357
      vertex 2.893701 0.075331 0.811787
      vertex 2.893701 0.139194 0.769116
    endloop
  endfacet
  facet normal 0 -0.5555702330196017 -0.8314696123025456
    outer loop
      vertex -2.795276 -0.097436 0.532485
      vertex -2.795276 -0.052732 0.502615
      vertex -2.657480 -0.097436 0.532485
    endloop
  endfacet
  facet normal 0 -0.8314696123025453 -0.5555702330196021
    outer loop
      vertex -2.795276 -0.097436 0.532485
      vertex -2.657480 -0.127306 0.577189
      vertex -2.795276 -0.127306 0.577189
    endloop
  endfacet
  facet normal 0 -0.1950903220161287 -0.9807852804032303
    outer loop
      vertex -2.795276 -0.052732 0.502615
      vertex -2.795276 0.000000 0.492126
      vertex -2.657480 -0.052732 0.502615
    endloop
  endfacet
  facet normal 0 0.1950903220161287 -0.9807852804032303
    outer loop
      vertex -2.795276 0.000000 0.492126
      vertex -2.795276 0.052732 0.502615
      vertex -2.657480 0.000000 0.492126
    endloop
  endfacet
  facet normal 0 -0.8314696123025453 -0.5555702330196021
    outer loop
      vertex -2.795276 -0.097436 0.532485
      vertex -2.657480 -0.097436 0.532485
      vertex -2.657480 -0.127306 0.577189
    endloop
  endfacet
  facet normal 0 -0.9807852804032303 -0.19509032201612833
    outer loop
      vertex -2.795276 -0.127306 0.577189
      vertex -2.657480 -0.127306 0.577189
      vertex -2.657480 -0.137795 0.629921
    endloop
  endfacet
  facet normal 0 -0.5555702330196017 -0.8314696123025456
    outer loop
      vertex -2.795276 -0.052732 0.502615
      vertex -2.657480 -0.052732 0.502615
      vertex -2.657480 -0.097436 0.532485
    endloop
  endfacet
  facet normal 0 -0.1950903220161287 -0.9807852804032303
    outer loop
      vertex -2.795276 0.000000 0.492126
      vertex -2.657480 0.000000 0.492126
      vertex -2.657480 -0.052732 0.502615
    endloop
  endfacet
  facet normal 0 -0.5555702330196017 -0.8314696123025456
    outer loop
      vertex -2.559055 -0.097436 0.532485
      vertex -2.559055 -0.052732 0.502615
      vertex -2.421260 -0.097436 0.532485
    endloop
  endfacet
  facet normal 0 -0.8314696123025453 -0.5555702330196021
    outer loop
      vertex -2.559055 -0.097436 0.532485
      vertex -2.421260 -0.097436 0.532485
      vertex -2.421260 -0.127306 0.577189
    endloop
  endfacet
  facet normal 0 -0.8314696123025453 -0.5555702330196021
    outer loop
      vertex -2.559055 -0.097436 0.532485
      vertex -2.421260 -0.127306 0.577189
      vertex -2.559055 -0.127306 0.577189
    endloop
  endfacet
  facet normal 0 -0.9807852804032303 -0.19509032201612833
    outer loop
      vertex -2.559055 -0.127306 0.577189
      vertex -2.421260 -0.127306 0.577189
      vertex -2.421260 -0.137795 0.629921
    endloop
  endfacet
  facet normal 0 -0.1950903220161287 -0.9807852804032303
    outer loop
      vertex -2.559055 -0.052732 0.502615
      vertex -2.559055 0.000000 0.492126
      vertex -2.421260 -0.052732 0.502615
    endloop
  endfacet
  facet normal 0 -0.5555702330196017 -0.8314696123025456
    outer loop
      vertex -2.559055 -0.052732 0.502615
      vertex -2.421260 -0.052732 0.502615
      vertex -2.421260 -0.097436 0.532485
    endloop
  endfacet
  facet normal 0 0.1950903220161287 -0.9807852804032303
    outer loop
      vertex -2.559055 0.000000 0.492126
      vertex -2.559055 0.052732 0.502615
      vertex -2.421260 0.000000 0.492126
    endloop
  endfacet
  facet normal 0 -0.1950903220161287 -0.9807852804032303
    outer loop
      vertex -2.559055 0.000000 0.492126
      vertex -2.421260 0.000000 0.492126
      vertex -2.421260 -0.052732 0.502615
    endloop
  endfacet
  facet normal 0 -0.5555702330196017 -0.8314696123025456
    outer loop
      vertex -2.322835 -0.097436 0.532485
      vertex -2.322835 -0.052732 0.502615
      vertex -2.165354 -0.097436 0.532485
    endloop
  endfacet
  facet normal 0 -0.8314696123025452 -0.5555702330196021
    outer loop
      vertex -2.322835 -0.097436 0.532485
      vertex -2.165354 -0.127306 0.577189
      vertex -2.322835 -0.127306 0.577189
    endloop
  endfacet
  facet normal 0 -0.8314696123025452 -0.5555702330196021
    outer loop
      vertex -2.322835 -0.097436 0.532485
      vertex -2.165354 -0.097436 0.532485
      vertex -2.165354 -0.127306 0.577189
    endloop
  endfacet
  facet normal 0 -0.9807852804032304 -0.19509032201612833
    outer loop
      vertex -2.322835 -0.127306 0.577189
      vertex -2.165354 -0.127306 0.577189
      vertex -2.165354 -0.137795 0.629921
    endloop
  endfacet
  facet normal 0 -0.19509032201612866 -0.9807852804032303
    outer loop
      vertex -2.322835 -0.052732 0.502615
      vertex -2.322835 0.000000 0.492126
      vertex -2.165354 -0.052732 0.502615
    endloop
  endfacet
  facet normal 0 0.19509032201612866 -0.9807852804032303
    outer loop
      vertex -2.322835 0.000000 0.492126
      vertex -2.322835 0.052732 0.502615
      vertex -2.165354 0.000000 0.492126
    endloop
  endfacet
  facet normal 0 -0.5555702330196017 -0.8314696123025456
    outer loop
      vertex -2.322835 -0.052732 0.502615
      vertex -2.165354 -0.052732 0.502615
      vertex -2.165354 -0.097436 0.532485
    endloop
  endfacet
  facet normal 0 -0.19509032201612866 -0.9807852804032303
    outer loop
      vertex -2.322835 0.000000 0.492126
      vertex -2.165354 0.000000 0.492126
      vertex -2.165354 -0.052732 0.502615
    endloop
  endfacet
  facet normal 0 0.5555702330196017 -0.8314696123025456
    outer loop
      vertex -2.795276 0.052732 0.502615
      vertex -2.795276 0.097436 0.532485
      vertex -2.657480 0.052732 0.502615
    endloop
  endfacet
  facet normal 0 0.8314696123025453 -0.5555702330196021
    outer loop
      vertex -2.795276 0.097436 0.532485
      vertex -2.795276 0.127306 0.577189
      vertex -2.657480 0.097436 0.532485
    endloop
  endfacet
  facet normal 0 0.9807852804032303 -0.19509032201612833
    outer loop
      vertex -2.795276 0.127306 0.577189
      vertex -2.795276 0.137795 0.629921
      vertex -2.657480 0.127306 0.577189
    endloop
  endfacet
  facet normal 0 0.1950903220161287 -0.9807852804032303
    outer loop
      vertex -2.657480 0.000000 0.492126
      vertex -2.795276 0.052732 0.502615
      vertex -2.657480 0.052732 0.502615
    endloop
  endfacet
  facet normal 0 0.5555702330196017 -0.8314696123025456
    outer loop
      vertex -2.795276 0.097436 0.532485
      vertex -2.657480 0.097436 0.532485
      vertex -2.657480 0.052732 0.502615
    endloop
  endfacet
  facet normal 0 0.8314696123025453 -0.5555702330196021
    outer loop
      vertex -2.795276 0.127306 0.577189
      vertex -2.657480 0.127306 0.577189
      vertex -2.657480 0.097436 0.532485
    endloop
  endfacet
  facet normal 0 0.5555702330196017 -0.8314696123025456
    outer loop
      vertex -2.559055 0.052732 0.502615
      vertex -2.559055 0.097436 0.532485
      vertex -2.421260 0.052732 0.502615
    endloop
  endfacet
  facet normal 0 0.1950903220161287 -0.9807852804032303
    outer loop
      vertex -2.421260 0.000000 0.492126
      vertex -2.559055 0.052732 0.502615
      vertex -2.421260 0.052732 0.502615
    endloop
  endfacet
  facet normal 0 0.5555702330196017 -0.8314696123025456
    outer loop
      vertex -2.559055 0.097436 0.532485
      vertex -2.421260 0.097436 0.532485
      vertex -2.421260 0.052732 0.502615
    endloop
  endfacet
  facet normal 0 0.8314696123025453 -0.5555702330196021
    outer loop
      vertex -2.559055 0.097436 0.532485
      vertex -2.559055 0.127306 0.577189
      vertex -2.421260 0.097436 0.532485
    endloop
  endfacet
  facet normal 0 0.9807852804032303 -0.19509032201612833
    outer loop
      vertex -2.559055 0.127306 0.577189
      vertex -2.559055 0.137795 0.629921
      vertex -2.421260 0.127306 0.577189
    endloop
  endfacet
  facet normal 0 0.8314696123025453 -0.5555702330196021
    outer loop
      vertex -2.559055 0.127306 0.577189
      vertex -2.421260 0.127306 0.577189
      vertex -2.421260 0.097436 0.532485
    endloop
  endfacet
  facet normal 0 0.5555702330196017 -0.8314696123025456
    outer loop
      vertex -2.322835 0.052732 0.502615
      vertex -2.322835 0.097436 0.532485
      vertex -2.165354 0.052732 0.502615
    endloop
  endfacet
  facet normal 0 0.19509032201612866 -0.9807852804032303
    outer loop
      vertex -2.322835 0.052732 0.502615
      vertex -2.165354 0.052732 0.502615
      vertex -2.165354 0.000000 0.492126
    endloop
  endfacet
  facet normal 0 0.5555702330196017 -0.8314696123025456
    outer loop
      vertex -2.322835 0.097436 0.532485
      vertex -2.165354 0.097436 0.532485
      vertex -2.165354 0.052732 0.502615
    endloop
  endfacet
  facet normal 0 0.8314696123025452 -0.5555702330196021
    outer loop
      vertex -2.322835 0.097436 0.532485
      vertex -2.322835 0.127306 0.577189
      vertex -2.165354 0.097436 0.532485
    endloop
  endfacet
  facet normal 0 0.9807852804032304 -0.19509032201612833
    outer loop
      vertex -2.322835 0.127306 0.577189
      vertex -2.322835 0.137795 0.629921
      vertex -2.165354 0.127306 0.577189
    endloop
  endfacet
  facet normal 0 0.8314696123025452 -0.5555702330196021
    outer loop
      vertex -2.322835 0.127306 0.577189
      vertex -2.165354 0.127306 0.577189
      vertex -2.165354 0.097436 0.532485
    endloop
  endfacet
  facet normal 0 -0.9807852804032303 -0.19509032201612833
    outer loop
      vertex -2.795276 -0.127306 0.577189
      vertex -2.657480 -0.137795 0.629921
      vertex -2.795276 -0.137795 0.629921
    endloop
  endfacet
  facet normal 0 -0.9807852804032303 0.19509032201612858
    outer loop
      vertex -2.795276 -0.137795 0.629921
      vertex -2.657480 -0.127306 0.682653
      vertex -2.795276 -0.127306 0.682653
    endloop
  endfacet
  facet normal 0 -0.8314696123025453 0.5555702330196021
    outer loop
      vertex -2.795276 -0.127306 0.682653
      vertex -2.657480 -0.097436 0.727357
      vertex -2.795276 -0.097436 0.727357
    endloop
  endfacet
  facet normal 0 -0.5555702330196035 0.8314696123025443
    outer loop
      vertex -2.795276 -0.097436 0.727357
      vertex -2.657480 -0.052732 0.757227
      vertex -2.795276 -0.052732 0.757227
    endloop
  endfacet
  facet normal 0 -0.9807852804032303 0.19509032201612858
    outer loop
      vertex -2.795276 -0.137795 0.629921
      vertex -2.657480 -0.137795 0.629921
      vertex -2.657480 -0.127306 0.682653
    endloop
  endfacet
  facet normal 0 -0.8314696123025453 0.5555702330196021
    outer loop
      vertex -2.795276 -0.127306 0.682653
      vertex -2.657480 -0.127306 0.682653
      vertex -2.657480 -0.097436 0.727357
    endloop
  endfacet
  facet normal 0 -0.5555702330196035 0.8314696123025443
    outer loop
      vertex -2.795276 -0.097436 0.727357
      vertex -2.657480 -0.097436 0.727357
      vertex -2.657480 -0.052732 0.757227
    endloop
  endfacet
  facet normal 0 -0.19509032201612747 0.9807852804032308
    outer loop
      vertex -2.795276 -0.052732 0.757227
      vertex -2.657480 0.000000 0.767717
      vertex -2.795276 0.000000 0.767717
    endloop
  endfacet
  facet normal 0 -0.19509032201612747 0.9807852804032308
    outer loop
      vertex -2.795276 -0.052732 0.757227
      vertex -2.657480 -0.052732 0.757227
      vertex -2.657480 0.000000 0.767717
    endloop
  endfacet
  facet normal 0 0.19509032201612747 0.9807852804032308
    outer loop
      vertex -2.795276 0.000000 0.767717
      vertex -2.657480 0.000000 0.767717
      vertex -2.657480 0.052732 0.757227
    endloop
  endfacet
  facet normal 0 -0.9807852804032303 -0.19509032201612833
    outer loop
      vertex -2.559055 -0.127306 0.577189
      vertex -2.421260 -0.137795 0.629921
      vertex -2.559055 -0.137795 0.629921
    endloop
  endfacet
  facet normal 0 -0.9807852804032303 0.19509032201612858
    outer loop
      vertex -2.559055 -0.137795 0.629921
      vertex -2.421260 -0.137795 0.629921
      vertex -2.421260 -0.127306 0.682653
    endloop
  endfacet
  facet normal 0 -0.9807852804032303 0.19509032201612858
    outer loop
      vertex -2.559055 -0.137795 0.629921
      vertex -2.421260 -0.127306 0.682653
      vertex -2.559055 -0.127306 0.682653
    endloop
  endfacet
  facet normal 0 -0.8314696123025453 0.5555702330196021
    outer loop
      vertex -2.559055 -0.127306 0.682653
      vertex -2.421260 -0.127306 0.682653
      vertex -2.421260 -0.097436 0.727357
    endloop
  endfacet
  facet normal 0 -0.8314696123025453 0.5555702330196021
    outer loop
      vertex -2.559055 -0.127306 0.682653
      vertex -2.421260 -0.097436 0.727357
      vertex -2.559055 -0.097436 0.727357
    endloop
  endfacet
  facet normal 0 -0.5555702330196035 0.8314696123025443
    outer loop
      vertex -2.559055 -0.097436 0.727357
      vertex -2.421260 -0.097436 0.727357
      vertex -2.421260 -0.052732 0.757227
    endloop
  endfacet
  facet normal 0 -0.5555702330196035 0.8314696123025443
    outer loop
      vertex -2.559055 -0.097436 0.727357
      vertex -2.421260 -0.052732 0.757227
      vertex -2.559055 -0.052732 0.757227
    endloop
  endfacet
  facet normal 0 -0.9807852804032304 -0.19509032201612833
    outer loop
      vertex -2.322835 -0.127306 0.577189
      vertex -2.165354 -0.137795 0.629921
      vertex -2.322835 -0.137795 0.629921
    endloop
  endfacet
  facet normal 0 -0.9807852804032304 0.1950903220161286
    outer loop
      vertex -2.322835 -0.137795 0.629921
      vertex -2.165354 -0.127306 0.682653
      vertex -2.322835 -0.127306 0.682653
    endloop
  endfacet
  facet normal 0 -0.9807852804032304 0.1950903220161286
    outer loop
      vertex -2.322835 -0.137795 0.629921
      vertex -2.165354 -0.137795 0.629921
      vertex -2.165354 -0.127306 0.682653
    endloop
  endfacet
  facet normal 0 -0.8314696123025452 0.5555702330196021
    outer loop
      vertex -2.322835 -0.127306 0.682653
      vertex -2.165354 -0.097436 0.727357
      vertex -2.322835 -0.097436 0.727357
    endloop
  endfacet
  facet normal 0 -0.8314696123025452 0.5555702330196021
    outer loop
      vertex -2.322835 -0.127306 0.682653
      vertex -2.165354 -0.127306 0.682653
      vertex -2.165354 -0.097436 0.727357
    endloop
  endfacet
  facet normal 0 -0.5555702330196035 0.8314696123025443
    outer loop
      vertex -2.322835 -0.097436 0.727357
      vertex -2.165354 -0.097436 0.727357
      vertex -2.165354 -0.052732 0.757227
    endloop
  endfacet
  facet normal 0 -0.5555702330196035 0.8314696123025443
    outer loop
      vertex -2.322835 -0.097436 0.727357
      vertex -2.165354 -0.052732 0.757227
      vertex -2.322835 -0.052732 0.757227
    endloop
  endfacet
  facet normal 0 -0.19509032201612747 0.9807852804032308
    outer loop
      vertex -2.559055 -0.052732 0.757227
      vertex -2.421260 -0.052732 0.757227
      vertex -2.421260 0.000000 0.767717
    endloop
  endfacet
  facet normal 0 -0.19509032201612747 0.9807852804032308
    outer loop
      vertex -2.559055 -0.052732 0.757227
      vertex -2.421260 0.000000 0.767717
      vertex -2.559055 0.000000 0.767717
    endloop
  endfacet
  facet normal 0 0.19509032201612747 0.9807852804032308
    outer loop
      vertex -2.559055 0.000000 0.767717
      vertex -2.421260 0.000000 0.767717
      vertex -2.421260 0.052732 0.757227
    endloop
  endfacet
  facet normal 0 -0.19509032201612744 0.9807852804032305
    outer loop
      vertex -2.322835 -0.052732 0.757227
      vertex -2.165354 0.000000 0.767717
      vertex -2.322835 0.000000 0.767717
    endloop
  endfacet
  facet normal 0 -0.19509032201612744 0.9807852804032305
    outer loop
      vertex -2.322835 -0.052732 0.757227
      vertex -2.165354 -0.052732 0.757227
      vertex -2.165354 0.000000 0.767717
    endloop
  endfacet
  facet normal 0 0.19509032201612744 0.9807852804032305
    outer loop
      vertex -2.322835 0.000000 0.767717
      vertex -2.165354 0.000000 0.767717
      vertex -2.165354 0.052732 0.757227
    endloop
  endfacet
  facet normal 0 0.9807852804032303 0.19509032201612858
    outer loop
      vertex -2.795276 0.137795 0.629921
      vertex -2.795276 0.127306 0.682653
      vertex -2.657480 0.137795 0.629921
    endloop
  endfacet
  facet normal 0 0.5555702330196035 0.8314696123025443
    outer loop
      vertex -2.795276 0.097436 0.727357
      vertex -2.795276 0.052732 0.757227
      vertex -2.657480 0.097436 0.727357
    endloop
  endfacet
  facet normal 0 0.8314696123025453 0.5555702330196021
    outer loop
      vertex -2.795276 0.127306 0.682653
      vertex -2.795276 0.097436 0.727357
      vertex -2.657480 0.127306 0.682653
    endloop
  endfacet
  facet normal 0 0.9807852804032303 -0.19509032201612833
    outer loop
      vertex -2.657480 0.127306 0.577189
      vertex -2.795276 0.137795 0.629921
      vertex -2.657480 0.137795 0.629921
    endloop
  endfacet
  facet normal 0 0.9807852804032303 0.19509032201612858
    outer loop
      vertex -2.795276 0.127306 0.682653
      vertex -2.657480 0.127306 0.682653
      vertex -2.657480 0.137795 0.629921
    endloop
  endfacet
  facet normal 0 0.5555702330196035 0.8314696123025443
    outer loop
      vertex -2.657480 0.097436 0.727357
      vertex -2.795276 0.052732 0.757227
      vertex -2.657480 0.052732 0.757227
    endloop
  endfacet
  facet normal 0 0.8314696123025453 0.5555702330196021
    outer loop
      vertex -2.795276 0.097436 0.727357
      vertex -2.657480 0.097436 0.727357
      vertex -2.657480 0.127306 0.682653
    endloop
  endfacet
  facet normal 0 0.19509032201612747 0.9807852804032308
    outer loop
      vertex -2.795276 0.000000 0.767717
      vertex -2.657480 0.052732 0.757227
      vertex -2.795276 0.052732 0.757227
    endloop
  endfacet
  facet normal 0 0.9807852804032303 -0.19509032201612833
    outer loop
      vertex -2.421260 0.127306 0.577189
      vertex -2.559055 0.137795 0.629921
      vertex -2.421260 0.137795 0.629921
    endloop
  endfacet
  facet normal 0 0.9807852804032303 0.19509032201612858
    outer loop
      vertex -2.559055 0.137795 0.629921
      vertex -2.559055 0.127306 0.682653
      vertex -2.421260 0.137795 0.629921
    endloop
  endfacet
  facet normal 0 0.9807852804032303 0.19509032201612858
    outer loop
      vertex -2.559055 0.127306 0.682653
      vertex -2.421260 0.127306 0.682653
      vertex -2.421260 0.137795 0.629921
    endloop
  endfacet
  facet normal 0 0.5555702330196035 0.8314696123025443
    outer loop
      vertex -2.559055 0.097436 0.727357
      vertex -2.559055 0.052732 0.757227
      vertex -2.421260 0.097436 0.727357
    endloop
  endfacet
  facet normal 0 0.5555702330196035 0.8314696123025443
    outer loop
      vertex -2.559055 0.052732 0.757227
      vertex -2.421260 0.052732 0.757227
      vertex -2.421260 0.097436 0.727357
    endloop
  endfacet
  facet normal 0 0.8314696123025453 0.5555702330196021
    outer loop
      vertex -2.559055 0.127306 0.682653
      vertex -2.559055 0.097436 0.727357
      vertex -2.421260 0.127306 0.682653
    endloop
  endfacet
  facet normal 0 0.8314696123025453 0.5555702330196021
    outer loop
      vertex -2.559055 0.097436 0.727357
      vertex -2.421260 0.097436 0.727357
      vertex -2.421260 0.127306 0.682653
    endloop
  endfacet
  facet normal 0 0.9807852804032304 0.1950903220161286
    outer loop
      vertex -2.322835 0.137795 0.629921
      vertex -2.322835 0.127306 0.682653
      vertex -2.165354 0.137795 0.629921
    endloop
  endfacet
  facet normal 0 0.9807852804032304 -0.19509032201612833
    outer loop
      vertex -2.165354 0.127306 0.577189
      vertex -2.322835 0.137795 0.629921
      vertex -2.165354 0.137795 0.629921
    endloop
  endfacet
  facet normal 0 0.9807852804032304 0.1950903220161286
    outer loop
      vertex -2.322835 0.127306 0.682653
      vertex -2.165354 0.127306 0.682653
      vertex -2.165354 0.137795 0.629921
    endloop
  endfacet
  facet normal 0 0.5555702330196035 0.8314696123025443
    outer loop
      vertex -2.322835 0.097436 0.727357
      vertex -2.322835 0.052732 0.757227
      vertex -2.165354 0.097436 0.727357
    endloop
  endfacet
  facet normal 0 0.8314696123025452 0.5555702330196021
    outer loop
      vertex -2.322835 0.127306 0.682653
      vertex -2.322835 0.097436 0.727357
      vertex -2.165354 0.127306 0.682653
    endloop
  endfacet
  facet normal 0 0.5555702330196035 0.8314696123025443
    outer loop
      vertex -2.322835 0.052732 0.757227
      vertex -2.165354 0.052732 0.757227
      vertex -2.165354 0.097436 0.727357
    endloop
  endfacet
  facet normal 0 0.8314696123025452 0.5555702330196021
    outer loop
      vertex -2.322835 0.097436 0.727357
      vertex -2.165354 0.097436 0.727357
      vertex -2.165354 0.127306 0.682653
    endloop
  endfacet
  facet normal 0 0.19509032201612747 0.9807852804032308
    outer loop
      vertex -2.559055 0.000000 0.767717
      vertex -2.421260 0.052732 0.757227
      vertex -2.559055 0.052732 0.757227
    endloop
  endfacet
  facet normal 0 0.19509032201612744 0.9807852804032305
    outer loop
      vertex -2.322835 0.000000 0.767717
      vertex -2.165354 0.052732 0.757227
      vertex -2.322835 0.052732 0.757227
    endloop
  endfacet
  facet normal 0 -0.5555702330196017 -0.8314696123025456
    outer loop
      vertex 2.165354 -0.097436 0.532485
      vertex 2.165354 -0.052732 0.502615
      vertex 2.322835 -0.097436 0.532485
    endloop
  endfacet
  facet normal 0 -0.8314696123025452 -0.5555702330196021
    outer loop
      vertex 2.165354 -0.097436 0.532485
      vertex 2.322835 -0.127306 0.577189
      vertex 2.165354 -0.127306 0.577189
    endloop
  endfacet
  facet normal 0 -0.8314696123025452 -0.5555702330196021
    outer loop
      vertex 2.165354 -0.097436 0.532485
      vertex 2.322835 -0.097436 0.532485
      vertex 2.322835 -0.127306 0.577189
    endloop
  endfacet
  facet normal 0 -0.9807852804032304 -0.19509032201612833
    outer loop
      vertex 2.165354 -0.127306 0.577189
      vertex 2.322835 -0.127306 0.577189
      vertex 2.322835 -0.137795 0.629921
    endloop
  endfacet
  facet normal 0 -0.19509032201612866 -0.9807852804032303
    outer loop
      vertex 2.165354 -0.052732 0.502615
      vertex 2.165354 0.000000 0.492126
      vertex 2.322835 -0.052732 0.502615
    endloop
  endfacet
  facet normal 0 0.19509032201612866 -0.9807852804032303
    outer loop
      vertex 2.165354 0.000000 0.492126
      vertex 2.165354 0.052732 0.502615
      vertex 2.322835 0.000000 0.492126
    endloop
  endfacet
  facet normal 0 -0.5555702330196017 -0.8314696123025456
    outer loop
      vertex 2.165354 -0.052732 0.502615
      vertex 2.322835 -0.052732 0.502615
      vertex 2.322835 -0.097436 0.532485
    endloop
  endfacet
  facet normal 0 -0.19509032201612866 -0.9807852804032303
    outer loop
      vertex 2.165354 0.000000 0.492126
      vertex 2.322835 0.000000 0.492126
      vertex 2.322835 -0.052732 0.502615
    endloop
  endfacet
  facet normal 0 -0.5555702330196017 -0.8314696123025456
    outer loop
      vertex 2.421260 -0.097436 0.532485
      vertex 2.421260 -0.052732 0.502615
      vertex 2.559055 -0.097436 0.532485
    endloop
  endfacet
  facet normal 0 -0.8314696123025453 -0.5555702330196021
    outer loop
      vertex 2.421260 -0.097436 0.532485
      vertex 2.559055 -0.097436 0.532485
      vertex 2.559055 -0.127306 0.577189
    endloop
  endfacet
  facet normal 0 -0.8314696123025453 -0.5555702330196021
    outer loop
      vertex 2.421260 -0.097436 0.532485
      vertex 2.559055 -0.127306 0.577189
      vertex 2.421260 -0.127306 0.577189
    endloop
  endfacet
  facet normal 0 -0.9807852804032303 -0.19509032201612833
    outer loop
      vertex 2.421260 -0.127306 0.577189
      vertex 2.559055 -0.127306 0.577189
      vertex 2.559055 -0.137795 0.629921
    endloop
  endfacet
  facet normal 0 -0.1950903220161287 -0.9807852804032303
    outer loop
      vertex 2.421260 -0.052732 0.502615
      vertex 2.421260 0.000000 0.492126
      vertex 2.559055 -0.052732 0.502615
    endloop
  endfacet
  facet normal 0 -0.5555702330196017 -0.8314696123025456
    outer loop
      vertex 2.421260 -0.052732 0.502615
      vertex 2.559055 -0.052732 0.502615
      vertex 2.559055 -0.097436 0.532485
    endloop
  endfacet
  facet normal 0 0.1950903220161287 -0.9807852804032303
    outer loop
      vertex 2.421260 0.000000 0.492126
      vertex 2.421260 0.052732 0.502615
      vertex 2.559055 0.000000 0.492126
    endloop
  endfacet
  facet normal 0 -0.1950903220161287 -0.9807852804032303
    outer loop
      vertex 2.421260 0.000000 0.492126
      vertex 2.559055 0.000000 0.492126
      vertex 2.559055 -0.052732 0.502615
    endloop
  endfacet
  facet normal 0 -0.5555702330196017 -0.8314696123025456
    outer loop
      vertex 2.657480 -0.097436 0.532485
      vertex 2.657480 -0.052732 0.502615
      vertex 2.795276 -0.097436 0.532485
    endloop
  endfacet
  facet normal 0 -0.8314696123025453 -0.5555702330196021
    outer loop
      vertex 2.657480 -0.097436 0.532485
      vertex 2.795276 -0.127306 0.577189
      vertex 2.657480 -0.127306 0.577189
    endloop
  endfacet
  facet normal 0 -0.1950903220161287 -0.9807852804032303
    outer loop
      vertex 2.657480 -0.052732 0.502615
      vertex 2.657480 0.000000 0.492126
      vertex 2.795276 -0.052732 0.502615
    endloop
  endfacet
  facet normal 0 0.1950903220161287 -0.9807852804032303
    outer loop
      vertex 2.657480 0.000000 0.492126
      vertex 2.657480 0.052732 0.502615
      vertex 2.795276 0.000000 0.492126
    endloop
  endfacet
  facet normal 0 -0.8314696123025453 -0.5555702330196021
    outer loop
      vertex 2.657480 -0.097436 0.532485
      vertex 2.795276 -0.097436 0.532485
      vertex 2.795276 -0.127306 0.577189
    endloop
  endfacet
  facet normal 0 -0.9807852804032303 -0.19509032201612833
    outer loop
      vertex 2.657480 -0.127306 0.577189
      vertex 2.795276 -0.127306 0.577189
      vertex 2.795276 -0.137795 0.629921
    endloop
  endfacet
  facet normal 0 -0.5555702330196017 -0.8314696123025456
    outer loop
      vertex 2.657480 -0.052732 0.502615
      vertex 2.795276 -0.052732 0.502615
      vertex 2.795276 -0.097436 0.532485
    endloop
  endfacet
  facet normal 0 -0.1950903220161287 -0.9807852804032303
    outer loop
      vertex 2.657480 0.000000 0.492126
      vertex 2.795276 0.000000 0.492126
      vertex 2.795276 -0.052732 0.502615
    endloop
  endfacet
  facet normal 0 0.5555702330196017 -0.8314696123025456
    outer loop
      vertex 2.165354 0.052732 0.502615
      vertex 2.165354 0.097436 0.532485
      vertex 2.322835 0.052732 0.502615
    endloop
  endfacet
  facet normal 0 0.19509032201612866 -0.9807852804032303
    outer loop
      vertex 2.165354 0.052732 0.502615
      vertex 2.322835 0.052732 0.502615
      vertex 2.322835 0.000000 0.492126
    endloop
  endfacet
  facet normal 0 0.5555702330196017 -0.8314696123025456
    outer loop
      vertex 2.165354 0.097436 0.532485
      vertex 2.322835 0.097436 0.532485
      vertex 2.322835 0.052732 0.502615
    endloop
  endfacet
  facet normal 0 0.8314696123025452 -0.5555702330196021
    outer loop
      vertex 2.165354 0.097436 0.532485
      vertex 2.165354 0.127306 0.577189
      vertex 2.322835 0.097436 0.532485
    endloop
  endfacet
  facet normal 0 0.9807852804032304 -0.19509032201612833
    outer loop
      vertex 2.165354 0.127306 0.577189
      vertex 2.165354 0.137795 0.629921
      vertex 2.322835 0.127306 0.577189
    endloop
  endfacet
  facet normal 0 0.8314696123025452 -0.5555702330196021
    outer loop
      vertex 2.165354 0.127306 0.577189
      vertex 2.322835 0.127306 0.577189
      vertex 2.322835 0.097436 0.532485
    endloop
  endfacet
  facet normal 0 0.5555702330196017 -0.8314696123025456
    outer loop
      vertex 2.421260 0.052732 0.502615
      vertex 2.421260 0.097436 0.532485
      vertex 2.559055 0.052732 0.502615
    endloop
  endfacet
  facet normal 0 0.1950903220161287 -0.9807852804032303
    outer loop
      vertex 2.559055 0.000000 0.492126
      vertex 2.421260 0.052732 0.502615
      vertex 2.559055 0.052732 0.502615
    endloop
  endfacet
  facet normal 0 0.5555702330196017 -0.8314696123025456
    outer loop
      vertex 2.421260 0.097436 0.532485
      vertex 2.559055 0.097436 0.532485
      vertex 2.559055 0.052732 0.502615
    endloop
  endfacet
  facet normal 0 0.8314696123025453 -0.5555702330196021
    outer loop
      vertex 2.421260 0.097436 0.532485
      vertex 2.421260 0.127306 0.577189
      vertex 2.559055 0.097436 0.532485
    endloop
  endfacet
  facet normal 0 0.9807852804032303 -0.19509032201612833
    outer loop
      vertex 2.421260 0.127306 0.577189
      vertex 2.421260 0.137795 0.629921
      vertex 2.559055 0.127306 0.577189
    endloop
  endfacet
  facet normal 0 0.8314696123025453 -0.5555702330196021
    outer loop
      vertex 2.421260 0.127306 0.577189
      vertex 2.559055 0.127306 0.577189
      vertex 2.559055 0.097436 0.532485
    endloop
  endfacet
  facet normal 0 0.5555702330196017 -0.8314696123025456
    outer loop
      vertex 2.657480 0.052732 0.502615
      vertex 2.657480 0.097436 0.532485
      vertex 2.795276 0.052732 0.502615
    endloop
  endfacet
  facet normal 0 0.8314696123025453 -0.5555702330196021
    outer loop
      vertex 2.657480 0.097436 0.532485
      vertex 2.657480 0.127306 0.577189
      vertex 2.795276 0.097436 0.532485
    endloop
  endfacet
  facet normal 0 0.9807852804032303 -0.19509032201612833
    outer loop
      vertex 2.657480 0.127306 0.577189
      vertex 2.657480 0.137795 0.629921
      vertex 2.795276 0.127306 0.577189
    endloop
  endfacet
  facet normal 0 0.1950903220161287 -0.9807852804032303
    outer loop
      vertex 2.795276 0.000000 0.492126
      vertex 2.657480 0.052732 0.502615
      vertex 2.795276 0.052732 0.502615
    endloop
  endfacet
  facet normal 0 0.5555702330196017 -0.8314696123025456
    outer loop
      vertex 2.657480 0.097436 0.532485
      vertex 2.795276 0.097436 0.532485
      vertex 2.795276 0.052732 0.502615
    endloop
  endfacet
  facet normal 0 0.8314696123025453 -0.5555702330196021
    outer loop
      vertex 2.657480 0.127306 0.577189
      vertex 2.795276 0.127306 0.577189
      vertex 2.795276 0.097436 0.532485
    endloop
  endfacet
  facet normal 0 -0.9807852804032304 -0.19509032201612833
    outer loop
      vertex 2.165354 -0.127306 0.577189
      vertex 2.322835 -0.137795 0.629921
      vertex 2.165354 -0.137795 0.629921
    endloop
  endfacet
  facet normal 0 -0.9807852804032304 0.1950903220161286
    outer loop
      vertex 2.165354 -0.137795 0.629921
      vertex 2.322835 -0.127306 0.682653
      vertex 2.165354 -0.127306 0.682653
    endloop
  endfacet
  facet normal 0 -0.9807852804032304 0.1950903220161286
    outer loop
      vertex 2.165354 -0.137795 0.629921
      vertex 2.322835 -0.137795 0.629921
      vertex 2.322835 -0.127306 0.682653
    endloop
  endfacet
  facet normal 0 -0.8314696123025452 0.5555702330196021
    outer loop
      vertex 2.165354 -0.127306 0.682653
      vertex 2.322835 -0.097436 0.727357
      vertex 2.165354 -0.097436 0.727357
    endloop
  endfacet
  facet normal 0 -0.8314696123025452 0.5555702330196021
    outer loop
      vertex 2.165354 -0.127306 0.682653
      vertex 2.322835 -0.127306 0.682653
      vertex 2.322835 -0.097436 0.727357
    endloop
  endfacet
  facet normal 0 -0.5555702330196035 0.8314696123025443
    outer loop
      vertex 2.165354 -0.097436 0.727357
      vertex 2.322835 -0.097436 0.727357
      vertex 2.322835 -0.052732 0.757227
    endloop
  endfacet
  facet normal 0 -0.5555702330196035 0.8314696123025443
    outer loop
      vertex 2.165354 -0.097436 0.727357
      vertex 2.322835 -0.052732 0.757227
      vertex 2.165354 -0.052732 0.757227
    endloop
  endfacet
  facet normal 0 -0.9807852804032303 -0.19509032201612833
    outer loop
      vertex 2.421260 -0.127306 0.577189
      vertex 2.559055 -0.137795 0.629921
      vertex 2.421260 -0.137795 0.629921
    endloop
  endfacet
  facet normal 0 -0.9807852804032303 0.19509032201612858
    outer loop
      vertex 2.421260 -0.137795 0.629921
      vertex 2.559055 -0.137795 0.629921
      vertex 2.559055 -0.127306 0.682653
    endloop
  endfacet
  facet normal 0 -0.9807852804032303 0.19509032201612858
    outer loop
      vertex 2.421260 -0.137795 0.629921
      vertex 2.559055 -0.127306 0.682653
      vertex 2.421260 -0.127306 0.682653
    endloop
  endfacet
  facet normal 0 -0.8314696123025453 0.5555702330196021
    outer loop
      vertex 2.421260 -0.127306 0.682653
      vertex 2.559055 -0.127306 0.682653
      vertex 2.559055 -0.097436 0.727357
    endloop
  endfacet
  facet normal 0 -0.8314696123025453 0.5555702330196021
    outer loop
      vertex 2.421260 -0.127306 0.682653
      vertex 2.559055 -0.097436 0.727357
      vertex 2.421260 -0.097436 0.727357
    endloop
  endfacet
  facet normal 0 -0.5555702330196035 0.8314696123025443
    outer loop
      vertex 2.421260 -0.097436 0.727357
      vertex 2.559055 -0.097436 0.727357
      vertex 2.559055 -0.052732 0.757227
    endloop
  endfacet
  facet normal 0 -0.5555702330196035 0.8314696123025443
    outer loop
      vertex 2.421260 -0.097436 0.727357
      vertex 2.559055 -0.052732 0.757227
      vertex 2.421260 -0.052732 0.757227
    endloop
  endfacet
  facet normal 0 -0.19509032201612744 0.9807852804032305
    outer loop
      vertex 2.165354 -0.052732 0.757227
      vertex 2.322835 0.000000 0.767717
      vertex 2.165354 0.000000 0.767717
    endloop
  endfacet
  facet normal 0 -0.19509032201612744 0.9807852804032305
    outer loop
      vertex 2.165354 -0.052732 0.757227
      vertex 2.322835 -0.052732 0.757227
      vertex 2.322835 0.000000 0.767717
    endloop
  endfacet
  facet normal 0 0.19509032201612744 0.9807852804032305
    outer loop
      vertex 2.165354 0.000000 0.767717
      vertex 2.322835 0.000000 0.767717
      vertex 2.322835 0.052732 0.757227
    endloop
  endfacet
  facet normal 0 -0.19509032201612747 0.9807852804032308
    outer loop
      vertex 2.421260 -0.052732 0.757227
      vertex 2.559055 -0.052732 0.757227
      vertex 2.559055 0.000000 0.767717
    endloop
  endfacet
  facet normal 0 -0.19509032201612747 0.9807852804032308
    outer loop
      vertex 2.421260 -0.052732 0.757227
      vertex 2.559055 0.000000 0.767717
      vertex 2.421260 0.000000 0.767717
    endloop
  endfacet
  facet normal 0 0.19509032201612747 0.9807852804032308
    outer loop
      vertex 2.421260 0.000000 0.767717
      vertex 2.559055 0.000000 0.767717
      vertex 2.559055 0.052732 0.757227
    endloop
  endfacet
  facet normal 0 -0.9807852804032303 -0.19509032201612833
    outer loop
      vertex 2.657480 -0.127306 0.577189
      vertex 2.795276 -0.137795 0.629921
      vertex 2.657480 -0.137795 0.629921
    endloop
  endfacet
  facet normal 0 -0.9807852804032303 0.19509032201612858
    outer loop
      vertex 2.657480 -0.137795 0.629921
      vertex 2.795276 -0.127306 0.682653
      vertex 2.657480 -0.127306 0.682653
    endloop
  endfacet
  facet normal 0 -0.8314696123025453 0.5555702330196021
    outer loop
      vertex 2.657480 -0.127306 0.682653
      vertex 2.795276 -0.097436 0.727357
      vertex 2.657480 -0.097436 0.727357
    endloop
  endfacet
  facet normal 0 -0.5555702330196035 0.8314696123025443
    outer loop
      vertex 2.657480 -0.097436 0.727357
      vertex 2.795276 -0.052732 0.757227
      vertex 2.657480 -0.052732 0.757227
    endloop
  endfacet
  facet normal 0 -0.9807852804032303 0.19509032201612858
    outer loop
      vertex 2.657480 -0.137795 0.629921
      vertex 2.795276 -0.137795 0.629921
      vertex 2.795276 -0.127306 0.682653
    endloop
  endfacet
  facet normal 0 -0.8314696123025453 0.5555702330196021
    outer loop
      vertex 2.657480 -0.127306 0.682653
      vertex 2.795276 -0.127306 0.682653
      vertex 2.795276 -0.097436 0.727357
    endloop
  endfacet
  facet normal 0 -0.5555702330196035 0.8314696123025443
    outer loop
      vertex 2.657480 -0.097436 0.727357
      vertex 2.795276 -0.097436 0.727357
      vertex 2.795276 -0.052732 0.757227
    endloop
  endfacet
  facet normal 0 -0.19509032201612747 0.9807852804032308
    outer loop
      vertex 2.657480 -0.052732 0.757227
      vertex 2.795276 0.000000 0.767717
      vertex 2.657480 0.000000 0.767717
    endloop
  endfacet
  facet normal 0 -0.19509032201612747 0.9807852804032308
    outer loop
      vertex 2.657480 -0.052732 0.757227
      vertex 2.795276 -0.052732 0.757227
      vertex 2.795276 0.000000 0.767717
    endloop
  endfacet
  facet normal 0 0.19509032201612747 0.9807852804032308
    outer loop
      vertex 2.657480 0.000000 0.767717
      vertex 2.795276 0.000000 0.767717
      vertex 2.795276 0.052732 0.757227
    endloop
  endfacet
  facet normal 0 0.9807852804032304 0.1950903220161286
    outer loop
      vertex 2.165354 0.137795 0.629921
      vertex 2.165354 0.127306 0.682653
      vertex 2.322835 0.137795 0.629921
    endloop
  endfacet
  facet normal 0 0.9807852804032304 -0.19509032201612833
    outer loop
      vertex 2.322835 0.127306 0.577189
      vertex 2.165354 0.137795 0.629921
      vertex 2.322835 0.137795 0.629921
    endloop
  endfacet
  facet normal 0 0.9807852804032304 0.1950903220161286
    outer loop
      vertex 2.165354 0.127306 0.682653
      vertex 2.322835 0.127306 0.682653
      vertex 2.322835 0.137795 0.629921
    endloop
  endfacet
  facet normal 0 0.5555702330196035 0.8314696123025443
    outer loop
      vertex 2.165354 0.097436 0.727357
      vertex 2.165354 0.052732 0.757227
      vertex 2.322835 0.097436 0.727357
    endloop
  endfacet
  facet normal 0 0.8314696123025452 0.5555702330196021
    outer loop
      vertex 2.165354 0.127306 0.682653
      vertex 2.165354 0.097436 0.727357
      vertex 2.322835 0.127306 0.682653
    endloop
  endfacet
  facet normal 0 0.5555702330196035 0.8314696123025443
    outer loop
      vertex 2.165354 0.052732 0.757227
      vertex 2.322835 0.052732 0.757227
      vertex 2.322835 0.097436 0.727357
    endloop
  endfacet
  facet normal 0 0.8314696123025452 0.5555702330196021
    outer loop
      vertex 2.165354 0.097436 0.727357
      vertex 2.322835 0.097436 0.727357
      vertex 2.322835 0.127306 0.682653
    endloop
  endfacet
  facet normal 0 0.9807852804032303 -0.19509032201612833
    outer loop
      vertex 2.559055 0.127306 0.577189
      vertex 2.421260 0.137795 0.629921
      vertex 2.559055 0.137795 0.629921
    endloop
  endfacet
  facet normal 0 0.9807852804032303 0.19509032201612858
    outer loop
      vertex 2.421260 0.137795 0.629921
      vertex 2.421260 0.127306 0.682653
      vertex 2.559055 0.137795 0.629921
    endloop
  endfacet
  facet normal 0 0.9807852804032303 0.19509032201612858
    outer loop
      vertex 2.421260 0.127306 0.682653
      vertex 2.559055 0.127306 0.682653
      vertex 2.559055 0.137795 0.629921
    endloop
  endfacet
  facet normal 0 0.5555702330196035 0.8314696123025443
    outer loop
      vertex 2.421260 0.097436 0.727357
      vertex 2.421260 0.052732 0.757227
      vertex 2.559055 0.097436 0.727357
    endloop
  endfacet
  facet normal 0 0.5555702330196035 0.8314696123025443
    outer loop
      vertex 2.421260 0.052732 0.757227
      vertex 2.559055 0.052732 0.757227
      vertex 2.559055 0.097436 0.727357
    endloop
  endfacet
  facet normal 0 0.8314696123025453 0.5555702330196021
    outer loop
      vertex 2.421260 0.127306 0.682653
      vertex 2.421260 0.097436 0.727357
      vertex 2.559055 0.127306 0.682653
    endloop
  endfacet
  facet normal 0 0.8314696123025453 0.5555702330196021
    outer loop
      vertex 2.421260 0.097436 0.727357
      vertex 2.559055 0.097436 0.727357
      vertex 2.559055 0.127306 0.682653
    endloop
  endfacet
  facet normal 0 0.19509032201612744 0.9807852804032305
    outer loop
      vertex 2.165354 0.000000 0.767717
      vertex 2.322835 0.052732 0.757227
      vertex 2.165354 0.052732 0.757227
    endloop
  endfacet
  facet normal 0 0.19509032201612747 0.9807852804032308
    outer loop
      vertex 2.421260 0.000000 0.767717
      vertex 2.559055 0.052732 0.757227
      vertex 2.421260 0.052732 0.757227
    endloop
  endfacet
  facet normal 0 0.9807852804032303 0.19509032201612858
    outer loop
      vertex 2.657480 0.137795 0.629921
      vertex 2.657480 0.127306 0.682653
      vertex 2.795276 0.137795 0.629921
    endloop
  endfacet
  facet normal 0 0.5555702330196035 0.8314696123025443
    outer loop
      vertex 2.657480 0.097436 0.727357
      vertex 2.657480 0.052732 0.757227
      vertex 2.795276 0.097436 0.727357
    endloop
  endfacet
  facet normal 0 0.8314696123025453 0.5555702330196021
    outer loop
      vertex 2.657480 0.127306 0.682653
      vertex 2.657480 0.097436 0.727357
      vertex 2.795276 0.127306 0.682653
    endloop
  endfacet
  facet normal 0 0.9807852804032303 -0.19509032201612833
    outer loop
      vertex 2.795276 0.127306 0.577189
      vertex 2.657480 0.137795 0.629921
      vertex 2.795276 0.137795 0.629921
    endloop
  endfacet
  facet normal 0 0.9807852804032303 0.19509032201612858
    outer loop
      vertex 2.657480 0.127306 0.682653
      vertex 2.795276 0.127306 0.682653
      vertex 2.795276 0.137795 0.629921
    endloop
  endfacet
  facet normal 0 0.5555702330196035 0.8314696123025443
    outer loop
      vertex 2.795276 0.097436 0.727357
      vertex 2.657480 0.052732 0.757227
      vertex 2.795276 0.052732 0.757227
    endloop
  endfacet
  facet normal 0 0.8314696123025453 0.5555702330196021
    outer loop
      vertex 2.657480 0.097436 0.727357
      vertex 2.795276 0.097436 0.727357
      vertex 2.795276 0.127306 0.682653
    endloop
  endfacet
  facet normal 0 0.19509032201612747 0.9807852804032308
    outer loop
      vertex 2.657480 0.000000 0.767717
      vertex 2.795276 0.052732 0.757227
      vertex 2.657480 0.052732 0.757227
    endloop
  endfacet
  facet normal 0 -0.5 -0.8660254037844386
    outer loop
      vertex 2.165354 -0.289812 0.462598
      vertex 1.968504 -0.289812 0.462598
      vertex 1.968504 0.000000 0.295276
    endloop
  endfacet
  facet normal 0 -1 0
    outer loop
      vertex 2.165354 -0.289812 0.462598
      vertex 1.968504 -0.289812 0.797244
      vertex 1.968504 -0.289812 0.462598
    endloop
  endfacet
  facet normal -1 0 0
    outer loop
      vertex 1.968504 -0.289812 0.462598
      vertex 1.968504 0.289812 0.462598
      vertex 1.968504 0.000000 0.295276
    endloop
  endfacet
  facet normal 0 -0.5 -0.8660254037844386
    outer loop
      vertex 2.165354 0.000000 0.295276
      vertex 2.165354 -0.289812 0.462598
      vertex 1.968504 0.000000 0.295276
    endloop
  endfacet
  facet normal 1 0 0
    outer loop
      vertex 2.165354 0.000000 0.295276
      vertex 2.165354 0.289812 0.462598
      vertex 2.165354 -0.289812 0.462598
    endloop
  endfacet
  facet normal -1 0 0
    outer loop
      vertex 1.968504 0.289812 0.462598
      vertex 1.968504 -0.289812 0.462598
      vertex 1.968504 -0.289812 0.797244
    endloop
  endfacet
  facet normal 1 0 0
    outer loop
      vertex 2.165354 -0.289812 0.462598
      vertex 2.165354 -0.097436 0.532485
      vertex 2.165354 -0.127306 0.577189
    endloop
  endfacet
  facet normal 1 0 0
    outer loop
      vertex 2.165354 -0.289812 0.462598
      vertex 2.165354 -0.052732 0.502615
      vertex 2.165354 -0.097436 0.532485
    endloop
  endfacet
  facet normal 1 0 0
    outer loop
      vertex 2.165354 -0.289812 0.462598
      vertex 2.165354 0.000000 0.492126
      vertex 2.165354 -0.052732 0.502615
    endloop
  endfacet
  facet normal 1 0 0
    outer loop
      vertex 2.165354 -0.289812 0.462598
      vertex 2.165354 -0.127306 0.577189
      vertex 2.165354 -0.137795 0.629921
    endloop
  endfacet
  facet normal 1 0 0
    outer loop
      vertex 2.165354 -0.289812 0.462598
      vertex 2.165354 0.289812 0.462598
      vertex 2.165354 0.000000 0.492126
    endloop
  endfacet
  facet normal 0 0.5 -0.8660254037844386
    outer loop
      vertex 2.165354 0.000000 0.295276
      vertex 1.968504 0.000000 0.295276
      vertex 1.968504 0.289812 0.462598
    endloop
  endfacet
  facet normal 0 0.5 -0.8660254037844386
    outer loop
      vertex 2.165354 0.000000 0.295276
      vertex 1.968504 0.289812 0.462598
      vertex 2.165354 0.289812 0.462598
    endloop
  endfacet
  facet normal 1 0 0
    outer loop
      vertex 2.165354 0.000000 0.492126
      vertex 2.165354 0.289812 0.462598
      vertex 2.165354 0.052732 0.502615
    endloop
  endfacet
  facet normal 1 0 0
    outer loop
      vertex 2.165354 0.052732 0.502615
      vertex 2.165354 0.289812 0.462598
      vertex 2.165354 0.097436 0.532485
    endloop
  endfacet
  facet normal 1 0 0
    outer loop
      vertex 2.165354 0.097436 0.532485
      vertex 2.165354 0.289812 0.462598
      vertex 2.165354 0.127306 0.577189
    endloop
  endfacet
  facet normal 1 0 0
    outer loop
      vertex 2.165354 0.127306 0.577189
      vertex 2.165354 0.289812 0.462598
      vertex 2.165354 0.137795 0.629921
    endloop
  endfacet
  facet normal 0 1 0
    outer loop
      vertex 2.165354 0.289812 0.462598
      vertex 1.968504 0.289812 0.462598
      vertex 2.165354 0.289812 0.797244
    endloop
  endfacet
  facet normal 1 0 0
    outer loop
      vertex 2.165354 -0.289812 0.462598
      vertex 2.165354 -0.137795 0.629921
      vertex 2.165354 -0.289812 0.797244
    endloop
  endfacet
  facet normal 0 -1 0
    outer loop
      vertex 2.165354 -0.289812 0.462598
      vertex 2.165354 -0.289812 0.797244
      vertex 1.968504 -0.289812 0.797244
    endloop
  endfacet
  facet normal 0 -0.5 0.8660254037844386
    outer loop
      vertex 2.165354 -0.289812 0.797244
      vertex 2.165354 0.000000 0.964567
      vertex 1.968504 -0.289812 0.797244
    endloop
  endfacet
  facet normal 1 0 0
    outer loop
      vertex 2.165354 -0.289812 0.797244
      vertex 2.165354 -0.137795 0.629921
      vertex 2.165354 -0.127306 0.682653
    endloop
  endfacet
  facet normal 1 0 0
    outer loop
      vertex 2.165354 -0.289812 0.797244
      vertex 2.165354 -0.127306 0.682653
      vertex 2.165354 -0.097436 0.727357
    endloop
  endfacet
  facet normal -1 0 0
    outer loop
      vertex 1.968504 -0.289812 0.797244
      vertex 1.968504 0.000000 0.964567
      vertex 1.968504 0.289812 0.797244
    endloop
  endfacet
  facet normal 1 0 0
    outer loop
      vertex 2.165354 -0.289812 0.797244
      vertex 2.165354 -0.097436 0.727357
      vertex 2.165354 -0.052732 0.757227
    endloop
  endfacet
  facet normal 1 0 0
    outer loop
      vertex 2.165354 -0.289812 0.797244
      vertex 2.165354 -0.052732 0.757227
      vertex 2.165354 0.000000 0.767717
    endloop
  endfacet
  facet normal 1 0 0
    outer loop
      vertex 2.165354 -0.289812 0.797244
      vertex 2.165354 0.000000 0.767717
      vertex 2.165354 0.289812 0.797244
    endloop
  endfacet
  facet normal 1 0 0
    outer loop
      vertex 2.165354 -0.289812 0.797244
      vertex 2.165354 0.289812 0.797244
      vertex 2.165354 0.000000 0.964567
    endloop
  endfacet
  facet normal 0 -0.5 0.8660254037844386
    outer loop
      vertex 2.165354 0.000000 0.964567
      vertex 1.968504 0.000000 0.964567
      vertex 1.968504 -0.289812 0.797244
    endloop
  endfacet
  facet normal -1 0 0
    outer loop
      vertex 1.968504 -0.289812 0.797244
      vertex 1.968504 0.289812 0.797244
      vertex 1.968504 0.289812 0.462598
    endloop
  endfacet
  facet normal 1 0 0
    outer loop
      vertex 2.165354 0.289812 0.462598
      vertex 2.165354 0.289812 0.797244
      vertex 2.165354 0.137795 0.629921
    endloop
  endfacet
  facet normal 1 0 0
    outer loop
      vertex 2.165354 0.137795 0.629921
      vertex 2.165354 0.289812 0.797244
      vertex 2.165354 0.127306 0.682653
    endloop
  endfacet
  facet normal 1 0 0
    outer loop
      vertex 2.165354 0.127306 0.682653
      vertex 2.165354 0.289812 0.797244
      vertex 2.165354 0.097436 0.727357
    endloop
  endfacet
  facet normal 1 0 0
    outer loop
      vertex 2.165354 0.000000 0.767717
      vertex 2.165354 0.052732 0.757227
      vertex 2.165354 0.289812 0.797244
    endloop
  endfacet
  facet normal 1 0 0
    outer loop
      vertex 2.165354 0.097436 0.727357
      vertex 2.165354 0.289812 0.797244
      vertex 2.165354 0.052732 0.757227
    endloop
  endfacet
  facet normal 0 0.5 0.8660254037844386
    outer loop
      vertex 2.165354 0.289812 0.797244
      vertex 1.968504 0.289812 0.797244
      vertex 1.968504 0.000000 0.964567
    endloop
  endfacet
  facet normal 0 1 0
    outer loop
      vertex 2.165354 0.289812 0.797244
      vertex 1.968504 0.289812 0.462598
      vertex 1.968504 0.289812 0.797244
    endloop
  endfacet
  facet normal 0 0.5 0.8660254037844386
    outer loop
      vertex 2.165354 0.000000 0.964567
      vertex 2.165354 0.289812 0.797244
      vertex 1.968504 0.000000 0.964567
    endloop
  endfacet
  facet normal 0 -0.5 -0.8660254037844386
    outer loop
      vertex -2.165354 0.000000 0.295276
      vertex -1.968504 -0.289812 0.462598
      vertex -2.165354 -0.289812 0.462598
    endloop
  endfacet
  facet normal 0 -1 0
    outer loop
      vertex -2.165354 -0.289812 0.462598
      vertex -1.968504 -0.289812 0.462598
      vertex -2.165354 -0.289812 0.797244
    endloop
  endfacet
  facet normal 0 -0.5 -0.8660254037844386
    outer loop
      vertex -2.165354 0.000000 0.295276
      vertex -1.968504 0.000000 0.295276
      vertex -1.968504 -0.289812 0.462598
    endloop
  endfacet
  facet normal -1 0 0
    outer loop
      vertex -2.165354 0.000000 0.295276
      vertex -2.165354 -0.289812 0.462598
      vertex -2.165354 0.289812 0.462598
    endloop
  endfacet
  facet normal 1 0 0
    outer loop
      vertex -1.968504 -0.289812 0.462598
      vertex -1.968504 0.000000 0.295276
      vertex -1.968504 0.289812 0.462598
    endloop
  endfacet
  facet normal -1 0 0
    outer loop
      vertex -2.165354 -0.289812 0.462598
      vertex -2.165354 -0.127306 0.577189
      vertex -2.165354 -0.097436 0.532485
    endloop
  endfacet
  facet normal -1 0 0
    outer loop
      vertex -2.165354 -0.289812 0.462598
      vertex -2.165354 -0.097436 0.532485
      vertex -2.165354 -0.052732 0.502615
    endloop
  endfacet
  facet normal -1 0 0
    outer loop
      vertex -2.165354 -0.289812 0.462598
      vertex -2.165354 -0.052732 0.502615
      vertex -2.165354 0.000000 0.492126
    endloop
  endfacet
  facet normal -1 0 0
    outer loop
      vertex -2.165354 -0.289812 0.462598
      vertex -2.165354 -0.137795 0.629921
      vertex -2.165354 -0.127306 0.577189
    endloop
  endfacet
  facet normal -1 0 0
    outer loop
      vertex -2.165354 -0.289812 0.462598
      vertex -2.165354 0.000000 0.492126
      vertex -2.165354 0.289812 0.462598
    endloop
  endfacet
  facet normal 0 0.5 -0.8660254037844386
    outer loop
      vertex -2.165354 0.000000 0.295276
      vertex -2.165354 0.289812 0.462598
      vertex -1.968504 0.000000 0.295276
    endloop
  endfacet
  facet normal 0 0.5 -0.8660254037844386
    outer loop
      vertex -2.165354 0.289812 0.462598
      vertex -1.968504 0.289812 0.462598
      vertex -1.968504 0.000000 0.295276
    endloop
  endfacet
  facet normal -1 0 0
    outer loop
      vertex -2.165354 0.000000 0.492126
      vertex -2.165354 0.052732 0.502615
      vertex -2.165354 0.289812 0.462598
    endloop
  endfacet
  facet normal -1 0 0
    outer loop
      vertex -2.165354 0.052732 0.502615
      vertex -2.165354 0.097436 0.532485
      vertex -2.165354 0.289812 0.462598
    endloop
  endfacet
  facet normal -1 0 0
    outer loop
      vertex -2.165354 0.097436 0.532485
      vertex -2.165354 0.127306 0.577189
      vertex -2.165354 0.289812 0.462598
    endloop
  endfacet
  facet normal -1 0 0
    outer loop
      vertex -2.165354 0.127306 0.577189
      vertex -2.165354 0.137795 0.629921
      vertex -2.165354 0.289812 0.462598
    endloop
  endfacet
  facet normal 1 0 0
    outer loop
      vertex -1.968504 -0.289812 0.462598
      vertex -1.968504 0.289812 0.462598
      vertex -1.968504 0.289812 0.797244
    endloop
  endfacet
  facet normal 0 1 0
    outer loop
      vertex -2.165354 0.289812 0.462598
      vertex -1.968504 0.289812 0.797244
      vertex -1.968504 0.289812 0.462598
    endloop
  endfacet
  facet normal -1 0 0
    outer loop
      vertex -2.165354 -0.289812 0.462598
      vertex -2.165354 -0.289812 0.797244
      vertex -2.165354 -0.137795 0.629921
    endloop
  endfacet
  facet normal 0 -1 0
    outer loop
      vertex -2.165354 -0.289812 0.797244
      vertex -1.968504 -0.289812 0.462598
      vertex -1.968504 -0.289812 0.797244
    endloop
  endfacet
  facet normal 0 -0.5 0.8660254037844386
    outer loop
      vertex -2.165354 -0.289812 0.797244
      vertex -1.968504 -0.289812 0.797244
      vertex -1.968504 0.000000 0.964567
    endloop
  endfacet
  facet normal -1 0 0
    outer loop
      vertex -2.165354 -0.289812 0.797244
      vertex -2.165354 -0.127306 0.682653
      vertex -2.165354 -0.137795 0.629921
    endloop
  endfacet
  facet normal -1 0 0
    outer loop
      vertex -2.165354 -0.289812 0.797244
      vertex -2.165354 -0.097436 0.727357
      vertex -2.165354 -0.127306 0.682653
    endloop
  endfacet
  facet normal 1 0 0
    outer loop
      vertex -1.968504 -0.289812 0.462598
      vertex -1.968504 0.289812 0.797244
      vertex -1.968504 -0.289812 0.797244
    endloop
  endfacet
  facet normal -1 0 0
    outer loop
      vertex -2.165354 -0.289812 0.797244
      vertex -2.165354 -0.052732 0.757227
      vertex -2.165354 -0.097436 0.727357
    endloop
  endfacet
  facet normal -1 0 0
    outer loop
      vertex -2.165354 -0.289812 0.797244
      vertex -2.165354 0.000000 0.767717
      vertex -2.165354 -0.052732 0.757227
    endloop
  endfacet
  facet normal -1 0 0
    outer loop
      vertex -2.165354 -0.289812 0.797244
      vertex -2.165354 0.289812 0.797244
      vertex -2.165354 0.000000 0.767717
    endloop
  endfacet
  facet normal -1 0 0
    outer loop
      vertex -2.165354 -0.289812 0.797244
      vertex -2.165354 0.000000 0.964567
      vertex -2.165354 0.289812 0.797244
    endloop
  endfacet
  facet normal 1 0 0
    outer loop
      vertex -1.968504 -0.289812 0.797244
      vertex -1.968504 0.289812 0.797244
      vertex -1.968504 0.000000 0.964567
    endloop
  endfacet
  facet normal 0 -0.5 0.8660254037844386
    outer loop
      vertex -2.165354 -0.289812 0.797244
      vertex -1.968504 0.000000 0.964567
      vertex -2.165354 0.000000 0.964567
    endloop
  endfacet
  facet normal -1 0 0
    outer loop
      vertex -2.165354 0.289812 0.462598
      vertex -2.165354 0.137795 0.629921
      vertex -2.165354 0.289812 0.797244
    endloop
  endfacet
  facet normal -1 0 0
    outer loop
      vertex -2.165354 0.137795 0.629921
      vertex -2.165354 0.127306 0.682653
      vertex -2.165354 0.289812 0.797244
    endloop
  endfacet
  facet normal -1 0 0
    outer loop
      vertex -2.165354 0.127306 0.682653
      vertex -2.165354 0.097436 0.727357
      vertex -2.165354 0.289812 0.797244
    endloop
  endfacet
  facet normal -1 0 0
    outer loop
      vertex -2.165354 0.000000 0.767717
      vertex -2.165354 0.289812 0.797244
      vertex -2.165354 0.052732 0.757227
    endloop
  endfacet
  facet normal -1 0 0
    outer loop
      vertex -2.165354 0.097436 0.727357
      vertex -2.165354 0.052732 0.757227
      vertex -2.165354 0.289812 0.797244
    endloop
  endfacet
  facet normal 0 0.5 0.8660254037844386
    outer loop
      vertex -2.165354 0.000000 0.964567
      vertex -1.968504 0.289812 0.797244
      vertex -2.165354 0.289812 0.797244
    endloop
  endfacet
  facet normal 0 1 0
    outer loop
      vertex -2.165354 0.289812 0.462598
      vertex -2.165354 0.289812 0.797244
      vertex -1.968504 0.289812 0.797244
    endloop
  endfacet
  facet normal 0 0.5 0.8660254037844386
    outer loop
      vertex -2.165354 0.000000 0.964567
      vertex -1.968504 0.000000 0.964567
      vertex -1.968504 0.289812 0.797244
    endloop
  endfacet
  facet normal 0 -1 0
    outer loop
      vertex -0.060830 -2.106299 0.797036
      vertex 0.000000 -2.106299 0.787402
      vertex -0.034449 -2.106299 0.924585
    endloop
  endfacet
  facet normal 0 -1 0
    outer loop
      vertex -0.060830 -2.106299 0.797036
      vertex -0.034449 -2.106299 0.924585
      vertex -0.059667 -2.106299 0.949803
    endloop
  endfacet
  facet normal 0 -1 0
    outer loop
      vertex -0.034449 -2.106299 0.924585
      vertex 0.000000 -2.106299 0.787402
      vertex 0.000000 -2.106299 0.915354
    endloop
  endfacet
  facet normal -0.45399049973954725 0 -0.8910065241883676
    outer loop
      vertex -0.060830 -2.106299 0.797036
      vertex -0.115706 -2.106299 0.824997
      vertex -0.060830 -1.751969 0.797036
    endloop
  endfacet
  facet normal -0.15643446504023067 0 -0.9876883405951378
    outer loop
      vertex -0.060830 -2.106299 0.797036
      vertex 0.000000 -1.751969 0.787402
      vertex 0.000000 -2.106299 0.787402
    endloop
  endfacet
  facet normal -0.707106781186547 0 -0.7071067811865481
    outer loop
      vertex -0.115706 -2.106299 0.824997
      vertex -0.159255 -2.106299 0.868546
      vertex -0.115706 -1.751969 0.824997
    endloop
  endfacet
  facet normal -0.8910065241883683 0 -0.45399049973954597
    outer loop
      vertex -0.159255 -2.106299 0.868546
      vertex -0.187216 -2.106299 0.923422
      vertex -0.159255 -1.751969 0.868546
    endloop
  endfacet
  facet normal -0.45399049973954725 0 -0.8910065241883676
    outer loop
      vertex -0.115706 -2.106299 0.824997
      vertex -0.115706 -1.751969 0.824997
      vertex -0.060830 -1.751969 0.797036
    endloop
  endfacet
  facet normal -0.15643446504023067 0 -0.9876883405951378
    outer loop
      vertex -0.060830 -2.106299 0.797036
      vertex -0.060830 -1.751969 0.797036
      vertex 0.000000 -1.751969 0.787402
    endloop
  endfacet
  facet normal -0.707106781186547 0 -0.7071067811865481
    outer loop
      vertex -0.159255 -2.106299 0.868546
      vertex -0.159255 -1.751969 0.868546
      vertex -0.115706 -1.751969 0.824997
    endloop
  endfacet
  facet normal 0 -1 0
    outer loop
      vertex -0.187216 -2.106299 0.923422
      vertex -0.187216 -2.106299 1.045082
      vertex -0.196850 -2.106299 0.984252
    endloop
  endfacet
  facet normal -0.9876883405951377 0 -0.15643446504023129
    outer loop
      vertex -0.187216 -2.106299 0.923422
      vertex -0.196850 -2.106299 0.984252
      vertex -0.187216 -1.751969 0.923422
    endloop
  endfacet
  facet normal -0.9876883405951377 0 0.15643446504023129
    outer loop
      vertex -0.196850 -2.106299 0.984252
      vertex -0.187216 -2.106299 1.045082
      vertex -0.196850 -1.751969 0.984252
    endloop
  endfacet
  facet normal 0 -1 0
    outer loop
      vertex -0.115706 -2.106299 0.824997
      vertex -0.159255 -2.106299 1.099958
      vertex -0.159255 -2.106299 0.868546
    endloop
  endfacet
  facet normal 0 -1 0
    outer loop
      vertex -0.060830 -2.106299 0.797036
      vertex -0.115706 -2.106299 1.143507
      vertex -0.115706 -2.106299 0.824997
    endloop
  endfacet
  facet normal 0 -1 0
    outer loop
      vertex -0.159255 -2.106299 0.868546
      vertex -0.187216 -2.106299 1.045082
      vertex -0.187216 -2.106299 0.923422
    endloop
  endfacet
  facet normal 0 -1 0
    outer loop
      vertex -0.060830 -2.106299 0.797036
      vertex -0.059667 -2.106299 0.949803
      vertex -0.068898 -2.106299 0.984252
    endloop
  endfacet
  facet normal 0 -1 0
    outer loop
      vertex -0.159255 -2.106299 0.868546
      vertex -0.159255 -2.106299 1.099958
      vertex -0.187216 -2.106299 1.045082
    endloop
  endfacet
  facet normal 0 -1 0
    outer loop
      vertex -0.115706 -2.106299 0.824997
      vertex -0.115706 -2.106299 1.143507
      vertex -0.159255 -2.106299 1.099958
    endloop
  endfacet
  facet normal 0 -1 0
    outer loop
      vertex -0.060830 -2.106299 0.797036
      vertex -0.068898 -2.106299 0.984252
      vertex -0.115706 -2.106299 1.143507
    endloop
  endfacet
  facet normal 0 -1 0
    outer loop
      vertex -0.068898 -2.106299 0.984252
      vertex -0.059667 -2.106299 1.018701
      vertex -0.115706 -2.106299 1.143507
    endloop
  endfacet
  facet normal 0 -1 0
    outer loop
      vertex -0.059667 -2.106299 1.018701
      vertex -0.034449 -2.106299 1.043919
      vertex -0.060830 -2.106299 1.171468
    endloop
  endfacet
  facet normal 0 -1 0
    outer loop
      vertex -0.059667 -2.106299 1.018701
      vertex -0.060830 -2.106299 1.171468
      vertex -0.115706 -2.106299 1.143507
    endloop
  endfacet
  facet normal 0 -1 0
    outer loop
      vertex -0.034449 -2.106299 1.043919
      vertex 0.000000 -2.106299 1.053150
      vertex -0.060830 -2.106299 1.171468
    endloop
  endfacet
  facet normal 0 -1 0
    outer loop
      vertex -0.060830 -2.106299 1.171468
      vertex 0.000000 -2.106299 1.053150
      vertex 0.000000 -2.106299 1.181102
    endloop
  endfacet
  facet normal -0.8910065241883683 0 0.45399049973954597
    outer loop
      vertex -0.187216 -2.106299 1.045082
      vertex -0.159255 -2.106299 1.099958
      vertex -0.187216 -1.751969 1.045082
    endloop
  endfacet
  facet normal -0.707106781186547 0 0.7071067811865481
    outer loop
      vertex -0.159255 -2.106299 1.099958
      vertex -0.115706 -2.106299 1.143507
      vertex -0.159255 -1.751969 1.099958
    endloop
  endfacet
  facet normal -0.45399049973954725 0 0.8910065241883676
    outer loop
      vertex -0.115706 -2.106299 1.143507
      vertex -0.060830 -2.106299 1.171468
      vertex -0.115706 -1.751969 1.143507
    endloop
  endfacet
  facet normal -0.15643446504023067 0 0.9876883405951378
    outer loop
      vertex -0.060830 -2.106299 1.171468
      vertex 0.000000 -2.106299 1.181102
      vertex -0.060830 -1.751969 1.171468
    endloop
  endfacet
  facet normal -0.9876883405951377 0 -0.15643446504023129
    outer loop
      vertex -0.196850 -2.106299 0.984252
      vertex -0.196850 -1.751969 0.984252
      vertex -0.187216 -1.751969 0.923422
    endloop
  endfacet
  facet normal -0.9876883405951377 0 0.15643446504023129
    outer loop
      vertex -0.187216 -2.106299 1.045082
      vertex -0.187216 -1.751969 1.045082
      vertex -0.196850 -1.751969 0.984252
    endloop
  endfacet
  facet normal -0.8910065241883683 0 -0.45399049973954597
    outer loop
      vertex -0.159255 -1.751969 0.868546
      vertex -0.187216 -2.106299 0.923422
      vertex -0.187216 -1.751969 0.923422
    endloop
  endfacet
  facet normal -0.8910065241883683 0 0.45399049973954597
    outer loop
      vertex -0.159255 -2.106299 1.099958
      vertex -0.159255 -1.751969 1.099958
      vertex -0.187216 -1.751969 1.045082
    endloop
  endfacet
  facet normal -0.707106781186547 0 0.7071067811865481
    outer loop
      vertex -0.115706 -2.106299 1.143507
      vertex -0.115706 -1.751969 1.143507
      vertex -0.159255 -1.751969 1.099958
    endloop
  endfacet
  facet normal -0.45399049973954725 0 0.8910065241883676
    outer loop
      vertex -0.060830 -2.106299 1.171468
      vertex -0.060830 -1.751969 1.171468
      vertex -0.115706 -1.751969 1.143507
    endloop
  endfacet
  facet normal -0.15643446504023067 0 0.9876883405951378
    outer loop
      vertex -0.060830 -1.751969 1.171468
      vertex 0.000000 -2.106299 1.181102
      vertex 0.000000 -1.751969 1.181102
    endloop
  endfacet
  facet normal 0 -1 0
    outer loop
      vertex 0.000000 -2.106299 0.787402
      vertex 0.060830 -2.106299 0.797036
      vertex 0.000000 -2.106299 0.915354
    endloop
  endfacet
  facet normal 0 -1 0
    outer loop
      vertex 0.060830 -2.106299 0.797036
      vertex 0.115706 -2.106299 0.824997
      vertex 0.059667 -2.106299 0.949803
    endloop
  endfacet
  facet normal 0 -1 0
    outer loop
      vertex 0.060830 -2.106299 0.797036
      vertex 0.034449 -2.106299 0.924585
      vertex 0.000000 -2.106299 0.915354
    endloop
  endfacet
  facet normal 0 -1 0
    outer loop
      vertex 0.060830 -2.106299 0.797036
      vertex 0.059667 -2.106299 0.949803
      vertex 0.034449 -2.106299 0.924585
    endloop
  endfacet
  facet normal 0.15643446504023067 0 -0.9876883405951378
    outer loop
      vertex 0.000000 -2.106299 0.787402
      vertex 0.060830 -1.751969 0.797036
      vertex 0.060830 -2.106299 0.797036
    endloop
  endfacet
  facet normal 0.45399049973954725 0 -0.8910065241883676
    outer loop
      vertex 0.060830 -2.106299 0.797036
      vertex 0.115706 -1.751969 0.824997
      vertex 0.115706 -2.106299 0.824997
    endloop
  endfacet
  facet normal 0.707106781186547 0 -0.7071067811865481
    outer loop
      vertex 0.115706 -2.106299 0.824997
      vertex 0.159255 -1.751969 0.868546
      vertex 0.159255 -2.106299 0.868546
    endloop
  endfacet
  facet normal 0.15643446504023067 0 -0.9876883405951378
    outer loop
      vertex 0.000000 -2.106299 0.787402
      vertex 0.000000 -1.751969 0.787402
      vertex 0.060830 -1.751969 0.797036
    endloop
  endfacet
  facet normal 0.45399049973954725 0 -0.8910065241883676
    outer loop
      vertex 0.060830 -2.106299 0.797036
      vertex 0.060830 -1.751969 0.797036
      vertex 0.115706 -1.751969 0.824997
    endloop
  endfacet
  facet normal 0.707106781186547 0 -0.7071067811865481
    outer loop
      vertex 0.115706 -2.106299 0.824997
      vertex 0.115706 -1.751969 0.824997
      vertex 0.159255 -1.751969 0.868546
    endloop
  endfacet
  facet normal 0.8910065241883683 0 -0.45399049973954597
    outer loop
      vertex 0.159255 -2.106299 0.868546
      vertex 0.159255 -1.751969 0.868546
      vertex 0.187216 -1.751969 0.923422
    endloop
  endfacet
  facet normal 0 -1 0
    outer loop
      vertex 0.115706 -2.106299 0.824997
      vertex 0.068898 -2.106299 0.984252
      vertex 0.059667 -2.106299 0.949803
    endloop
  endfacet
  facet normal 0 -1 0
    outer loop
      vertex 0.115706 -2.106299 0.824997
      vertex 0.159255 -2.106299 0.868546
      vertex 0.115706 -2.106299 1.143507
    endloop
  endfacet
  facet normal 0 -1 0
    outer loop
      vertex 0.159255 -2.106299 0.868546
      vertex 0.187216 -2.106299 0.923422
      vertex 0.159255 -2.106299 1.099958
    endloop
  endfacet
  facet normal 0 -1 0
    outer loop
      vertex 0.115706 -2.106299 0.824997
      vertex 0.060830 -2.106299 1.171468
      vertex 0.068898 -2.106299 0.984252
    endloop
  endfacet
  facet normal 0 -1 0
    outer loop
      vertex 0.115706 -2.106299 0.824997
      vertex 0.115706 -2.106299 1.143507
      vertex 0.060830 -2.106299 1.171468
    endloop
  endfacet
  facet normal 0 -1 0
    outer loop
      vertex 0.187216 -2.106299 0.923422
      vertex 0.187216 -2.106299 1.045082
      vertex 0.159255 -2.106299 1.099958
    endloop
  endfacet
  facet normal 0 -1 0
    outer loop
      vertex 0.159255 -2.106299 0.868546
      vertex 0.159255 -2.106299 1.099958
      vertex 0.115706 -2.106299 1.143507
    endloop
  endfacet
  facet normal 0.8910065241883683 0 -0.45399049973954597
    outer loop
      vertex 0.159255 -2.106299 0.868546
      vertex 0.187216 -1.751969 0.923422
      vertex 0.187216 -2.106299 0.923422
    endloop
  endfacet
  facet normal 0 -1 0
    outer loop
      vertex 0.187216 -2.106299 0.923422
      vertex 0.196850 -2.106299 0.984252
      vertex 0.187216 -2.106299 1.045082
    endloop
  endfacet
  facet normal 0.9876883405951377 0 -0.15643446504023129
    outer loop
      vertex 0.187216 -2.106299 0.923422
      vertex 0.196850 -1.751969 0.984252
      vertex 0.196850 -2.106299 0.984252
    endloop
  endfacet
  facet normal 0.9876883405951377 0 0.15643446504023129
    outer loop
      vertex 0.196850 -2.106299 0.984252
      vertex 0.187216 -1.751969 1.045082
      vertex 0.187216 -2.106299 1.045082
    endloop
  endfacet
  facet normal 0 -1 0
    outer loop
      vertex 0.068898 -2.106299 0.984252
      vertex 0.060830 -2.106299 1.171468
      vertex 0.059667 -2.106299 1.018701
    endloop
  endfacet
  facet normal 0 -1 0
    outer loop
      vertex 0.034449 -2.106299 1.043919
      vertex 0.059667 -2.106299 1.018701
      vertex 0.060830 -2.106299 1.171468
    endloop
  endfacet
  facet normal 0 -1 0
    outer loop
      vertex 0.034449 -2.106299 1.043919
      vertex 0.000000 -2.106299 1.181102
      vertex 0.000000 -2.106299 1.053150
    endloop
  endfacet
  facet normal 0 -1 0
    outer loop
      vertex 0.034449 -2.106299 1.043919
      vertex 0.060830 -2.106299 1.171468
      vertex 0.000000 -2.106299 1.181102
    endloop
  endfacet
  facet normal 0.8910065241883683 0 0.45399049973954597
    outer loop
      vertex 0.187216 -2.106299 1.045082
      vertex 0.159255 -1.751969 1.099958
      vertex 0.159255 -2.106299 1.099958
    endloop
  endfacet
  facet normal 0.15643446504023067 0 0.9876883405951378
    outer loop
      vertex 0.000000 -2.106299 1.181102
      vertex 0.060830 -2.106299 1.171468
      vertex 0.000000 -1.751969 1.181102
    endloop
  endfacet
  facet normal 0.45399049973954725 0 0.8910065241883676
    outer loop
      vertex 0.060830 -2.106299 1.171468
      vertex 0.115706 -2.106299 1.143507
      vertex 0.060830 -1.751969 1.171468
    endloop
  endfacet
  facet normal 0.707106781186547 0 0.7071067811865481
    outer loop
      vertex 0.159255 -2.106299 1.099958
      vertex 0.115706 -1.751969 1.143507
      vertex 0.115706 -2.106299 1.143507
    endloop
  endfacet
  facet normal 0.9876883405951377 0 -0.15643446504023129
    outer loop
      vertex 0.187216 -2.106299 0.923422
      vertex 0.187216 -1.751969 0.923422
      vertex 0.196850 -1.751969 0.984252
    endloop
  endfacet
  facet normal 0.9876883405951377 0 0.15643446504023129
    outer loop
      vertex 0.196850 -2.106299 0.984252
      vertex 0.196850 -1.751969 0.984252
      vertex 0.187216 -1.751969 1.045082
    endloop
  endfacet
  facet normal 0.8910065241883683 0 0.45399049973954597
    outer loop
      vertex 0.187216 -2.106299 1.045082
      vertex 0.187216 -1.751969 1.045082
      vertex 0.159255 -1.751969 1.099958
    endloop
  endfacet
  facet normal 0.707106781186547 0 0.7071067811865481
    outer loop
      vertex 0.159255 -2.106299 1.099958
      vertex 0.159255 -1.751969 1.099958
      vertex 0.115706 -1.751969 1.143507
    endloop
  endfacet
  facet normal 0.15643446504023067 0 0.9876883405951378
    outer loop
      vertex 0.060830 -2.106299 1.171468
      vertex 0.060830 -1.751969 1.171468
      vertex 0.000000 -1.751969 1.181102
    endloop
  endfacet
  facet normal 0.45399049973954725 0 0.8910065241883676
    outer loop
      vertex 0.115706 -2.106299 1.143507
      vertex 0.115706 -1.751969 1.143507
      vertex 0.060830 -1.751969 1.171468
    endloop
  endfacet
  facet normal -0.4539904997395466 0 -0.891006524188368
    outer loop
      vertex -0.085162 -1.751969 0.722150
      vertex -0.161988 -1.751969 0.761295
      vertex -0.161988 -1.673228 0.761295
    endloop
  endfacet
  facet normal -0.15643446504023065 0 -0.9876883405951377
    outer loop
      vertex -0.085162 -1.751969 0.722150
      vertex -0.085162 -1.673228 0.722150
      vertex 0.000000 -1.751969 0.708661
    endloop
  endfacet
  facet normal 0 -1 0
    outer loop
      vertex -0.085162 -1.751969 0.722150
      vertex 0.000000 -1.751969 0.708661
      vertex 0.000000 -1.751969 0.787402
    endloop
  endfacet
  facet normal -0.7071067811865481 0 -0.7071067811865469
    outer loop
      vertex -0.222957 -1.751969 0.822264
      vertex -0.161988 -1.673228 0.761295
      vertex -0.161988 -1.751969 0.761295
    endloop
  endfacet
  facet normal -0.8910065241883677 0 -0.45399049973954714
    outer loop
      vertex -0.222957 -1.751969 0.822264
      vertex -0.262102 -1.751969 0.899090
      vertex -0.222957 -1.673228 0.822264
    endloop
  endfacet
  facet normal 0 -1 0
    outer loop
      vertex -0.085162 -1.751969 0.722150
      vertex -0.060830 -1.751969 0.797036
      vertex -0.161988 -1.751969 0.761295
    endloop
  endfacet
  facet normal 0 -1 0
    outer loop
      vertex -0.161988 -1.751969 0.761295
      vertex -0.115706 -1.751969 0.824997
      vertex -0.159255 -1.751969 0.868546
    endloop
  endfacet
  facet normal 0 -1 0
    outer loop
      vertex -0.161988 -1.751969 0.761295
      vertex -0.060830 -1.751969 0.797036
      vertex -0.115706 -1.751969 0.824997
    endloop
  endfacet
  facet normal 0 -1 0
    outer loop
      vertex -0.085162 -1.751969 0.722150
      vertex 0.000000 -1.751969 0.787402
      vertex -0.060830 -1.751969 0.797036
    endloop
  endfacet
  facet normal 0 -1 0
    outer loop
      vertex -0.161988 -1.751969 0.761295
      vertex -0.159255 -1.751969 0.868546
      vertex -0.187216 -1.751969 0.923422
    endloop
  endfacet
  facet normal 0 -1 0
    outer loop
      vertex -0.222957 -1.751969 0.822264
      vertex -0.262102 -1.751969 1.069414
      vertex -0.262102 -1.751969 0.899090
    endloop
  endfacet
  facet normal -0.9876883405951377 0 -0.15643446504023098
    outer loop
      vertex -0.262102 -1.751969 0.899090
      vertex -0.275591 -1.751969 0.984252
      vertex -0.262102 -1.673228 0.899090
    endloop
  endfacet
  facet normal 0 -1 0
    outer loop
      vertex -0.222957 -1.751969 0.822264
      vertex -0.161988 -1.751969 0.761295
      vertex -0.222957 -1.751969 1.146240
    endloop
  endfacet
  facet normal 0 -1 0
    outer loop
      vertex -0.161988 -1.751969 0.761295
      vertex -0.187216 -1.751969 0.923422
      vertex -0.222957 -1.751969 1.146240
    endloop
  endfacet
  facet normal 0 -1 0
    outer loop
      vertex -0.262102 -1.751969 0.899090
      vertex -0.262102 -1.751969 1.069414
      vertex -0.275591 -1.751969 0.984252
    endloop
  endfacet
  facet normal 0 -1 0
    outer loop
      vertex -0.222957 -1.751969 0.822264
      vertex -0.222957 -1.751969 1.146240
      vertex -0.262102 -1.751969 1.069414
    endloop
  endfacet
  facet normal -0.9876883405951377 0 0.15643446504023098
    outer loop
      vertex -0.275591 -1.751969 0.984252
      vertex -0.262102 -1.751969 1.069414
      vertex -0.275591 -1.673228 0.984252
    endloop
  endfacet
  facet normal 0 -1 0
    outer loop
      vertex -0.187216 -1.751969 0.923422
      vertex -0.196850 -1.751969 0.984252
      vertex -0.222957 -1.751969 1.146240
    endloop
  endfacet
  facet normal 0 -1 0
    outer loop
      vertex -0.196850 -1.751969 0.984252
      vertex -0.187216 -1.751969 1.045082
      vertex -0.222957 -1.751969 1.146240
    endloop
  endfacet
  facet normal -0.8910065241883677 0 0.45399049973954714
    outer loop
      vertex -0.262102 -1.751969 1.069414
      vertex -0.222957 -1.751969 1.146240
      vertex -0.262102 -1.673228 1.069414
    endloop
  endfacet
  facet normal 0 -1 0
    outer loop
      vertex -0.187216 -1.751969 1.045082
      vertex -0.161988 -1.751969 1.207209
      vertex -0.222957 -1.751969 1.146240
    endloop
  endfacet
  facet normal -0.7071067811865481 0 0.7071067811865469
    outer loop
      vertex -0.222957 -1.751969 1.146240
      vertex -0.161988 -1.751969 1.207209
      vertex -0.222957 -1.673228 1.146240
    endloop
  endfacet
  facet normal 0 -1 0
    outer loop
      vertex -0.187216 -1.751969 1.045082
      vertex -0.159255 -1.751969 1.099958
      vertex -0.161988 -1.751969 1.207209
    endloop
  endfacet
  facet normal 0 -1 0
    outer loop
      vertex -0.159255 -1.751969 1.099958
      vertex -0.115706 -1.751969 1.143507
      vertex -0.161988 -1.751969 1.207209
    endloop
  endfacet
  facet normal 0 -1 0
    outer loop
      vertex -0.115706 -1.751969 1.143507
      vertex -0.060830 -1.751969 1.171468
      vertex -0.085162 -1.751969 1.246354
    endloop
  endfacet
  facet normal -0.4539904997395466 0 -0.891006524188368
    outer loop
      vertex -0.085162 -1.751969 0.722150
      vertex -0.161988 -1.673228 0.761295
      vertex -0.085162 -1.673228 0.722150
    endloop
  endfacet
  facet normal -0.15643446504023065 0 -0.9876883405951377
    outer loop
      vertex -0.085162 -1.673228 0.722150
      vertex 0.000000 -1.673228 0.708661
      vertex 0.000000 -1.751969 0.708661
    endloop
  endfacet
  facet normal -0.7071067811865481 0 -0.7071067811865469
    outer loop
      vertex -0.222957 -1.751969 0.822264
      vertex -0.222957 -1.673228 0.822264
      vertex -0.161988 -1.673228 0.761295
    endloop
  endfacet
  facet normal -0.8910065241883677 0 -0.45399049973954714
    outer loop
      vertex -0.262102 -1.751969 0.899090
      vertex -0.262102 -1.673228 0.899090
      vertex -0.222957 -1.673228 0.822264
    endloop
  endfacet
  facet normal 0 1 0
    outer loop
      vertex -0.085162 -1.673228 0.722150
      vertex 0.000000 -1.673228 0.915354
      vertex 0.000000 -1.673228 0.708661
    endloop
  endfacet
  facet normal 0 1 0
    outer loop
      vertex -0.085162 -1.673228 0.722150
      vertex -0.034449 -1.673228 0.924585
      vertex 0.000000 -1.673228 0.915354
    endloop
  endfacet
  facet normal 0 1 0
    outer loop
      vertex -0.085162 -1.673228 0.722150
      vertex -0.059667 -1.673228 0.949803
      vertex -0.034449 -1.673228 0.924585
    endloop
  endfacet
  facet normal 0 1 0
    outer loop
      vertex -0.085162 -1.673228 0.722150
      vertex -0.068898 -1.673228 0.984252
      vertex -0.059667 -1.673228 0.949803
    endloop
  endfacet
  facet normal 0 1 0
    outer loop
      vertex -0.222957 -1.673228 0.822264
      vertex -0.161988 -1.673228 1.207209
      vertex -0.161988 -1.673228 0.761295
    endloop
  endfacet
  facet normal -0.9876883405951377 0 -0.15643446504023098
    outer loop
      vertex -0.275591 -1.751969 0.984252
      vertex -0.275591 -1.673228 0.984252
      vertex -0.262102 -1.673228 0.899090
    endloop
  endfacet
  facet normal 0 1 0
    outer loop
      vertex -0.222957 -1.673228 0.822264
      vertex -0.262102 -1.673228 0.899090
      vertex -0.222957 -1.673228 1.146240
    endloop
  endfacet
  facet normal 0 1 0
    outer loop
      vertex -0.262102 -1.673228 0.899090
      vertex -0.275591 -1.673228 0.984252
      vertex -0.262102 -1.673228 1.069414
    endloop
  endfacet
  facet normal -0.9876883405951377 0 0.15643446504023098
    outer loop
      vertex -0.262102 -1.751969 1.069414
      vertex -0.262102 -1.673228 1.069414
      vertex -0.275591 -1.673228 0.984252
    endloop
  endfacet
  facet normal 0 1 0
    outer loop
      vertex -0.262102 -1.673228 0.899090
      vertex -0.262102 -1.673228 1.069414
      vertex -0.222957 -1.673228 1.146240
    endloop
  endfacet
  facet normal 0 1 0
    outer loop
      vertex -0.085162 -1.673228 0.722150
      vertex -0.161988 -1.673228 0.761295
      vertex -0.085162 -1.673228 1.246354
    endloop
  endfacet
  facet normal 0 1 0
    outer loop
      vertex -0.085162 -1.673228 0.722150
      vertex -0.085162 -1.673228 1.246354
      vertex -0.068898 -1.673228 0.984252
    endloop
  endfacet
  facet normal 0 1 0
    outer loop
      vertex -0.222957 -1.673228 0.822264
      vertex -0.222957 -1.673228 1.146240
      vertex -0.161988 -1.673228 1.207209
    endloop
  endfacet
  facet normal -0.8910065241883677 0 0.45399049973954714
    outer loop
      vertex -0.222957 -1.751969 1.146240
      vertex -0.222957 -1.673228 1.146240
      vertex -0.262102 -1.673228 1.069414
    endloop
  endfacet
  facet normal -0.7071067811865481 0 0.7071067811865469
    outer loop
      vertex -0.222957 -1.673228 1.146240
      vertex -0.161988 -1.751969 1.207209
      vertex -0.161988 -1.673228 1.207209
    endloop
  endfacet
  facet normal 0 1 0
    outer loop
      vertex -0.161988 -1.673228 0.761295
      vertex -0.161988 -1.673228 1.207209
      vertex -0.085162 -1.673228 1.246354
    endloop
  endfacet
  facet normal 0 1 0
    outer loop
      vertex -0.068898 -1.673228 0.984252
      vertex -0.085162 -1.673228 1.246354
      vertex -0.059667 -1.673228 1.018701
    endloop
  endfacet
  facet normal 0 1 0
    outer loop
      vertex -0.059667 -1.673228 1.018701
      vertex -0.085162 -1.673228 1.246354
      vertex -0.034449 -1.673228 1.043919
    endloop
  endfacet
  facet normal 0 1 0
    outer loop
      vertex -0.034449 -1.673228 1.043919
      vertex 0.000000 -1.673228 1.259843
      vertex 0.000000 -1.673228 1.053150
    endloop
  endfacet
  facet normal 0 1 0
    outer loop
      vertex -0.034449 -1.673228 1.043919
      vertex -0.085162 -1.673228 1.246354
      vertex 0.000000 -1.673228 1.259843
    endloop
  endfacet
  facet normal 0 -1 0
    outer loop
      vertex -0.115706 -1.751969 1.143507
      vertex -0.085162 -1.751969 1.246354
      vertex -0.161988 -1.751969 1.207209
    endloop
  endfacet
  facet normal -0.4539904997395466 0 0.891006524188368
    outer loop
      vertex -0.161988 -1.751969 1.207209
      vertex -0.085162 -1.751969 1.246354
      vertex -0.085162 -1.673228 1.246354
    endloop
  endfacet
  facet normal 0 -1 0
    outer loop
      vertex -0.060830 -1.751969 1.171468
      vertex 0.000000 -1.751969 1.259843
      vertex -0.085162 -1.751969 1.246354
    endloop
  endfacet
  facet normal 0 -1 0
    outer loop
      vertex -0.060830 -1.751969 1.171468
      vertex 0.000000 -1.751969 1.181102
      vertex 0.000000 -1.751969 1.259843
    endloop
  endfacet
  facet normal -0.15643446504023065 0 0.9876883405951377
    outer loop
      vertex -0.085162 -1.751969 1.246354
      vertex 0.000000 -1.751969 1.259843
      vertex 0.000000 -1.673228 1.259843
    endloop
  endfacet
  facet normal -0.4539904997395466 0 0.891006524188368
    outer loop
      vertex -0.161988 -1.751969 1.207209
      vertex -0.085162 -1.673228 1.246354
      vertex -0.161988 -1.673228 1.207209
    endloop
  endfacet
  facet normal -0.15643446504023065 0 0.9876883405951377
    outer loop
      vertex -0.085162 -1.751969 1.246354
      vertex 0.000000 -1.673228 1.259843
      vertex -0.085162 -1.673228 1.246354
    endloop
  endfacet
  facet normal 0.15643446504023065 0 -0.9876883405951377
    outer loop
      vertex 0.000000 -1.751969 0.708661
      vertex 0.000000 -1.673228 0.708661
      vertex 0.085162 -1.751969 0.722150
    endloop
  endfacet
  facet normal 0 -1 0
    outer loop
      vertex 0.000000 -1.751969 0.708661
      vertex 0.085162 -1.751969 0.722150
      vertex 0.060830 -1.751969 0.797036
    endloop
  endfacet
  facet normal 0.4539904997395466 0 -0.891006524188368
    outer loop
      vertex 0.085162 -1.751969 0.722150
      vertex 0.085162 -1.673228 0.722150
      vertex 0.161988 -1.751969 0.761295
    endloop
  endfacet
  facet normal 0 -1 0
    outer loop
      vertex 0.000000 -1.751969 0.708661
      vertex 0.060830 -1.751969 0.797036
      vertex 0.000000 -1.751969 0.787402
    endloop
  endfacet
  facet normal 0 -1 0
    outer loop
      vertex 0.085162 -1.751969 0.722150
      vertex 0.115706 -1.751969 0.824997
      vertex 0.060830 -1.751969 0.797036
    endloop
  endfacet
  facet normal 0 -1 0
    outer loop
      vertex 0.085162 -1.751969 0.722150
      vertex 0.161988 -1.751969 0.761295
      vertex 0.115706 -1.751969 0.824997
    endloop
  endfacet
  facet normal 0 -1 0
    outer loop
      vertex 0.161988 -1.751969 0.761295
      vertex 0.159255 -1.751969 0.868546
      vertex 0.115706 -1.751969 0.824997
    endloop
  endfacet
  facet normal 0 -1 0
    outer loop
      vertex 0.161988 -1.751969 0.761295
      vertex 0.187216 -1.751969 0.923422
      vertex 0.159255 -1.751969 0.868546
    endloop
  endfacet
  facet normal 0.7071067811865481 0 -0.7071067811865469
    outer loop
      vertex 0.161988 -1.751969 0.761295
      vertex 0.222957 -1.673228 0.822264
      vertex 0.222957 -1.751969 0.822264
    endloop
  endfacet
  facet normal 0 -1 0
    outer loop
      vertex 0.161988 -1.751969 0.761295
      vertex 0.222957 -1.751969 0.822264
      vertex 0.187216 -1.751969 0.923422
    endloop
  endfacet
  facet normal 0.8910065241883677 0 -0.45399049973954714
    outer loop
      vertex 0.222957 -1.751969 0.822264
      vertex 0.262102 -1.673228 0.899090
      vertex 0.262102 -1.751969 0.899090
    endloop
  endfacet
  facet normal 0 -1 0
    outer loop
      vertex 0.222957 -1.751969 0.822264
      vertex 0.196850 -1.751969 0.984252
      vertex 0.187216 -1.751969 0.923422
    endloop
  endfacet
  facet normal 0 -1 0
    outer loop
      vertex 0.222957 -1.751969 0.822264
      vertex 0.187216 -1.751969 1.045082
      vertex 0.196850 -1.751969 0.984252
    endloop
  endfacet
  facet normal 0 -1 0
    outer loop
      vertex 0.222957 -1.751969 0.822264
      vertex 0.262102 -1.751969 0.899090
      vertex 0.222957 -1.751969 1.146240
    endloop
  endfacet
  facet normal 0.9876883405951377 0 -0.15643446504023098
    outer loop
      vertex 0.262102 -1.751969 0.899090
      vertex 0.275591 -1.673228 0.984252
      vertex 0.275591 -1.751969 0.984252
    endloop
  endfacet
  facet normal 0 -1 0
    outer loop
      vertex 0.262102 -1.751969 0.899090
      vertex 0.275591 -1.751969 0.984252
      vertex 0.262102 -1.751969 1.069414
    endloop
  endfacet
  facet normal 0 -1 0
    outer loop
      vertex 0.222957 -1.751969 0.822264
      vertex 0.161988 -1.751969 1.207209
      vertex 0.187216 -1.751969 1.045082
    endloop
  endfacet
  facet normal 0 -1 0
    outer loop
      vertex 0.262102 -1.751969 0.899090
      vertex 0.262102 -1.751969 1.069414
      vertex 0.222957 -1.751969 1.146240
    endloop
  endfacet
  facet normal 0.9876883405951377 0 0.15643446504023098
    outer loop
      vertex 0.275591 -1.751969 0.984252
      vertex 0.262102 -1.673228 1.069414
      vertex 0.262102 -1.751969 1.069414
    endloop
  endfacet
  facet normal 0 -1 0
    outer loop
      vertex 0.187216 -1.751969 1.045082
      vertex 0.161988 -1.751969 1.207209
      vertex 0.159255 -1.751969 1.099958
    endloop
  endfacet
  facet normal 0 -1 0
    outer loop
      vertex 0.159255 -1.751969 1.099958
      vertex 0.161988 -1.751969 1.207209
      vertex 0.115706 -1.751969 1.143507
    endloop
  endfacet
  facet normal 0 -1 0
    outer loop
      vertex 0.060830 -1.751969 1.171468
      vertex 0.115706 -1.751969 1.143507
      vertex 0.161988 -1.751969 1.207209
    endloop
  endfacet
  facet normal 0 -1 0
    outer loop
      vertex 0.222957 -1.751969 0.822264
      vertex 0.222957 -1.751969 1.146240
      vertex 0.161988 -1.751969 1.207209
    endloop
  endfacet
  facet normal 0.8910065241883677 0 0.45399049973954714
    outer loop
      vertex 0.262102 -1.751969 1.069414
      vertex 0.222957 -1.673228 1.146240
      vertex 0.222957 -1.751969 1.146240
    endloop
  endfacet
  facet normal 0.7071067811865481 0 0.7071067811865469
    outer loop
      vertex 0.222957 -1.751969 1.146240
      vertex 0.161988 -1.673228 1.207209
      vertex 0.161988 -1.751969 1.207209
    endloop
  endfacet
  facet normal 0.15643446504023065 0 -0.9876883405951377
    outer loop
      vertex 0.085162 -1.751969 0.722150
      vertex 0.000000 -1.673228 0.708661
      vertex 0.085162 -1.673228 0.722150
    endloop
  endfacet
  facet normal 0.4539904997395466 0 -0.891006524188368
    outer loop
      vertex 0.161988 -1.751969 0.761295
      vertex 0.085162 -1.673228 0.722150
      vertex 0.161988 -1.673228 0.761295
    endloop
  endfacet
  facet normal 0 1 0
    outer loop
      vertex 0.000000 -1.673228 0.708661
      vertex 0.034449 -1.673228 0.924585
      vertex 0.085162 -1.673228 0.722150
    endloop
  endfacet
  facet normal 0 1 0
    outer loop
      vertex 0.000000 -1.673228 0.708661
      vertex 0.000000 -1.673228 0.915354
      vertex 0.034449 -1.673228 0.924585
    endloop
  endfacet
  facet normal 0 1 0
    outer loop
      vertex 0.085162 -1.673228 0.722150
      vertex 0.034449 -1.673228 0.924585
      vertex 0.059667 -1.673228 0.949803
    endloop
  endfacet
  facet normal 0 1 0
    outer loop
      vertex 0.085162 -1.673228 0.722150
      vertex 0.059667 -1.673228 0.949803
      vertex 0.068898 -1.673228 0.984252
    endloop
  endfacet
  facet normal 0 1 0
    outer loop
      vertex 0.085162 -1.673228 0.722150
      vertex 0.161988 -1.673228 1.207209
      vertex 0.161988 -1.673228 0.761295
    endloop
  endfacet
  facet normal 0.7071067811865481 0 -0.7071067811865469
    outer loop
      vertex 0.161988 -1.751969 0.761295
      vertex 0.161988 -1.673228 0.761295
      vertex 0.222957 -1.673228 0.822264
    endloop
  endfacet
  facet normal 0.8910065241883677 0 -0.45399049973954714
    outer loop
      vertex 0.222957 -1.751969 0.822264
      vertex 0.222957 -1.673228 0.822264
      vertex 0.262102 -1.673228 0.899090
    endloop
  endfacet
  facet normal 0 1 0
    outer loop
      vertex 0.085162 -1.673228 0.722150
      vertex 0.068898 -1.673228 0.984252
      vertex 0.085162 -1.673228 1.246354
    endloop
  endfacet
  facet normal 0 1 0
    outer loop
      vertex 0.161988 -1.673228 0.761295
      vertex 0.222957 -1.673228 1.146240
      vertex 0.222957 -1.673228 0.822264
    endloop
  endfacet
  facet normal 0.9876883405951377 0 -0.15643446504023098
    outer loop
      vertex 0.262102 -1.751969 0.899090
      vertex 0.262102 -1.673228 0.899090
      vertex 0.275591 -1.673228 0.984252
    endloop
  endfacet
  facet normal 0 1 0
    outer loop
      vertex 0.222957 -1.673228 0.822264
      vertex 0.262102 -1.673228 1.069414
      vertex 0.262102 -1.673228 0.899090
    endloop
  endfacet
  facet normal 0 1 0
    outer loop
      vertex 0.262102 -1.673228 0.899090
      vertex 0.262102 -1.673228 1.069414
      vertex 0.275591 -1.673228 0.984252
    endloop
  endfacet
  facet normal 0 1 0
    outer loop
      vertex 0.161988 -1.673228 0.761295
      vertex 0.161988 -1.673228 1.207209
      vertex 0.222957 -1.673228 1.146240
    endloop
  endfacet
  facet normal 0.9876883405951377 0 0.15643446504023098
    outer loop
      vertex 0.275591 -1.751969 0.984252
      vertex 0.275591 -1.673228 0.984252
      vertex 0.262102 -1.673228 1.069414
    endloop
  endfacet
  facet normal 0 1 0
    outer loop
      vertex 0.222957 -1.673228 0.822264
      vertex 0.222957 -1.673228 1.146240
      vertex 0.262102 -1.673228 1.069414
    endloop
  endfacet
  facet normal 0 1 0
    outer loop
      vertex 0.068898 -1.673228 0.984252
      vertex 0.059667 -1.673228 1.018701
      vertex 0.085162 -1.673228 1.246354
    endloop
  endfacet
  facet normal 0 1 0
    outer loop
      vertex 0.034449 -1.673228 1.043919
      vertex 0.000000 -1.673228 1.053150
      vertex 0.085162 -1.673228 1.246354
    endloop
  endfacet
  facet normal 0 1 0
    outer loop
      vertex 0.034449 -1.673228 1.043919
      vertex 0.085162 -1.673228 1.246354
      vertex 0.059667 -1.673228 1.018701
    endloop
  endfacet
  facet normal 0 1 0
    outer loop
      vertex 0.085162 -1.673228 0.722150
      vertex 0.085162 -1.673228 1.246354
      vertex 0.161988 -1.673228 1.207209
    endloop
  endfacet
  facet normal 0 1 0
    outer loop
      vertex 0.000000 -1.673228 1.053150
      vertex 0.000000 -1.673228 1.259843
      vertex 0.085162 -1.673228 1.246354
    endloop
  endfacet
  facet normal 0.8910065241883677 0 0.45399049973954714
    outer loop
      vertex 0.262102 -1.751969 1.069414
      vertex 0.262102 -1.673228 1.069414
      vertex 0.222957 -1.673228 1.146240
    endloop
  endfacet
  facet normal 0.7071067811865481 0 0.7071067811865469
    outer loop
      vertex 0.222957 -1.751969 1.146240
      vertex 0.222957 -1.673228 1.146240
      vertex 0.161988 -1.673228 1.207209
    endloop
  endfacet
  facet normal 0 -1 0
    outer loop
      vertex 0.000000 -1.751969 1.181102
      vertex 0.085162 -1.751969 1.246354
      vertex 0.000000 -1.751969 1.259843
    endloop
  endfacet
  facet normal 0 -1 0
    outer loop
      vertex 0.000000 -1.751969 1.181102
      vertex 0.060830 -1.751969 1.171468
      vertex 0.085162 -1.751969 1.246354
    endloop
  endfacet
  facet normal 0.15643446504023065 0 0.9876883405951377
    outer loop
      vertex 0.000000 -1.751969 1.259843
      vertex 0.085162 -1.751969 1.246354
      vertex 0.085162 -1.673228 1.246354
    endloop
  endfacet
  facet normal 0 -1 0
    outer loop
      vertex 0.060830 -1.751969 1.171468
      vertex 0.161988 -1.751969 1.207209
      vertex 0.085162 -1.751969 1.246354
    endloop
  endfacet
  facet normal 0.4539904997395466 0 0.891006524188368
    outer loop
      vertex 0.085162 -1.751969 1.246354
      vertex 0.161988 -1.751969 1.207209
      vertex 0.161988 -1.673228 1.207209
    endloop
  endfacet
  facet normal 0.15643446504023065 0 0.9876883405951377
    outer loop
      vertex 0.000000 -1.751969 1.259843
      vertex 0.085162 -1.673228 1.246354
      vertex 0.000000 -1.673228 1.259843
    endloop
  endfacet
  facet normal 0.4539904997395466 0 0.891006524188368
    outer loop
      vertex 0.085162 -1.751969 1.246354
      vertex 0.161988 -1.673228 1.207209
      vertex 0.085162 -1.673228 1.246354
    endloop
  endfacet
  facet normal -0.25881904510252196 0 -0.965925826289068
    outer loop
      vertex -0.034449 -2.145669 0.924585
      vertex -0.034449 -2.106299 0.924585
      vertex 0.000000 -2.145669 0.915354
    endloop
  endfacet
  facet normal -0.7071067811865469 0 -0.7071067811865481
    outer loop
      vertex -0.034449 -2.145669 0.924585
      vertex -0.059667 -2.106299 0.949803
      vertex -0.034449 -2.106299 0.924585
    endloop
  endfacet
  facet normal -0.25881904510252196 0 -0.965925826289068
    outer loop
      vertex -0.034449 -2.106299 0.924585
      vertex 0.000000 -2.106299 0.915354
      vertex 0.000000 -2.145669 0.915354
    endloop
  endfacet
  facet normal -0.7071067811865469 0 -0.7071067811865481
    outer loop
      vertex -0.034449 -2.145669 0.924585
      vertex -0.059667 -2.145669 0.949803
      vertex -0.059667 -2.106299 0.949803
    endloop
  endfacet
  facet normal 0 -1 0
    outer loop
      vertex -0.034449 -2.145669 0.924585
      vertex -0.059667 -2.145669 1.018701
      vertex -0.059667 -2.145669 0.949803
    endloop
  endfacet
  facet normal -0.9659258262890682 0 -0.2588190451025208
    outer loop
      vertex -0.059667 -2.145669 0.949803
      vertex -0.068898 -2.145669 0.984252
      vertex -0.068898 -2.106299 0.984252
    endloop
  endfacet
  facet normal -0.9659258262890682 0 -0.2588190451025208
    outer loop
      vertex -0.059667 -2.145669 0.949803
      vertex -0.068898 -2.106299 0.984252
      vertex -0.059667 -2.106299 0.949803
    endloop
  endfacet
  facet normal 0 -1 0
    outer loop
      vertex -0.034449 -2.145669 0.924585
      vertex 0.000000 -2.145669 0.915354
      vertex -0.034449 -2.145669 1.043919
    endloop
  endfacet
  facet normal 0 -1 0
    outer loop
      vertex -0.059667 -2.145669 0.949803
      vertex -0.059667 -2.145669 1.018701
      vertex -0.068898 -2.145669 0.984252
    endloop
  endfacet
  facet normal -0.9659258262890682 0 0.2588190451025208
    outer loop
      vertex -0.068898 -2.145669 0.984252
      vertex -0.059667 -2.145669 1.018701
      vertex -0.059667 -2.106299 1.018701
    endloop
  endfacet
  facet normal -0.9659258262890682 0 0.2588190451025208
    outer loop
      vertex -0.068898 -2.145669 0.984252
      vertex -0.059667 -2.106299 1.018701
      vertex -0.068898 -2.106299 0.984252
    endloop
  endfacet
  facet normal 0 -1 0
    outer loop
      vertex -0.034449 -2.145669 0.924585
      vertex -0.034449 -2.145669 1.043919
      vertex -0.059667 -2.145669 1.018701
    endloop
  endfacet
  facet normal 0 -1 0
    outer loop
      vertex -0.034449 -2.145669 1.043919
      vertex 0.000000 -2.145669 0.915354
      vertex 0.000000 -2.145669 1.053150
    endloop
  endfacet
  facet normal -0.7071067811865469 0 0.7071067811865481
    outer loop
      vertex -0.059667 -2.145669 1.018701
      vertex -0.034449 -2.106299 1.043919
      vertex -0.059667 -2.106299 1.018701
    endloop
  endfacet
  facet normal -0.7071067811865469 0 0.7071067811865481
    outer loop
      vertex -0.059667 -2.145669 1.018701
      vertex -0.034449 -2.145669 1.043919
      vertex -0.034449 -2.106299 1.043919
    endloop
  endfacet
  facet normal -0.25881904510252196 0 0.965925826289068
    outer loop
      vertex -0.034449 -2.145669 1.043919
      vertex 0.000000 -2.106299 1.053150
      vertex -0.034449 -2.106299 1.043919
    endloop
  endfacet
  facet normal -0.25881904510252196 0 0.965925826289068
    outer loop
      vertex -0.034449 -2.145669 1.043919
      vertex 0.000000 -2.145669 1.053150
      vertex 0.000000 -2.106299 1.053150
    endloop
  endfacet
  facet normal -0.25881904510252196 0 -0.965925826289068
    outer loop
      vertex -0.034449 -1.673228 0.924585
      vertex -0.034449 -1.633858 0.924585
      vertex 0.000000 -1.673228 0.915354
    endloop
  endfacet
  facet normal -0.7071067811865469 0 -0.7071067811865481
    outer loop
      vertex -0.034449 -1.673228 0.924585
      vertex -0.059667 -1.673228 0.949803
      vertex -0.059667 -1.633858 0.949803
    endloop
  endfacet
  facet normal -0.9659258262890682 0 -0.2588190451025208
    outer loop
      vertex -0.059667 -1.673228 0.949803
      vertex -0.068898 -1.673228 0.984252
      vertex -0.068898 -1.633858 0.984252
    endloop
  endfacet
  facet normal -0.7071067811865469 0 -0.7071067811865481
    outer loop
      vertex -0.034449 -1.673228 0.924585
      vertex -0.059667 -1.633858 0.949803
      vertex -0.034449 -1.633858 0.924585
    endloop
  endfacet
  facet normal -0.25881904510252196 0 -0.965925826289068
    outer loop
      vertex -0.034449 -1.633858 0.924585
      vertex 0.000000 -1.633858 0.915354
      vertex 0.000000 -1.673228 0.915354
    endloop
  endfacet
  facet normal -0.9659258262890682 0 -0.2588190451025208
    outer loop
      vertex -0.059667 -1.673228 0.949803
      vertex -0.068898 -1.633858 0.984252
      vertex -0.059667 -1.633858 0.949803
    endloop
  endfacet
  facet normal 0 1 0
    outer loop
      vertex -0.034449 -1.633858 0.924585
      vertex -0.059667 -1.633858 0.949803
      vertex -0.034449 -1.633858 1.043919
    endloop
  endfacet
  facet normal 0 1 0
    outer loop
      vertex -0.034449 -1.633858 0.924585
      vertex 0.000000 -1.633858 1.053150
      vertex 0.000000 -1.633858 0.915354
    endloop
  endfacet
  facet normal -0.9659258262890682 0 0.2588190451025208
    outer loop
      vertex -0.068898 -1.673228 0.984252
      vertex -0.059667 -1.673228 1.018701
      vertex -0.059667 -1.633858 1.018701
    endloop
  endfacet
  facet normal -0.7071067811865469 0 0.7071067811865481
    outer loop
      vertex -0.059667 -1.673228 1.018701
      vertex -0.034449 -1.673228 1.043919
      vertex -0.034449 -1.633858 1.043919
    endloop
  endfacet
  facet normal 0 1 0
    outer loop
      vertex -0.059667 -1.633858 0.949803
      vertex -0.068898 -1.633858 0.984252
      vertex -0.059667 -1.633858 1.018701
    endloop
  endfacet
  facet normal -0.9659258262890682 0 0.2588190451025208
    outer loop
      vertex -0.068898 -1.673228 0.984252
      vertex -0.059667 -1.633858 1.018701
      vertex -0.068898 -1.633858 0.984252
    endloop
  endfacet
  facet normal 0 1 0
    outer loop
      vertex -0.059667 -1.633858 0.949803
      vertex -0.059667 -1.633858 1.018701
      vertex -0.034449 -1.633858 1.043919
    endloop
  endfacet
  facet normal 0 1 0
    outer loop
      vertex -0.034449 -1.633858 0.924585
      vertex -0.034449 -1.633858 1.043919
      vertex 0.000000 -1.633858 1.053150
    endloop
  endfacet
  facet normal -0.7071067811865469 0 0.7071067811865481
    outer loop
      vertex -0.059667 -1.673228 1.018701
      vertex -0.034449 -1.633858 1.043919
      vertex -0.059667 -1.633858 1.018701
    endloop
  endfacet
  facet normal -0.25881904510252196 0 0.965925826289068
    outer loop
      vertex -0.034449 -1.673228 1.043919
      vertex 0.000000 -1.633858 1.053150
      vertex -0.034449 -1.633858 1.043919
    endloop
  endfacet
  facet normal -0.25881904510252196 0 0.965925826289068
    outer loop
      vertex -0.034449 -1.673228 1.043919
      vertex 0.000000 -1.673228 1.053150
      vertex 0.000000 -1.633858 1.053150
    endloop
  endfacet
  facet normal 0.25881904510252196 0 -0.965925826289068
    outer loop
      vertex 0.000000 -2.145669 0.915354
      vertex 0.000000 -2.106299 0.915354
      vertex 0.034449 -2.145669 0.924585
    endloop
  endfacet
  facet normal 0.7071067811865469 0 -0.7071067811865481
    outer loop
      vertex 0.034449 -2.145669 0.924585
      vertex 0.034449 -2.106299 0.924585
      vertex 0.059667 -2.145669 0.949803
    endloop
  endfacet
  facet normal 0.25881904510252196 0 -0.965925826289068
    outer loop
      vertex 0.034449 -2.145669 0.924585
      vertex 0.000000 -2.106299 0.915354
      vertex 0.034449 -2.106299 0.924585
    endloop
  endfacet
  facet normal 0 -1 0
    outer loop
      vertex 0.000000 -2.145669 0.915354
      vertex 0.034449 -2.145669 0.924585
      vertex 0.000000 -2.145669 1.053150
    endloop
  endfacet
  facet normal 0 -1 0
    outer loop
      vertex 0.034449 -2.145669 0.924585
      vertex 0.059667 -2.145669 0.949803
      vertex 0.034449 -2.145669 1.043919
    endloop
  endfacet
  facet normal 0.7071067811865469 0 -0.7071067811865481
    outer loop
      vertex 0.034449 -2.106299 0.924585
      vertex 0.059667 -2.106299 0.949803
      vertex 0.059667 -2.145669 0.949803
    endloop
  endfacet
  facet normal 0.9659258262890682 0 -0.2588190451025208
    outer loop
      vertex 0.059667 -2.145669 0.949803
      vertex 0.059667 -2.106299 0.949803
      vertex 0.068898 -2.145669 0.984252
    endloop
  endfacet
  facet normal 0.9659258262890682 0 -0.2588190451025208
    outer loop
      vertex 0.059667 -2.106299 0.949803
      vertex 0.068898 -2.106299 0.984252
      vertex 0.068898 -2.145669 0.984252
    endloop
  endfacet
  facet normal 0 -1 0
    outer loop
      vertex 0.034449 -2.145669 0.924585
      vertex 0.034449 -2.145669 1.043919
      vertex 0.000000 -2.145669 1.053150
    endloop
  endfacet
  facet normal 0 -1 0
    outer loop
      vertex 0.059667 -2.145669 0.949803
      vertex 0.068898 -2.145669 0.984252
      vertex 0.059667 -2.145669 1.018701
    endloop
  endfacet
  facet normal 0.9659258262890682 0 0.2588190451025208
    outer loop
      vertex 0.068898 -2.145669 0.984252
      vertex 0.068898 -2.106299 0.984252
      vertex 0.059667 -2.145669 1.018701
    endloop
  endfacet
  facet normal 0 -1 0
    outer loop
      vertex 0.059667 -2.145669 0.949803
      vertex 0.059667 -2.145669 1.018701
      vertex 0.034449 -2.145669 1.043919
    endloop
  endfacet
  facet normal 0.9659258262890682 0 0.2588190451025208
    outer loop
      vertex 0.068898 -2.106299 0.984252
      vertex 0.059667 -2.106299 1.018701
      vertex 0.059667 -2.145669 1.018701
    endloop
  endfacet
  facet normal 0.25881904510252196 0 0.965925826289068
    outer loop
      vertex 0.034449 -2.145669 1.043919
      vertex 0.034449 -2.106299 1.043919
      vertex 0.000000 -2.145669 1.053150
    endloop
  endfacet
  facet normal 0.7071067811865469 0 0.7071067811865481
    outer loop
      vertex 0.034449 -2.145669 1.043919
      vertex 0.059667 -2.106299 1.018701
      vertex 0.034449 -2.106299 1.043919
    endloop
  endfacet
  facet normal 0.7071067811865469 0 0.7071067811865481
    outer loop
      vertex 0.034449 -2.145669 1.043919
      vertex 0.059667 -2.145669 1.018701
      vertex 0.059667 -2.106299 1.018701
    endloop
  endfacet
  facet normal 0.25881904510252196 0 0.965925826289068
    outer loop
      vertex 0.034449 -2.106299 1.043919
      vertex 0.000000 -2.106299 1.053150
      vertex 0.000000 -2.145669 1.053150
    endloop
  endfacet
  facet normal 0.25881904510252196 0 -0.965925826289068
    outer loop
      vertex 0.000000 -1.673228 0.915354
      vertex 0.000000 -1.633858 0.915354
      vertex 0.034449 -1.673228 0.924585
    endloop
  endfacet
  facet normal 0.7071067811865469 0 -0.7071067811865481
    outer loop
      vertex 0.034449 -1.673228 0.924585
      vertex 0.034449 -1.633858 0.924585
      vertex 0.059667 -1.673228 0.949803
    endloop
  endfacet
  facet normal 0.9659258262890682 0 -0.2588190451025208
    outer loop
      vertex 0.059667 -1.673228 0.949803
      vertex 0.059667 -1.633858 0.949803
      vertex 0.068898 -1.673228 0.984252
    endloop
  endfacet
  facet normal 0.25881904510252196 0 -0.965925826289068
    outer loop
      vertex 0.034449 -1.673228 0.924585
      vertex 0.000000 -1.633858 0.915354
      vertex 0.034449 -1.633858 0.924585
    endloop
  endfacet
  facet normal 0 1 0
    outer loop
      vertex 0.000000 -1.633858 0.915354
      vertex 0.034449 -1.633858 1.043919
      vertex 0.034449 -1.633858 0.924585
    endloop
  endfacet
  facet normal 0.7071067811865469 0 -0.7071067811865481
    outer loop
      vertex 0.059667 -1.673228 0.949803
      vertex 0.034449 -1.633858 0.924585
      vertex 0.059667 -1.633858 0.949803
    endloop
  endfacet
  facet normal 0.9659258262890682 0 -0.2588190451025208
    outer loop
      vertex 0.059667 -1.633858 0.949803
      vertex 0.068898 -1.633858 0.984252
      vertex 0.068898 -1.673228 0.984252
    endloop
  endfacet
  facet normal 0 1 0
    outer loop
      vertex 0.034449 -1.633858 0.924585
      vertex 0.059667 -1.633858 1.018701
      vertex 0.059667 -1.633858 0.949803
    endloop
  endfacet
  facet normal 0.9659258262890682 0 0.2588190451025208
    outer loop
      vertex 0.068898 -1.673228 0.984252
      vertex 0.068898 -1.633858 0.984252
      vertex 0.059667 -1.673228 1.018701
    endloop
  endfacet
  facet normal 0.25881904510252196 0 0.965925826289068
    outer loop
      vertex 0.034449 -1.673228 1.043919
      vertex 0.034449 -1.633858 1.043919
      vertex 0.000000 -1.673228 1.053150
    endloop
  endfacet
  facet normal 0.7071067811865469 0 0.7071067811865481
    outer loop
      vertex 0.034449 -1.673228 1.043919
      vertex 0.059667 -1.673228 1.018701
      vertex 0.059667 -1.633858 1.018701
    endloop
  endfacet
  facet normal 0 1 0
    outer loop
      vertex 0.000000 -1.633858 0.915354
      vertex 0.000000 -1.633858 1.053150
      vertex 0.034449 -1.633858 1.043919
    endloop
  endfacet
  facet normal 0 1 0
    outer loop
      vertex 0.034449 -1.633858 0.924585
      vertex 0.034449 -1.633858 1.043919
      vertex 0.059667 -1.633858 1.018701
    endloop
  endfacet
  facet normal 0 1 0
    outer loop
      vertex 0.059667 -1.633858 0.949803
      vertex 0.059667 -1.633858 1.018701
      vertex 0.068898 -1.633858 0.984252
    endloop
  endfacet
  facet normal 0.9659258262890682 0 0.2588190451025208
    outer loop
      vertex 0.059667 -1.673228 1.018701
      vertex 0.068898 -1.633858 0.984252
      vertex 0.059667 -1.633858 1.018701
    endloop
  endfacet
  facet normal 0.7071067811865469 0 0.7071067811865481
    outer loop
      vertex 0.034449 -1.673228 1.043919
      vertex 0.059667 -1.633858 1.018701
      vertex 0.034449 -1.633858 1.043919
    endloop
  endfacet
  facet normal 0.25881904510252196 0 0.965925826289068
    outer loop
      vertex 0.034449 -1.633858 1.043919
      vertex 0.000000 -1.633858 1.053150
      vertex 0.000000 -1.673228 1.053150
    endloop
  endfacet
  facet normal -0.8910065241883682 -0.4539904997395463 0
    outer loop
      vertex -0.736470 -0.427327 1.968504
      vertex -0.702917 -0.493178 1.968504
      vertex -0.736470 -0.427327 2.165354
    endloop
  endfacet
  facet normal 0 0 1
    outer loop
      vertex -0.725857 -0.442991 2.165354
      vertex -0.743493 -0.354331 2.165354
      vertex -0.736470 -0.427327 2.165354
    endloop
  endfacet
  facet normal 0 0 -1
    outer loop
      vertex -0.650658 -0.545437 1.968504
      vertex -0.561627 -0.474596 1.968504
      vertex -0.584807 -0.578990 1.968504
    endloop
  endfacet
  facet normal 0 0 -1
    outer loop
      vertex -0.584807 -0.578990 1.968504
      vertex -0.561627 -0.474596 1.968504
      vertex -0.511811 -0.484505 1.968504
    endloop
  endfacet
  facet normal -0.45399049973954664 -0.8910065241883679 0
    outer loop
      vertex -0.650658 -0.545437 1.968504
      vertex -0.584807 -0.578990 1.968504
      vertex -0.584807 -0.578990 2.165354
    endloop
  endfacet
  facet normal 0 0 -1
    outer loop
      vertex -0.650658 -0.545437 1.968504
      vertex -0.641985 -0.354331 1.968504
      vertex -0.632076 -0.404146 1.968504
    endloop
  endfacet
  facet normal 0 0 -1
    outer loop
      vertex -0.650658 -0.545437 1.968504
      vertex -0.603858 -0.446378 1.968504
      vertex -0.561627 -0.474596 1.968504
    endloop
  endfacet
  facet normal 0 0 -1
    outer loop
      vertex -0.650658 -0.545437 1.968504
      vertex -0.632076 -0.404146 1.968504
      vertex -0.603858 -0.446378 1.968504
    endloop
  endfacet
  facet normal -0.7071067811865475 -0.7071067811865475 0
    outer loop
      vertex -0.650658 -0.545437 1.968504
      vertex -0.702917 -0.493178 2.165354
      vertex -0.702917 -0.493178 1.968504
    endloop
  endfacet
  facet normal 0 0 -1
    outer loop
      vertex -0.584807 -0.578990 1.968504
      vertex -0.511811 -0.484505 1.968504
      vertex -0.511811 -0.590551 1.968504
    endloop
  endfacet
  facet normal 0 0 -1
    outer loop
      vertex -0.511811 -0.590551 1.968504
      vertex -0.461996 -0.474596 1.968504
      vertex -0.438815 -0.578990 1.968504
    endloop
  endfacet
  facet normal 0 0 -1
    outer loop
      vertex -0.511811 -0.590551 1.968504
      vertex -0.511811 -0.484505 1.968504
      vertex -0.461996 -0.474596 1.968504
    endloop
  endfacet
  facet normal -0.15643446504023065 -0.9876883405951378 0
    outer loop
      vertex -0.584807 -0.578990 1.968504
      vertex -0.511811 -0.590551 1.968504
      vertex -0.511811 -0.590551 2.165354
    endloop
  endfacet
  facet normal 0.15643446504023065 -0.9876883405951378 0
    outer loop
      vertex -0.511811 -0.590551 1.968504
      vertex -0.438815 -0.578990 1.968504
      vertex -0.438815 -0.578990 2.165354
    endloop
  endfacet
  facet normal 0.4539904997395471 -0.8910065241883679 0
    outer loop
      vertex -0.438815 -0.578990 1.968504
      vertex -0.372964 -0.545437 1.968504
      vertex -0.372964 -0.545437 2.165354
    endloop
  endfacet
  facet normal 0 0 -1
    outer loop
      vertex -0.438815 -0.578990 1.968504
      vertex -0.461996 -0.474596 1.968504
      vertex -0.419764 -0.446378 1.968504
    endloop
  endfacet
  facet normal 0 0 -1
    outer loop
      vertex -0.438815 -0.578990 1.968504
      vertex -0.419764 -0.446378 1.968504
      vertex -0.391546 -0.404146 1.968504
    endloop
  endfacet
  facet normal 0 0 -1
    outer loop
      vertex -0.438815 -0.578990 1.968504
      vertex -0.391546 -0.404146 1.968504
      vertex -0.372964 -0.545437 1.968504
    endloop
  endfacet
  facet normal 0 0 -1
    outer loop
      vertex -0.372964 -0.545437 1.968504
      vertex -0.391546 -0.404146 1.968504
      vertex -0.381637 -0.354331 1.968504
    endloop
  endfacet
  facet normal 0.7071067811865475 -0.7071067811865475 0
    outer loop
      vertex -0.372964 -0.545437 1.968504
      vertex -0.320705 -0.493178 1.968504
      vertex -0.372964 -0.545437 2.165354
    endloop
  endfacet
  facet normal 0 0 -1
    outer loop
      vertex -0.372964 -0.545437 1.968504
      vertex -0.320705 -0.215484 1.968504
      vertex -0.320705 -0.493178 1.968504
    endloop
  endfacet
  facet normal 0.8910065241883679 -0.4539904997395466 0
    outer loop
      vertex -0.320705 -0.493178 1.968504
      vertex -0.287152 -0.427327 1.968504
      vertex -0.320705 -0.493178 2.165354
    endloop
  endfacet
  facet normal -0.7071067811865475 -0.7071067811865475 0
    outer loop
      vertex -0.650658 -0.545437 1.968504
      vertex -0.650658 -0.545437 2.165354
      vertex -0.702917 -0.493178 2.165354
    endloop
  endfacet
  facet normal 0 0 1
    outer loop
      vertex -0.650658 -0.545437 2.165354
      vertex -0.600472 -0.568377 2.165354
      vertex -0.675635 -0.518154 2.165354
    endloop
  endfacet
  facet normal 0 0 1
    outer loop
      vertex -0.650658 -0.545437 2.165354
      vertex -0.675635 -0.518154 2.165354
      vertex -0.702917 -0.493178 2.165354
    endloop
  endfacet
  facet normal -0.15643446504023065 -0.9876883405951378 0
    outer loop
      vertex -0.584807 -0.578990 1.968504
      vertex -0.511811 -0.590551 2.165354
      vertex -0.584807 -0.578990 2.165354
    endloop
  endfacet
  facet normal 0 0 1
    outer loop
      vertex -0.600472 -0.568377 2.165354
      vertex -0.584807 -0.578990 2.165354
      vertex -0.511811 -0.590551 2.165354
    endloop
  endfacet
  facet normal -0.45399049973954664 -0.8910065241883679 0
    outer loop
      vertex -0.650658 -0.545437 1.968504
      vertex -0.584807 -0.578990 2.165354
      vertex -0.650658 -0.545437 2.165354
    endloop
  endfacet
  facet normal 0 0 1
    outer loop
      vertex -0.650658 -0.545437 2.165354
      vertex -0.584807 -0.578990 2.165354
      vertex -0.600472 -0.568377 2.165354
    endloop
  endfacet
  facet normal -0.8910065241883682 -0.4539904997395463 0
    outer loop
      vertex -0.736470 -0.427327 2.165354
      vertex -0.702917 -0.493178 1.968504
      vertex -0.702917 -0.493178 2.165354
    endloop
  endfacet
  facet normal 0 0 1
    outer loop
      vertex -0.725857 -0.442991 2.165354
      vertex -0.702917 -0.493178 2.165354
      vertex -0.675635 -0.518154 2.165354
    endloop
  endfacet
  facet normal 0 0 1
    outer loop
      vertex -0.725857 -0.442991 2.165354
      vertex -0.736470 -0.427327 2.165354
      vertex -0.702917 -0.493178 2.165354
    endloop
  endfacet
  facet normal 0.15643446504023065 -0.9876883405951378 0
    outer loop
      vertex -0.511811 -0.590551 1.968504
      vertex -0.438815 -0.578990 2.165354
      vertex -0.511811 -0.590551 2.165354
    endloop
  endfacet
  facet normal 0 0 1
    outer loop
      vertex -0.600472 -0.568377 2.165354
      vertex -0.511811 -0.590551 2.165354
      vertex -0.511811 -0.586012 2.165354
    endloop
  endfacet
  facet normal 0 0 1
    outer loop
      vertex -0.511811 -0.590551 2.165354
      vertex -0.438815 -0.578990 2.165354
      vertex -0.511811 -0.586012 2.165354
    endloop
  endfacet
  facet normal 0 0 1
    outer loop
      vertex -0.511811 -0.586012 2.165354
      vertex -0.438815 -0.578990 2.165354
      vertex -0.423150 -0.568377 2.165354
    endloop
  endfacet
  facet normal 0.4539904997395471 -0.8910065241883679 0
    outer loop
      vertex -0.438815 -0.578990 1.968504
      vertex -0.372964 -0.545437 2.165354
      vertex -0.438815 -0.578990 2.165354
    endloop
  endfacet
  facet normal 0 0 1
    outer loop
      vertex -0.438815 -0.578990 2.165354
      vertex -0.372964 -0.545437 2.165354
      vertex -0.423150 -0.568377 2.165354
    endloop
  endfacet
  facet normal 0 0 1
    outer loop
      vertex -0.423150 -0.568377 2.165354
      vertex -0.372964 -0.545437 2.165354
      vertex -0.347987 -0.518154 2.165354
    endloop
  endfacet
  facet normal 0 0 1
    outer loop
      vertex -0.372964 -0.545437 2.165354
      vertex -0.320705 -0.493178 2.165354
      vertex -0.347987 -0.518154 2.165354
    endloop
  endfacet
  facet normal 0.7071067811865475 -0.7071067811865475 0
    outer loop
      vertex -0.320705 -0.493178 1.968504
      vertex -0.320705 -0.493178 2.165354
      vertex -0.372964 -0.545437 2.165354
    endloop
  endfacet
  facet normal 0 0 1
    outer loop
      vertex -0.347987 -0.518154 2.165354
      vertex -0.320705 -0.493178 2.165354
      vertex -0.297765 -0.442991 2.165354
    endloop
  endfacet
  facet normal 0.8910065241883679 -0.4539904997395466 0
    outer loop
      vertex -0.287152 -0.427327 1.968504
      vertex -0.287152 -0.427327 2.165354
      vertex -0.320705 -0.493178 2.165354
    endloop
  endfacet
  facet normal 0 0 1
    outer loop
      vertex -0.320705 -0.493178 2.165354
      vertex -0.287152 -0.427327 2.165354
      vertex -0.297765 -0.442991 2.165354
    endloop
  endfacet
  facet normal 0 0 1
    outer loop
      vertex -0.297765 -0.442991 2.165354
      vertex -0.287152 -0.427327 2.165354
      vertex -0.275591 -0.354331 2.165354
    endloop
  endfacet
  facet normal 0 0 -1
    outer loop
      vertex -0.736470 -0.427327 1.968504
      vertex -0.748031 -0.354331 1.968504
      vertex -0.736470 -0.281335 1.968504
    endloop
  endfacet
  facet normal 0 0 -1
    outer loop
      vertex -0.736470 -0.427327 1.968504
      vertex -0.736470 -0.281335 1.968504
      vertex -0.702917 -0.215484 1.968504
    endloop
  endfacet
  facet normal -0.9876883405951378 -0.15643446504023065 0
    outer loop
      vertex -0.736470 -0.427327 1.968504
      vertex -0.748031 -0.354331 2.165354
      vertex -0.748031 -0.354331 1.968504
    endloop
  endfacet
  facet normal -0.9876883405951378 0.15643446504023065 0
    outer loop
      vertex -0.748031 -0.354331 1.968504
      vertex -0.736470 -0.281335 2.165354
      vertex -0.736470 -0.281335 1.968504
    endloop
  endfacet
  facet normal -0.9876883405951378 -0.15643446504023065 0
    outer loop
      vertex -0.736470 -0.427327 1.968504
      vertex -0.736470 -0.427327 2.165354
      vertex -0.748031 -0.354331 2.165354
    endloop
  endfacet
  facet normal 0 0 1
    outer loop
      vertex -0.736470 -0.427327 2.165354
      vertex -0.743493 -0.354331 2.165354
      vertex -0.748031 -0.354331 2.165354
    endloop
  endfacet
  facet normal -0.9876883405951378 0.15643446504023065 0
    outer loop
      vertex -0.748031 -0.354331 1.968504
      vertex -0.748031 -0.354331 2.165354
      vertex -0.736470 -0.281335 2.165354
    endloop
  endfacet
  facet normal 0 0 1
    outer loop
      vertex -0.748031 -0.354331 2.165354
      vertex -0.743493 -0.354331 2.165354
      vertex -0.725857 -0.265670 2.165354
    endloop
  endfacet
  facet normal 0 0 1
    outer loop
      vertex -0.748031 -0.354331 2.165354
      vertex -0.725857 -0.265670 2.165354
      vertex -0.736470 -0.281335 2.165354
    endloop
  endfacet
  facet normal -0.8910065241883682 0.4539904997395463 0
    outer loop
      vertex -0.736470 -0.281335 1.968504
      vertex -0.736470 -0.281335 2.165354
      vertex -0.702917 -0.215484 2.165354
    endloop
  endfacet
  facet normal 0 0 -1
    outer loop
      vertex -0.736470 -0.427327 1.968504
      vertex -0.702917 -0.215484 1.968504
      vertex -0.702917 -0.493178 1.968504
    endloop
  endfacet
  facet normal 0 0 -1
    outer loop
      vertex -0.650658 -0.545437 1.968504
      vertex -0.702917 -0.493178 1.968504
      vertex -0.650658 -0.163224 1.968504
    endloop
  endfacet
  facet normal 0 0 -1
    outer loop
      vertex -0.650658 -0.545437 1.968504
      vertex -0.650658 -0.163224 1.968504
      vertex -0.641985 -0.354331 1.968504
    endloop
  endfacet
  facet normal 0 0 -1
    outer loop
      vertex -0.702917 -0.493178 1.968504
      vertex -0.702917 -0.215484 1.968504
      vertex -0.650658 -0.163224 1.968504
    endloop
  endfacet
  facet normal 0 0 -1
    outer loop
      vertex -0.641985 -0.354331 1.968504
      vertex -0.650658 -0.163224 1.968504
      vertex -0.632076 -0.304515 1.968504
    endloop
  endfacet
  facet normal 0 0 -1
    outer loop
      vertex -0.632076 -0.304515 1.968504
      vertex -0.584807 -0.129672 1.968504
      vertex -0.603858 -0.262284 1.968504
    endloop
  endfacet
  facet normal 0 0 -1
    outer loop
      vertex -0.632076 -0.304515 1.968504
      vertex -0.650658 -0.163224 1.968504
      vertex -0.584807 -0.129672 1.968504
    endloop
  endfacet
  facet normal 0 0 -1
    outer loop
      vertex -0.603858 -0.262284 1.968504
      vertex -0.584807 -0.129672 1.968504
      vertex -0.561627 -0.234065 1.968504
    endloop
  endfacet
  facet normal -0.8910065241883682 0.4539904997395463 0
    outer loop
      vertex -0.736470 -0.281335 1.968504
      vertex -0.702917 -0.215484 2.165354
      vertex -0.702917 -0.215484 1.968504
    endloop
  endfacet
  facet normal 0 0 -1
    outer loop
      vertex -0.372964 -0.545437 1.968504
      vertex -0.381637 -0.354331 1.968504
      vertex -0.372964 -0.163224 1.968504
    endloop
  endfacet
  facet normal 0 0 -1
    outer loop
      vertex -0.561627 -0.234065 1.968504
      vertex -0.511811 -0.118110 1.968504
      vertex -0.511811 -0.224157 1.968504
    endloop
  endfacet
  facet normal 0 0 -1
    outer loop
      vertex -0.511811 -0.224157 1.968504
      vertex -0.438815 -0.129672 1.968504
      vertex -0.461996 -0.234065 1.968504
    endloop
  endfacet
  facet normal 0 0 -1
    outer loop
      vertex -0.381637 -0.354331 1.968504
      vertex -0.391546 -0.304515 1.968504
      vertex -0.372964 -0.163224 1.968504
    endloop
  endfacet
  facet normal 0 0 -1
    outer loop
      vertex -0.391546 -0.304515 1.968504
      vertex -0.419764 -0.262284 1.968504
      vertex -0.372964 -0.163224 1.968504
    endloop
  endfacet
  facet normal 0 0 -1
    outer loop
      vertex -0.461996 -0.234065 1.968504
      vertex -0.372964 -0.163224 1.968504
      vertex -0.419764 -0.262284 1.968504
    endloop
  endfacet
  facet normal 0 0 -1
    outer loop
      vertex -0.561627 -0.234065 1.968504
      vertex -0.584807 -0.129672 1.968504
      vertex -0.511811 -0.118110 1.968504
    endloop
  endfacet
  facet normal -0.7071067811865475 0.7071067811865475 0
    outer loop
      vertex -0.702917 -0.215484 1.968504
      vertex -0.650658 -0.163224 2.165354
      vertex -0.650658 -0.163224 1.968504
    endloop
  endfacet
  facet normal -0.45399049973954625 0.8910065241883681 0
    outer loop
      vertex -0.650658 -0.163224 1.968504
      vertex -0.650658 -0.163224 2.165354
      vertex -0.584807 -0.129672 1.968504
    endloop
  endfacet
  facet normal -0.15643446504023112 0.9876883405951378 0
    outer loop
      vertex -0.584807 -0.129672 1.968504
      vertex -0.584807 -0.129672 2.165354
      vertex -0.511811 -0.118110 1.968504
    endloop
  endfacet
  facet normal 0 0 -1
    outer loop
      vertex -0.511811 -0.224157 1.968504
      vertex -0.511811 -0.118110 1.968504
      vertex -0.438815 -0.129672 1.968504
    endloop
  endfacet
  facet normal 0 0 -1
    outer loop
      vertex -0.461996 -0.234065 1.968504
      vertex -0.438815 -0.129672 1.968504
      vertex -0.372964 -0.163224 1.968504
    endloop
  endfacet
  facet normal 0.15643446504023112 0.9876883405951378 0
    outer loop
      vertex -0.511811 -0.118110 1.968504
      vertex -0.511811 -0.118110 2.165354
      vertex -0.438815 -0.129672 1.968504
    endloop
  endfacet
  facet normal 0.4539904997395466 0.8910065241883679 0
    outer loop
      vertex -0.372964 -0.163224 1.968504
      vertex -0.438815 -0.129672 1.968504
      vertex -0.438815 -0.129672 2.165354
    endloop
  endfacet
  facet normal 0 0 -1
    outer loop
      vertex -0.320705 -0.493178 1.968504
      vertex -0.287152 -0.281335 1.968504
      vertex -0.287152 -0.427327 1.968504
    endloop
  endfacet
  facet normal 0 0 -1
    outer loop
      vertex -0.287152 -0.427327 1.968504
      vertex -0.287152 -0.281335 1.968504
      vertex -0.275591 -0.354331 1.968504
    endloop
  endfacet
  facet normal 0 0 -1
    outer loop
      vertex -0.372964 -0.545437 1.968504
      vertex -0.372964 -0.163224 1.968504
      vertex -0.320705 -0.215484 1.968504
    endloop
  endfacet
  facet normal 0 0 -1
    outer loop
      vertex -0.320705 -0.493178 1.968504
      vertex -0.320705 -0.215484 1.968504
      vertex -0.287152 -0.281335 1.968504
    endloop
  endfacet
  facet normal 0.9876883405951378 -0.15643446504023112 0
    outer loop
      vertex -0.287152 -0.427327 1.968504
      vertex -0.275591 -0.354331 1.968504
      vertex -0.287152 -0.427327 2.165354
    endloop
  endfacet
  facet normal 0.9876883405951378 0.15643446504023112 0
    outer loop
      vertex -0.275591 -0.354331 1.968504
      vertex -0.287152 -0.281335 1.968504
      vertex -0.275591 -0.354331 2.165354
    endloop
  endfacet
  facet normal 0.8910065241883679 0.4539904997395466 0
    outer loop
      vertex -0.287152 -0.281335 1.968504
      vertex -0.320705 -0.215484 1.968504
      vertex -0.287152 -0.281335 2.165354
    endloop
  endfacet
  facet normal 0.7071067811865475 0.7071067811865475 0
    outer loop
      vertex -0.372964 -0.163224 1.968504
      vertex -0.320705 -0.215484 2.165354
      vertex -0.320705 -0.215484 1.968504
    endloop
  endfacet
  facet normal 0 0 1
    outer loop
      vertex -0.736470 -0.281335 2.165354
      vertex -0.725857 -0.265670 2.165354
      vertex -0.702917 -0.215484 2.165354
    endloop
  endfacet
  facet normal -0.7071067811865475 0.7071067811865475 0
    outer loop
      vertex -0.702917 -0.215484 1.968504
      vertex -0.702917 -0.215484 2.165354
      vertex -0.650658 -0.163224 2.165354
    endloop
  endfacet
  facet normal 0 0 1
    outer loop
      vertex -0.725857 -0.265670 2.165354
      vertex -0.675635 -0.190507 2.165354
      vertex -0.702917 -0.215484 2.165354
    endloop
  endfacet
  facet normal 0 0 1
    outer loop
      vertex -0.702917 -0.215484 2.165354
      vertex -0.675635 -0.190507 2.165354
      vertex -0.650658 -0.163224 2.165354
    endloop
  endfacet
  facet normal 0 0 1
    outer loop
      vertex -0.675635 -0.190507 2.165354
      vertex -0.600472 -0.140285 2.165354
      vertex -0.650658 -0.163224 2.165354
    endloop
  endfacet
  facet normal -0.45399049973954625 0.8910065241883681 0
    outer loop
      vertex -0.584807 -0.129672 1.968504
      vertex -0.650658 -0.163224 2.165354
      vertex -0.584807 -0.129672 2.165354
    endloop
  endfacet
  facet normal 0 0 1
    outer loop
      vertex -0.650658 -0.163224 2.165354
      vertex -0.600472 -0.140285 2.165354
      vertex -0.584807 -0.129672 2.165354
    endloop
  endfacet
  facet normal 0 0 1
    outer loop
      vertex -0.600472 -0.140285 2.165354
      vertex -0.511811 -0.122649 2.165354
      vertex -0.584807 -0.129672 2.165354
    endloop
  endfacet
  facet normal -0.15643446504023112 0.9876883405951378 0
    outer loop
      vertex -0.511811 -0.118110 1.968504
      vertex -0.584807 -0.129672 2.165354
      vertex -0.511811 -0.118110 2.165354
    endloop
  endfacet
  facet normal 0.15643446504023112 0.9876883405951378 0
    outer loop
      vertex -0.438815 -0.129672 1.968504
      vertex -0.511811 -0.118110 2.165354
      vertex -0.438815 -0.129672 2.165354
    endloop
  endfacet
  facet normal 0 0 1
    outer loop
      vertex -0.584807 -0.129672 2.165354
      vertex -0.511811 -0.122649 2.165354
      vertex -0.511811 -0.118110 2.165354
    endloop
  endfacet
  facet normal 0 0 1
    outer loop
      vertex -0.511811 -0.122649 2.165354
      vertex -0.423150 -0.140285 2.165354
      vertex -0.511811 -0.118110 2.165354
    endloop
  endfacet
  facet normal 0 0 1
    outer loop
      vertex -0.511811 -0.118110 2.165354
      vertex -0.423150 -0.140285 2.165354
      vertex -0.438815 -0.129672 2.165354
    endloop
  endfacet
  facet normal 0.4539904997395466 0.8910065241883679 0
    outer loop
      vertex -0.372964 -0.163224 1.968504
      vertex -0.438815 -0.129672 2.165354
      vertex -0.372964 -0.163224 2.165354
    endloop
  endfacet
  facet normal 0 0 1
    outer loop
      vertex -0.423150 -0.140285 2.165354
      vertex -0.372964 -0.163224 2.165354
      vertex -0.438815 -0.129672 2.165354
    endloop
  endfacet
  facet normal 0 0 1
    outer loop
      vertex -0.423150 -0.140285 2.165354
      vertex -0.347987 -0.190507 2.165354
      vertex -0.372964 -0.163224 2.165354
    endloop
  endfacet
  facet normal 0.9876883405951378 -0.15643446504023112 0
    outer loop
      vertex -0.287152 -0.427327 2.165354
      vertex -0.275591 -0.354331 1.968504
      vertex -0.275591 -0.354331 2.165354
    endloop
  endfacet
  facet normal 0 0 1
    outer loop
      vertex -0.297765 -0.442991 2.165354
      vertex -0.275591 -0.354331 2.165354
      vertex -0.280129 -0.354331 2.165354
    endloop
  endfacet
  facet normal 0.9876883405951378 0.15643446504023112 0
    outer loop
      vertex -0.287152 -0.281335 1.968504
      vertex -0.287152 -0.281335 2.165354
      vertex -0.275591 -0.354331 2.165354
    endloop
  endfacet
  facet normal 0 0 1
    outer loop
      vertex -0.280129 -0.354331 2.165354
      vertex -0.275591 -0.354331 2.165354
      vertex -0.287152 -0.281335 2.165354
    endloop
  endfacet
  facet normal 0 0 1
    outer loop
      vertex -0.280129 -0.354331 2.165354
      vertex -0.287152 -0.281335 2.165354
      vertex -0.297765 -0.265670 2.165354
    endloop
  endfacet
  facet normal 0 0 1
    outer loop
      vertex -0.287152 -0.281335 2.165354
      vertex -0.320705 -0.215484 2.165354
      vertex -0.297765 -0.265670 2.165354
    endloop
  endfacet
  facet normal 0.8910065241883679 0.4539904997395466 0
    outer loop
      vertex -0.320705 -0.215484 1.968504
      vertex -0.320705 -0.215484 2.165354
      vertex -0.287152 -0.281335 2.165354
    endloop
  endfacet
  facet normal 0 0 1
    outer loop
      vertex -0.297765 -0.265670 2.165354
      vertex -0.320705 -0.215484 2.165354
      vertex -0.347987 -0.190507 2.165354
    endloop
  endfacet
  facet normal 0 0 1
    outer loop
      vertex -0.372964 -0.163224 2.165354
      vertex -0.347987 -0.190507 2.165354
      vertex -0.320705 -0.215484 2.165354
    endloop
  endfacet
  facet normal 0.7071067811865475 0.7071067811865475 0
    outer loop
      vertex -0.372964 -0.163224 1.968504
      vertex -0.372964 -0.163224 2.165354
      vertex -0.320705 -0.215484 2.165354
    endloop
  endfacet
  facet normal -0.9807852804032305 -0.19509032201612792 0
    outer loop
      vertex -0.725857 -0.442991 2.165354
      vertex -0.725857 -0.442991 2.211439
      vertex -0.743493 -0.354331 2.165354
    endloop
  endfacet
  facet normal -0.21614744150487628 -0.3234875065416003 -0.9212144791753949
    outer loop
      vertex -0.561627 -0.474596 1.968504
      vertex -0.544398 -0.386917 1.933673
      vertex -0.529447 -0.396907 1.933673
    endloop
  endfacet
  facet normal -0.07590088788047246 -0.38157953112891424 -0.9212144791753948
    outer loop
      vertex -0.511811 -0.484505 1.968504
      vertex -0.529447 -0.396907 1.933673
      vertex -0.511811 -0.400415 1.933673
    endloop
  endfacet
  facet normal 0.07590088788047243 -0.3815795311289141 -0.9212144791753949
    outer loop
      vertex -0.461996 -0.474596 1.968504
      vertex -0.511811 -0.400415 1.933673
      vertex -0.494175 -0.396907 1.933673
    endloop
  endfacet
  facet normal 0.21614744150487628 -0.32348750654160063 -0.9212144791753949
    outer loop
      vertex -0.419764 -0.446378 1.968504
      vertex -0.494175 -0.396907 1.933673
      vertex -0.479224 -0.386917 1.933673
    endloop
  endfacet
  facet normal -0.32348750654160047 -0.21614744150487655 -0.9212144791753949
    outer loop
      vertex -0.603858 -0.446378 1.968504
      vertex -0.632076 -0.404146 1.968504
      vertex -0.554387 -0.371966 1.933673
    endloop
  endfacet
  facet normal -0.21614744150487689 -0.3234875065416002 -0.9212144791753948
    outer loop
      vertex -0.561627 -0.474596 1.968504
      vertex -0.603858 -0.446378 1.968504
      vertex -0.544398 -0.386917 1.933673
    endloop
  endfacet
  facet normal -0.07590088788047199 -0.38157953112891413 -0.9212144791753948
    outer loop
      vertex -0.561627 -0.474596 1.968504
      vertex -0.529447 -0.396907 1.933673
      vertex -0.511811 -0.484505 1.968504
    endloop
  endfacet
  facet normal 0.07590088788047203 -0.3815795311289143 -0.9212144791753949
    outer loop
      vertex -0.511811 -0.484505 1.968504
      vertex -0.511811 -0.400415 1.933673
      vertex -0.461996 -0.474596 1.968504
    endloop
  endfacet
  facet normal 0.21614744150487683 -0.32348750654160013 -0.9212144791753948
    outer loop
      vertex -0.461996 -0.474596 1.968504
      vertex -0.494175 -0.396907 1.933673
      vertex -0.419764 -0.446378 1.968504
    endloop
  endfacet
  facet normal 0.32348750654160024 -0.2161474415048769 -0.9212144791753948
    outer loop
      vertex -0.419764 -0.446378 1.968504
      vertex -0.479224 -0.386917 1.933673
      vertex -0.391546 -0.404146 1.968504
    endloop
  endfacet
  facet normal -0.5555702330196025 -0.831469612302545 0
    outer loop
      vertex -0.675635 -0.518154 2.165354
      vertex -0.600472 -0.568377 2.211439
      vertex -0.675635 -0.518154 2.211439
    endloop
  endfacet
  facet normal -0.5147164328119485 -0.7703275794849854 0.37638067707860157
    outer loop
      vertex -0.675635 -0.518154 2.211439
      vertex -0.600472 -0.568377 2.211439
      vertex -0.650694 -0.493214 2.296591
    endloop
  endfacet
  facet normal -0.19509032201612792 -0.9807852804032305 0
    outer loop
      vertex -0.600472 -0.568377 2.165354
      vertex -0.511811 -0.586012 2.211439
      vertex -0.600472 -0.568377 2.211439
    endloop
  endfacet
  facet normal -0.5555702330196025 -0.831469612302545 0
    outer loop
      vertex -0.675635 -0.518154 2.165354
      vertex -0.600472 -0.568377 2.165354
      vertex -0.600472 -0.568377 2.211439
    endloop
  endfacet
  facet normal -0.18074437515937358 -0.9086633352183305 0.3763806770786027
    outer loop
      vertex -0.600472 -0.568377 2.211439
      vertex -0.511811 -0.586012 2.211439
      vertex -0.586974 -0.535790 2.296591
    endloop
  endfacet
  facet normal -0.831469612302545 -0.5555702330196025 0
    outer loop
      vertex -0.725857 -0.442991 2.165354
      vertex -0.675635 -0.518154 2.165354
      vertex -0.675635 -0.518154 2.211439
    endloop
  endfacet
  facet normal -0.831469612302545 -0.5555702330196025 0
    outer loop
      vertex -0.725857 -0.442991 2.165354
      vertex -0.675635 -0.518154 2.211439
      vertex -0.725857 -0.442991 2.211439
    endloop
  endfacet
  facet normal -0.7703275794849854 -0.5147164328119485 0.3763806770786016
    outer loop
      vertex -0.725857 -0.442991 2.211439
      vertex -0.675635 -0.518154 2.211439
      vertex -0.650694 -0.493214 2.296591
    endloop
  endfacet
  facet normal -0.9086633352183305 -0.18074437515937358 0.3763806770786027
    outer loop
      vertex -0.725857 -0.442991 2.211439
      vertex -0.693270 -0.429494 2.296591
      vertex -0.743493 -0.354331 2.211439
    endloop
  endfacet
  facet normal -0.19509032201612792 -0.9807852804032305 0
    outer loop
      vertex -0.600472 -0.568377 2.165354
      vertex -0.511811 -0.586012 2.165354
      vertex -0.511811 -0.586012 2.211439
    endloop
  endfacet
  facet normal 0.19509032201612792 -0.9807852804032305 0
    outer loop
      vertex -0.511811 -0.586012 2.165354
      vertex -0.423150 -0.568377 2.165354
      vertex -0.423150 -0.568377 2.211439
    endloop
  endfacet
  facet normal 0.19509032201612792 -0.9807852804032305 0
    outer loop
      vertex -0.511811 -0.586012 2.165354
      vertex -0.423150 -0.568377 2.211439
      vertex -0.511811 -0.586012 2.211439
    endloop
  endfacet
  facet normal 0.18074437515937358 -0.9086633352183305 0.3763806770786027
    outer loop
      vertex -0.511811 -0.586012 2.211439
      vertex -0.423150 -0.568377 2.211439
      vertex -0.436648 -0.535790 2.296591
    endloop
  endfacet
  facet normal 0.5555702330196025 -0.831469612302545 0
    outer loop
      vertex -0.423150 -0.568377 2.165354
      vertex -0.347987 -0.518154 2.211439
      vertex -0.423150 -0.568377 2.211439
    endloop
  endfacet
  facet normal 0.5555702330196025 -0.831469612302545 0
    outer loop
      vertex -0.423150 -0.568377 2.165354
      vertex -0.347987 -0.518154 2.165354
      vertex -0.347987 -0.518154 2.211439
    endloop
  endfacet
  facet normal 0.5147164328119485 -0.7703275794849854 0.3763806770786016
    outer loop
      vertex -0.423150 -0.568377 2.211439
      vertex -0.347987 -0.518154 2.211439
      vertex -0.372928 -0.493214 2.296591
    endloop
  endfacet
  facet normal -0.514716432811947 -0.7703275794849858 0.37638067707860273
    outer loop
      vertex -0.600472 -0.568377 2.211439
      vertex -0.586974 -0.535790 2.296591
      vertex -0.650694 -0.493214 2.296591
    endloop
  endfacet
  facet normal -0.1392813253171536 -0.7002145072825524 0.7002145072825537
    outer loop
      vertex -0.586974 -0.535790 2.296591
      vertex -0.511811 -0.550741 2.296591
      vertex -0.562033 -0.475578 2.361764
    endloop
  endfacet
  facet normal -0.7703275794849858 -0.514716432811947 0.37638067707860273
    outer loop
      vertex -0.725857 -0.442991 2.211439
      vertex -0.650694 -0.493214 2.296591
      vertex -0.693270 -0.429494 2.296591
    endloop
  endfacet
  facet normal -0.5936131960090993 -0.3966396567602809 0.7002145072825535
    outer loop
      vertex -0.650694 -0.493214 2.296591
      vertex -0.633058 -0.404553 2.361764
      vertex -0.693270 -0.429494 2.296591
    endloop
  endfacet
  facet normal -0.3966396567602804 -0.5936131960090987 0.7002145072825543
    outer loop
      vertex -0.586974 -0.535790 2.296591
      vertex -0.604610 -0.447129 2.361764
      vertex -0.650694 -0.493214 2.296591
    endloop
  endfacet
  facet normal -0.3966396567602818 -0.5936131960090985 0.7002145072825539
    outer loop
      vertex -0.586974 -0.535790 2.296591
      vertex -0.562033 -0.475578 2.361764
      vertex -0.604610 -0.447129 2.361764
    endloop
  endfacet
  facet normal -0.5936131960090975 -0.39663965676028207 0.7002145072825545
    outer loop
      vertex -0.650694 -0.493214 2.296591
      vertex -0.604610 -0.447129 2.361764
      vertex -0.633058 -0.404553 2.361764
    endloop
  endfacet
  facet normal -0.32348750654160036 -0.21614744150487764 0.9212144791753946
    outer loop
      vertex -0.633058 -0.404553 2.361764
      vertex -0.604610 -0.447129 2.361764
      vertex -0.554387 -0.371966 2.397036
    endloop
  endfacet
  facet normal -0.21614744150487747 -0.3234875065416009 0.9212144791753946
    outer loop
      vertex -0.562033 -0.475578 2.361764
      vertex -0.544398 -0.386917 2.397036
      vertex -0.604610 -0.447129 2.361764
    endloop
  endfacet
  facet normal -0.21614744150487672 -0.323487506541601 0.9212144791753946
    outer loop
      vertex -0.562033 -0.475578 2.361764
      vertex -0.529447 -0.396907 2.397036
      vertex -0.544398 -0.386917 2.397036
    endloop
  endfacet
  facet normal -0.1807443751593744 -0.9086633352183308 0.3763806770786021
    outer loop
      vertex -0.511811 -0.586012 2.211439
      vertex -0.511811 -0.550741 2.296591
      vertex -0.586974 -0.535790 2.296591
    endloop
  endfacet
  facet normal 0.1807443751593744 -0.9086633352183308 0.3763806770786021
    outer loop
      vertex -0.511811 -0.586012 2.211439
      vertex -0.436648 -0.535790 2.296591
      vertex -0.511811 -0.550741 2.296591
    endloop
  endfacet
  facet normal 0.13928132531715356 -0.7002145072825522 0.7002145072825537
    outer loop
      vertex -0.511811 -0.550741 2.296591
      vertex -0.436648 -0.535790 2.296591
      vertex -0.511811 -0.485568 2.361764
    endloop
  endfacet
  facet normal 0.514716432811947 -0.7703275794849858 0.37638067707860273
    outer loop
      vertex -0.423150 -0.568377 2.211439
      vertex -0.372928 -0.493214 2.296591
      vertex -0.436648 -0.535790 2.296591
    endloop
  endfacet
  facet normal 0.3966396567602804 -0.5936131960090987 0.7002145072825543
    outer loop
      vertex -0.436648 -0.535790 2.296591
      vertex -0.372928 -0.493214 2.296591
      vertex -0.419012 -0.447129 2.361764
    endloop
  endfacet
  facet normal 0.593613196009099 -0.3966396567602807 0.7002145072825539
    outer loop
      vertex -0.372928 -0.493214 2.296591
      vertex -0.330352 -0.429494 2.296591
      vertex -0.390564 -0.404553 2.361764
    endloop
  endfacet
  facet normal -0.1392813253171533 -0.7002145072825524 0.700214507282554
    outer loop
      vertex -0.562033 -0.475578 2.361764
      vertex -0.511811 -0.550741 2.296591
      vertex -0.511811 -0.485568 2.361764
    endloop
  endfacet
  facet normal 0.13928132531715323 -0.7002145072825525 0.7002145072825539
    outer loop
      vertex -0.436648 -0.535790 2.296591
      vertex -0.461589 -0.475578 2.361764
      vertex -0.511811 -0.485568 2.361764
    endloop
  endfacet
  facet normal -0.07590088788047236 -0.3815795311289149 0.9212144791753946
    outer loop
      vertex -0.562033 -0.475578 2.361764
      vertex -0.511811 -0.485568 2.361764
      vertex -0.529447 -0.396907 2.397036
    endloop
  endfacet
  facet normal -0.0759008878804726 -0.38157953112891485 0.9212144791753946
    outer loop
      vertex -0.511811 -0.485568 2.361764
      vertex -0.511811 -0.400415 2.397036
      vertex -0.529447 -0.396907 2.397036
    endloop
  endfacet
  facet normal 0.07590088788047238 -0.38157953112891496 0.9212144791753946
    outer loop
      vertex -0.511811 -0.485568 2.361764
      vertex -0.461589 -0.475578 2.361764
      vertex -0.511811 -0.400415 2.397036
    endloop
  endfacet
  facet normal 0.21614744150487747 -0.3234875065416009 0.9212144791753946
    outer loop
      vertex -0.461589 -0.475578 2.361764
      vertex -0.419012 -0.447129 2.361764
      vertex -0.479224 -0.386917 2.397036
    endloop
  endfacet
  facet normal 0.07590088788047256 -0.38157953112891485 0.9212144791753945
    outer loop
      vertex -0.461589 -0.475578 2.361764
      vertex -0.494175 -0.396907 2.397036
      vertex -0.511811 -0.400415 2.397036
    endloop
  endfacet
  facet normal 0.21614744150487672 -0.323487506541601 0.9212144791753946
    outer loop
      vertex -0.461589 -0.475578 2.361764
      vertex -0.479224 -0.386917 2.397036
      vertex -0.494175 -0.396907 2.397036
    endloop
  endfacet
  facet normal 0.3966396567602818 -0.5936131960090985 0.7002145072825539
    outer loop
      vertex -0.436648 -0.535790 2.296591
      vertex -0.419012 -0.447129 2.361764
      vertex -0.461589 -0.475578 2.361764
    endloop
  endfacet
  facet normal 0.5936131960090979 -0.3966396567602813 0.7002145072825544
    outer loop
      vertex -0.372928 -0.493214 2.296591
      vertex -0.390564 -0.404553 2.361764
      vertex -0.419012 -0.447129 2.361764
    endloop
  endfacet
  facet normal 0.32348750654160074 -0.21614744150487733 0.9212144791753945
    outer loop
      vertex -0.419012 -0.447129 2.361764
      vertex -0.390564 -0.404553 2.361764
      vertex -0.469235 -0.371966 2.397036
    endloop
  endfacet
  facet normal 0.8314696123025452 -0.5555702330196022 0
    outer loop
      vertex -0.347987 -0.518154 2.165354
      vertex -0.297765 -0.442991 2.211439
      vertex -0.347987 -0.518154 2.211439
    endloop
  endfacet
  facet normal 0.8314696123025452 -0.5555702330196022 0
    outer loop
      vertex -0.347987 -0.518154 2.165354
      vertex -0.297765 -0.442991 2.165354
      vertex -0.297765 -0.442991 2.211439
    endloop
  endfacet
  facet normal 0.7703275794849855 -0.5147164328119481 0.37638067707860157
    outer loop
      vertex -0.372928 -0.493214 2.296591
      vertex -0.347987 -0.518154 2.211439
      vertex -0.297765 -0.442991 2.211439
    endloop
  endfacet
  facet normal 0.9807852804032303 -0.1950903220161283 0
    outer loop
      vertex -0.297765 -0.442991 2.165354
      vertex -0.280129 -0.354331 2.211439
      vertex -0.297765 -0.442991 2.211439
    endloop
  endfacet
  facet normal 0.9086633352183306 -0.18074437515937397 0.3763806770786024
    outer loop
      vertex -0.297765 -0.442991 2.211439
      vertex -0.280129 -0.354331 2.211439
      vertex -0.330352 -0.429494 2.296591
    endloop
  endfacet
  facet normal 0.770327579484986 -0.5147164328119471 0.37638067707860245
    outer loop
      vertex -0.372928 -0.493214 2.296591
      vertex -0.297765 -0.442991 2.211439
      vertex -0.330352 -0.429494 2.296591
    endloop
  endfacet
  facet normal -0.9807852804032305 -0.19509032201612792 0
    outer loop
      vertex -0.725857 -0.442991 2.211439
      vertex -0.743493 -0.354331 2.211439
      vertex -0.743493 -0.354331 2.165354
    endloop
  endfacet
  facet normal -0.9807852804032305 0.19509032201612792 0
    outer loop
      vertex -0.743493 -0.354331 2.165354
      vertex -0.743493 -0.354331 2.211439
      vertex -0.725857 -0.265670 2.165354
    endloop
  endfacet
  facet normal -0.9807852804032305 0.19509032201612792 0
    outer loop
      vertex -0.743493 -0.354331 2.211439
      vertex -0.725857 -0.265670 2.211439
      vertex -0.725857 -0.265670 2.165354
    endloop
  endfacet
  facet normal -0.32348750654160063 -0.21614744150487628 -0.9212144791753949
    outer loop
      vertex -0.603858 -0.446378 1.968504
      vertex -0.554387 -0.371966 1.933673
      vertex -0.544398 -0.386917 1.933673
    endloop
  endfacet
  facet normal -0.3815795311289143 -0.07590088788047249 -0.9212144791753949
    outer loop
      vertex -0.632076 -0.404146 1.968504
      vertex -0.557895 -0.354331 1.933673
      vertex -0.554387 -0.371966 1.933673
    endloop
  endfacet
  facet normal 0 0 -1
    outer loop
      vertex -0.554387 -0.371966 1.933673
      vertex -0.557895 -0.354331 1.933673
      vertex -0.554387 -0.336695 1.933673
    endloop
  endfacet
  facet normal 0 0 -1
    outer loop
      vertex -0.544398 -0.386917 1.933673
      vertex -0.554387 -0.371966 1.933673
      vertex -0.544398 -0.321744 1.933673
    endloop
  endfacet
  facet normal -0.3815795311289139 0.07590088788047243 -0.9212144791753948
    outer loop
      vertex -0.557895 -0.354331 1.933673
      vertex -0.641985 -0.354331 1.968504
      vertex -0.554387 -0.336695 1.933673
    endloop
  endfacet
  facet normal 0 0 -1
    outer loop
      vertex -0.554387 -0.371966 1.933673
      vertex -0.554387 -0.336695 1.933673
      vertex -0.544398 -0.321744 1.933673
    endloop
  endfacet
  facet normal -0.3234875065416006 0.21614744150487636 -0.9212144791753949
    outer loop
      vertex -0.554387 -0.336695 1.933673
      vertex -0.632076 -0.304515 1.968504
      vertex -0.544398 -0.321744 1.933673
    endloop
  endfacet
  facet normal -0.21614744150487641 0.3234875065416007 -0.9212144791753949
    outer loop
      vertex -0.544398 -0.321744 1.933673
      vertex -0.603858 -0.262284 1.968504
      vertex -0.529447 -0.311754 1.933673
    endloop
  endfacet
  facet normal 0 0 -1
    outer loop
      vertex -0.544398 -0.386917 1.933673
      vertex -0.529447 -0.311754 1.933673
      vertex -0.529447 -0.396907 1.933673
    endloop
  endfacet
  facet normal 0 0 -1
    outer loop
      vertex -0.529447 -0.396907 1.933673
      vertex -0.511811 -0.308246 1.933673
      vertex -0.511811 -0.400415 1.933673
    endloop
  endfacet
  facet normal 0 0 -1
    outer loop
      vertex -0.511811 -0.400415 1.933673
      vertex -0.494175 -0.311754 1.933673
      vertex -0.494175 -0.396907 1.933673
    endloop
  endfacet
  facet normal 0 0 -1
    outer loop
      vertex -0.494175 -0.396907 1.933673
      vertex -0.479224 -0.321744 1.933673
      vertex -0.479224 -0.386917 1.933673
    endloop
  endfacet
  facet normal 0 0 -1
    outer loop
      vertex -0.479224 -0.386917 1.933673
      vertex -0.469235 -0.336695 1.933673
      vertex -0.469235 -0.371966 1.933673
    endloop
  endfacet
  facet normal 0 0 -1
    outer loop
      vertex -0.469235 -0.371966 1.933673
      vertex -0.469235 -0.336695 1.933673
      vertex -0.465727 -0.354331 1.933673
    endloop
  endfacet
  facet normal 0 0 -1
    outer loop
      vertex -0.544398 -0.386917 1.933673
      vertex -0.544398 -0.321744 1.933673
      vertex -0.529447 -0.311754 1.933673
    endloop
  endfacet
  facet normal 0 0 -1
    outer loop
      vertex -0.529447 -0.396907 1.933673
      vertex -0.529447 -0.311754 1.933673
      vertex -0.511811 -0.308246 1.933673
    endloop
  endfacet
  facet normal 0 0 -1
    outer loop
      vertex -0.511811 -0.400415 1.933673
      vertex -0.511811 -0.308246 1.933673
      vertex -0.494175 -0.311754 1.933673
    endloop
  endfacet
  facet normal 0 0 -1
    outer loop
      vertex -0.494175 -0.396907 1.933673
      vertex -0.494175 -0.311754 1.933673
      vertex -0.479224 -0.321744 1.933673
    endloop
  endfacet
  facet normal 0 0 -1
    outer loop
      vertex -0.479224 -0.386917 1.933673
      vertex -0.479224 -0.321744 1.933673
      vertex -0.469235 -0.336695 1.933673
    endloop
  endfacet
  facet normal 0.3234875065416007 0.21614744150487641 -0.9212144791753949
    outer loop
      vertex -0.469235 -0.336695 1.933673
      vertex -0.479224 -0.321744 1.933673
      vertex -0.419764 -0.262284 1.968504
    endloop
  endfacet
  facet normal 0.3234875065416003 -0.21614744150487628 -0.9212144791753949
    outer loop
      vertex -0.391546 -0.404146 1.968504
      vertex -0.479224 -0.386917 1.933673
      vertex -0.469235 -0.371966 1.933673
    endloop
  endfacet
  facet normal 0.38157953112891424 -0.07590088788047249 -0.9212144791753948
    outer loop
      vertex -0.469235 -0.371966 1.933673
      vertex -0.465727 -0.354331 1.933673
      vertex -0.381637 -0.354331 1.968504
    endloop
  endfacet
  facet normal 0.38157953112891396 0.07590088788047245 -0.9212144791753949
    outer loop
      vertex -0.465727 -0.354331 1.933673
      vertex -0.469235 -0.336695 1.933673
      vertex -0.391546 -0.304515 1.968504
    endloop
  endfacet
  facet normal -0.07590088788047245 0.38157953112891396 -0.9212144791753949
    outer loop
      vertex -0.529447 -0.311754 1.933673
      vertex -0.561627 -0.234065 1.968504
      vertex -0.511811 -0.308246 1.933673
    endloop
  endfacet
  facet normal 0.07590088788047249 0.38157953112891424 -0.9212144791753948
    outer loop
      vertex -0.511811 -0.308246 1.933673
      vertex -0.511811 -0.224157 1.968504
      vertex -0.494175 -0.311754 1.933673
    endloop
  endfacet
  facet normal 0.21614744150487622 0.3234875065416004 -0.921214479175395
    outer loop
      vertex -0.494175 -0.311754 1.933673
      vertex -0.461996 -0.234065 1.968504
      vertex -0.479224 -0.321744 1.933673
    endloop
  endfacet
  facet normal -0.381579531128914 -0.07590088788047304 -0.921214479175395
    outer loop
      vertex -0.632076 -0.404146 1.968504
      vertex -0.641985 -0.354331 1.968504
      vertex -0.557895 -0.354331 1.933673
    endloop
  endfacet
  facet normal -0.381579531128914 0.07590088788047306 -0.9212144791753948
    outer loop
      vertex -0.554387 -0.336695 1.933673
      vertex -0.641985 -0.354331 1.968504
      vertex -0.632076 -0.304515 1.968504
    endloop
  endfacet
  facet normal -0.3234875065416005 0.21614744150487658 -0.9212144791753949
    outer loop
      vertex -0.544398 -0.321744 1.933673
      vertex -0.632076 -0.304515 1.968504
      vertex -0.603858 -0.262284 1.968504
    endloop
  endfacet
  facet normal -0.21614744150487677 0.3234875065416001 -0.921214479175395
    outer loop
      vertex -0.529447 -0.311754 1.933673
      vertex -0.603858 -0.262284 1.968504
      vertex -0.561627 -0.234065 1.968504
    endloop
  endfacet
  facet normal 0.38157953112891413 -0.07590088788047199 -0.9212144791753948
    outer loop
      vertex -0.391546 -0.404146 1.968504
      vertex -0.469235 -0.371966 1.933673
      vertex -0.381637 -0.354331 1.968504
    endloop
  endfacet
  facet normal 0.3815795311289143 0.07590088788047206 -0.9212144791753949
    outer loop
      vertex -0.465727 -0.354331 1.933673
      vertex -0.391546 -0.304515 1.968504
      vertex -0.381637 -0.354331 1.968504
    endloop
  endfacet
  facet normal 0.3234875065416001 0.21614744150487677 -0.921214479175395
    outer loop
      vertex -0.469235 -0.336695 1.933673
      vertex -0.419764 -0.262284 1.968504
      vertex -0.391546 -0.304515 1.968504
    endloop
  endfacet
  facet normal -0.07590088788047206 0.3815795311289143 -0.9212144791753949
    outer loop
      vertex -0.511811 -0.308246 1.933673
      vertex -0.561627 -0.234065 1.968504
      vertex -0.511811 -0.224157 1.968504
    endloop
  endfacet
  facet normal 0.21614744150487689 0.32348750654160013 -0.9212144791753948
    outer loop
      vertex -0.479224 -0.321744 1.933673
      vertex -0.461996 -0.234065 1.968504
      vertex -0.419764 -0.262284 1.968504
    endloop
  endfacet
  facet normal 0.07590088788047201 0.38157953112891413 -0.9212144791753948
    outer loop
      vertex -0.494175 -0.311754 1.933673
      vertex -0.511811 -0.224157 1.968504
      vertex -0.461996 -0.234065 1.968504
    endloop
  endfacet
  facet normal -0.9086633352183305 0.18074437515937358 0.3763806770786027
    outer loop
      vertex -0.743493 -0.354331 2.211439
      vertex -0.693270 -0.279168 2.296591
      vertex -0.725857 -0.265670 2.211439
    endloop
  endfacet
  facet normal -0.8314696123025451 0.5555702330196024 0
    outer loop
      vertex -0.725857 -0.265670 2.165354
      vertex -0.725857 -0.265670 2.211439
      vertex -0.675635 -0.190507 2.165354
    endloop
  endfacet
  facet normal -0.8314696123025451 0.5555702330196024 0
    outer loop
      vertex -0.725857 -0.265670 2.211439
      vertex -0.675635 -0.190507 2.211439
      vertex -0.675635 -0.190507 2.165354
    endloop
  endfacet
  facet normal -0.7703275794849854 0.5147164328119481 0.3763806770786018
    outer loop
      vertex -0.725857 -0.265670 2.211439
      vertex -0.650694 -0.215448 2.296591
      vertex -0.675635 -0.190507 2.211439
    endloop
  endfacet
  facet normal -0.9086633352183305 -0.1807443751593735 0.3763806770786028
    outer loop
      vertex -0.693270 -0.429494 2.296591
      vertex -0.708221 -0.354331 2.296591
      vertex -0.743493 -0.354331 2.211439
    endloop
  endfacet
  facet normal -0.7002145072825532 -0.13928132531715312 0.7002145072825532
    outer loop
      vertex -0.693270 -0.429494 2.296591
      vertex -0.643048 -0.354331 2.361764
      vertex -0.708221 -0.354331 2.296591
    endloop
  endfacet
  facet normal -0.9086633352183305 0.18074437515937347 0.37638067707860284
    outer loop
      vertex -0.743493 -0.354331 2.211439
      vertex -0.708221 -0.354331 2.296591
      vertex -0.693270 -0.279168 2.296591
    endloop
  endfacet
  facet normal -0.7002145072825532 0.13928132531715312 0.7002145072825532
    outer loop
      vertex -0.708221 -0.354331 2.296591
      vertex -0.643048 -0.354331 2.361764
      vertex -0.693270 -0.279168 2.296591
    endloop
  endfacet
  facet normal -0.7002145072825529 -0.13928132531715343 0.7002145072825533
    outer loop
      vertex -0.693270 -0.429494 2.296591
      vertex -0.633058 -0.404553 2.361764
      vertex -0.643048 -0.354331 2.361764
    endloop
  endfacet
  facet normal -0.7002145072825531 0.13928132531715331 0.7002145072825534
    outer loop
      vertex -0.643048 -0.354331 2.361764
      vertex -0.633058 -0.304108 2.361764
      vertex -0.693270 -0.279168 2.296591
    endloop
  endfacet
  facet normal -0.38157953112891463 -0.0759008878804723 0.9212144791753947
    outer loop
      vertex -0.633058 -0.404553 2.361764
      vertex -0.557895 -0.354331 2.397036
      vertex -0.643048 -0.354331 2.361764
    endloop
  endfacet
  facet normal -0.32348750654160136 -0.2161474415048767 0.9212144791753945
    outer loop
      vertex -0.604610 -0.447129 2.361764
      vertex -0.544398 -0.386917 2.397036
      vertex -0.554387 -0.371966 2.397036
    endloop
  endfacet
  facet normal -0.38157953112891463 -0.07590088788047251 0.9212144791753948
    outer loop
      vertex -0.633058 -0.404553 2.361764
      vertex -0.554387 -0.371966 2.397036
      vertex -0.557895 -0.354331 2.397036
    endloop
  endfacet
  facet normal 0 0 1
    outer loop
      vertex -0.544398 -0.386917 2.397036
      vertex -0.554387 -0.336695 2.397036
      vertex -0.554387 -0.371966 2.397036
    endloop
  endfacet
  facet normal 0 0 1
    outer loop
      vertex -0.554387 -0.371966 2.397036
      vertex -0.554387 -0.336695 2.397036
      vertex -0.557895 -0.354331 2.397036
    endloop
  endfacet
  facet normal -0.38157953112891463 0.07590088788047226 0.9212144791753947
    outer loop
      vertex -0.643048 -0.354331 2.361764
      vertex -0.557895 -0.354331 2.397036
      vertex -0.633058 -0.304108 2.361764
    endloop
  endfacet
  facet normal -0.32348750654160036 0.21614744150487764 0.9212144791753948
    outer loop
      vertex -0.633058 -0.304108 2.361764
      vertex -0.554387 -0.336695 2.397036
      vertex -0.604610 -0.261532 2.361764
    endloop
  endfacet
  facet normal -0.3815795311289144 0.07590088788047251 0.9212144791753948
    outer loop
      vertex -0.633058 -0.304108 2.361764
      vertex -0.557895 -0.354331 2.397036
      vertex -0.554387 -0.336695 2.397036
    endloop
  endfacet
  facet normal 0 0 1
    outer loop
      vertex -0.544398 -0.386917 2.397036
      vertex -0.544398 -0.321744 2.397036
      vertex -0.554387 -0.336695 2.397036
    endloop
  endfacet
  facet normal -0.3234875065416013 0.21614744150487686 0.9212144791753945
    outer loop
      vertex -0.554387 -0.336695 2.397036
      vertex -0.544398 -0.321744 2.397036
      vertex -0.604610 -0.261532 2.361764
    endloop
  endfacet
  facet normal -0.7703275794849855 0.5147164328119471 0.3763806770786026
    outer loop
      vertex -0.725857 -0.265670 2.211439
      vertex -0.693270 -0.279168 2.296591
      vertex -0.650694 -0.215448 2.296591
    endloop
  endfacet
  facet normal -0.5936131960090993 0.3966396567602811 0.7002145072825535
    outer loop
      vertex -0.633058 -0.304108 2.361764
      vertex -0.650694 -0.215448 2.296591
      vertex -0.693270 -0.279168 2.296591
    endloop
  endfacet
  facet normal -0.39663965676028107 0.5936131960090987 0.7002145072825541
    outer loop
      vertex -0.650694 -0.215448 2.296591
      vertex -0.604610 -0.261532 2.361764
      vertex -0.586974 -0.172871 2.296591
    endloop
  endfacet
  facet normal -0.1392813253171532 0.7002145072825524 0.700214507282554
    outer loop
      vertex -0.562033 -0.233083 2.361764
      vertex -0.511811 -0.157921 2.296591
      vertex -0.586974 -0.172871 2.296591
    endloop
  endfacet
  facet normal -0.5936131960090975 0.396639656760282 0.7002145072825543
    outer loop
      vertex -0.633058 -0.304108 2.361764
      vertex -0.604610 -0.261532 2.361764
      vertex -0.650694 -0.215448 2.296591
    endloop
  endfacet
  facet normal -0.2161474415048772 0.3234875065416009 0.9212144791753946
    outer loop
      vertex -0.544398 -0.321744 2.397036
      vertex -0.562033 -0.233083 2.361764
      vertex -0.604610 -0.261532 2.361764
    endloop
  endfacet
  facet normal -0.21614744150487666 0.323487506541601 0.9212144791753947
    outer loop
      vertex -0.544398 -0.321744 2.397036
      vertex -0.529447 -0.311754 2.397036
      vertex -0.562033 -0.233083 2.361764
    endloop
  endfacet
  facet normal -0.3966396567602813 0.5936131960090986 0.700214507282554
    outer loop
      vertex -0.604610 -0.261532 2.361764
      vertex -0.562033 -0.233083 2.361764
      vertex -0.586974 -0.172871 2.296591
    endloop
  endfacet
  facet normal 0 0 1
    outer loop
      vertex -0.544398 -0.386917 2.397036
      vertex -0.529447 -0.396907 2.397036
      vertex -0.544398 -0.321744 2.397036
    endloop
  endfacet
  facet normal 0 0 1
    outer loop
      vertex -0.529447 -0.396907 2.397036
      vertex -0.511811 -0.400415 2.397036
      vertex -0.529447 -0.311754 2.397036
    endloop
  endfacet
  facet normal 0 0 1
    outer loop
      vertex -0.511811 -0.400415 2.397036
      vertex -0.494175 -0.396907 2.397036
      vertex -0.511811 -0.308246 2.397036
    endloop
  endfacet
  facet normal 0.32348750654160136 -0.2161474415048767 0.9212144791753945
    outer loop
      vertex -0.419012 -0.447129 2.361764
      vertex -0.469235 -0.371966 2.397036
      vertex -0.479224 -0.386917 2.397036
    endloop
  endfacet
  facet normal 0 0 1
    outer loop
      vertex -0.494175 -0.396907 2.397036
      vertex -0.479224 -0.386917 2.397036
      vertex -0.494175 -0.311754 2.397036
    endloop
  endfacet
  facet normal 0 0 1
    outer loop
      vertex -0.479224 -0.386917 2.397036
      vertex -0.469235 -0.371966 2.397036
      vertex -0.479224 -0.321744 2.397036
    endloop
  endfacet
  facet normal 0 0 1
    outer loop
      vertex -0.469235 -0.371966 2.397036
      vertex -0.465727 -0.354331 2.397036
      vertex -0.469235 -0.336695 2.397036
    endloop
  endfacet
  facet normal 0 0 1
    outer loop
      vertex -0.544398 -0.321744 2.397036
      vertex -0.529447 -0.396907 2.397036
      vertex -0.529447 -0.311754 2.397036
    endloop
  endfacet
  facet normal 0 0 1
    outer loop
      vertex -0.511811 -0.400415 2.397036
      vertex -0.511811 -0.308246 2.397036
      vertex -0.529447 -0.311754 2.397036
    endloop
  endfacet
  facet normal 0 0 1
    outer loop
      vertex -0.494175 -0.396907 2.397036
      vertex -0.494175 -0.311754 2.397036
      vertex -0.511811 -0.308246 2.397036
    endloop
  endfacet
  facet normal 0 0 1
    outer loop
      vertex -0.479224 -0.386917 2.397036
      vertex -0.479224 -0.321744 2.397036
      vertex -0.494175 -0.311754 2.397036
    endloop
  endfacet
  facet normal 0 0 1
    outer loop
      vertex -0.469235 -0.371966 2.397036
      vertex -0.469235 -0.336695 2.397036
      vertex -0.479224 -0.321744 2.397036
    endloop
  endfacet
  facet normal 0.3234875065416013 0.21614744150487686 0.9212144791753945
    outer loop
      vertex -0.469235 -0.336695 2.397036
      vertex -0.419012 -0.261532 2.361764
      vertex -0.479224 -0.321744 2.397036
    endloop
  endfacet
  facet normal 0.7002145072825526 -0.13928132531715331 0.7002145072825536
    outer loop
      vertex -0.390564 -0.404553 2.361764
      vertex -0.330352 -0.429494 2.296591
      vertex -0.380574 -0.354331 2.361764
    endloop
  endfacet
  facet normal 0.38157953112891485 -0.07590088788047256 0.9212144791753945
    outer loop
      vertex -0.390564 -0.404553 2.361764
      vertex -0.465727 -0.354331 2.397036
      vertex -0.469235 -0.371966 2.397036
    endloop
  endfacet
  facet normal 0.3815795311289149 -0.07590088788047236 0.9212144791753946
    outer loop
      vertex -0.390564 -0.404553 2.361764
      vertex -0.380574 -0.354331 2.361764
      vertex -0.465727 -0.354331 2.397036
    endloop
  endfacet
  facet normal 0.7002145072825526 0.13928132531715323 0.7002145072825537
    outer loop
      vertex -0.380574 -0.354331 2.361764
      vertex -0.330352 -0.279168 2.296591
      vertex -0.390564 -0.304108 2.361764
    endloop
  endfacet
  facet normal 0.3815795311289149 0.07590088788047233 0.9212144791753947
    outer loop
      vertex -0.465727 -0.354331 2.397036
      vertex -0.380574 -0.354331 2.361764
      vertex -0.390564 -0.304108 2.361764
    endloop
  endfacet
  facet normal 0.38157953112891474 0.07590088788047258 0.9212144791753946
    outer loop
      vertex -0.465727 -0.354331 2.397036
      vertex -0.390564 -0.304108 2.361764
      vertex -0.469235 -0.336695 2.397036
    endloop
  endfacet
  facet normal 0.32348750654160074 0.2161474415048773 0.9212144791753947
    outer loop
      vertex -0.469235 -0.336695 2.397036
      vertex -0.390564 -0.304108 2.361764
      vertex -0.419012 -0.261532 2.361764
    endloop
  endfacet
  facet normal 0.1392813253171532 0.7002145072825524 0.700214507282554
    outer loop
      vertex -0.461589 -0.233083 2.361764
      vertex -0.436648 -0.172871 2.296591
      vertex -0.511811 -0.157921 2.296591
    endloop
  endfacet
  facet normal 0.593613196009099 0.3966396567602809 0.7002145072825537
    outer loop
      vertex -0.390564 -0.304108 2.361764
      vertex -0.330352 -0.279168 2.296591
      vertex -0.372928 -0.215448 2.296591
    endloop
  endfacet
  facet normal 0.39663965676028107 0.5936131960090987 0.7002145072825541
    outer loop
      vertex -0.372928 -0.215448 2.296591
      vertex -0.436648 -0.172871 2.296591
      vertex -0.419012 -0.261532 2.361764
    endloop
  endfacet
  facet normal -0.07590088788047263 0.38157953112891485 0.9212144791753946
    outer loop
      vertex -0.529447 -0.311754 2.397036
      vertex -0.511811 -0.308246 2.397036
      vertex -0.511811 -0.223094 2.361764
    endloop
  endfacet
  facet normal 0.07590088788047263 0.38157953112891485 0.9212144791753946
    outer loop
      vertex -0.511811 -0.308246 2.397036
      vertex -0.494175 -0.311754 2.397036
      vertex -0.511811 -0.223094 2.361764
    endloop
  endfacet
  facet normal -0.07590088788047236 0.3815795311289149 0.9212144791753946
    outer loop
      vertex -0.562033 -0.233083 2.361764
      vertex -0.529447 -0.311754 2.397036
      vertex -0.511811 -0.223094 2.361764
    endloop
  endfacet
  facet normal 0.2161474415048772 0.3234875065416009 0.9212144791753946
    outer loop
      vertex -0.479224 -0.321744 2.397036
      vertex -0.419012 -0.261532 2.361764
      vertex -0.461589 -0.233083 2.361764
    endloop
  endfacet
  facet normal 0.21614744150487666 0.323487506541601 0.9212144791753946
    outer loop
      vertex -0.494175 -0.311754 2.397036
      vertex -0.479224 -0.321744 2.397036
      vertex -0.461589 -0.233083 2.361764
    endloop
  endfacet
  facet normal 0.07590088788047238 0.38157953112891485 0.9212144791753946
    outer loop
      vertex -0.494175 -0.311754 2.397036
      vertex -0.461589 -0.233083 2.361764
      vertex -0.511811 -0.223094 2.361764
    endloop
  endfacet
  facet normal -0.1392813253171533 0.7002145072825524 0.700214507282554
    outer loop
      vertex -0.562033 -0.233083 2.361764
      vertex -0.511811 -0.223094 2.361764
      vertex -0.511811 -0.157921 2.296591
    endloop
  endfacet
  facet normal 0.1392813253171533 0.7002145072825524 0.700214507282554
    outer loop
      vertex -0.511811 -0.223094 2.361764
      vertex -0.461589 -0.233083 2.361764
      vertex -0.511811 -0.157921 2.296591
    endloop
  endfacet
  facet normal 0.5936131960090981 0.3966396567602815 0.7002145072825543
    outer loop
      vertex -0.390564 -0.304108 2.361764
      vertex -0.372928 -0.215448 2.296591
      vertex -0.419012 -0.261532 2.361764
    endloop
  endfacet
  facet normal 0.3966396567602813 0.5936131960090986 0.700214507282554
    outer loop
      vertex -0.461589 -0.233083 2.361764
      vertex -0.419012 -0.261532 2.361764
      vertex -0.436648 -0.172871 2.296591
    endloop
  endfacet
  facet normal -0.5555702330196021 0.8314696123025455 0
    outer loop
      vertex -0.675635 -0.190507 2.165354
      vertex -0.675635 -0.190507 2.211439
      vertex -0.600472 -0.140285 2.165354
    endloop
  endfacet
  facet normal -0.5147164328119479 0.7703275794849855 0.37638067707860207
    outer loop
      vertex -0.675635 -0.190507 2.211439
      vertex -0.650694 -0.215448 2.296591
      vertex -0.600472 -0.140285 2.211439
    endloop
  endfacet
  facet normal -0.5555702330196021 0.8314696123025455 0
    outer loop
      vertex -0.675635 -0.190507 2.211439
      vertex -0.600472 -0.140285 2.211439
      vertex -0.600472 -0.140285 2.165354
    endloop
  endfacet
  facet normal -0.1950903220161283 0.9807852804032303 0
    outer loop
      vertex -0.600472 -0.140285 2.165354
      vertex -0.600472 -0.140285 2.211439
      vertex -0.511811 -0.122649 2.165354
    endloop
  endfacet
  facet normal -0.180744375159374 0.9086633352183308 0.37638067707860207
    outer loop
      vertex -0.600472 -0.140285 2.211439
      vertex -0.586974 -0.172871 2.296591
      vertex -0.511811 -0.122649 2.211439
    endloop
  endfacet
  facet normal 0.1950903220161283 0.9807852804032303 0
    outer loop
      vertex -0.423150 -0.140285 2.165354
      vertex -0.511811 -0.122649 2.211439
      vertex -0.423150 -0.140285 2.211439
    endloop
  endfacet
  facet normal 0.180744375159374 0.9086633352183308 0.3763806770786021
    outer loop
      vertex -0.511811 -0.122649 2.211439
      vertex -0.436648 -0.172871 2.296591
      vertex -0.423150 -0.140285 2.211439
    endloop
  endfacet
  facet normal -0.1950903220161283 0.9807852804032303 0
    outer loop
      vertex -0.600472 -0.140285 2.211439
      vertex -0.511811 -0.122649 2.211439
      vertex -0.511811 -0.122649 2.165354
    endloop
  endfacet
  facet normal 0.1950903220161283 0.9807852804032303 0
    outer loop
      vertex -0.511811 -0.122649 2.165354
      vertex -0.511811 -0.122649 2.211439
      vertex -0.423150 -0.140285 2.165354
    endloop
  endfacet
  facet normal 0.5555702330196021 0.8314696123025455 0
    outer loop
      vertex -0.423150 -0.140285 2.211439
      vertex -0.347987 -0.190507 2.211439
      vertex -0.347987 -0.190507 2.165354
    endloop
  endfacet
  facet normal 0.5555702330196021 0.8314696123025455 0
    outer loop
      vertex -0.423150 -0.140285 2.165354
      vertex -0.423150 -0.140285 2.211439
      vertex -0.347987 -0.190507 2.165354
    endloop
  endfacet
  facet normal 0.5147164328119478 0.7703275794849855 0.37638067707860207
    outer loop
      vertex -0.372928 -0.215448 2.296591
      vertex -0.347987 -0.190507 2.211439
      vertex -0.423150 -0.140285 2.211439
    endloop
  endfacet
  facet normal -0.5147164328119478 0.7703275794849856 0.3763806770786021
    outer loop
      vertex -0.650694 -0.215448 2.296591
      vertex -0.586974 -0.172871 2.296591
      vertex -0.600472 -0.140285 2.211439
    endloop
  endfacet
  facet normal -0.180744375159374 0.9086633352183308 0.3763806770786021
    outer loop
      vertex -0.511811 -0.122649 2.211439
      vertex -0.586974 -0.172871 2.296591
      vertex -0.511811 -0.157921 2.296591
    endloop
  endfacet
  facet normal 0.180744375159374 0.9086633352183308 0.3763806770786021
    outer loop
      vertex -0.511811 -0.122649 2.211439
      vertex -0.511811 -0.157921 2.296591
      vertex -0.436648 -0.172871 2.296591
    endloop
  endfacet
  facet normal 0.5147164328119478 0.7703275794849856 0.3763806770786021
    outer loop
      vertex -0.372928 -0.215448 2.296591
      vertex -0.423150 -0.140285 2.211439
      vertex -0.436648 -0.172871 2.296591
    endloop
  endfacet
  facet normal 0.9807852804032303 -0.1950903220161283 0
    outer loop
      vertex -0.297765 -0.442991 2.165354
      vertex -0.280129 -0.354331 2.165354
      vertex -0.280129 -0.354331 2.211439
    endloop
  endfacet
  facet normal 0.9807852804032303 0.1950903220161283 0
    outer loop
      vertex -0.280129 -0.354331 2.165354
      vertex -0.297765 -0.265670 2.211439
      vertex -0.280129 -0.354331 2.211439
    endloop
  endfacet
  facet normal 0.9807852804032303 0.1950903220161283 0
    outer loop
      vertex -0.280129 -0.354331 2.165354
      vertex -0.297765 -0.265670 2.165354
      vertex -0.297765 -0.265670 2.211439
    endloop
  endfacet
  facet normal 0.9086633352183306 0.18074437515937397 0.3763806770786024
    outer loop
      vertex -0.280129 -0.354331 2.211439
      vertex -0.297765 -0.265670 2.211439
      vertex -0.330352 -0.279168 2.296591
    endloop
  endfacet
  facet normal 0.8314696123025453 0.5555702330196022 0
    outer loop
      vertex -0.297765 -0.265670 2.165354
      vertex -0.347987 -0.190507 2.211439
      vertex -0.297765 -0.265670 2.211439
    endloop
  endfacet
  facet normal 0.8314696123025453 0.5555702330196022 0
    outer loop
      vertex -0.297765 -0.265670 2.165354
      vertex -0.347987 -0.190507 2.165354
      vertex -0.347987 -0.190507 2.211439
    endloop
  endfacet
  facet normal 0.7703275794849856 0.5147164328119479 0.37638067707860184
    outer loop
      vertex -0.372928 -0.215448 2.296591
      vertex -0.297765 -0.265670 2.211439
      vertex -0.347987 -0.190507 2.211439
    endloop
  endfacet
  facet normal 0.9086633352183308 -0.1807443751593744 0.3763806770786021
    outer loop
      vertex -0.330352 -0.429494 2.296591
      vertex -0.280129 -0.354331 2.211439
      vertex -0.315401 -0.354331 2.296591
    endloop
  endfacet
  facet normal 0.7002145072825522 -0.13928132531715356 0.7002145072825537
    outer loop
      vertex -0.330352 -0.429494 2.296591
      vertex -0.315401 -0.354331 2.296591
      vertex -0.380574 -0.354331 2.361764
    endloop
  endfacet
  facet normal 0.9086633352183308 0.1807443751593744 0.3763806770786021
    outer loop
      vertex -0.280129 -0.354331 2.211439
      vertex -0.330352 -0.279168 2.296591
      vertex -0.315401 -0.354331 2.296591
    endloop
  endfacet
  facet normal 0.7002145072825522 0.13928132531715356 0.7002145072825537
    outer loop
      vertex -0.380574 -0.354331 2.361764
      vertex -0.315401 -0.354331 2.296591
      vertex -0.330352 -0.279168 2.296591
    endloop
  endfacet
  facet normal 0.7703275794849856 0.5147164328119472 0.3763806770786024
    outer loop
      vertex -0.372928 -0.215448 2.296591
      vertex -0.330352 -0.279168 2.296591
      vertex -0.297765 -0.265670 2.211439
    endloop
  endfacet
  facet normal -0.7071067811865475 -0.7071067811865475 0
    outer loop
      vertex 0.176114 -0.545437 1.968504
      vertex 0.123854 -0.493178 2.165354
      vertex 0.123854 -0.493178 1.968504
    endloop
  endfacet
  facet normal -0.8910065241883679 -0.4539904997395466 0
    outer loop
      vertex 0.090302 -0.427327 1.968504
      vertex 0.123854 -0.493178 1.968504
      vertex 0.090302 -0.427327 2.165354
    endloop
  endfacet
  facet normal 0 0 -1
    outer loop
      vertex 0.176114 -0.545437 1.968504
      vertex 0.265145 -0.474596 1.968504
      vertex 0.241964 -0.578990 1.968504
    endloop
  endfacet
  facet normal 0 0 -1
    outer loop
      vertex 0.241964 -0.578990 1.968504
      vertex 0.314961 -0.484505 1.968504
      vertex 0.314961 -0.590551 1.968504
    endloop
  endfacet
  facet normal 0 0 -1
    outer loop
      vertex 0.241964 -0.578990 1.968504
      vertex 0.265145 -0.474596 1.968504
      vertex 0.314961 -0.484505 1.968504
    endloop
  endfacet
  facet normal 0 0 -1
    outer loop
      vertex 0.314961 -0.590551 1.968504
      vertex 0.364776 -0.474596 1.968504
      vertex 0.387957 -0.578990 1.968504
    endloop
  endfacet
  facet normal 0 0 -1
    outer loop
      vertex 0.314961 -0.590551 1.968504
      vertex 0.314961 -0.484505 1.968504
      vertex 0.364776 -0.474596 1.968504
    endloop
  endfacet
  facet normal -0.4539904997395471 -0.8910065241883679 0
    outer loop
      vertex 0.176114 -0.545437 1.968504
      vertex 0.241964 -0.578990 1.968504
      vertex 0.241964 -0.578990 2.165354
    endloop
  endfacet
  facet normal -0.15643446504023065 -0.9876883405951378 0
    outer loop
      vertex 0.241964 -0.578990 1.968504
      vertex 0.314961 -0.590551 1.968504
      vertex 0.314961 -0.590551 2.165354
    endloop
  endfacet
  facet normal 0 0 -1
    outer loop
      vertex 0.176114 -0.545437 1.968504
      vertex 0.222914 -0.446378 1.968504
      vertex 0.265145 -0.474596 1.968504
    endloop
  endfacet
  facet normal 0 0 -1
    outer loop
      vertex 0.176114 -0.545437 1.968504
      vertex 0.194695 -0.404146 1.968504
      vertex 0.222914 -0.446378 1.968504
    endloop
  endfacet
  facet normal 0 0 -1
    outer loop
      vertex 0.176114 -0.545437 1.968504
      vertex 0.184786 -0.354331 1.968504
      vertex 0.194695 -0.404146 1.968504
    endloop
  endfacet
  facet normal 0.15643446504023065 -0.9876883405951378 0
    outer loop
      vertex 0.314961 -0.590551 1.968504
      vertex 0.387957 -0.578990 1.968504
      vertex 0.387957 -0.578990 2.165354
    endloop
  endfacet
  facet normal 0.4539904997395471 -0.8910065241883679 0
    outer loop
      vertex 0.387957 -0.578990 1.968504
      vertex 0.453808 -0.545437 1.968504
      vertex 0.453808 -0.545437 2.165354
    endloop
  endfacet
  facet normal 0.7071067811865475 -0.7071067811865475 0
    outer loop
      vertex 0.453808 -0.545437 1.968504
      vertex 0.506067 -0.493178 1.968504
      vertex 0.453808 -0.545437 2.165354
    endloop
  endfacet
  facet normal 0 0 -1
    outer loop
      vertex 0.387957 -0.578990 1.968504
      vertex 0.364776 -0.474596 1.968504
      vertex 0.407008 -0.446378 1.968504
    endloop
  endfacet
  facet normal 0 0 -1
    outer loop
      vertex 0.387957 -0.578990 1.968504
      vertex 0.435226 -0.404146 1.968504
      vertex 0.453808 -0.545437 1.968504
    endloop
  endfacet
  facet normal 0 0 -1
    outer loop
      vertex 0.387957 -0.578990 1.968504
      vertex 0.407008 -0.446378 1.968504
      vertex 0.435226 -0.404146 1.968504
    endloop
  endfacet
  facet normal 0 0 -1
    outer loop
      vertex 0.453808 -0.545437 1.968504
      vertex 0.435226 -0.404146 1.968504
      vertex 0.445135 -0.354331 1.968504
    endloop
  endfacet
  facet normal 0 0 -1
    outer loop
      vertex 0.453808 -0.545437 1.968504
      vertex 0.506067 -0.215484 1.968504
      vertex 0.506067 -0.493178 1.968504
    endloop
  endfacet
  facet normal 0.8910065241883679 -0.4539904997395471 0
    outer loop
      vertex 0.506067 -0.493178 1.968504
      vertex 0.539620 -0.427327 1.968504
      vertex 0.506067 -0.493178 2.165354
    endloop
  endfacet
  facet normal -0.7071067811865475 -0.7071067811865475 0
    outer loop
      vertex 0.176114 -0.545437 1.968504
      vertex 0.176114 -0.545437 2.165354
      vertex 0.123854 -0.493178 2.165354
    endloop
  endfacet
  facet normal 0 0 1
    outer loop
      vertex 0.176114 -0.545437 2.165354
      vertex 0.151137 -0.518154 2.165354
      vertex 0.123854 -0.493178 2.165354
    endloop
  endfacet
  facet normal -0.8910065241883679 -0.4539904997395466 0
    outer loop
      vertex 0.123854 -0.493178 1.968504
      vertex 0.123854 -0.493178 2.165354
      vertex 0.090302 -0.427327 2.165354
    endloop
  endfacet
  facet normal 0 0 1
    outer loop
      vertex 0.151137 -0.518154 2.165354
      vertex 0.100915 -0.442991 2.165354
      vertex 0.123854 -0.493178 2.165354
    endloop
  endfacet
  facet normal 0 0 1
    outer loop
      vertex 0.090302 -0.427327 2.165354
      vertex 0.123854 -0.493178 2.165354
      vertex 0.100915 -0.442991 2.165354
    endloop
  endfacet
  facet normal 0 0 1
    outer loop
      vertex 0.090302 -0.427327 2.165354
      vertex 0.100915 -0.442991 2.165354
      vertex 0.083279 -0.354331 2.165354
    endloop
  endfacet
  facet normal -0.15643446504023065 -0.9876883405951378 0
    outer loop
      vertex 0.241964 -0.578990 1.968504
      vertex 0.314961 -0.590551 2.165354
      vertex 0.241964 -0.578990 2.165354
    endloop
  endfacet
  facet normal 0 0 1
    outer loop
      vertex 0.226300 -0.568377 2.165354
      vertex 0.241964 -0.578990 2.165354
      vertex 0.314961 -0.590551 2.165354
    endloop
  endfacet
  facet normal -0.4539904997395471 -0.8910065241883679 0
    outer loop
      vertex 0.176114 -0.545437 1.968504
      vertex 0.241964 -0.578990 2.165354
      vertex 0.176114 -0.545437 2.165354
    endloop
  endfacet
  facet normal 0 0 1
    outer loop
      vertex 0.176114 -0.545437 2.165354
      vertex 0.226300 -0.568377 2.165354
      vertex 0.151137 -0.518154 2.165354
    endloop
  endfacet
  facet normal 0 0 1
    outer loop
      vertex 0.176114 -0.545437 2.165354
      vertex 0.241964 -0.578990 2.165354
      vertex 0.226300 -0.568377 2.165354
    endloop
  endfacet
  facet normal 0.15643446504023065 -0.9876883405951378 0
    outer loop
      vertex 0.314961 -0.590551 1.968504
      vertex 0.387957 -0.578990 2.165354
      vertex 0.314961 -0.590551 2.165354
    endloop
  endfacet
  facet normal 0 0 1
    outer loop
      vertex 0.226300 -0.568377 2.165354
      vertex 0.314961 -0.590551 2.165354
      vertex 0.314961 -0.586012 2.165354
    endloop
  endfacet
  facet normal 0 0 1
    outer loop
      vertex 0.314961 -0.590551 2.165354
      vertex 0.387957 -0.578990 2.165354
      vertex 0.314961 -0.586012 2.165354
    endloop
  endfacet
  facet normal 0.4539904997395471 -0.8910065241883679 0
    outer loop
      vertex 0.387957 -0.578990 1.968504
      vertex 0.453808 -0.545437 2.165354
      vertex 0.387957 -0.578990 2.165354
    endloop
  endfacet
  facet normal 0 0 1
    outer loop
      vertex 0.314961 -0.586012 2.165354
      vertex 0.387957 -0.578990 2.165354
      vertex 0.403621 -0.568377 2.165354
    endloop
  endfacet
  facet normal 0 0 1
    outer loop
      vertex 0.387957 -0.578990 2.165354
      vertex 0.453808 -0.545437 2.165354
      vertex 0.403621 -0.568377 2.165354
    endloop
  endfacet
  facet normal 0 0 1
    outer loop
      vertex 0.403621 -0.568377 2.165354
      vertex 0.453808 -0.545437 2.165354
      vertex 0.478784 -0.518154 2.165354
    endloop
  endfacet
  facet normal 0 0 1
    outer loop
      vertex 0.453808 -0.545437 2.165354
      vertex 0.506067 -0.493178 2.165354
      vertex 0.478784 -0.518154 2.165354
    endloop
  endfacet
  facet normal 0.7071067811865475 -0.7071067811865475 0
    outer loop
      vertex 0.506067 -0.493178 1.968504
      vertex 0.506067 -0.493178 2.165354
      vertex 0.453808 -0.545437 2.165354
    endloop
  endfacet
  facet normal 0 0 1
    outer loop
      vertex 0.478784 -0.518154 2.165354
      vertex 0.506067 -0.493178 2.165354
      vertex 0.529006 -0.442991 2.165354
    endloop
  endfacet
  facet normal 0.8910065241883679 -0.4539904997395471 0
    outer loop
      vertex 0.539620 -0.427327 1.968504
      vertex 0.539620 -0.427327 2.165354
      vertex 0.506067 -0.493178 2.165354
    endloop
  endfacet
  facet normal 0 0 1
    outer loop
      vertex 0.506067 -0.493178 2.165354
      vertex 0.539620 -0.427327 2.165354
      vertex 0.529006 -0.442991 2.165354
    endloop
  endfacet
  facet normal 0 0 1
    outer loop
      vertex 0.529006 -0.442991 2.165354
      vertex 0.539620 -0.427327 2.165354
      vertex 0.551181 -0.354331 2.165354
    endloop
  endfacet
  facet normal 0 0 -1
    outer loop
      vertex 0.090302 -0.427327 1.968504
      vertex 0.078740 -0.354331 1.968504
      vertex 0.090302 -0.281335 1.968504
    endloop
  endfacet
  facet normal 0 0 -1
    outer loop
      vertex 0.090302 -0.427327 1.968504
      vertex 0.123854 -0.215484 1.968504
      vertex 0.123854 -0.493178 1.968504
    endloop
  endfacet
  facet normal 0 0 -1
    outer loop
      vertex 0.176114 -0.545437 1.968504
      vertex 0.123854 -0.493178 1.968504
      vertex 0.176114 -0.163224 1.968504
    endloop
  endfacet
  facet normal 0 0 -1
    outer loop
      vertex 0.176114 -0.545437 1.968504
      vertex 0.176114 -0.163224 1.968504
      vertex 0.184786 -0.354331 1.968504
    endloop
  endfacet
  facet normal 0 0 -1
    outer loop
      vertex 0.090302 -0.427327 1.968504
      vertex 0.090302 -0.281335 1.968504
      vertex 0.123854 -0.215484 1.968504
    endloop
  endfacet
  facet normal -0.9876883405951378 -0.15643446504023112 0
    outer loop
      vertex 0.090302 -0.427327 1.968504
      vertex 0.078740 -0.354331 2.165354
      vertex 0.078740 -0.354331 1.968504
    endloop
  endfacet
  facet normal -0.9876883405951378 0.15643446504023112 0
    outer loop
      vertex 0.078740 -0.354331 1.968504
      vertex 0.090302 -0.281335 2.165354
      vertex 0.090302 -0.281335 1.968504
    endloop
  endfacet
  facet normal 0 0 -1
    outer loop
      vertex 0.123854 -0.493178 1.968504
      vertex 0.123854 -0.215484 1.968504
      vertex 0.176114 -0.163224 1.968504
    endloop
  endfacet
  facet normal -0.8910065241883679 0.4539904997395466 0
    outer loop
      vertex 0.090302 -0.281335 1.968504
      vertex 0.123854 -0.215484 2.165354
      vertex 0.123854 -0.215484 1.968504
    endloop
  endfacet
  facet normal 0 0 -1
    outer loop
      vertex 0.184786 -0.354331 1.968504
      vertex 0.176114 -0.163224 1.968504
      vertex 0.194695 -0.304515 1.968504
    endloop
  endfacet
  facet normal 0 0 -1
    outer loop
      vertex 0.194695 -0.304515 1.968504
      vertex 0.241964 -0.129672 1.968504
      vertex 0.222914 -0.262284 1.968504
    endloop
  endfacet
  facet normal 0 0 -1
    outer loop
      vertex 0.194695 -0.304515 1.968504
      vertex 0.176114 -0.163224 1.968504
      vertex 0.241964 -0.129672 1.968504
    endloop
  endfacet
  facet normal 0 0 -1
    outer loop
      vertex 0.222914 -0.262284 1.968504
      vertex 0.241964 -0.129672 1.968504
      vertex 0.265145 -0.234065 1.968504
    endloop
  endfacet
  facet normal 0 0 -1
    outer loop
      vertex 0.265145 -0.234065 1.968504
      vertex 0.314961 -0.118110 1.968504
      vertex 0.314961 -0.224157 1.968504
    endloop
  endfacet
  facet normal 0 0 -1
    outer loop
      vertex 0.314961 -0.224157 1.968504
      vertex 0.387957 -0.129672 1.968504
      vertex 0.364776 -0.234065 1.968504
    endloop
  endfacet
  facet normal -0.7071067811865475 0.7071067811865475 0
    outer loop
      vertex 0.123854 -0.215484 1.968504
      vertex 0.176114 -0.163224 2.165354
      vertex 0.176114 -0.163224 1.968504
    endloop
  endfacet
  facet normal 0 0 -1
    outer loop
      vertex 0.265145 -0.234065 1.968504
      vertex 0.241964 -0.129672 1.968504
      vertex 0.314961 -0.118110 1.968504
    endloop
  endfacet
  facet normal 0 0 -1
    outer loop
      vertex 0.314961 -0.224157 1.968504
      vertex 0.314961 -0.118110 1.968504
      vertex 0.387957 -0.129672 1.968504
    endloop
  endfacet
  facet normal -0.4539904997395466 0.8910065241883679 0
    outer loop
      vertex 0.176114 -0.163224 1.968504
      vertex 0.176114 -0.163224 2.165354
      vertex 0.241964 -0.129672 1.968504
    endloop
  endfacet
  facet normal -0.15643446504023112 0.9876883405951378 0
    outer loop
      vertex 0.241964 -0.129672 1.968504
      vertex 0.241964 -0.129672 2.165354
      vertex 0.314961 -0.118110 1.968504
    endloop
  endfacet
  facet normal 0.15643446504023112 0.9876883405951378 0
    outer loop
      vertex 0.314961 -0.118110 1.968504
      vertex 0.314961 -0.118110 2.165354
      vertex 0.387957 -0.129672 1.968504
    endloop
  endfacet
  facet normal 0 0 -1
    outer loop
      vertex 0.453808 -0.545437 1.968504
      vertex 0.445135 -0.354331 1.968504
      vertex 0.453808 -0.163224 1.968504
    endloop
  endfacet
  facet normal 0 0 -1
    outer loop
      vertex 0.506067 -0.493178 1.968504
      vertex 0.539620 -0.281335 1.968504
      vertex 0.539620 -0.427327 1.968504
    endloop
  endfacet
  facet normal 0 0 -1
    outer loop
      vertex 0.453808 -0.545437 1.968504
      vertex 0.453808 -0.163224 1.968504
      vertex 0.506067 -0.215484 1.968504
    endloop
  endfacet
  facet normal 0 0 -1
    outer loop
      vertex 0.506067 -0.493178 1.968504
      vertex 0.506067 -0.215484 1.968504
      vertex 0.539620 -0.281335 1.968504
    endloop
  endfacet
  facet normal 0 0 -1
    outer loop
      vertex 0.445135 -0.354331 1.968504
      vertex 0.435226 -0.304515 1.968504
      vertex 0.453808 -0.163224 1.968504
    endloop
  endfacet
  facet normal 0 0 -1
    outer loop
      vertex 0.435226 -0.304515 1.968504
      vertex 0.407008 -0.262284 1.968504
      vertex 0.453808 -0.163224 1.968504
    endloop
  endfacet
  facet normal 0 0 -1
    outer loop
      vertex 0.407008 -0.262284 1.968504
      vertex 0.364776 -0.234065 1.968504
      vertex 0.453808 -0.163224 1.968504
    endloop
  endfacet
  facet normal 0.8910065241883679 0.4539904997395471 0
    outer loop
      vertex 0.539620 -0.281335 1.968504
      vertex 0.506067 -0.215484 1.968504
      vertex 0.539620 -0.281335 2.165354
    endloop
  endfacet
  facet normal 0.7071067811865475 0.7071067811865475 0
    outer loop
      vertex 0.506067 -0.215484 1.968504
      vertex 0.453808 -0.163224 1.968504
      vertex 0.506067 -0.215484 2.165354
    endloop
  endfacet
  facet normal 0 0 -1
    outer loop
      vertex 0.539620 -0.427327 1.968504
      vertex 0.539620 -0.281335 1.968504
      vertex 0.551181 -0.354331 1.968504
    endloop
  endfacet
  facet normal 0.9876883405951378 -0.15643446504023065 0
    outer loop
      vertex 0.539620 -0.427327 1.968504
      vertex 0.551181 -0.354331 1.968504
      vertex 0.539620 -0.427327 2.165354
    endloop
  endfacet
  facet normal 0.9876883405951378 0.15643446504023065 0
    outer loop
      vertex 0.539620 -0.281335 1.968504
      vertex 0.551181 -0.354331 2.165354
      vertex 0.551181 -0.354331 1.968504
    endloop
  endfacet
  facet normal 0 0 -1
    outer loop
      vertex 0.364776 -0.234065 1.968504
      vertex 0.387957 -0.129672 1.968504
      vertex 0.453808 -0.163224 1.968504
    endloop
  endfacet
  facet normal 0.4539904997395466 0.8910065241883679 0
    outer loop
      vertex 0.387957 -0.129672 1.968504
      vertex 0.387957 -0.129672 2.165354
      vertex 0.453808 -0.163224 1.968504
    endloop
  endfacet
  facet normal -0.9876883405951378 -0.15643446504023112 0
    outer loop
      vertex 0.090302 -0.427327 1.968504
      vertex 0.090302 -0.427327 2.165354
      vertex 0.078740 -0.354331 2.165354
    endloop
  endfacet
  facet normal 0 0 1
    outer loop
      vertex 0.090302 -0.427327 2.165354
      vertex 0.083279 -0.354331 2.165354
      vertex 0.078740 -0.354331 2.165354
    endloop
  endfacet
  facet normal -0.9876883405951378 0.15643446504023112 0
    outer loop
      vertex 0.078740 -0.354331 1.968504
      vertex 0.078740 -0.354331 2.165354
      vertex 0.090302 -0.281335 2.165354
    endloop
  endfacet
  facet normal 0 0 1
    outer loop
      vertex 0.078740 -0.354331 2.165354
      vertex 0.083279 -0.354331 2.165354
      vertex 0.100915 -0.265670 2.165354
    endloop
  endfacet
  facet normal 0 0 1
    outer loop
      vertex 0.078740 -0.354331 2.165354
      vertex 0.100915 -0.265670 2.165354
      vertex 0.090302 -0.281335 2.165354
    endloop
  endfacet
  facet normal -0.8910065241883679 0.4539904997395466 0
    outer loop
      vertex 0.090302 -0.281335 1.968504
      vertex 0.090302 -0.281335 2.165354
      vertex 0.123854 -0.215484 2.165354
    endloop
  endfacet
  facet normal 0 0 1
    outer loop
      vertex 0.090302 -0.281335 2.165354
      vertex 0.100915 -0.265670 2.165354
      vertex 0.123854 -0.215484 2.165354
    endloop
  endfacet
  facet normal -0.7071067811865475 0.7071067811865475 0
    outer loop
      vertex 0.123854 -0.215484 1.968504
      vertex 0.123854 -0.215484 2.165354
      vertex 0.176114 -0.163224 2.165354
    endloop
  endfacet
  facet normal 0 0 1
    outer loop
      vertex 0.100915 -0.265670 2.165354
      vertex 0.151137 -0.190507 2.165354
      vertex 0.123854 -0.215484 2.165354
    endloop
  endfacet
  facet normal 0 0 1
    outer loop
      vertex 0.123854 -0.215484 2.165354
      vertex 0.151137 -0.190507 2.165354
      vertex 0.176114 -0.163224 2.165354
    endloop
  endfacet
  facet normal -0.4539904997395466 0.8910065241883679 0
    outer loop
      vertex 0.241964 -0.129672 1.968504
      vertex 0.176114 -0.163224 2.165354
      vertex 0.241964 -0.129672 2.165354
    endloop
  endfacet
  facet normal 0 0 1
    outer loop
      vertex 0.151137 -0.190507 2.165354
      vertex 0.226300 -0.140285 2.165354
      vertex 0.176114 -0.163224 2.165354
    endloop
  endfacet
  facet normal 0 0 1
    outer loop
      vertex 0.176114 -0.163224 2.165354
      vertex 0.226300 -0.140285 2.165354
      vertex 0.241964 -0.129672 2.165354
    endloop
  endfacet
  facet normal 0 0 1
    outer loop
      vertex 0.226300 -0.140285 2.165354
      vertex 0.314961 -0.122649 2.165354
      vertex 0.241964 -0.129672 2.165354
    endloop
  endfacet
  facet normal -0.15643446504023112 0.9876883405951378 0
    outer loop
      vertex 0.314961 -0.118110 1.968504
      vertex 0.241964 -0.129672 2.165354
      vertex 0.314961 -0.118110 2.165354
    endloop
  endfacet
  facet normal 0 0 1
    outer loop
      vertex 0.241964 -0.129672 2.165354
      vertex 0.314961 -0.122649 2.165354
      vertex 0.314961 -0.118110 2.165354
    endloop
  endfacet
  facet normal 0 0 1
    outer loop
      vertex 0.314961 -0.122649 2.165354
      vertex 0.403621 -0.140285 2.165354
      vertex 0.314961 -0.118110 2.165354
    endloop
  endfacet
  facet normal 0 0 1
    outer loop
      vertex 0.529006 -0.442991 2.165354
      vertex 0.551181 -0.354331 2.165354
      vertex 0.546642 -0.354331 2.165354
    endloop
  endfacet
  facet normal 0 0 1
    outer loop
      vertex 0.539620 -0.281335 2.165354
      vertex 0.529006 -0.265670 2.165354
      vertex 0.546642 -0.354331 2.165354
    endloop
  endfacet
  facet normal 0 0 1
    outer loop
      vertex 0.539620 -0.281335 2.165354
      vertex 0.506067 -0.215484 2.165354
      vertex 0.529006 -0.265670 2.165354
    endloop
  endfacet
  facet normal 0.8910065241883679 0.4539904997395471 0
    outer loop
      vertex 0.506067 -0.215484 1.968504
      vertex 0.506067 -0.215484 2.165354
      vertex 0.539620 -0.281335 2.165354
    endloop
  endfacet
  facet normal 0 0 1
    outer loop
      vertex 0.478784 -0.190507 2.165354
      vertex 0.506067 -0.215484 2.165354
      vertex 0.453808 -0.163224 2.165354
    endloop
  endfacet
  facet normal 0 0 1
    outer loop
      vertex 0.529006 -0.265670 2.165354
      vertex 0.506067 -0.215484 2.165354
      vertex 0.478784 -0.190507 2.165354
    endloop
  endfacet
  facet normal 0.9876883405951378 -0.15643446504023065 0
    outer loop
      vertex 0.539620 -0.427327 2.165354
      vertex 0.551181 -0.354331 1.968504
      vertex 0.551181 -0.354331 2.165354
    endloop
  endfacet
  facet normal 0.9876883405951378 0.15643446504023065 0
    outer loop
      vertex 0.539620 -0.281335 1.968504
      vertex 0.539620 -0.281335 2.165354
      vertex 0.551181 -0.354331 2.165354
    endloop
  endfacet
  facet normal 0 0 1
    outer loop
      vertex 0.539620 -0.281335 2.165354
      vertex 0.546642 -0.354331 2.165354
      vertex 0.551181 -0.354331 2.165354
    endloop
  endfacet
  facet normal 0.4539904997395466 0.8910065241883679 0
    outer loop
      vertex 0.453808 -0.163224 1.968504
      vertex 0.387957 -0.129672 2.165354
      vertex 0.453808 -0.163224 2.165354
    endloop
  endfacet
  facet normal 0 0 1
    outer loop
      vertex 0.478784 -0.190507 2.165354
      vertex 0.453808 -0.163224 2.165354
      vertex 0.403621 -0.140285 2.165354
    endloop
  endfacet
  facet normal 0 0 1
    outer loop
      vertex 0.403621 -0.140285 2.165354
      vertex 0.453808 -0.163224 2.165354
      vertex 0.387957 -0.129672 2.165354
    endloop
  endfacet
  facet normal 0.15643446504023112 0.9876883405951378 0
    outer loop
      vertex 0.387957 -0.129672 1.968504
      vertex 0.314961 -0.118110 2.165354
      vertex 0.387957 -0.129672 2.165354
    endloop
  endfacet
  facet normal 0 0 1
    outer loop
      vertex 0.314961 -0.118110 2.165354
      vertex 0.403621 -0.140285 2.165354
      vertex 0.387957 -0.129672 2.165354
    endloop
  endfacet
  facet normal 0.7071067811865475 0.7071067811865475 0
    outer loop
      vertex 0.453808 -0.163224 1.968504
      vertex 0.453808 -0.163224 2.165354
      vertex 0.506067 -0.215484 2.165354
    endloop
  endfacet
  facet normal -0.21614744150487672 -0.32348750654160024 -0.9212144791753949
    outer loop
      vertex 0.265145 -0.474596 1.968504
      vertex 0.282374 -0.386917 1.933673
      vertex 0.297325 -0.396907 1.933673
    endloop
  endfacet
  facet normal -0.07590088788047232 -0.3815795311289143 -0.9212144791753948
    outer loop
      vertex 0.314961 -0.484505 1.968504
      vertex 0.297325 -0.396907 1.933673
      vertex 0.314961 -0.400415 1.933673
    endloop
  endfacet
  facet normal 0.07590088788047243 -0.3815795311289141 -0.9212144791753949
    outer loop
      vertex 0.364776 -0.474596 1.968504
      vertex 0.314961 -0.400415 1.933673
      vertex 0.332596 -0.396907 1.933673
    endloop
  endfacet
  facet normal -0.21614744150487689 -0.3234875065416002 -0.9212144791753948
    outer loop
      vertex 0.265145 -0.474596 1.968504
      vertex 0.222914 -0.446378 1.968504
      vertex 0.282374 -0.386917 1.933673
    endloop
  endfacet
  facet normal -0.32348750654160013 -0.21614744150487683 -0.921214479175395
    outer loop
      vertex 0.222914 -0.446378 1.968504
      vertex 0.194695 -0.404146 1.968504
      vertex 0.272384 -0.371966 1.933673
    endloop
  endfacet
  facet normal -0.07590088788047201 -0.38157953112891424 -0.9212144791753949
    outer loop
      vertex 0.265145 -0.474596 1.968504
      vertex 0.297325 -0.396907 1.933673
      vertex 0.314961 -0.484505 1.968504
    endloop
  endfacet
  facet normal 0.07590088788047203 -0.3815795311289143 -0.9212144791753949
    outer loop
      vertex 0.314961 -0.484505 1.968504
      vertex 0.314961 -0.400415 1.933673
      vertex 0.364776 -0.474596 1.968504
    endloop
  endfacet
  facet normal 0.21614744150487628 -0.32348750654160063 -0.9212144791753949
    outer loop
      vertex 0.407008 -0.446378 1.968504
      vertex 0.332596 -0.396907 1.933673
      vertex 0.347547 -0.386917 1.933673
    endloop
  endfacet
  facet normal 0.21614744150487683 -0.32348750654160013 -0.9212144791753948
    outer loop
      vertex 0.364776 -0.474596 1.968504
      vertex 0.332596 -0.396907 1.933673
      vertex 0.407008 -0.446378 1.968504
    endloop
  endfacet
  facet normal 0.32348750654160024 -0.2161474415048769 -0.9212144791753948
    outer loop
      vertex 0.407008 -0.446378 1.968504
      vertex 0.347547 -0.386917 1.933673
      vertex 0.435226 -0.404146 1.968504
    endloop
  endfacet
  facet normal -0.5555702330196024 -0.8314696123025451 0
    outer loop
      vertex 0.151137 -0.518154 2.165354
      vertex 0.226300 -0.568377 2.211439
      vertex 0.151137 -0.518154 2.211439
    endloop
  endfacet
  facet normal -0.8314696123025455 -0.5555702330196021 0
    outer loop
      vertex 0.151137 -0.518154 2.165354
      vertex 0.151137 -0.518154 2.211439
      vertex 0.100915 -0.442991 2.165354
    endloop
  endfacet
  facet normal -0.8314696123025455 -0.5555702330196021 0
    outer loop
      vertex 0.151137 -0.518154 2.211439
      vertex 0.100915 -0.442991 2.211439
      vertex 0.100915 -0.442991 2.165354
    endloop
  endfacet
  facet normal -0.7703275794849855 -0.5147164328119479 0.37638067707860207
    outer loop
      vertex 0.151137 -0.518154 2.211439
      vertex 0.176078 -0.493214 2.296591
      vertex 0.100915 -0.442991 2.211439
    endloop
  endfacet
  facet normal -0.9807852804032303 -0.1950903220161283 0
    outer loop
      vertex 0.100915 -0.442991 2.165354
      vertex 0.100915 -0.442991 2.211439
      vertex 0.083279 -0.354331 2.165354
    endloop
  endfacet
  facet normal -0.9086633352183308 -0.180744375159374 0.37638067707860207
    outer loop
      vertex 0.100915 -0.442991 2.211439
      vertex 0.133501 -0.429494 2.296591
      vertex 0.083279 -0.354331 2.211439
    endloop
  endfacet
  facet normal -0.19509032201612792 -0.9807852804032305 0
    outer loop
      vertex 0.226300 -0.568377 2.165354
      vertex 0.314961 -0.586012 2.211439
      vertex 0.226300 -0.568377 2.211439
    endloop
  endfacet
  facet normal -0.5555702330196024 -0.8314696123025451 0
    outer loop
      vertex 0.151137 -0.518154 2.165354
      vertex 0.226300 -0.568377 2.165354
      vertex 0.226300 -0.568377 2.211439
    endloop
  endfacet
  facet normal -0.5147164328119481 -0.7703275794849854 0.3763806770786018
    outer loop
      vertex 0.151137 -0.518154 2.211439
      vertex 0.226300 -0.568377 2.211439
      vertex 0.176078 -0.493214 2.296591
    endloop
  endfacet
  facet normal -0.18074437515937358 -0.9086633352183305 0.3763806770786027
    outer loop
      vertex 0.226300 -0.568377 2.211439
      vertex 0.314961 -0.586012 2.211439
      vertex 0.239798 -0.535790 2.296591
    endloop
  endfacet
  facet normal -0.19509032201612792 -0.9807852804032305 0
    outer loop
      vertex 0.226300 -0.568377 2.165354
      vertex 0.314961 -0.586012 2.165354
      vertex 0.314961 -0.586012 2.211439
    endloop
  endfacet
  facet normal 0.19509032201612792 -0.9807852804032305 0
    outer loop
      vertex 0.314961 -0.586012 2.165354
      vertex 0.403621 -0.568377 2.211439
      vertex 0.314961 -0.586012 2.211439
    endloop
  endfacet
  facet normal -0.7703275794849856 -0.5147164328119477 0.37638067707860207
    outer loop
      vertex 0.100915 -0.442991 2.211439
      vertex 0.176078 -0.493214 2.296591
      vertex 0.133501 -0.429494 2.296591
    endloop
  endfacet
  facet normal -0.5936131960090988 -0.3966396567602811 0.7002145072825541
    outer loop
      vertex 0.176078 -0.493214 2.296591
      vertex 0.193713 -0.404553 2.361764
      vertex 0.133501 -0.429494 2.296591
    endloop
  endfacet
  facet normal -0.5147164328119471 -0.7703275794849855 0.3763806770786026
    outer loop
      vertex 0.226300 -0.568377 2.211439
      vertex 0.239798 -0.535790 2.296591
      vertex 0.176078 -0.493214 2.296591
    endloop
  endfacet
  facet normal -0.1807443751593744 -0.9086633352183308 0.3763806770786021
    outer loop
      vertex 0.314961 -0.586012 2.211439
      vertex 0.314961 -0.550741 2.296591
      vertex 0.239798 -0.535790 2.296591
    endloop
  endfacet
  facet normal 0.1807443751593744 -0.9086633352183308 0.3763806770786021
    outer loop
      vertex 0.314961 -0.586012 2.211439
      vertex 0.390124 -0.535790 2.296591
      vertex 0.314961 -0.550741 2.296591
    endloop
  endfacet
  facet normal -0.13928132531715362 -0.7002145072825525 0.7002145072825537
    outer loop
      vertex 0.239798 -0.535790 2.296591
      vertex 0.314961 -0.550741 2.296591
      vertex 0.264738 -0.475578 2.361764
    endloop
  endfacet
  facet normal 0.13928132531715356 -0.7002145072825522 0.7002145072825537
    outer loop
      vertex 0.314961 -0.550741 2.296591
      vertex 0.390124 -0.535790 2.296591
      vertex 0.314961 -0.485568 2.361764
    endloop
  endfacet
  facet normal -0.3966396567602807 -0.5936131960090987 0.7002145072825541
    outer loop
      vertex 0.176078 -0.493214 2.296591
      vertex 0.239798 -0.535790 2.296591
      vertex 0.222162 -0.447129 2.361764
    endloop
  endfacet
  facet normal -0.3966396567602818 -0.5936131960090986 0.7002145072825536
    outer loop
      vertex 0.239798 -0.535790 2.296591
      vertex 0.264738 -0.475578 2.361764
      vertex 0.222162 -0.447129 2.361764
    endloop
  endfacet
  facet normal -0.5936131960090985 -0.3966396567602813 0.7002145072825542
    outer loop
      vertex 0.176078 -0.493214 2.296591
      vertex 0.222162 -0.447129 2.361764
      vertex 0.193713 -0.404553 2.361764
    endloop
  endfacet
  facet normal -0.21614744150487736 -0.3234875065416008 0.9212144791753945
    outer loop
      vertex 0.264738 -0.475578 2.361764
      vertex 0.282374 -0.386917 2.397036
      vertex 0.222162 -0.447129 2.361764
    endloop
  endfacet
  facet normal -0.32348750654160086 -0.21614744150487714 0.9212144791753945
    outer loop
      vertex 0.222162 -0.447129 2.361764
      vertex 0.272384 -0.371966 2.397036
      vertex 0.193713 -0.404553 2.361764
    endloop
  endfacet
  facet normal -0.1392813253171531 -0.7002145072825525 0.700214507282554
    outer loop
      vertex 0.314961 -0.550741 2.296591
      vertex 0.314961 -0.485568 2.361764
      vertex 0.264738 -0.475578 2.361764
    endloop
  endfacet
  facet normal 0.13928132531715331 -0.7002145072825526 0.7002145072825536
    outer loop
      vertex 0.314961 -0.485568 2.361764
      vertex 0.390124 -0.535790 2.296591
      vertex 0.365183 -0.475578 2.361764
    endloop
  endfacet
  facet normal -0.07590088788047232 -0.3815795311289149 0.9212144791753947
    outer loop
      vertex 0.264738 -0.475578 2.361764
      vertex 0.314961 -0.485568 2.361764
      vertex 0.297325 -0.396907 2.397036
    endloop
  endfacet
  facet normal -0.21614744150487714 -0.32348750654160086 0.9212144791753946
    outer loop
      vertex 0.264738 -0.475578 2.361764
      vertex 0.297325 -0.396907 2.397036
      vertex 0.282374 -0.386917 2.397036
    endloop
  endfacet
  facet normal -0.07590088788047245 -0.38157953112891496 0.9212144791753946
    outer loop
      vertex 0.314961 -0.485568 2.361764
      vertex 0.314961 -0.400415 2.397036
      vertex 0.297325 -0.396907 2.397036
    endloop
  endfacet
  facet normal 0.07590088788047238 -0.38157953112891496 0.9212144791753946
    outer loop
      vertex 0.314961 -0.485568 2.361764
      vertex 0.365183 -0.475578 2.361764
      vertex 0.314961 -0.400415 2.397036
    endloop
  endfacet
  facet normal 0.07590088788047256 -0.38157953112891485 0.9212144791753945
    outer loop
      vertex 0.365183 -0.475578 2.361764
      vertex 0.332596 -0.396907 2.397036
      vertex 0.314961 -0.400415 2.397036
    endloop
  endfacet
  facet normal 0.21614744150487672 -0.323487506541601 0.9212144791753946
    outer loop
      vertex 0.365183 -0.475578 2.361764
      vertex 0.347547 -0.386917 2.397036
      vertex 0.332596 -0.396907 2.397036
    endloop
  endfacet
  facet normal 0.19509032201612792 -0.9807852804032305 0
    outer loop
      vertex 0.314961 -0.586012 2.165354
      vertex 0.403621 -0.568377 2.165354
      vertex 0.403621 -0.568377 2.211439
    endloop
  endfacet
  facet normal 0.5555702330196025 -0.831469612302545 0
    outer loop
      vertex 0.403621 -0.568377 2.165354
      vertex 0.478784 -0.518154 2.211439
      vertex 0.403621 -0.568377 2.211439
    endloop
  endfacet
  facet normal 0.18074437515937358 -0.9086633352183305 0.3763806770786027
    outer loop
      vertex 0.314961 -0.586012 2.211439
      vertex 0.403621 -0.568377 2.211439
      vertex 0.390124 -0.535790 2.296591
    endloop
  endfacet
  facet normal 0.5147164328119485 -0.7703275794849854 0.3763806770786016
    outer loop
      vertex 0.403621 -0.568377 2.211439
      vertex 0.478784 -0.518154 2.211439
      vertex 0.453844 -0.493214 2.296591
    endloop
  endfacet
  facet normal 0.5555702330196025 -0.831469612302545 0
    outer loop
      vertex 0.403621 -0.568377 2.165354
      vertex 0.478784 -0.518154 2.165354
      vertex 0.478784 -0.518154 2.211439
    endloop
  endfacet
  facet normal 0.831469612302545 -0.5555702330196025 0
    outer loop
      vertex 0.478784 -0.518154 2.165354
      vertex 0.529006 -0.442991 2.211439
      vertex 0.478784 -0.518154 2.211439
    endloop
  endfacet
  facet normal 0.831469612302545 -0.5555702330196025 0
    outer loop
      vertex 0.478784 -0.518154 2.165354
      vertex 0.529006 -0.442991 2.165354
      vertex 0.529006 -0.442991 2.211439
    endloop
  endfacet
  facet normal 0.7703275794849854 -0.5147164328119485 0.37638067707860157
    outer loop
      vertex 0.478784 -0.518154 2.211439
      vertex 0.529006 -0.442991 2.211439
      vertex 0.453844 -0.493214 2.296591
    endloop
  endfacet
  facet normal 0.9807852804032305 -0.19509032201612792 0
    outer loop
      vertex 0.529006 -0.442991 2.165354
      vertex 0.546642 -0.354331 2.211439
      vertex 0.529006 -0.442991 2.211439
    endloop
  endfacet
  facet normal 0.9086633352183305 -0.18074437515937358 0.3763806770786027
    outer loop
      vertex 0.529006 -0.442991 2.211439
      vertex 0.546642 -0.354331 2.211439
      vertex 0.496420 -0.429494 2.296591
    endloop
  endfacet
  facet normal 0.514716432811947 -0.7703275794849858 0.37638067707860273
    outer loop
      vertex 0.403621 -0.568377 2.211439
      vertex 0.453844 -0.493214 2.296591
      vertex 0.390124 -0.535790 2.296591
    endloop
  endfacet
  facet normal 0.3966396567602804 -0.5936131960090987 0.7002145072825543
    outer loop
      vertex 0.390124 -0.535790 2.296591
      vertex 0.453844 -0.493214 2.296591
      vertex 0.407759 -0.447129 2.361764
    endloop
  endfacet
  facet normal 0.7703275794849858 -0.514716432811947 0.37638067707860273
    outer loop
      vertex 0.529006 -0.442991 2.211439
      vertex 0.496420 -0.429494 2.296591
      vertex 0.453844 -0.493214 2.296591
    endloop
  endfacet
  facet normal 0.593613196009099 -0.3966396567602807 0.7002145072825539
    outer loop
      vertex 0.453844 -0.493214 2.296591
      vertex 0.496420 -0.429494 2.296591
      vertex 0.436208 -0.404553 2.361764
    endloop
  endfacet
  facet normal 0.3966396567602818 -0.5936131960090985 0.7002145072825539
    outer loop
      vertex 0.390124 -0.535790 2.296591
      vertex 0.407759 -0.447129 2.361764
      vertex 0.365183 -0.475578 2.361764
    endloop
  endfacet
  facet normal 0.5936131960090979 -0.3966396567602813 0.7002145072825544
    outer loop
      vertex 0.453844 -0.493214 2.296591
      vertex 0.436208 -0.404553 2.361764
      vertex 0.407759 -0.447129 2.361764
    endloop
  endfacet
  facet normal 0.21614744150487747 -0.3234875065416009 0.9212144791753946
    outer loop
      vertex 0.365183 -0.475578 2.361764
      vertex 0.407759 -0.447129 2.361764
      vertex 0.347547 -0.386917 2.397036
    endloop
  endfacet
  facet normal 0.32348750654160074 -0.21614744150487733 0.9212144791753945
    outer loop
      vertex 0.407759 -0.447129 2.361764
      vertex 0.436208 -0.404553 2.361764
      vertex 0.357537 -0.371966 2.397036
    endloop
  endfacet
  facet normal -0.3815795311289141 -0.07590088788047243 -0.9212144791753949
    outer loop
      vertex 0.194695 -0.404146 1.968504
      vertex 0.268876 -0.354331 1.933673
      vertex 0.272384 -0.371966 1.933673
    endloop
  endfacet
  facet normal -0.32348750654160063 -0.21614744150487628 -0.9212144791753949
    outer loop
      vertex 0.222914 -0.446378 1.968504
      vertex 0.272384 -0.371966 1.933673
      vertex 0.282374 -0.386917 1.933673
    endloop
  endfacet
  facet normal 0 0 -1
    outer loop
      vertex 0.268876 -0.354331 1.933673
      vertex 0.272384 -0.336695 1.933673
      vertex 0.272384 -0.371966 1.933673
    endloop
  endfacet
  facet normal -0.38157953112891424 0.07590088788047249 -0.9212144791753948
    outer loop
      vertex 0.268876 -0.354331 1.933673
      vertex 0.184786 -0.354331 1.968504
      vertex 0.272384 -0.336695 1.933673
    endloop
  endfacet
  facet normal -0.3234875065416004 0.21614744150487622 -0.921214479175395
    outer loop
      vertex 0.272384 -0.336695 1.933673
      vertex 0.194695 -0.304515 1.968504
      vertex 0.282374 -0.321744 1.933673
    endloop
  endfacet
  facet normal -0.2161474415048767 0.32348750654160036 -0.9212144791753948
    outer loop
      vertex 0.282374 -0.321744 1.933673
      vertex 0.222914 -0.262284 1.968504
      vertex 0.297325 -0.311754 1.933673
    endloop
  endfacet
  facet normal 0 0 -1
    outer loop
      vertex 0.282374 -0.386917 1.933673
      vertex 0.297325 -0.311754 1.933673
      vertex 0.297325 -0.396907 1.933673
    endloop
  endfacet
  facet normal 0 0 -1
    outer loop
      vertex 0.282374 -0.386917 1.933673
      vertex 0.272384 -0.371966 1.933673
      vertex 0.282374 -0.321744 1.933673
    endloop
  endfacet
  facet normal 0 0 -1
    outer loop
      vertex 0.297325 -0.396907 1.933673
      vertex 0.314961 -0.308246 1.933673
      vertex 0.314961 -0.400415 1.933673
    endloop
  endfacet
  facet normal 0 0 -1
    outer loop
      vertex 0.314961 -0.400415 1.933673
      vertex 0.332596 -0.311754 1.933673
      vertex 0.332596 -0.396907 1.933673
    endloop
  endfacet
  facet normal 0 0 -1
    outer loop
      vertex 0.332596 -0.396907 1.933673
      vertex 0.347547 -0.321744 1.933673
      vertex 0.347547 -0.386917 1.933673
    endloop
  endfacet
  facet normal 0 0 -1
    outer loop
      vertex 0.347547 -0.386917 1.933673
      vertex 0.357537 -0.336695 1.933673
      vertex 0.357537 -0.371966 1.933673
    endloop
  endfacet
  facet normal 0 0 -1
    outer loop
      vertex 0.357537 -0.371966 1.933673
      vertex 0.357537 -0.336695 1.933673
      vertex 0.361045 -0.354331 1.933673
    endloop
  endfacet
  facet normal 0 0 -1
    outer loop
      vertex 0.272384 -0.371966 1.933673
      vertex 0.272384 -0.336695 1.933673
      vertex 0.282374 -0.321744 1.933673
    endloop
  endfacet
  facet normal 0 0 -1
    outer loop
      vertex 0.282374 -0.386917 1.933673
      vertex 0.282374 -0.321744 1.933673
      vertex 0.297325 -0.311754 1.933673
    endloop
  endfacet
  facet normal 0 0 -1
    outer loop
      vertex 0.297325 -0.396907 1.933673
      vertex 0.297325 -0.311754 1.933673
      vertex 0.314961 -0.308246 1.933673
    endloop
  endfacet
  facet normal 0 0 -1
    outer loop
      vertex 0.314961 -0.400415 1.933673
      vertex 0.314961 -0.308246 1.933673
      vertex 0.332596 -0.311754 1.933673
    endloop
  endfacet
  facet normal 0 0 -1
    outer loop
      vertex 0.332596 -0.396907 1.933673
      vertex 0.332596 -0.311754 1.933673
      vertex 0.347547 -0.321744 1.933673
    endloop
  endfacet
  facet normal 0 0 -1
    outer loop
      vertex 0.347547 -0.386917 1.933673
      vertex 0.347547 -0.321744 1.933673
      vertex 0.357537 -0.336695 1.933673
    endloop
  endfacet
  facet normal -0.0759008878804723 0.38157953112891413 -0.9212144791753949
    outer loop
      vertex 0.297325 -0.311754 1.933673
      vertex 0.265145 -0.234065 1.968504
      vertex 0.314961 -0.308246 1.933673
    endloop
  endfacet
  facet normal 0.07590088788047249 0.38157953112891424 -0.9212144791753948
    outer loop
      vertex 0.314961 -0.308246 1.933673
      vertex 0.314961 -0.224157 1.968504
      vertex 0.332596 -0.311754 1.933673
    endloop
  endfacet
  facet normal 0.21614744150487622 0.3234875065416004 -0.921214479175395
    outer loop
      vertex 0.332596 -0.311754 1.933673
      vertex 0.364776 -0.234065 1.968504
      vertex 0.347547 -0.321744 1.933673
    endloop
  endfacet
  facet normal -0.38157953112891424 -0.07590088788047201 -0.9212144791753949
    outer loop
      vertex 0.194695 -0.404146 1.968504
      vertex 0.184786 -0.354331 1.968504
      vertex 0.268876 -0.354331 1.933673
    endloop
  endfacet
  facet normal -0.38157953112891413 0.07590088788047201 -0.9212144791753948
    outer loop
      vertex 0.272384 -0.336695 1.933673
      vertex 0.184786 -0.354331 1.968504
      vertex 0.194695 -0.304515 1.968504
    endloop
  endfacet
  facet normal -0.32348750654160013 0.21614744150487689 -0.9212144791753948
    outer loop
      vertex 0.282374 -0.321744 1.933673
      vertex 0.194695 -0.304515 1.968504
      vertex 0.222914 -0.262284 1.968504
    endloop
  endfacet
  facet normal -0.21614744150487677 0.32348750654160013 -0.9212144791753948
    outer loop
      vertex 0.297325 -0.311754 1.933673
      vertex 0.222914 -0.262284 1.968504
      vertex 0.265145 -0.234065 1.968504
    endloop
  endfacet
  facet normal -0.07590088788047206 0.3815795311289143 -0.9212144791753949
    outer loop
      vertex 0.314961 -0.308246 1.933673
      vertex 0.265145 -0.234065 1.968504
      vertex 0.314961 -0.224157 1.968504
    endloop
  endfacet
  facet normal 0.07590088788047201 0.38157953112891413 -0.9212144791753948
    outer loop
      vertex 0.332596 -0.311754 1.933673
      vertex 0.314961 -0.224157 1.968504
      vertex 0.364776 -0.234065 1.968504
    endloop
  endfacet
  facet normal 0.3234875065416003 -0.21614744150487628 -0.9212144791753949
    outer loop
      vertex 0.435226 -0.404146 1.968504
      vertex 0.347547 -0.386917 1.933673
      vertex 0.357537 -0.371966 1.933673
    endloop
  endfacet
  facet normal 0.38157953112891424 -0.07590088788047249 -0.9212144791753948
    outer loop
      vertex 0.357537 -0.371966 1.933673
      vertex 0.361045 -0.354331 1.933673
      vertex 0.445135 -0.354331 1.968504
    endloop
  endfacet
  facet normal 0.38157953112891396 0.07590088788047245 -0.9212144791753949
    outer loop
      vertex 0.361045 -0.354331 1.933673
      vertex 0.357537 -0.336695 1.933673
      vertex 0.435226 -0.304515 1.968504
    endloop
  endfacet
  facet normal 0.3234875065416007 0.21614744150487641 -0.9212144791753949
    outer loop
      vertex 0.357537 -0.336695 1.933673
      vertex 0.347547 -0.321744 1.933673
      vertex 0.407008 -0.262284 1.968504
    endloop
  endfacet
  facet normal 0.38157953112891413 -0.07590088788047199 -0.9212144791753948
    outer loop
      vertex 0.435226 -0.404146 1.968504
      vertex 0.357537 -0.371966 1.933673
      vertex 0.445135 -0.354331 1.968504
    endloop
  endfacet
  facet normal 0.3234875065416001 0.21614744150487677 -0.921214479175395
    outer loop
      vertex 0.357537 -0.336695 1.933673
      vertex 0.407008 -0.262284 1.968504
      vertex 0.435226 -0.304515 1.968504
    endloop
  endfacet
  facet normal 0.3815795311289143 0.07590088788047206 -0.9212144791753949
    outer loop
      vertex 0.361045 -0.354331 1.933673
      vertex 0.435226 -0.304515 1.968504
      vertex 0.445135 -0.354331 1.968504
    endloop
  endfacet
  facet normal 0.21614744150487689 0.32348750654160013 -0.9212144791753948
    outer loop
      vertex 0.347547 -0.321744 1.933673
      vertex 0.364776 -0.234065 1.968504
      vertex 0.407008 -0.262284 1.968504
    endloop
  endfacet
  facet normal -0.9807852804032303 -0.1950903220161283 0
    outer loop
      vertex 0.100915 -0.442991 2.211439
      vertex 0.083279 -0.354331 2.211439
      vertex 0.083279 -0.354331 2.165354
    endloop
  endfacet
  facet normal -0.9807852804032303 0.1950903220161283 0
    outer loop
      vertex 0.083279 -0.354331 2.165354
      vertex 0.083279 -0.354331 2.211439
      vertex 0.100915 -0.265670 2.165354
    endloop
  endfacet
  facet normal -0.9807852804032303 0.1950903220161283 0
    outer loop
      vertex 0.083279 -0.354331 2.211439
      vertex 0.100915 -0.265670 2.211439
      vertex 0.100915 -0.265670 2.165354
    endloop
  endfacet
  facet normal -0.9086633352183308 0.180744375159374 0.3763806770786021
    outer loop
      vertex 0.083279 -0.354331 2.211439
      vertex 0.133501 -0.279168 2.296591
      vertex 0.100915 -0.265670 2.211439
    endloop
  endfacet
  facet normal -0.8314696123025456 0.5555702330196018 0
    outer loop
      vertex 0.100915 -0.265670 2.165354
      vertex 0.100915 -0.265670 2.211439
      vertex 0.151137 -0.190507 2.165354
    endloop
  endfacet
  facet normal -0.8314696123025456 0.5555702330196018 0
    outer loop
      vertex 0.151137 -0.190507 2.165354
      vertex 0.100915 -0.265670 2.211439
      vertex 0.151137 -0.190507 2.211439
    endloop
  endfacet
  facet normal -0.7703275794849856 0.5147164328119477 0.37638067707860234
    outer loop
      vertex 0.100915 -0.265670 2.211439
      vertex 0.176078 -0.215448 2.296591
      vertex 0.151137 -0.190507 2.211439
    endloop
  endfacet
  facet normal -0.9086633352183308 -0.18074437515937397 0.3763806770786021
    outer loop
      vertex 0.133501 -0.429494 2.296591
      vertex 0.118550 -0.354331 2.296591
      vertex 0.083279 -0.354331 2.211439
    endloop
  endfacet
  facet normal -0.7002145072825524 -0.13928132531715326 0.7002145072825539
    outer loop
      vertex 0.133501 -0.429494 2.296591
      vertex 0.183724 -0.354331 2.361764
      vertex 0.118550 -0.354331 2.296591
    endloop
  endfacet
  facet normal -0.9086633352183308 0.180744375159374 0.3763806770786021
    outer loop
      vertex 0.083279 -0.354331 2.211439
      vertex 0.118550 -0.354331 2.296591
      vertex 0.133501 -0.279168 2.296591
    endloop
  endfacet
  facet normal -0.7002145072825524 0.13928132531715326 0.700214507282554
    outer loop
      vertex 0.118550 -0.354331 2.296591
      vertex 0.183724 -0.354331 2.361764
      vertex 0.133501 -0.279168 2.296591
    endloop
  endfacet
  facet normal -0.7002145072825524 -0.13928132531715334 0.7002145072825539
    outer loop
      vertex 0.133501 -0.429494 2.296591
      vertex 0.193713 -0.404553 2.361764
      vertex 0.183724 -0.354331 2.361764
    endloop
  endfacet
  facet normal -0.7002145072825525 0.13928132531715326 0.7002145072825539
    outer loop
      vertex 0.133501 -0.279168 2.296591
      vertex 0.183724 -0.354331 2.361764
      vertex 0.193713 -0.304108 2.361764
    endloop
  endfacet
  facet normal -0.7703275794849855 0.5147164328119479 0.3763806770786021
    outer loop
      vertex 0.100915 -0.265670 2.211439
      vertex 0.133501 -0.279168 2.296591
      vertex 0.176078 -0.215448 2.296591
    endloop
  endfacet
  facet normal -0.5936131960090986 0.39663965676028123 0.7002145072825537
    outer loop
      vertex 0.133501 -0.279168 2.296591
      vertex 0.193713 -0.304108 2.361764
      vertex 0.176078 -0.215448 2.296591
    endloop
  endfacet
  facet normal -0.3815795311289149 -0.07590088788047236 0.9212144791753946
    outer loop
      vertex 0.193713 -0.404553 2.361764
      vertex 0.268876 -0.354331 2.397036
      vertex 0.183724 -0.354331 2.361764
    endloop
  endfacet
  facet normal -0.38157953112891485 -0.07590088788047256 0.9212144791753945
    outer loop
      vertex 0.193713 -0.404553 2.361764
      vertex 0.272384 -0.371966 2.397036
      vertex 0.268876 -0.354331 2.397036
    endloop
  endfacet
  facet normal -0.32348750654160136 -0.2161474415048769 0.9212144791753945
    outer loop
      vertex 0.222162 -0.447129 2.361764
      vertex 0.282374 -0.386917 2.397036
      vertex 0.272384 -0.371966 2.397036
    endloop
  endfacet
  facet normal 0 0 1
    outer loop
      vertex 0.268876 -0.354331 2.397036
      vertex 0.272384 -0.371966 2.397036
      vertex 0.272384 -0.336695 2.397036
    endloop
  endfacet
  facet normal -0.3815795311289149 0.07590088788047232 0.9212144791753947
    outer loop
      vertex 0.183724 -0.354331 2.361764
      vertex 0.268876 -0.354331 2.397036
      vertex 0.193713 -0.304108 2.361764
    endloop
  endfacet
  facet normal -0.38157953112891474 0.07590088788047258 0.9212144791753946
    outer loop
      vertex 0.268876 -0.354331 2.397036
      vertex 0.272384 -0.336695 2.397036
      vertex 0.193713 -0.304108 2.361764
    endloop
  endfacet
  facet normal -0.3234875065416008 0.2161474415048771 0.9212144791753947
    outer loop
      vertex 0.193713 -0.304108 2.361764
      vertex 0.272384 -0.336695 2.397036
      vertex 0.222162 -0.261532 2.361764
    endloop
  endfacet
  facet normal -0.32348750654160124 0.2161474415048768 0.9212144791753946
    outer loop
      vertex 0.272384 -0.336695 2.397036
      vertex 0.282374 -0.321744 2.397036
      vertex 0.222162 -0.261532 2.361764
    endloop
  endfacet
  facet normal 0 0 1
    outer loop
      vertex 0.282374 -0.386917 2.397036
      vertex 0.272384 -0.336695 2.397036
      vertex 0.272384 -0.371966 2.397036
    endloop
  endfacet
  facet normal 0 0 1
    outer loop
      vertex 0.282374 -0.386917 2.397036
      vertex 0.297325 -0.396907 2.397036
      vertex 0.282374 -0.321744 2.397036
    endloop
  endfacet
  facet normal 0 0 1
    outer loop
      vertex 0.297325 -0.396907 2.397036
      vertex 0.314961 -0.400415 2.397036
      vertex 0.297325 -0.311754 2.397036
    endloop
  endfacet
  facet normal 0 0 1
    outer loop
      vertex 0.314961 -0.400415 2.397036
      vertex 0.332596 -0.396907 2.397036
      vertex 0.314961 -0.308246 2.397036
    endloop
  endfacet
  facet normal 0 0 1
    outer loop
      vertex 0.332596 -0.396907 2.397036
      vertex 0.347547 -0.386917 2.397036
      vertex 0.332596 -0.311754 2.397036
    endloop
  endfacet
  facet normal 0 0 1
    outer loop
      vertex 0.347547 -0.386917 2.397036
      vertex 0.357537 -0.371966 2.397036
      vertex 0.347547 -0.321744 2.397036
    endloop
  endfacet
  facet normal 0 0 1
    outer loop
      vertex 0.357537 -0.371966 2.397036
      vertex 0.361045 -0.354331 2.397036
      vertex 0.357537 -0.336695 2.397036
    endloop
  endfacet
  facet normal 0 0 1
    outer loop
      vertex 0.282374 -0.386917 2.397036
      vertex 0.282374 -0.321744 2.397036
      vertex 0.272384 -0.336695 2.397036
    endloop
  endfacet
  facet normal 0 0 1
    outer loop
      vertex 0.297325 -0.396907 2.397036
      vertex 0.297325 -0.311754 2.397036
      vertex 0.282374 -0.321744 2.397036
    endloop
  endfacet
  facet normal 0 0 1
    outer loop
      vertex 0.314961 -0.400415 2.397036
      vertex 0.314961 -0.308246 2.397036
      vertex 0.297325 -0.311754 2.397036
    endloop
  endfacet
  facet normal 0 0 1
    outer loop
      vertex 0.332596 -0.396907 2.397036
      vertex 0.332596 -0.311754 2.397036
      vertex 0.314961 -0.308246 2.397036
    endloop
  endfacet
  facet normal 0 0 1
    outer loop
      vertex 0.347547 -0.386917 2.397036
      vertex 0.347547 -0.321744 2.397036
      vertex 0.332596 -0.311754 2.397036
    endloop
  endfacet
  facet normal 0 0 1
    outer loop
      vertex 0.357537 -0.371966 2.397036
      vertex 0.357537 -0.336695 2.397036
      vertex 0.347547 -0.321744 2.397036
    endloop
  endfacet
  facet normal -0.39663965676028123 0.5936131960090986 0.7002145072825537
    outer loop
      vertex 0.176078 -0.215448 2.296591
      vertex 0.222162 -0.261532 2.361764
      vertex 0.239798 -0.172871 2.296591
    endloop
  endfacet
  facet normal -0.1392813253171532 0.7002145072825524 0.7002145072825537
    outer loop
      vertex 0.264738 -0.233083 2.361764
      vertex 0.314961 -0.157921 2.296591
      vertex 0.239798 -0.172871 2.296591
    endloop
  endfacet
  facet normal 0.13928132531715326 0.7002145072825524 0.700214507282554
    outer loop
      vertex 0.314961 -0.157921 2.296591
      vertex 0.365183 -0.233083 2.361764
      vertex 0.390124 -0.172871 2.296591
    endloop
  endfacet
  facet normal -0.5936131960090986 0.3966396567602814 0.7002145072825539
    outer loop
      vertex 0.176078 -0.215448 2.296591
      vertex 0.193713 -0.304108 2.361764
      vertex 0.222162 -0.261532 2.361764
    endloop
  endfacet
  facet normal -0.21614744150487714 0.32348750654160086 0.9212144791753945
    outer loop
      vertex 0.282374 -0.321744 2.397036
      vertex 0.264738 -0.233083 2.361764
      vertex 0.222162 -0.261532 2.361764
    endloop
  endfacet
  facet normal -0.3966396567602814 0.5936131960090987 0.7002145072825539
    outer loop
      vertex 0.222162 -0.261532 2.361764
      vertex 0.264738 -0.233083 2.361764
      vertex 0.239798 -0.172871 2.296591
    endloop
  endfacet
  facet normal -0.21614744150487702 0.32348750654160086 0.9212144791753945
    outer loop
      vertex 0.282374 -0.321744 2.397036
      vertex 0.297325 -0.311754 2.397036
      vertex 0.264738 -0.233083 2.361764
    endloop
  endfacet
  facet normal -0.07590088788047247 0.38157953112891496 0.9212144791753946
    outer loop
      vertex 0.297325 -0.311754 2.397036
      vertex 0.314961 -0.308246 2.397036
      vertex 0.314961 -0.223094 2.361764
    endloop
  endfacet
  facet normal -0.07590088788047233 0.3815795311289149 0.9212144791753947
    outer loop
      vertex 0.297325 -0.311754 2.397036
      vertex 0.314961 -0.223094 2.361764
      vertex 0.264738 -0.233083 2.361764
    endloop
  endfacet
  facet normal 0.07590088788047263 0.38157953112891485 0.9212144791753946
    outer loop
      vertex 0.314961 -0.308246 2.397036
      vertex 0.332596 -0.311754 2.397036
      vertex 0.314961 -0.223094 2.361764
    endloop
  endfacet
  facet normal 0.21614744150487666 0.323487506541601 0.9212144791753946
    outer loop
      vertex 0.332596 -0.311754 2.397036
      vertex 0.347547 -0.321744 2.397036
      vertex 0.365183 -0.233083 2.361764
    endloop
  endfacet
  facet normal 0.07590088788047238 0.38157953112891485 0.9212144791753946
    outer loop
      vertex 0.332596 -0.311754 2.397036
      vertex 0.365183 -0.233083 2.361764
      vertex 0.314961 -0.223094 2.361764
    endloop
  endfacet
  facet normal -0.1392813253171532 0.7002145072825525 0.700214507282554
    outer loop
      vertex 0.264738 -0.233083 2.361764
      vertex 0.314961 -0.223094 2.361764
      vertex 0.314961 -0.157921 2.296591
    endloop
  endfacet
  facet normal 0.1392813253171533 0.7002145072825524 0.700214507282554
    outer loop
      vertex 0.314961 -0.223094 2.361764
      vertex 0.365183 -0.233083 2.361764
      vertex 0.314961 -0.157921 2.296591
    endloop
  endfacet
  facet normal -0.5555702330196018 0.8314696123025456 0
    outer loop
      vertex 0.151137 -0.190507 2.165354
      vertex 0.151137 -0.190507 2.211439
      vertex 0.226300 -0.140285 2.165354
    endloop
  endfacet
  facet normal -0.5555702330196018 0.8314696123025456 0
    outer loop
      vertex 0.151137 -0.190507 2.211439
      vertex 0.226300 -0.140285 2.211439
      vertex 0.226300 -0.140285 2.165354
    endloop
  endfacet
  facet normal -0.1950903220161283 0.9807852804032303 0
    outer loop
      vertex 0.226300 -0.140285 2.165354
      vertex 0.226300 -0.140285 2.211439
      vertex 0.314961 -0.122649 2.165354
    endloop
  endfacet
  facet normal -0.5147164328119477 0.7703275794849856 0.37638067707860245
    outer loop
      vertex 0.151137 -0.190507 2.211439
      vertex 0.176078 -0.215448 2.296591
      vertex 0.226300 -0.140285 2.211439
    endloop
  endfacet
  facet normal -0.180744375159374 0.9086633352183308 0.37638067707860207
    outer loop
      vertex 0.226300 -0.140285 2.211439
      vertex 0.239798 -0.172871 2.296591
      vertex 0.314961 -0.122649 2.211439
    endloop
  endfacet
  facet normal -0.1950903220161283 0.9807852804032303 0
    outer loop
      vertex 0.314961 -0.122649 2.165354
      vertex 0.226300 -0.140285 2.211439
      vertex 0.314961 -0.122649 2.211439
    endloop
  endfacet
  facet normal 0.1950903220161283 0.9807852804032303 0
    outer loop
      vertex 0.314961 -0.122649 2.165354
      vertex 0.314961 -0.122649 2.211439
      vertex 0.403621 -0.140285 2.165354
    endloop
  endfacet
  facet normal -0.514716432811948 0.7703275794849855 0.37638067707860207
    outer loop
      vertex 0.176078 -0.215448 2.296591
      vertex 0.239798 -0.172871 2.296591
      vertex 0.226300 -0.140285 2.211439
    endloop
  endfacet
  facet normal -0.180744375159374 0.9086633352183308 0.3763806770786021
    outer loop
      vertex 0.314961 -0.122649 2.211439
      vertex 0.239798 -0.172871 2.296591
      vertex 0.314961 -0.157921 2.296591
    endloop
  endfacet
  facet normal 0.180744375159374 0.9086633352183308 0.3763806770786021
    outer loop
      vertex 0.314961 -0.122649 2.211439
      vertex 0.314961 -0.157921 2.296591
      vertex 0.390124 -0.172871 2.296591
    endloop
  endfacet
  facet normal 0.9807852804032305 -0.19509032201612792 0
    outer loop
      vertex 0.529006 -0.442991 2.165354
      vertex 0.546642 -0.354331 2.165354
      vertex 0.546642 -0.354331 2.211439
    endloop
  endfacet
  facet normal 0.9807852804032305 0.19509032201612792 0
    outer loop
      vertex 0.529006 -0.265670 2.211439
      vertex 0.546642 -0.354331 2.211439
      vertex 0.546642 -0.354331 2.165354
    endloop
  endfacet
  facet normal 0.9807852804032305 0.19509032201612792 0
    outer loop
      vertex 0.529006 -0.265670 2.165354
      vertex 0.529006 -0.265670 2.211439
      vertex 0.546642 -0.354331 2.165354
    endloop
  endfacet
  facet normal 0.9086633352183305 0.18074437515937358 0.3763806770786027
    outer loop
      vertex 0.529006 -0.265670 2.211439
      vertex 0.496420 -0.279168 2.296591
      vertex 0.546642 -0.354331 2.211439
    endloop
  endfacet
  facet normal 0.8314696123025451 0.5555702330196024 0
    outer loop
      vertex 0.529006 -0.265670 2.165354
      vertex 0.478784 -0.190507 2.211439
      vertex 0.529006 -0.265670 2.211439
    endloop
  endfacet
  facet normal 0.8314696123025451 0.5555702330196024 0
    outer loop
      vertex 0.529006 -0.265670 2.165354
      vertex 0.478784 -0.190507 2.165354
      vertex 0.478784 -0.190507 2.211439
    endloop
  endfacet
  facet normal 0.7703275794849854 0.5147164328119481 0.3763806770786018
    outer loop
      vertex 0.529006 -0.265670 2.211439
      vertex 0.478784 -0.190507 2.211439
      vertex 0.453844 -0.215448 2.296591
    endloop
  endfacet
  facet normal 0.9086633352183308 -0.1807443751593744 0.3763806770786021
    outer loop
      vertex 0.496420 -0.429494 2.296591
      vertex 0.546642 -0.354331 2.211439
      vertex 0.511371 -0.354331 2.296591
    endloop
  endfacet
  facet normal 0.7002145072825522 -0.13928132531715356 0.7002145072825537
    outer loop
      vertex 0.496420 -0.429494 2.296591
      vertex 0.511371 -0.354331 2.296591
      vertex 0.446198 -0.354331 2.361764
    endloop
  endfacet
  facet normal 0.9086633352183308 0.1807443751593744 0.3763806770786021
    outer loop
      vertex 0.546642 -0.354331 2.211439
      vertex 0.496420 -0.279168 2.296591
      vertex 0.511371 -0.354331 2.296591
    endloop
  endfacet
  facet normal 0.7002145072825522 0.13928132531715356 0.7002145072825537
    outer loop
      vertex 0.511371 -0.354331 2.296591
      vertex 0.496420 -0.279168 2.296591
      vertex 0.446198 -0.354331 2.361764
    endloop
  endfacet
  facet normal 0.32348750654160136 -0.2161474415048767 0.9212144791753945
    outer loop
      vertex 0.407759 -0.447129 2.361764
      vertex 0.357537 -0.371966 2.397036
      vertex 0.347547 -0.386917 2.397036
    endloop
  endfacet
  facet normal 0.38157953112891485 -0.07590088788047256 0.9212144791753945
    outer loop
      vertex 0.436208 -0.404553 2.361764
      vertex 0.361045 -0.354331 2.397036
      vertex 0.357537 -0.371966 2.397036
    endloop
  endfacet
  facet normal 0.3815795311289149 -0.07590088788047236 0.9212144791753946
    outer loop
      vertex 0.436208 -0.404553 2.361764
      vertex 0.446198 -0.354331 2.361764
      vertex 0.361045 -0.354331 2.397036
    endloop
  endfacet
  facet normal 0.38157953112891474 0.07590088788047258 0.9212144791753946
    outer loop
      vertex 0.361045 -0.354331 2.397036
      vertex 0.436208 -0.304108 2.361764
      vertex 0.357537 -0.336695 2.397036
    endloop
  endfacet
  facet normal 0.32348750654160074 0.2161474415048773 0.9212144791753947
    outer loop
      vertex 0.357537 -0.336695 2.397036
      vertex 0.436208 -0.304108 2.361764
      vertex 0.407759 -0.261532 2.361764
    endloop
  endfacet
  facet normal 0.3234875065416013 0.21614744150487686 0.9212144791753945
    outer loop
      vertex 0.357537 -0.336695 2.397036
      vertex 0.407759 -0.261532 2.361764
      vertex 0.347547 -0.321744 2.397036
    endloop
  endfacet
  facet normal 0.3815795311289149 0.07590088788047233 0.9212144791753947
    outer loop
      vertex 0.361045 -0.354331 2.397036
      vertex 0.446198 -0.354331 2.361764
      vertex 0.436208 -0.304108 2.361764
    endloop
  endfacet
  facet normal 0.7002145072825525 -0.13928132531715323 0.7002145072825539
    outer loop
      vertex 0.496420 -0.429494 2.296591
      vertex 0.446198 -0.354331 2.361764
      vertex 0.436208 -0.404553 2.361764
    endloop
  endfacet
  facet normal 0.7002145072825526 0.13928132531715323 0.7002145072825537
    outer loop
      vertex 0.446198 -0.354331 2.361764
      vertex 0.496420 -0.279168 2.296591
      vertex 0.436208 -0.304108 2.361764
    endloop
  endfacet
  facet normal 0.39663965676028107 0.5936131960090987 0.7002145072825541
    outer loop
      vertex 0.453844 -0.215448 2.296591
      vertex 0.390124 -0.172871 2.296591
      vertex 0.407759 -0.261532 2.361764
    endloop
  endfacet
  facet normal 0.7703275794849855 0.5147164328119471 0.3763806770786026
    outer loop
      vertex 0.529006 -0.265670 2.211439
      vertex 0.453844 -0.215448 2.296591
      vertex 0.496420 -0.279168 2.296591
    endloop
  endfacet
  facet normal 0.593613196009099 0.3966396567602809 0.7002145072825537
    outer loop
      vertex 0.436208 -0.304108 2.361764
      vertex 0.496420 -0.279168 2.296591
      vertex 0.453844 -0.215448 2.296591
    endloop
  endfacet
  facet normal 0.5936131960090981 0.3966396567602815 0.7002145072825543
    outer loop
      vertex 0.436208 -0.304108 2.361764
      vertex 0.453844 -0.215448 2.296591
      vertex 0.407759 -0.261532 2.361764
    endloop
  endfacet
  facet normal 0.2161474415048772 0.3234875065416009 0.9212144791753946
    outer loop
      vertex 0.347547 -0.321744 2.397036
      vertex 0.407759 -0.261532 2.361764
      vertex 0.365183 -0.233083 2.361764
    endloop
  endfacet
  facet normal 0.3966396567602813 0.5936131960090986 0.700214507282554
    outer loop
      vertex 0.407759 -0.261532 2.361764
      vertex 0.390124 -0.172871 2.296591
      vertex 0.365183 -0.233083 2.361764
    endloop
  endfacet
  facet normal 0.1950903220161283 0.9807852804032303 0
    outer loop
      vertex 0.314961 -0.122649 2.211439
      vertex 0.403621 -0.140285 2.211439
      vertex 0.403621 -0.140285 2.165354
    endloop
  endfacet
  facet normal 0.5555702330196021 0.8314696123025455 0
    outer loop
      vertex 0.478784 -0.190507 2.165354
      vertex 0.403621 -0.140285 2.165354
      vertex 0.403621 -0.140285 2.211439
    endloop
  endfacet
  facet normal 0.180744375159374 0.9086633352183308 0.3763806770786021
    outer loop
      vertex 0.314961 -0.122649 2.211439
      vertex 0.390124 -0.172871 2.296591
      vertex 0.403621 -0.140285 2.211439
    endloop
  endfacet
  facet normal 0.5147164328119479 0.7703275794849855 0.37638067707860207
    outer loop
      vertex 0.478784 -0.190507 2.211439
      vertex 0.403621 -0.140285 2.211439
      vertex 0.453844 -0.215448 2.296591
    endloop
  endfacet
  facet normal 0.5555702330196021 0.8314696123025455 0
    outer loop
      vertex 0.478784 -0.190507 2.165354
      vertex 0.403621 -0.140285 2.211439
      vertex 0.478784 -0.190507 2.211439
    endloop
  endfacet
  facet normal 0.5147164328119478 0.7703275794849856 0.3763806770786021
    outer loop
      vertex 0.453844 -0.215448 2.296591
      vertex 0.403621 -0.140285 2.211439
      vertex 0.390124 -0.172871 2.296591
    endloop
  endfacet
  facet normal 0 0 -1
    outer loop
      vertex -0.807087 0.295276 1.870079
      vertex -0.748031 0.354331 1.870079
      vertex 0.748031 0.354331 1.870079
    endloop
  endfacet
  facet normal 0 -1 0
    outer loop
      vertex -0.807087 0.295276 1.870079
      vertex 0.807087 0.295276 1.968504
      vertex -0.807087 0.295276 1.968504
    endloop
  endfacet
  facet normal 0 0 1
    outer loop
      vertex -0.807087 0.295276 1.968504
      vertex 0.807087 0.295276 1.968504
      vertex -0.748031 0.354331 1.968504
    endloop
  endfacet
  facet normal 0 0 -1
    outer loop
      vertex -0.807087 0.295276 1.870079
      vertex -0.748031 0.826772 1.870079
      vertex -0.748031 0.354331 1.870079
    endloop
  endfacet
  facet normal -1 0 0
    outer loop
      vertex -0.807087 0.295276 1.870079
      vertex -0.807087 0.295276 1.968504
      vertex -0.807087 0.885827 1.968504
    endloop
  endfacet
  facet normal 0 0 -1
    outer loop
      vertex -0.807087 0.295276 1.870079
      vertex -0.807087 0.885827 1.870079
      vertex -0.748031 0.826772 1.870079
    endloop
  endfacet
  facet normal 0 0 1
    outer loop
      vertex -0.807087 0.295276 1.968504
      vertex -0.748031 0.354331 1.968504
      vertex -0.807087 0.885827 1.968504
    endloop
  endfacet
  facet normal -1 0 0
    outer loop
      vertex -0.807087 0.295276 1.870079
      vertex -0.807087 0.885827 1.968504
      vertex -0.807087 0.885827 1.870079
    endloop
  endfacet
  facet normal 0 0 1
    outer loop
      vertex -0.748031 0.354331 1.968504
      vertex -0.748031 0.826772 1.968504
      vertex -0.807087 0.885827 1.968504
    endloop
  endfacet
  facet normal 0 0 -1
    outer loop
      vertex -0.748031 0.826772 1.870079
      vertex -0.807087 0.885827 1.870079
      vertex 0.807087 0.885827 1.870079
    endloop
  endfacet
  facet normal 0 1 0
    outer loop
      vertex -0.807087 0.885827 1.870079
      vertex -0.807087 0.885827 1.968504
      vertex 0.807087 0.885827 1.870079
    endloop
  endfacet
  facet normal 0 0 1
    outer loop
      vertex -0.748031 0.826772 1.968504
      vertex 0.748031 0.826772 1.968504
      vertex -0.807087 0.885827 1.968504
    endloop
  endfacet
  facet normal 0 0 -1
    outer loop
      vertex -0.807087 0.295276 1.870079
      vertex 0.748031 0.354331 1.870079
      vertex 0.807087 0.295276 1.870079
    endloop
  endfacet
  facet normal 0 -1 0
    outer loop
      vertex -0.807087 0.295276 1.870079
      vertex 0.807087 0.295276 1.870079
      vertex 0.807087 0.295276 1.968504
    endloop
  endfacet
  facet normal 0 0 1
    outer loop
      vertex -0.748031 0.354331 1.968504
      vertex 0.807087 0.295276 1.968504
      vertex 0.748031 0.354331 1.968504
    endloop
  endfacet
  facet normal 0 0 -1
    outer loop
      vertex -0.748031 0.826772 1.870079
      vertex 0.807087 0.885827 1.870079
      vertex 0.748031 0.826772 1.870079
    endloop
  endfacet
  facet normal 0 1 0
    outer loop
      vertex -0.807087 0.885827 1.968504
      vertex 0.807087 0.885827 1.968504
      vertex 0.807087 0.885827 1.870079
    endloop
  endfacet
  facet normal 0 0 1
    outer loop
      vertex -0.807087 0.885827 1.968504
      vertex 0.748031 0.826772 1.968504
      vertex 0.807087 0.885827 1.968504
    endloop
  endfacet
  facet normal 0 0 -1
    outer loop
      vertex 0.807087 0.295276 1.870079
      vertex 0.748031 0.354331 1.870079
      vertex 0.807087 0.885827 1.870079
    endloop
  endfacet
  facet normal 1 0 0
    outer loop
      vertex 0.807087 0.295276 1.870079
      vertex 0.807087 0.885827 1.870079
      vertex 0.807087 0.295276 1.968504
    endloop
  endfacet
  facet normal 0 0 1
    outer loop
      vertex 0.807087 0.295276 1.968504
      vertex 0.748031 0.826772 1.968504
      vertex 0.748031 0.354331 1.968504
    endloop
  endfacet
  facet normal 0 0 1
    outer loop
      vertex 0.807087 0.295276 1.968504
      vertex 0.807087 0.885827 1.968504
      vertex 0.748031 0.826772 1.968504
    endloop
  endfacet
  facet normal 0 0 -1
    outer loop
      vertex 0.748031 0.354331 1.870079
      vertex 0.748031 0.826772 1.870079
      vertex 0.807087 0.885827 1.870079
    endloop
  endfacet
  facet normal 1 0 0
    outer loop
      vertex 0.807087 0.295276 1.968504
      vertex 0.807087 0.885827 1.870079
      vertex 0.807087 0.885827 1.968504
    endloop
  endfacet
  facet normal 0 1 0
    outer loop
      vertex -0.748031 0.354331 1.870079
      vertex -0.748031 0.354331 1.968504
      vertex 0.748031 0.354331 1.870079
    endloop
  endfacet
  facet normal 1 0 0
    outer loop
      vertex -0.748031 0.354331 1.870079
      vertex -0.748031 0.826772 1.968504
      vertex -0.748031 0.354331 1.968504
    endloop
  endfacet
  facet normal 1 0 0
    outer loop
      vertex -0.748031 0.354331 1.870079
      vertex -0.748031 0.826772 1.870079
      vertex -0.748031 0.826772 1.968504
    endloop
  endfacet
  facet normal 0 -1 0
    outer loop
      vertex -0.748031 0.826772 1.870079
      vertex 0.748031 0.826772 1.968504
      vertex -0.748031 0.826772 1.968504
    endloop
  endfacet
  facet normal 0 1 0
    outer loop
      vertex -0.748031 0.354331 1.968504
      vertex 0.748031 0.354331 1.968504
      vertex 0.748031 0.354331 1.870079
    endloop
  endfacet
  facet normal 0 -1 0
    outer loop
      vertex -0.748031 0.826772 1.870079
      vertex 0.748031 0.826772 1.870079
      vertex 0.748031 0.826772 1.968504
    endloop
  endfacet
  facet normal -1 0 0
    outer loop
      vertex 0.748031 0.354331 1.870079
      vertex 0.748031 0.354331 1.968504
      vertex 0.748031 0.826772 1.870079
    endloop
  endfacet
  facet normal -1 0 0
    outer loop
      vertex 0.748031 0.354331 1.968504
      vertex 0.748031 0.826772 1.968504
      vertex 0.748031 0.826772 1.870079
    endloop
  endfacet
  facet normal 0 -1 0
    outer loop
      vertex -0.669291 0.413386 1.877953
      vertex 0.669291 0.413386 1.960630
      vertex -0.669291 0.413386 1.960630
    endloop
  endfacet
  facet normal -1 0 0
    outer loop
      vertex -0.669291 0.413386 1.877953
      vertex -0.669291 0.413386 1.960630
      vertex -0.669291 0.767717 1.960630
    endloop
  endfacet
  facet normal -1 0 0
    outer loop
      vertex -0.669291 0.413386 1.877953
      vertex -0.669291 0.767717 1.960630
      vertex -0.669291 0.767717 1.877953
    endloop
  endfacet
  facet normal 0 0 -1
    outer loop
      vertex -0.669291 0.413386 1.877953
      vertex -0.669291 0.767717 1.877953
      vertex 0.669291 0.767717 1.877953
    endloop
  endfacet
  facet normal 0 0 1
    outer loop
      vertex -0.669291 0.413386 1.960630
      vertex 0.669291 0.413386 1.960630
      vertex -0.669291 0.767717 1.960630
    endloop
  endfacet
  facet normal 0 1 0
    outer loop
      vertex -0.669291 0.767717 1.877953
      vertex -0.669291 0.767717 1.960630
      vertex 0.669291 0.767717 1.877953
    endloop
  endfacet
  facet normal 0 -1 0
    outer loop
      vertex -0.669291 0.413386 1.877953
      vertex 0.669291 0.413386 1.877953
      vertex 0.669291 0.413386 1.960630
    endloop
  endfacet
  facet normal 0 0 -1
    outer loop
      vertex -0.669291 0.413386 1.877953
      vertex 0.669291 0.767717 1.877953
      vertex 0.669291 0.413386 1.877953
    endloop
  endfacet
  facet normal 0 0 1
    outer loop
      vertex -0.669291 0.767717 1.960630
      vertex 0.669291 0.413386 1.960630
      vertex 0.669291 0.767717 1.960630
    endloop
  endfacet
  facet normal 0 1 0
    outer loop
      vertex -0.669291 0.767717 1.960630
      vertex 0.669291 0.767717 1.960630
      vertex 0.669291 0.767717 1.877953
    endloop
  endfacet
  facet normal 1 0 0
    outer loop
      vertex 0.669291 0.413386 1.877953
      vertex 0.669291 0.767717 1.877953
      vertex 0.669291 0.413386 1.960630
    endloop
  endfacet
  facet normal 1 0 0
    outer loop
      vertex 0.669291 0.413386 1.960630
      vertex 0.669291 0.767717 1.877953
      vertex 0.669291 0.767717 1.960630
    endloop
  endfacet
endsolid OpenSCAD_Model
